state_id,record_id,molecule_chembl_id,target_label,document_chembl_id,state_index,state_smiles,formal_charge,xyz_path,total_energy_eh,homo_lumo_gap_ev,calculation_type,xtb_status
EGFR__CHEMBL113900__state00,EGFR__CHEMBL113900,CHEMBL113900,EGFR,CHEMBL1145020,0,CC(C)N(CC#CC(=O)Nc1ccc2ncc(C#N)c(Nc3cccc(Br)c3)c2c1)C(C)C,0,data/quantum/erbB_xyz/EGFR__CHEMBL113900__state00.xyz,-76.646245337508,0.035448338423,GFN2-xTB_single_point_on_RDKit_MMFF_geometry,success
EGFR__CHEMBL113900__state01,EGFR__CHEMBL113900,CHEMBL113900,EGFR,CHEMBL1145020,1,CC(C)N(CC#CC(=O)Nc1ccc2[nH]cc(C#N)c(=Nc3cccc(Br)c3)c2c1)C(C)C,0,data/quantum/erbB_xyz/EGFR__CHEMBL113900__state01.xyz,-76.669010151895,0.074699118384,GFN2-xTB_single_point_on_RDKit_MMFF_geometry,success
EGFR__CHEMBL113900__state02,EGFR__CHEMBL113900,CHEMBL113900,EGFR,CHEMBL1145020,2,CC(C)N(CC#CC(O)=Nc1ccc2[nH]cc(C#N)c(=Nc3cccc(Br)c3)c2c1)C(C)C,0,data/quantum/erbB_xyz/EGFR__CHEMBL113900__state02.xyz,-76.645412546162,0.029219978470,GFN2-xTB_single_point_on_RDKit_MMFF_geometry,success
EGFR__CHEMBL113900__state03,EGFR__CHEMBL113900,CHEMBL113900,EGFR,CHEMBL1145020,3,CC(C)N(CC#CC(O)=Nc1ccc2ncc(C#N)c(Nc3cccc(Br)c3)c2c1)C(C)C,0,data/quantum/erbB_xyz/EGFR__CHEMBL113900__state03.xyz,-76.632640064935,0.011421732597,GFN2-xTB_single_point_on_RDKit_MMFF_geometry,success
EGFR__CHEMBL113996__state00,EGFR__CHEMBL113996,CHEMBL113996,EGFR,CHEMBL1145020,0,COc1cc2ncc(C#N)c(Nc3ccc(F)c(Cl)c3)c2cc1NC(=O)/C=C/CN1CCOCC1,0,data/quantum/erbB_xyz/EGFR__CHEMBL113996__state00.xyz,-88.123583495576,0.098494613725,GFN2-xTB_single_point_on_RDKit_MMFF_geometry,success
EGFR__CHEMBL113996__state01,EGFR__CHEMBL113996,CHEMBL113996,EGFR,CHEMBL1145020,1,COc1cc2[nH]cc(C#N)c(=Nc3ccc(F)c(Cl)c3)c2cc1N=C(O)/C=C/CN1CCOCC1,0,data/quantum/erbB_xyz/EGFR__CHEMBL113996__state01.xyz,-88.104839378963,0.023860790908,GFN2-xTB_single_point_on_RDKit_MMFF_geometry,success
EGFR__CHEMBL113996__state02,EGFR__CHEMBL113996,CHEMBL113996,EGFR,CHEMBL1145020,2,COc1cc2[nH]cc(C#N)c(=Nc3ccc(F)c(Cl)c3)c2cc1NC(=O)/C=C/CN1CCOCC1,0,data/quantum/erbB_xyz/EGFR__CHEMBL113996__state02.xyz,-88.120178379009,0.023756138775,GFN2-xTB_single_point_on_RDKit_MMFF_geometry,success
EGFR__CHEMBL113996__state03,EGFR__CHEMBL113996,CHEMBL113996,EGFR,CHEMBL1145020,3,COc1cc2ncc(C#N)c(Nc3ccc(F)c(Cl)c3)c2cc1N=C(O)/C=C/CN1CCOCC1,0,data/quantum/erbB_xyz/EGFR__CHEMBL113996__state03.xyz,-88.106412168311,0.069342053646,GFN2-xTB_single_point_on_RDKit_MMFF_geometry,success
EGFR__CHEMBL114073__state00,EGFR__CHEMBL114073,CHEMBL114073,EGFR,CHEMBL1145020,0,COc1cc2ncc(C#N)c(Nc3ccc(F)c(Cl)c3)c2cc1NC(=O)/C=C/C(C)N1CCOCC1,0,data/quantum/erbB_xyz/EGFR__CHEMBL114073__state00.xyz,-90.134236259340,0.039026548507,GFN2-xTB_single_point_on_RDKit_MMFF_geometry,success
EGFR__CHEMBL114073__state01,EGFR__CHEMBL114073,CHEMBL114073,EGFR,CHEMBL1145020,1,COc1cc2[nH]cc(C#N)c(=Nc3ccc(F)c(Cl)c3)c2cc1N=C(O)/C=C/C(C)N1CCOCC1,0,data/quantum/erbB_xyz/EGFR__CHEMBL114073__state01.xyz,-90.118000092243,0.017243599943,GFN2-xTB_single_point_on_RDKit_MMFF_geometry,success
EGFR__CHEMBL114073__state02,EGFR__CHEMBL114073,CHEMBL114073,EGFR,CHEMBL1145020,2,COc1cc2[nH]cc(C#N)c(=Nc3ccc(F)c(Cl)c3)c2cc1NC(=O)/C=C/C(C)N1CCOCC1,0,data/quantum/erbB_xyz/EGFR__CHEMBL114073__state02.xyz,-90.159623591249,0.062402254670,GFN2-xTB_single_point_on_RDKit_MMFF_geometry,success
EGFR__CHEMBL114073__state03,EGFR__CHEMBL114073,CHEMBL114073,EGFR,CHEMBL1145020,3,COc1cc2ncc(C#N)c(Nc3ccc(F)c(Cl)c3)c2cc1N=C(O)/C=C/C(C)N1CCOCC1,0,data/quantum/erbB_xyz/EGFR__CHEMBL114073__state03.xyz,-90.127209848008,0.065618064386,GFN2-xTB_single_point_on_RDKit_MMFF_geometry,success
EGFR__CHEMBL114593__state00,EGFR__CHEMBL114593,CHEMBL114593,EGFR,CHEMBL1145020,0,COCC#CC(=O)Nc1ccc2ncc(C#N)c(Nc3cccc(Br)c3)c2c1,0,data/quantum/erbB_xyz/EGFR__CHEMBL114593__state00.xyz,-67.722115172782,0.035268619413,GFN2-xTB_single_point_on_RDKit_MMFF_geometry,success
EGFR__CHEMBL114593__state01,EGFR__CHEMBL114593,CHEMBL114593,EGFR,CHEMBL1145020,1,COCC#CC(=O)Nc1ccc2[nH]cc(C#N)c(=Nc3cccc(Br)c3)c2c1,0,data/quantum/erbB_xyz/EGFR__CHEMBL114593__state01.xyz,-67.736936701916,0.076673777675,GFN2-xTB_single_point_on_RDKit_MMFF_geometry,success
EGFR__CHEMBL114593__state02,EGFR__CHEMBL114593,CHEMBL114593,EGFR,CHEMBL1145020,2,COCC#CC(O)=Nc1ccc2[nH]cc(C#N)c(=Nc3cccc(Br)c3)c2c1,0,data/quantum/erbB_xyz/EGFR__CHEMBL114593__state02.xyz,-67.708599773597,0.026573237803,GFN2-xTB_single_point_on_RDKit_MMFF_geometry,success
EGFR__CHEMBL114593__state03,EGFR__CHEMBL114593,CHEMBL114593,EGFR,CHEMBL1145020,3,COCC#CC(O)=Nc1ccc2ncc(C#N)c(Nc3cccc(Br)c3)c2c1,0,data/quantum/erbB_xyz/EGFR__CHEMBL114593__state03.xyz,-67.706311257908,0.011605867554,GFN2-xTB_single_point_on_RDKit_MMFF_geometry,success
EGFR__CHEMBL115187__state00,EGFR__CHEMBL115187,CHEMBL115187,EGFR,CHEMBL1145020,0,CCCN(CC#CC(=O)Nc1ccc2ncc(C#N)c(Nc3cccc(Br)c3)c2c1)CCC,0,data/quantum/erbB_xyz/EGFR__CHEMBL115187__state00.xyz,-76.743080411092,0.036263424444,GFN2-xTB_single_point_on_RDKit_MMFF_geometry,success
EGFR__CHEMBL115187__state01,EGFR__CHEMBL115187,CHEMBL115187,EGFR,CHEMBL1145020,1,CCCN(CC#CC(=O)Nc1ccc2[nH]cc(C#N)c(=Nc3cccc(Br)c3)c2c1)CCC,0,data/quantum/erbB_xyz/EGFR__CHEMBL115187__state01.xyz,-76.749214776248,0.063425932116,GFN2-xTB_single_point_on_RDKit_MMFF_geometry,success
EGFR__CHEMBL115187__state02,EGFR__CHEMBL115187,CHEMBL115187,EGFR,CHEMBL1145020,2,CCCN(CC#CC(O)=Nc1ccc2[nH]cc(C#N)c(=Nc3cccc(Br)c3)c2c1)CCC,0,data/quantum/erbB_xyz/EGFR__CHEMBL115187__state02.xyz,-76.741768068055,0.054756572284,GFN2-xTB_single_point_on_RDKit_MMFF_geometry,success
EGFR__CHEMBL115187__state03,EGFR__CHEMBL115187,CHEMBL115187,EGFR,CHEMBL1145020,3,CCCN(CC#CC(O)=Nc1ccc2ncc(C#N)c(Nc3cccc(Br)c3)c2c1)CCC,0,data/quantum/erbB_xyz/EGFR__CHEMBL115187__state03.xyz,-76.735036892201,0.047268394637,GFN2-xTB_single_point_on_RDKit_MMFF_geometry,success
EGFR__CHEMBL115440__state00,EGFR__CHEMBL115440,CHEMBL115440,EGFR,CHEMBL1145020,0,COCCOCC#CC(=O)Nc1ccc2ncc(C#N)c(Nc3cccc(Br)c3)c2c1,0,data/quantum/erbB_xyz/EGFR__CHEMBL115440__state00.xyz,-75.828630653332,0.033936768910,GFN2-xTB_single_point_on_RDKit_MMFF_geometry,success
EGFR__CHEMBL115440__state01,EGFR__CHEMBL115440,CHEMBL115440,EGFR,CHEMBL1145020,1,COCCOCC#CC(=O)Nc1ccc2[nH]cc(C#N)c(=Nc3cccc(Br)c3)c2c1,0,data/quantum/erbB_xyz/EGFR__CHEMBL115440__state01.xyz,-75.869530026992,0.029505574430,GFN2-xTB_single_point_on_RDKit_MMFF_geometry,success
EGFR__CHEMBL115440__state02,EGFR__CHEMBL115440,CHEMBL115440,EGFR,CHEMBL1145020,2,COCCOCC#CC(O)=Nc1ccc2[nH]cc(C#N)c(=Nc3cccc(Br)c3)c2c1,0,data/quantum/erbB_xyz/EGFR__CHEMBL115440__state02.xyz,-75.844825335120,0.074337282934,GFN2-xTB_single_point_on_RDKit_MMFF_geometry,success
EGFR__CHEMBL115440__state03,EGFR__CHEMBL115440,CHEMBL115440,EGFR,CHEMBL1145020,3,COCCOCC#CC(O)=Nc1ccc2ncc(C#N)c(Nc3cccc(Br)c3)c2c1,0,data/quantum/erbB_xyz/EGFR__CHEMBL115440__state03.xyz,-75.827319576554,0.073230900628,GFN2-xTB_single_point_on_RDKit_MMFF_geometry,success
EGFR__CHEMBL115519__state00,EGFR__CHEMBL115519,CHEMBL115519,EGFR,CHEMBL1136802,0,COc1cc(/C=C(\C#N)C(N)=O)cc(CSc2nc3cc(Cl)ccc3s2)c1O,0,data/quantum/erbB_xyz/EGFR__CHEMBL115519__state00.xyz,-71.589482846005,0.037293782917,GFN2-xTB_single_point_on_RDKit_MMFF_geometry,success
EGFR__CHEMBL115519__state01,EGFR__CHEMBL115519,CHEMBL115519,EGFR,CHEMBL1136802,1,COC1=CC(=CC(C#N)=C(N)O)C=C(CSc2nc3cc(Cl)ccc3s2)C1=O,0,data/quantum/erbB_xyz/EGFR__CHEMBL115519__state01.xyz,-71.602272247427,0.038145912409,GFN2-xTB_single_point_on_RDKit_MMFF_geometry,success
EGFR__CHEMBL115519__state02,EGFR__CHEMBL115519,CHEMBL115519,EGFR,CHEMBL1136802,2,COC1=CC(=CC(C#N)C(=N)O)C=C(CSc2nc3cc(Cl)ccc3s2)C1=O,0,data/quantum/erbB_xyz/EGFR__CHEMBL115519__state02.xyz,-71.616462579602,0.039000009852,GFN2-xTB_single_point_on_RDKit_MMFF_geometry,success
EGFR__CHEMBL115519__state03,EGFR__CHEMBL115519,CHEMBL115519,EGFR,CHEMBL1136802,3,COC1=CC(=CC(C#N)C(N)=O)C=C(CSc2nc3cc(Cl)ccc3s2)C1=O,0,data/quantum/erbB_xyz/EGFR__CHEMBL115519__state03.xyz,-71.601548050078,0.030868629755,GFN2-xTB_single_point_on_RDKit_MMFF_geometry,success
EGFR__CHEMBL115895__state00,EGFR__CHEMBL115895,CHEMBL115895,EGFR,CHEMBL1136802,0,COc1cc(/C=C(\C#N)C(N)=O)cc(CSc2ccccc2NC(C)=O)c1O,0,data/quantum/erbB_xyz/EGFR__CHEMBL115895__state00.xyz,-69.676840803894,0.018913725893,GFN2-xTB_single_point_on_RDKit_MMFF_geometry,success
EGFR__CHEMBL115895__state01,EGFR__CHEMBL115895,CHEMBL115895,EGFR,CHEMBL1136802,1,C=C(O)Nc1ccccc1SCC1=CC(=CC(C#N)=C(N)O)C=C(OC)C1=O,0,data/quantum/erbB_xyz/EGFR__CHEMBL115895__state01.xyz,-69.669307790911,0.015350218631,GFN2-xTB_single_point_on_RDKit_MMFF_geometry,success
EGFR__CHEMBL115895__state02,EGFR__CHEMBL115895,CHEMBL115895,EGFR,CHEMBL1136802,2,C=C(O)Nc1ccccc1SCC1=CC(=CC(C#N)C(N)=O)C=C(OC)C1=O,0,data/quantum/erbB_xyz/EGFR__CHEMBL115895__state02.xyz,-69.678624086043,0.020554769057,GFN2-xTB_single_point_on_RDKit_MMFF_geometry,success
EGFR__CHEMBL115895__state03,EGFR__CHEMBL115895,CHEMBL115895,EGFR,CHEMBL1136802,3,C=C(O)Nc1ccccc1SCC1C=C(C=C(C#N)C(N)=O)C=C(OC)C1=O,0,data/quantum/erbB_xyz/EGFR__CHEMBL115895__state03.xyz,-69.644535469445,0.059503996080,GFN2-xTB_single_point_on_RDKit_MMFF_geometry,success
EGFR__CHEMBL116012__state00,EGFR__CHEMBL116012,CHEMBL116012,EGFR,CHEMBL1145020,0,CCOc1cc2ncc(C#N)c(Nc3cccc(Br)c3)c2cc1NC(=O)/C=C/CN1CCOCC1,0,data/quantum/erbB_xyz/EGFR__CHEMBL116012__state00.xyz,-84.884905383342,0.042070401475,GFN2-xTB_single_point_on_RDKit_MMFF_geometry,success
EGFR__CHEMBL116012__state01,EGFR__CHEMBL116012,CHEMBL116012,EGFR,CHEMBL1145020,1,CCOc1cc2[nH]cc(C#N)c(=Nc3cccc(Br)c3)c2cc1N=C(O)/C=C/CN1CCOCC1,0,data/quantum/erbB_xyz/EGFR__CHEMBL116012__state01.xyz,-84.891329054042,0.039037360134,GFN2-xTB_single_point_on_RDKit_MMFF_geometry,success
EGFR__CHEMBL116012__state02,EGFR__CHEMBL116012,CHEMBL116012,EGFR,CHEMBL1145020,2,CCOc1cc2[nH]cc(C#N)c(=Nc3cccc(Br)c3)c2cc1NC(=O)/C=C/CN1CCOCC1,0,data/quantum/erbB_xyz/EGFR__CHEMBL116012__state02.xyz,-84.907985872793,0.093878934195,GFN2-xTB_single_point_on_RDKit_MMFF_geometry,success
EGFR__CHEMBL116012__state03,EGFR__CHEMBL116012,CHEMBL116012,EGFR,CHEMBL1145020,3,CCOc1cc2ncc(C#N)c(Nc3cccc(Br)c3)c2cc1N=C(O)/C=C/CN1CCOCC1,0,data/quantum/erbB_xyz/EGFR__CHEMBL116012__state03.xyz,-84.863492534128,0.024875841765,GFN2-xTB_single_point_on_RDKit_MMFF_geometry,success
EGFR__CHEMBL1161234__state00,EGFR__CHEMBL1161234,CHEMBL1161234,EGFR,CHEMBL1136802,0,COc1cc(/C=C(\C#N)C(N)=O)cc(SCCCC(=O)O)c1O,0,data/quantum/erbB_xyz/EGFR__CHEMBL1161234__state00.xyz,-60.396114164051,0.024042005568,GFN2-xTB_single_point_on_RDKit_MMFF_geometry,success
EGFR__CHEMBL1161234__state01,EGFR__CHEMBL1161234,CHEMBL1161234,EGFR,CHEMBL1136802,1,COC1=CC(=CC(C#N)=C(N)O)C=C(SCCC=C(O)O)C1=O,0,data/quantum/erbB_xyz/EGFR__CHEMBL1161234__state01.xyz,-60.404276858312,0.046919205872,GFN2-xTB_single_point_on_RDKit_MMFF_geometry,success
EGFR__CHEMBL1161234__state02,EGFR__CHEMBL1161234,CHEMBL1161234,EGFR,CHEMBL1136802,2,COC1=CC(=CC(C#N)=C(N)O)C=C(SCCCC(=O)O)C1=O,0,data/quantum/erbB_xyz/EGFR__CHEMBL1161234__state02.xyz,-60.421292965836,0.018668552673,GFN2-xTB_single_point_on_RDKit_MMFF_geometry,success
EGFR__CHEMBL1161234__state03,EGFR__CHEMBL1161234,CHEMBL1161234,EGFR,CHEMBL1136802,3,COC1=CC(=CC(C#N)C(=N)O)C=C(SCCC=C(O)O)C1=O,0,data/quantum/erbB_xyz/EGFR__CHEMBL1161234__state03.xyz,-60.388839371621,0.048422350606,GFN2-xTB_single_point_on_RDKit_MMFF_geometry,success
EGFR__CHEMBL116525__state00,EGFR__CHEMBL116525,CHEMBL116525,EGFR,CHEMBL1145020,0,CC#CC(=O)Nc1cc2c(Nc3cccc(Br)c3)c(C#N)cnc2cc1OC,0,data/quantum/erbB_xyz/EGFR__CHEMBL116525__state00.xyz,-67.726583173788,0.013387853997,GFN2-xTB_single_point_on_RDKit_MMFF_geometry,success
EGFR__CHEMBL116525__state01,EGFR__CHEMBL116525,CHEMBL116525,EGFR,CHEMBL1145020,1,CC#CC(=O)Nc1cc2c(=Nc3cccc(Br)c3)c(C#N)c[nH]c2cc1OC,0,data/quantum/erbB_xyz/EGFR__CHEMBL116525__state01.xyz,-67.740262675135,0.062900075938,GFN2-xTB_single_point_on_RDKit_MMFF_geometry,success
EGFR__CHEMBL116525__state02,EGFR__CHEMBL116525,CHEMBL116525,EGFR,CHEMBL1145020,2,CC#CC(O)=Nc1cc2c(=Nc3cccc(Br)c3)c(C#N)c[nH]c2cc1OC,0,data/quantum/erbB_xyz/EGFR__CHEMBL116525__state02.xyz,-67.714474708871,0.011790031545,GFN2-xTB_single_point_on_RDKit_MMFF_geometry,success
EGFR__CHEMBL116525__state03,EGFR__CHEMBL116525,CHEMBL116525,EGFR,CHEMBL1145020,3,CC#CC(O)=Nc1cc2c(Nc3cccc(Br)c3)c(C#N)cnc2cc1OC,0,data/quantum/erbB_xyz/EGFR__CHEMBL116525__state03.xyz,-67.707427001824,0.013150173536,GFN2-xTB_single_point_on_RDKit_MMFF_geometry,success
EGFR__CHEMBL116853__state00,EGFR__CHEMBL116853,CHEMBL116853,EGFR,CHEMBL1145020,0,COc1cc2ncc(C#N)c(Nc3cccc(Br)c3)c2cc1NC(=O)C#CCN(C)C,0,data/quantum/erbB_xyz/EGFR__CHEMBL116853__state00.xyz,-74.655457687975,0.106276356257,GFN2-xTB_single_point_on_RDKit_MMFF_geometry,success
EGFR__CHEMBL116853__state01,EGFR__CHEMBL116853,CHEMBL116853,EGFR,CHEMBL1145020,1,COc1cc2[nH]cc(C#N)c(=Nc3cccc(Br)c3)c2cc1N=C(O)C#CCN(C)C,0,data/quantum/erbB_xyz/EGFR__CHEMBL116853__state01.xyz,-74.639341553520,0.052925323357,GFN2-xTB_single_point_on_RDKit_MMFF_geometry,success
EGFR__CHEMBL116853__state02,EGFR__CHEMBL116853,CHEMBL116853,EGFR,CHEMBL1145020,2,COc1cc2[nH]cc(C#N)c(=Nc3cccc(Br)c3)c2cc1NC(=O)C#CCN(C)C,0,data/quantum/erbB_xyz/EGFR__CHEMBL116853__state02.xyz,-74.657055095205,0.060480371452,GFN2-xTB_single_point_on_RDKit_MMFF_geometry,success
EGFR__CHEMBL116853__state03,EGFR__CHEMBL116853,CHEMBL116853,EGFR,CHEMBL1145020,3,COc1cc2ncc(C#N)c(Nc3cccc(Br)c3)c2cc1N=C(O)C#CCN(C)C,0,data/quantum/erbB_xyz/EGFR__CHEMBL116853__state03.xyz,-74.634728586720,0.080844148433,GFN2-xTB_single_point_on_RDKit_MMFF_geometry,success
EGFR__CHEMBL117324__state00,EGFR__CHEMBL117324,CHEMBL117324,EGFR,CHEMBL1147456,0,COC[C@@H]1CCCN1CC#CC(=O)Nc1ccc2ncc(C#N)c(Nc3cccc(Br)c3)c2c1,0,data/quantum/erbB_xyz/EGFR__CHEMBL117324__state00.xyz,-80.846492724875,0.034530431848,GFN2-xTB_single_point_on_RDKit_MMFF_geometry,success
EGFR__CHEMBL117324__state01,EGFR__CHEMBL117324,CHEMBL117324,EGFR,CHEMBL1147456,1,COC[C@@H]1CCCN1CC#CC(=O)Nc1ccc2[nH]cc(C#N)c(=Nc3cccc(Br)c3)c2c1,0,data/quantum/erbB_xyz/EGFR__CHEMBL117324__state01.xyz,-80.856320636598,0.078741542526,GFN2-xTB_single_point_on_RDKit_MMFF_geometry,success
EGFR__CHEMBL117324__state02,EGFR__CHEMBL117324,CHEMBL117324,EGFR,CHEMBL1147456,2,COC[C@@H]1CCCN1CC#CC(O)=Nc1ccc2[nH]cc(C#N)c(=Nc3cccc(Br)c3)c2c1,0,data/quantum/erbB_xyz/EGFR__CHEMBL117324__state02.xyz,-80.834984552869,0.020164458616,GFN2-xTB_single_point_on_RDKit_MMFF_geometry,success
EGFR__CHEMBL117324__state03,EGFR__CHEMBL117324,CHEMBL117324,EGFR,CHEMBL1147456,3,COC[C@@H]1CCCN1CC#CC(O)=Nc1ccc2ncc(C#N)c(Nc3cccc(Br)c3)c2c1,0,data/quantum/erbB_xyz/EGFR__CHEMBL117324__state03.xyz,-80.843278495360,0.037020754788,GFN2-xTB_single_point_on_RDKit_MMFF_geometry,success
EGFR__CHEMBL117326__state00,EGFR__CHEMBL117326,CHEMBL117326,EGFR,CHEMBL1145020,0,C=C(CN(C)C)C(=O)Nc1cc2c(Nc3ccc(F)c(Cl)c3)c(C#N)cnc2cc1OCC,0,data/quantum/erbB_xyz/EGFR__CHEMBL117326__state00.xyz,-81.824721952423,0.032460892204,GFN2-xTB_single_point_on_RDKit_MMFF_geometry,success
EGFR__CHEMBL117326__state01,EGFR__CHEMBL117326,CHEMBL117326,EGFR,CHEMBL1145020,1,C=C(CN(C)C)C(=O)Nc1cc2c(=Nc3ccc(F)c(Cl)c3)c(C#N)c[nH]c2cc1OCC,0,data/quantum/erbB_xyz/EGFR__CHEMBL117326__state01.xyz,-81.831364097306,0.027424231758,GFN2-xTB_single_point_on_RDKit_MMFF_geometry,success
EGFR__CHEMBL117326__state02,EGFR__CHEMBL117326,CHEMBL117326,EGFR,CHEMBL1145020,2,C=C(CN(C)C)C(O)=Nc1cc2c(=Nc3ccc(F)c(Cl)c3)c(C#N)c[nH]c2cc1OCC,0,data/quantum/erbB_xyz/EGFR__CHEMBL117326__state02.xyz,-81.817977598349,0.018946823980,GFN2-xTB_single_point_on_RDKit_MMFF_geometry,success
EGFR__CHEMBL117326__state03,EGFR__CHEMBL117326,CHEMBL117326,EGFR,CHEMBL1145020,3,C=C(CN(C)C)C(O)=Nc1cc2c(Nc3ccc(F)c(Cl)c3)c(C#N)cnc2cc1OCC,0,data/quantum/erbB_xyz/EGFR__CHEMBL117326__state03.xyz,-81.819280115999,0.045136538204,GFN2-xTB_single_point_on_RDKit_MMFF_geometry,success
EGFR__CHEMBL118109__state00,EGFR__CHEMBL118109,CHEMBL118109,EGFR,CHEMBL1136802,0,COc1cc(/C=C(\C#N)C(N)=O)cc(CSc2nc3ccccc3s2)c1O,0,data/quantum/erbB_xyz/EGFR__CHEMBL118109__state00.xyz,-66.986902058470,0.032030032657,GFN2-xTB_single_point_on_RDKit_MMFF_geometry,success
EGFR__CHEMBL118109__state01,EGFR__CHEMBL118109,CHEMBL118109,EGFR,CHEMBL1136802,1,COC1=CC(=CC(C#N)=C(N)O)C=C(CSc2nc3ccccc3s2)C1=O,0,data/quantum/erbB_xyz/EGFR__CHEMBL118109__state01.xyz,-66.998007715129,0.019783427311,GFN2-xTB_single_point_on_RDKit_MMFF_geometry,success
EGFR__CHEMBL118109__state02,EGFR__CHEMBL118109,CHEMBL118109,EGFR,CHEMBL1136802,2,COC1=CC(=CC(C#N)C(=N)O)C=C(CSc2nc3ccccc3s2)C1=O,0,data/quantum/erbB_xyz/EGFR__CHEMBL118109__state02.xyz,-66.982253874782,0.027376200870,GFN2-xTB_single_point_on_RDKit_MMFF_geometry,success
EGFR__CHEMBL118109__state03,EGFR__CHEMBL118109,CHEMBL118109,EGFR,CHEMBL1136802,3,COC1=CC(=CC(C#N)C(N)=O)C=C(CSc2nc3ccccc3s2)C1=O,0,data/quantum/erbB_xyz/EGFR__CHEMBL118109__state03.xyz,-66.997049759067,0.018782933093,GFN2-xTB_single_point_on_RDKit_MMFF_geometry,success
EGFR__CHEMBL118205__state00,EGFR__CHEMBL118205,CHEMBL118205,EGFR,CHEMBL1126897,0,COc1cc(/C=C(\C#N)C(N)=O)cc(CSc2nc3ccccc3o2)c1O,0,data/quantum/erbB_xyz/EGFR__CHEMBL118205__state00.xyz,-67.806734450509,0.024740726320,GFN2-xTB_single_point_on_RDKit_MMFF_geometry,success
EGFR__CHEMBL118205__state01,EGFR__CHEMBL118205,CHEMBL118205,EGFR,CHEMBL1126897,1,COC1=CC(=CC(C#N)=C(N)O)C=C(CSc2nc3ccccc3o2)C1=O,0,data/quantum/erbB_xyz/EGFR__CHEMBL118205__state01.xyz,-67.815937372244,0.017863900596,GFN2-xTB_single_point_on_RDKit_MMFF_geometry,success
EGFR__CHEMBL118205__state02,EGFR__CHEMBL118205,CHEMBL118205,EGFR,CHEMBL1126897,2,COC1=CC(=CC(C#N)C(=N)O)C=C(CSc2nc3ccccc3o2)C1=O,0,data/quantum/erbB_xyz/EGFR__CHEMBL118205__state02.xyz,-67.825892986922,0.006665696931,GFN2-xTB_single_point_on_RDKit_MMFF_geometry,success
EGFR__CHEMBL118205__state03,EGFR__CHEMBL118205,CHEMBL118205,EGFR,CHEMBL1126897,3,COC1=CC(=CC(C#N)C(N)=O)C=C(CSc2nc3ccccc3o2)C1=O,0,data/quantum/erbB_xyz/EGFR__CHEMBL118205__state03.xyz,-67.814538574783,0.010123390114,GFN2-xTB_single_point_on_RDKit_MMFF_geometry,success
EGFR__CHEMBL119156__state00,EGFR__CHEMBL119156,CHEMBL119156,EGFR,CHEMBL1126897,0,COc1cc(/C=C(\C#N)C(N)=O)cc(CSc2ccccn2)c1O,0,data/quantum/erbB_xyz/EGFR__CHEMBL119156__state00.xyz,-59.468659504102,0.022374302646,GFN2-xTB_single_point_on_RDKit_MMFF_geometry,success
EGFR__CHEMBL119156__state01,EGFR__CHEMBL119156,CHEMBL119156,EGFR,CHEMBL1126897,1,COC1=CC(=CC(C#N)=C(N)O)C=C(CSc2ccccn2)C1=O,0,data/quantum/erbB_xyz/EGFR__CHEMBL119156__state01.xyz,-59.504683930713,0.033352052247,GFN2-xTB_single_point_on_RDKit_MMFF_geometry,success
EGFR__CHEMBL119156__state02,EGFR__CHEMBL119156,CHEMBL119156,EGFR,CHEMBL1126897,2,COC1=CC(=CC(C#N)C(=N)O)C=C(CSc2ccccn2)C1=O,0,data/quantum/erbB_xyz/EGFR__CHEMBL119156__state02.xyz,-59.467014894483,0.039662111237,GFN2-xTB_single_point_on_RDKit_MMFF_geometry,success
EGFR__CHEMBL119156__state03,EGFR__CHEMBL119156,CHEMBL119156,EGFR,CHEMBL1126897,3,COC1=CC(=CC(C#N)C(N)=O)C=C(CSc2ccccn2)C1=O,0,data/quantum/erbB_xyz/EGFR__CHEMBL119156__state03.xyz,-59.473617775602,0.013678890777,GFN2-xTB_single_point_on_RDKit_MMFF_geometry,success
EGFR__CHEMBL119923__state00,EGFR__CHEMBL119923,CHEMBL119923,EGFR,CHEMBL1126897,0,COc1cc(/C=C(\C#N)C(N)=O)cc(CSCc2ccc(Cl)cc2)c1O,0,data/quantum/erbB_xyz/EGFR__CHEMBL119923__state00.xyz,-65.203250739941,0.029607404897,GFN2-xTB_single_point_on_RDKit_MMFF_geometry,success
EGFR__CHEMBL119923__state01,EGFR__CHEMBL119923,CHEMBL119923,EGFR,CHEMBL1126897,1,COC1=CC(=CC(C#N)=C(N)O)C=C(CSCc2ccc(Cl)cc2)C1=O,0,data/quantum/erbB_xyz/EGFR__CHEMBL119923__state01.xyz,-65.230038138642,0.037072671089,GFN2-xTB_single_point_on_RDKit_MMFF_geometry,success
EGFR__CHEMBL119923__state02,EGFR__CHEMBL119923,CHEMBL119923,EGFR,CHEMBL1126897,2,COC1=CC(=CC(C#N)C(=N)O)C=C(CSCc2ccc(Cl)cc2)C1=O,0,data/quantum/erbB_xyz/EGFR__CHEMBL119923__state02.xyz,-65.225504333269,0.016196010739,GFN2-xTB_single_point_on_RDKit_MMFF_geometry,success
EGFR__CHEMBL119923__state03,EGFR__CHEMBL119923,CHEMBL119923,EGFR,CHEMBL1126897,3,COC1=CC(=CC(C#N)C(N)=O)C=C(CSCc2ccc(Cl)cc2)C1=O,0,data/quantum/erbB_xyz/EGFR__CHEMBL119923__state03.xyz,-65.224247011168,0.024524929664,GFN2-xTB_single_point_on_RDKit_MMFF_geometry,success
EGFR__CHEMBL134371__state00,EGFR__CHEMBL134371,CHEMBL134371,EGFR,CHEMBL1134843,0,O=C(O)/C=C/C(=O)Nc1ccc2ncnc(Nc3cccc(Br)c3)c2c1,0,data/quantum/erbB_xyz/EGFR__CHEMBL134371__state00.xyz,-65.566298316527,0.026112176837,GFN2-xTB_single_point_on_RDKit_MMFF_geometry,success
EGFR__CHEMBL134371__state01,EGFR__CHEMBL134371,CHEMBL134371,EGFR,CHEMBL1134843,1,O=C(O)/C=C/C(=O)Nc1ccc2[nH]cnc(=Nc3cccc(Br)c3)c2c1,0,data/quantum/erbB_xyz/EGFR__CHEMBL134371__state01.xyz,-65.592288877744,0.018325333597,GFN2-xTB_single_point_on_RDKit_MMFF_geometry,success
EGFR__CHEMBL134371__state02,EGFR__CHEMBL134371,CHEMBL134371,EGFR,CHEMBL1134843,2,O=C(O)/C=C/C(=O)Nc1ccc2nc[nH]c(=Nc3cccc(Br)c3)c2c1,0,data/quantum/erbB_xyz/EGFR__CHEMBL134371__state02.xyz,-65.581079721665,0.075877034384,GFN2-xTB_single_point_on_RDKit_MMFF_geometry,success
EGFR__CHEMBL134371__state03,EGFR__CHEMBL134371,CHEMBL134371,EGFR,CHEMBL1134843,3,O=C(O)/C=C/C(O)=Nc1ccc2[nH]cnc(=Nc3cccc(Br)c3)c2c1,0,data/quantum/erbB_xyz/EGFR__CHEMBL134371__state03.xyz,-65.571653400665,0.064766414846,GFN2-xTB_single_point_on_RDKit_MMFF_geometry,success
EGFR__CHEMBL135142__state00,EGFR__CHEMBL135142,CHEMBL135142,EGFR,CHEMBL1134843,0,O=C(/C=C/C(F)(F)F)Nc1ccc2ncnc(Nc3cccc(Br)c3)c2c1,0,data/quantum/erbB_xyz/EGFR__CHEMBL135142__state00.xyz,-71.741262748582,0.047190201674,GFN2-xTB_single_point_on_RDKit_MMFF_geometry,success
EGFR__CHEMBL135142__state01,EGFR__CHEMBL135142,CHEMBL135142,EGFR,CHEMBL1134843,1,O=C(/C=C/C(F)(F)F)Nc1ccc2[nH]cnc(=Nc3cccc(Br)c3)c2c1,0,data/quantum/erbB_xyz/EGFR__CHEMBL135142__state01.xyz,-71.748190053257,0.056062687379,GFN2-xTB_single_point_on_RDKit_MMFF_geometry,success
EGFR__CHEMBL135142__state02,EGFR__CHEMBL135142,CHEMBL135142,EGFR,CHEMBL1134843,2,O=C(/C=C/C(F)(F)F)Nc1ccc2nc[nH]c(=Nc3cccc(Br)c3)c2c1,0,data/quantum/erbB_xyz/EGFR__CHEMBL135142__state02.xyz,-71.744757652442,0.038980609288,GFN2-xTB_single_point_on_RDKit_MMFF_geometry,success
EGFR__CHEMBL135142__state03,EGFR__CHEMBL135142,CHEMBL135142,EGFR,CHEMBL1134843,3,OC(/C=C/C(F)(F)F)=Nc1ccc2[nH]cnc(=Nc3cccc(Br)c3)c2c1,0,data/quantum/erbB_xyz/EGFR__CHEMBL135142__state03.xyz,-71.732505193136,0.046141152729,GFN2-xTB_single_point_on_RDKit_MMFF_geometry,success
EGFR__CHEMBL136058__state00,EGFR__CHEMBL136058,CHEMBL136058,EGFR,CHEMBL1134843,0,O=C(/C=C/C(=O)Nc1cc2c(Nc3cccc(Br)c3)ncnc2cn1)NCCCN1CCOCC1,0,data/quantum/erbB_xyz/EGFR__CHEMBL136058__state00.xyz,-86.598110349764,0.018094946821,GFN2-xTB_single_point_on_RDKit_MMFF_geometry,success
EGFR__CHEMBL136058__state01,EGFR__CHEMBL136058,CHEMBL136058,EGFR,CHEMBL1134843,1,O=C(/C=C/C(=O)NCCCN1CCOCC1)N=c1cc2c(Nc3cccc(Br)c3)ncnc2c[nH]1,0,data/quantum/erbB_xyz/EGFR__CHEMBL136058__state01.xyz,-86.580071172784,0.002353955387,GFN2-xTB_single_point_on_RDKit_MMFF_geometry,success
EGFR__CHEMBL136058__state02,EGFR__CHEMBL136058,CHEMBL136058,EGFR,CHEMBL1134843,2,O=C(/C=C/C(=O)Nc1cc2c(=Nc3cccc(Br)c3)[nH]cnc2cn1)NCCCN1CCOCC1,0,data/quantum/erbB_xyz/EGFR__CHEMBL136058__state02.xyz,-86.574171947413,0.003244529078,GFN2-xTB_single_point_on_RDKit_MMFF_geometry,success
EGFR__CHEMBL136058__state03,EGFR__CHEMBL136058,CHEMBL136058,EGFR,CHEMBL1134843,3,O=C(/C=C/C(=O)Nc1cc2c(=Nc3cccc(Br)c3)nc[nH]c2cn1)NCCCN1CCOCC1,0,data/quantum/erbB_xyz/EGFR__CHEMBL136058__state03.xyz,-86.583018322383,0.012134972476,GFN2-xTB_single_point_on_RDKit_MMFF_geometry,success
EGFR__CHEMBL136102__state00,EGFR__CHEMBL136102,CHEMBL136102,EGFR,CHEMBL1134843,0,CN(C)CCCNC(=O)/C=C/C(=O)N(C)c1cc2c(Nc3cccc(Br)c3)ncnc2cn1,0,data/quantum/erbB_xyz/EGFR__CHEMBL136102__state00.xyz,-80.337279480554,0.044289391778,GFN2-xTB_single_point_on_RDKit_MMFF_geometry,success
EGFR__CHEMBL136102__state01,EGFR__CHEMBL136102,CHEMBL136102,EGFR,CHEMBL1134843,1,CN(C)CCCN=C(O)/C=C/C(=O)N(C)c1cc2c(=Nc3cccc(Br)c3)[nH]cnc2cn1,0,data/quantum/erbB_xyz/EGFR__CHEMBL136102__state01.xyz,-80.326212127434,0.022261976521,GFN2-xTB_single_point_on_RDKit_MMFF_geometry,success
EGFR__CHEMBL136102__state02,EGFR__CHEMBL136102,CHEMBL136102,EGFR,CHEMBL1134843,2,CN(C)CCCN=C(O)/C=C/C(=O)N(C)c1cc2c(=Nc3cccc(Br)c3)nc[nH]c2cn1,0,data/quantum/erbB_xyz/EGFR__CHEMBL136102__state02.xyz,-80.317556264537,0.012681107093,GFN2-xTB_single_point_on_RDKit_MMFF_geometry,success
EGFR__CHEMBL136102__state03,EGFR__CHEMBL136102,CHEMBL136102,EGFR,CHEMBL1134843,3,CN(C)CCCN=C(O)/C=C/C(=O)N(C)c1cc2c(Nc3cccc(Br)c3)ncnc2cn1,0,data/quantum/erbB_xyz/EGFR__CHEMBL136102__state03.xyz,-80.290939412705,0.037875581485,GFN2-xTB_single_point_on_RDKit_MMFF_geometry,success
EGFR__CHEMBL136178__state00,EGFR__CHEMBL136178,CHEMBL136178,EGFR,CHEMBL1134843,0,CC(=O)/C=C/C(=O)Nc1ccc2ncnc(Nc3cccc(Br)c3)c2c1,0,data/quantum/erbB_xyz/EGFR__CHEMBL136178__state00.xyz,-63.498201405545,0.044717355804,GFN2-xTB_single_point_on_RDKit_MMFF_geometry,success
EGFR__CHEMBL136178__state01,EGFR__CHEMBL136178,CHEMBL136178,EGFR,CHEMBL1134843,1,C=C(O)/C=C/C(=O)Nc1ccc2[nH]cnc(=Nc3cccc(Br)c3)c2c1,0,data/quantum/erbB_xyz/EGFR__CHEMBL136178__state01.xyz,-63.506645517168,0.071336652422,GFN2-xTB_single_point_on_RDKit_MMFF_geometry,success
EGFR__CHEMBL136178__state02,EGFR__CHEMBL136178,CHEMBL136178,EGFR,CHEMBL1134843,2,C=C(O)/C=C/C(=O)Nc1ccc2nc[nH]c(=Nc3cccc(Br)c3)c2c1,0,data/quantum/erbB_xyz/EGFR__CHEMBL136178__state02.xyz,-63.497864658691,0.047998614822,GFN2-xTB_single_point_on_RDKit_MMFF_geometry,success
EGFR__CHEMBL136178__state03,EGFR__CHEMBL136178,CHEMBL136178,EGFR,CHEMBL1134843,3,C=C(O)/C=C/C(=O)Nc1ccc2ncnc(Nc3cccc(Br)c3)c2c1,0,data/quantum/erbB_xyz/EGFR__CHEMBL136178__state03.xyz,-63.493796558452,0.082029373446,GFN2-xTB_single_point_on_RDKit_MMFF_geometry,success
EGFR__CHEMBL136404__state00,EGFR__CHEMBL136404,CHEMBL136404,EGFR,CHEMBL1134843,0,C/C=C/C(=O)Nc1cc2c(Nc3cccc(Br)c3)ncnc2cn1,0,data/quantum/erbB_xyz/EGFR__CHEMBL136404__state00.xyz,-58.229893516141,0.165303192660,GFN2-xTB_single_point_on_RDKit_MMFF_geometry,success
EGFR__CHEMBL136404__state01,EGFR__CHEMBL136404,CHEMBL136404,EGFR,CHEMBL1134843,1,C/C=C/C(=O)N=c1cc2c(=Nc3cccc(Br)c3)[nH]cnc2c[nH]1,0,data/quantum/erbB_xyz/EGFR__CHEMBL136404__state01.xyz,-58.240975959692,0.114919159342,GFN2-xTB_single_point_on_RDKit_MMFF_geometry,success
EGFR__CHEMBL136404__state02,EGFR__CHEMBL136404,CHEMBL136404,EGFR,CHEMBL1134843,2,C/C=C/C(=O)N=c1cc2c(=Nc3cccc(Br)c3)nc[nH]c2c[nH]1,0,data/quantum/erbB_xyz/EGFR__CHEMBL136404__state02.xyz,-58.242526663726,0.128436483799,GFN2-xTB_single_point_on_RDKit_MMFF_geometry,success
EGFR__CHEMBL136404__state03,EGFR__CHEMBL136404,CHEMBL136404,EGFR,CHEMBL1134843,3,C/C=C/C(=O)N=c1cc2c(Nc3cccc(Br)c3)ncnc2c[nH]1,0,data/quantum/erbB_xyz/EGFR__CHEMBL136404__state03.xyz,-58.233355719215,0.140598730114,GFN2-xTB_single_point_on_RDKit_MMFF_geometry,success
EGFR__CHEMBL136511__state00,EGFR__CHEMBL136511,CHEMBL136511,EGFR,CHEMBL1134843,0,C=CS(=O)(=O)Nc1ccc2ncnc(Nc3cccc(Br)c3)c2c1,0,data/quantum/erbB_xyz/EGFR__CHEMBL136511__state00.xyz,-60.431688232837,0.014525250361,GFN2-xTB_single_point_on_RDKit_MMFF_geometry,success
EGFR__CHEMBL136511__state01,EGFR__CHEMBL136511,CHEMBL136511,EGFR,CHEMBL1134843,1,C=CS(=O)(=O)Nc1ccc2[nH]cnc(=Nc3cccc(Br)c3)c2c1,0,data/quantum/erbB_xyz/EGFR__CHEMBL136511__state01.xyz,-60.441945228615,0.060886198083,GFN2-xTB_single_point_on_RDKit_MMFF_geometry,success
EGFR__CHEMBL136511__state02,EGFR__CHEMBL136511,CHEMBL136511,EGFR,CHEMBL1134843,2,C=CS(=O)(=O)Nc1ccc2nc[nH]c(=Nc3cccc(Br)c3)c2c1,0,data/quantum/erbB_xyz/EGFR__CHEMBL136511__state02.xyz,-60.445968153516,0.092954807092,GFN2-xTB_single_point_on_RDKit_MMFF_geometry,success
EGFR__CHEMBL137082__state00,EGFR__CHEMBL137082,CHEMBL137082,EGFR,CHEMBL1134843,0,C=CC(=O)N(CCCN1CCOCC1)c1cc2c(Nc3cccc(Br)c3)ncnc2cn1,0,data/quantum/erbB_xyz/EGFR__CHEMBL137082__state00.xyz,-77.453288283487,0.030170345557,GFN2-xTB_single_point_on_RDKit_MMFF_geometry,success
EGFR__CHEMBL137082__state01,EGFR__CHEMBL137082,CHEMBL137082,EGFR,CHEMBL1134843,1,C=CC(=O)N(CCCN1CCOCC1)c1cc2c(=Nc3cccc(Br)c3)[nH]cnc2cn1,0,data/quantum/erbB_xyz/EGFR__CHEMBL137082__state01.xyz,-77.446868043033,0.048973289642,GFN2-xTB_single_point_on_RDKit_MMFF_geometry,success
EGFR__CHEMBL137082__state02,EGFR__CHEMBL137082,CHEMBL137082,EGFR,CHEMBL1134843,2,C=CC(=O)N(CCCN1CCOCC1)c1cc2c(=Nc3cccc(Br)c3)nc[nH]c2cn1,0,data/quantum/erbB_xyz/EGFR__CHEMBL137082__state02.xyz,-77.477682930146,0.158224419105,GFN2-xTB_single_point_on_RDKit_MMFF_geometry,success
EGFR__CHEMBL138363__state00,EGFR__CHEMBL138363,CHEMBL138363,EGFR,CHEMBL1134843,0,C=C(C)C(=O)Nc1cc2c(Nc3cccc(Br)c3)ncnc2cn1,0,data/quantum/erbB_xyz/EGFR__CHEMBL138363__state00.xyz,-58.178274104678,0.070447702586,GFN2-xTB_single_point_on_RDKit_MMFF_geometry,success
EGFR__CHEMBL138363__state01,EGFR__CHEMBL138363,CHEMBL138363,EGFR,CHEMBL1134843,1,C=C(C)C(=O)N=c1cc2c(=Nc3cccc(Br)c3)[nH]cnc2c[nH]1,0,data/quantum/erbB_xyz/EGFR__CHEMBL138363__state01.xyz,-58.191550321173,0.050442160252,GFN2-xTB_single_point_on_RDKit_MMFF_geometry,success
EGFR__CHEMBL138363__state02,EGFR__CHEMBL138363,CHEMBL138363,EGFR,CHEMBL1134843,2,C=C(C)C(=O)N=c1cc2c(=Nc3cccc(Br)c3)nc[nH]c2c[nH]1,0,data/quantum/erbB_xyz/EGFR__CHEMBL138363__state02.xyz,-58.191158443070,0.046631284266,GFN2-xTB_single_point_on_RDKit_MMFF_geometry,success
EGFR__CHEMBL138363__state03,EGFR__CHEMBL138363,CHEMBL138363,EGFR,CHEMBL1134843,3,C=C(C)C(=O)N=c1cc2c(Nc3cccc(Br)c3)ncnc2c[nH]1,0,data/quantum/erbB_xyz/EGFR__CHEMBL138363__state03.xyz,-58.181684909195,0.074747255436,GFN2-xTB_single_point_on_RDKit_MMFF_geometry,success
EGFR__CHEMBL138691__state00,EGFR__CHEMBL138691,CHEMBL138691,EGFR,CHEMBL1134843,0,C=CC(=O)N(CCN(C)C)c1cc2c(Nc3cccc(Br)c3)ncnc2cn1,0,data/quantum/erbB_xyz/EGFR__CHEMBL138691__state00.xyz,-67.146808911940,0.031934376462,GFN2-xTB_single_point_on_RDKit_MMFF_geometry,success
EGFR__CHEMBL138691__state01,EGFR__CHEMBL138691,CHEMBL138691,EGFR,CHEMBL1134843,1,C=CC(=O)N(CCN(C)C)c1cc2c(=Nc3cccc(Br)c3)[nH]cnc2cn1,0,data/quantum/erbB_xyz/EGFR__CHEMBL138691__state01.xyz,-67.166078063068,0.088156580576,GFN2-xTB_single_point_on_RDKit_MMFF_geometry,success
EGFR__CHEMBL138691__state02,EGFR__CHEMBL138691,CHEMBL138691,EGFR,CHEMBL1134843,2,C=CC(=O)N(CCN(C)C)c1cc2c(=Nc3cccc(Br)c3)nc[nH]c2cn1,0,data/quantum/erbB_xyz/EGFR__CHEMBL138691__state02.xyz,-67.169062623152,0.027803921088,GFN2-xTB_single_point_on_RDKit_MMFF_geometry,success
EGFR__CHEMBL138940__state00,EGFR__CHEMBL138940,CHEMBL138940,EGFR,CHEMBL1134843,0,O=C(/C=C/C(=O)Nc1cc2c(Nc3ccc(F)c(Cl)c3)ncnc2cn1)NCCCN1CCOCC1,0,data/quantum/erbB_xyz/EGFR__CHEMBL138940__state00.xyz,-91.825878783361,0.017943915899,GFN2-xTB_single_point_on_RDKit_MMFF_geometry,success
EGFR__CHEMBL138940__state01,EGFR__CHEMBL138940,CHEMBL138940,EGFR,CHEMBL1134843,1,O=C(/C=C/C(=O)NCCCN1CCOCC1)N=c1cc2c(Nc3ccc(F)c(Cl)c3)ncnc2c[nH]1,0,data/quantum/erbB_xyz/EGFR__CHEMBL138940__state01.xyz,-91.832433993355,0.029263759583,GFN2-xTB_single_point_on_RDKit_MMFF_geometry,success
EGFR__CHEMBL138940__state02,EGFR__CHEMBL138940,CHEMBL138940,EGFR,CHEMBL1134843,2,O=C(/C=C/C(=O)Nc1cc2c(=Nc3ccc(F)c(Cl)c3)[nH]cnc2cn1)NCCCN1CCOCC1,0,data/quantum/erbB_xyz/EGFR__CHEMBL138940__state02.xyz,-91.821118136122,0.034820172334,GFN2-xTB_single_point_on_RDKit_MMFF_geometry,success
EGFR__CHEMBL138940__state03,EGFR__CHEMBL138940,CHEMBL138940,EGFR,CHEMBL1134843,3,O=C(/C=C/C(=O)Nc1cc2c(=Nc3ccc(F)c(Cl)c3)nc[nH]c2cn1)NCCCN1CCOCC1,0,data/quantum/erbB_xyz/EGFR__CHEMBL138940__state03.xyz,-91.824637060997,0.025213093520,GFN2-xTB_single_point_on_RDKit_MMFF_geometry,success
EGFR__CHEMBL139044__state00,EGFR__CHEMBL139044,CHEMBL139044,EGFR,CHEMBL1134843,0,C=C/C=C/C(=O)Nc1cc2c(Nc3cccc(Br)c3)ncnc2cn1,0,data/quantum/erbB_xyz/EGFR__CHEMBL139044__state00.xyz,-60.342037491117,0.073548160121,GFN2-xTB_single_point_on_RDKit_MMFF_geometry,success
EGFR__CHEMBL139044__state01,EGFR__CHEMBL139044,CHEMBL139044,EGFR,CHEMBL1134843,1,C=C/C=C/C(=O)N=c1cc2c(=Nc3cccc(Br)c3)[nH]cnc2c[nH]1,0,data/quantum/erbB_xyz/EGFR__CHEMBL139044__state01.xyz,-60.367149517151,0.154332317013,GFN2-xTB_single_point_on_RDKit_MMFF_geometry,success
EGFR__CHEMBL139044__state02,EGFR__CHEMBL139044,CHEMBL139044,EGFR,CHEMBL1134843,2,C=C/C=C/C(=O)N=c1cc2c(=Nc3cccc(Br)c3)nc[nH]c2c[nH]1,0,data/quantum/erbB_xyz/EGFR__CHEMBL139044__state02.xyz,-60.368676457961,0.016975686709,GFN2-xTB_single_point_on_RDKit_MMFF_geometry,success
EGFR__CHEMBL139044__state03,EGFR__CHEMBL139044,CHEMBL139044,EGFR,CHEMBL1134843,3,C=C/C=C/C(=O)N=c1cc2c(Nc3cccc(Br)c3)ncnc2c[nH]1,0,data/quantum/erbB_xyz/EGFR__CHEMBL139044__state03.xyz,-60.361374386064,0.120912344048,GFN2-xTB_single_point_on_RDKit_MMFF_geometry,success
EGFR__CHEMBL139095__state00,EGFR__CHEMBL139095,CHEMBL139095,EGFR,CHEMBL1134843,0,C=CS(=O)(=O)Nc1cc2c(Nc3cccc(Br)c3)ncnc2cn1,0,data/quantum/erbB_xyz/EGFR__CHEMBL139095__state00.xyz,-61.304299100710,0.054773756652,GFN2-xTB_single_point_on_RDKit_MMFF_geometry,success
EGFR__CHEMBL139095__state01,EGFR__CHEMBL139095,CHEMBL139095,EGFR,CHEMBL1134843,1,C=CS(=O)(=O)N=c1cc2c(=Nc3cccc(Br)c3)[nH]cnc2c[nH]1,0,data/quantum/erbB_xyz/EGFR__CHEMBL139095__state01.xyz,-61.339872309934,0.099033708634,GFN2-xTB_single_point_on_RDKit_MMFF_geometry,success
EGFR__CHEMBL139095__state02,EGFR__CHEMBL139095,CHEMBL139095,EGFR,CHEMBL1134843,2,C=CS(=O)(=O)N=c1cc2c(=Nc3cccc(Br)c3)nc[nH]c2c[nH]1,0,data/quantum/erbB_xyz/EGFR__CHEMBL139095__state02.xyz,-61.353605383713,0.189848709041,GFN2-xTB_single_point_on_RDKit_MMFF_geometry,success
EGFR__CHEMBL139095__state03,EGFR__CHEMBL139095,CHEMBL139095,EGFR,CHEMBL1134843,3,C=CS(=O)(=O)N=c1cc2c(Nc3cccc(Br)c3)ncnc2c[nH]1,0,data/quantum/erbB_xyz/EGFR__CHEMBL139095__state03.xyz,-61.334537799609,0.105918293785,GFN2-xTB_single_point_on_RDKit_MMFF_geometry,success
EGFR__CHEMBL139307__state00,EGFR__CHEMBL139307,CHEMBL139307,EGFR,CHEMBL1134843,0,C=CC(=O)N(CCCN1CCOCC1)c1ccc2ncnc(Nc3cccc(Br)c3)c2c1,0,data/quantum/erbB_xyz/EGFR__CHEMBL139307__state00.xyz,-76.585684893032,0.009542358652,GFN2-xTB_single_point_on_RDKit_MMFF_geometry,success
EGFR__CHEMBL139307__state01,EGFR__CHEMBL139307,CHEMBL139307,EGFR,CHEMBL1134843,1,C=CC(=O)N(CCCN1CCOCC1)c1ccc2[nH]cnc(=Nc3cccc(Br)c3)c2c1,0,data/quantum/erbB_xyz/EGFR__CHEMBL139307__state01.xyz,-76.594702087191,0.130938125364,GFN2-xTB_single_point_on_RDKit_MMFF_geometry,success
EGFR__CHEMBL139307__state02,EGFR__CHEMBL139307,CHEMBL139307,EGFR,CHEMBL1134843,2,C=CC(=O)N(CCCN1CCOCC1)c1ccc2nc[nH]c(=Nc3cccc(Br)c3)c2c1,0,data/quantum/erbB_xyz/EGFR__CHEMBL139307__state02.xyz,-76.572009708942,0.027671239822,GFN2-xTB_single_point_on_RDKit_MMFF_geometry,success
EGFR__CHEMBL140561__state00,EGFR__CHEMBL140561,CHEMBL140561,EGFR,CHEMBL1134843,0,CN(C)CCCOC(=O)/C=C/C(=O)Nc1ccc2ncnc(Nc3cccc(Br)c3)c2c1,0,data/quantum/erbB_xyz/EGFR__CHEMBL140561__state00.xyz,-78.604581693532,0.045477494247,GFN2-xTB_single_point_on_RDKit_MMFF_geometry,success
EGFR__CHEMBL140561__state01,EGFR__CHEMBL140561,CHEMBL140561,EGFR,CHEMBL1134843,1,CN(C)CCCOC(=O)/C=C/C(=O)Nc1ccc2[nH]cnc(=Nc3cccc(Br)c3)c2c1,0,data/quantum/erbB_xyz/EGFR__CHEMBL140561__state01.xyz,-78.613921366842,0.034578796690,GFN2-xTB_single_point_on_RDKit_MMFF_geometry,success
EGFR__CHEMBL140561__state02,EGFR__CHEMBL140561,CHEMBL140561,EGFR,CHEMBL1134843,2,CN(C)CCCOC(=O)/C=C/C(=O)Nc1ccc2nc[nH]c(=Nc3cccc(Br)c3)c2c1,0,data/quantum/erbB_xyz/EGFR__CHEMBL140561__state02.xyz,-78.617422521131,0.019257870546,GFN2-xTB_single_point_on_RDKit_MMFF_geometry,success
EGFR__CHEMBL140561__state03,EGFR__CHEMBL140561,CHEMBL140561,EGFR,CHEMBL1134843,3,CN(C)CCCOC(=O)/C=C/C(O)=Nc1ccc2[nH]cnc(=Nc3cccc(Br)c3)c2c1,0,data/quantum/erbB_xyz/EGFR__CHEMBL140561__state03.xyz,-78.613457169455,0.053946032509,GFN2-xTB_single_point_on_RDKit_MMFF_geometry,success
EGFR__CHEMBL141175__state00,EGFR__CHEMBL141175,CHEMBL141175,EGFR,CHEMBL1136802,0,COc1cc(/C=C(/C#N)C(N)=O)cc(CSCc2ccc(Cl)cc2)c1O,0,data/quantum/erbB_xyz/EGFR__CHEMBL141175__state00.xyz,-65.225819556012,0.039782284292,GFN2-xTB_single_point_on_RDKit_MMFF_geometry,success
EGFR__CHEMBL141175__state01,EGFR__CHEMBL141175,CHEMBL141175,EGFR,CHEMBL1136802,1,COC1=CC(=CC(C#N)=C(N)O)C=C(CSCc2ccc(Cl)cc2)C1=O,0,data/quantum/erbB_xyz/EGFR__CHEMBL141175__state01.xyz,-65.230038138642,0.037072671089,GFN2-xTB_single_point_on_RDKit_MMFF_geometry,success
EGFR__CHEMBL141175__state02,EGFR__CHEMBL141175,CHEMBL141175,EGFR,CHEMBL1136802,2,COC1=CC(=CC(C#N)C(=N)O)C=C(CSCc2ccc(Cl)cc2)C1=O,0,data/quantum/erbB_xyz/EGFR__CHEMBL141175__state02.xyz,-65.225504333269,0.016196010739,GFN2-xTB_single_point_on_RDKit_MMFF_geometry,success
EGFR__CHEMBL141175__state03,EGFR__CHEMBL141175,CHEMBL141175,EGFR,CHEMBL1136802,3,COC1=CC(=CC(C#N)C(N)=O)C=C(CSCc2ccc(Cl)cc2)C1=O,0,data/quantum/erbB_xyz/EGFR__CHEMBL141175__state03.xyz,-65.224247011168,0.024524929664,GFN2-xTB_single_point_on_RDKit_MMFF_geometry,success
EGFR__CHEMBL141238__state00,EGFR__CHEMBL141238,CHEMBL141238,EGFR,CHEMBL1136802,0,Cc1cc(C)c(NC(=O)/C(C#N)=C/c2ccc(O)c(O)c2)c(C)c1,0,data/quantum/erbB_xyz/EGFR__CHEMBL141238__state00.xyz,-57.388244780095,0.033531661862,GFN2-xTB_single_point_on_RDKit_MMFF_geometry,success
EGFR__CHEMBL141238__state01,EGFR__CHEMBL141238,CHEMBL141238,EGFR,CHEMBL1136802,1,Cc1cc(C)c(N=C(O)C(C#N)=Cc2ccc(O)c(O)c2)c(C)c1,0,data/quantum/erbB_xyz/EGFR__CHEMBL141238__state01.xyz,-57.373580337339,0.046969689087,GFN2-xTB_single_point_on_RDKit_MMFF_geometry,success
EGFR__CHEMBL141238__state02,EGFR__CHEMBL141238,CHEMBL141238,EGFR,CHEMBL1136802,2,Cc1cc(C)c(N=C(O)C(C#N)C=C2C=CC(=O)C(O)=C2)c(C)c1,0,data/quantum/erbB_xyz/EGFR__CHEMBL141238__state02.xyz,-57.342077507298,0.013606953100,GFN2-xTB_single_point_on_RDKit_MMFF_geometry,success
EGFR__CHEMBL141238__state03,EGFR__CHEMBL141238,CHEMBL141238,EGFR,CHEMBL1136802,3,Cc1cc(C)c(N=C(O)C(C#N)CC2=CC(=O)C(=O)C=C2)c(C)c1,0,data/quantum/erbB_xyz/EGFR__CHEMBL141238__state03.xyz,-57.363774608296,0.038392268905,GFN2-xTB_single_point_on_RDKit_MMFF_geometry,success
EGFR__CHEMBL144159__state00,EGFR__CHEMBL144159,CHEMBL144159,EGFR,CHEMBL1129590,0,N#C/C(=C\c1ccc(O)c(O)c1)C(=O)NCc1cccc(CNC(=O)/C(C#N)=C/c2ccc(O)c(O)c2)c1,0,data/quantum/erbB_xyz/EGFR__CHEMBL144159__state00.xyz,-94.396880618405,0.012691591504,GFN2-xTB_single_point_on_RDKit_MMFF_geometry,success
EGFR__CHEMBL144159__state01,EGFR__CHEMBL144159,CHEMBL144159,EGFR,CHEMBL1129590,1,N#C/C(=C\C1=CC(O)C(=O)C=C1)C(=O)NCc1cccc(CNC(=O)/C(C#N)=C/c2ccc(O)c(O)c2)c1,0,data/quantum/erbB_xyz/EGFR__CHEMBL144159__state01.xyz,-94.389919830317,0.018512861350,GFN2-xTB_single_point_on_RDKit_MMFF_geometry,success
EGFR__CHEMBL144159__state02,EGFR__CHEMBL144159,CHEMBL144159,EGFR,CHEMBL1129590,2,N#C/C(=C\c1ccc(O)c(O)c1)C(=O)NCc1cccc(CN=C(O)/C(C#N)=C/c2ccc(O)c(O)c2)c1,0,data/quantum/erbB_xyz/EGFR__CHEMBL144159__state02.xyz,-94.366508064393,0.011803687822,GFN2-xTB_single_point_on_RDKit_MMFF_geometry,success
EGFR__CHEMBL144159__state03,EGFR__CHEMBL144159,CHEMBL144159,EGFR,CHEMBL1129590,3,N#C/C(=C\c1ccc(O)c(O)c1)C(=O)NCc1cccc(CNC(=O)C(C#N)C=C2C=CC(=O)C(O)=C2)c1,0,data/quantum/erbB_xyz/EGFR__CHEMBL144159__state03.xyz,-94.394215985310,0.014701474429,GFN2-xTB_single_point_on_RDKit_MMFF_geometry,success
EGFR__CHEMBL144589__state00,EGFR__CHEMBL144589,CHEMBL144589,EGFR,CHEMBL1129590,0,N#C/C(=C\c1ccc(O)c(O)c1)C(=O)NCCCCNC(=O)/C(C#N)=C/c1ccc(O)c(O)c1,0,data/quantum/erbB_xyz/EGFR__CHEMBL144589__state00.xyz,-85.967150060228,0.111392204234,GFN2-xTB_single_point_on_RDKit_MMFF_geometry,success
EGFR__CHEMBL144589__state01,EGFR__CHEMBL144589,CHEMBL144589,EGFR,CHEMBL1129590,1,N#C/C(=C\C1=CC(O)C(=O)C=C1)C(=O)NCCCCNC(=O)/C(C#N)=C/c1ccc(O)c(O)c1,0,data/quantum/erbB_xyz/EGFR__CHEMBL144589__state01.xyz,-85.955361161135,0.093173699622,GFN2-xTB_single_point_on_RDKit_MMFF_geometry,success
EGFR__CHEMBL144589__state02,EGFR__CHEMBL144589,CHEMBL144589,EGFR,CHEMBL1129590,2,N#C/C(=C\c1ccc(O)c(O)c1)C(=O)NCCCCN=C(O)/C(C#N)=C/c1ccc(O)c(O)c1,0,data/quantum/erbB_xyz/EGFR__CHEMBL144589__state02.xyz,-85.941390482431,0.113239383698,GFN2-xTB_single_point_on_RDKit_MMFF_geometry,success
EGFR__CHEMBL144589__state03,EGFR__CHEMBL144589,CHEMBL144589,EGFR,CHEMBL1129590,3,N#C/C(=C\c1ccc(O)c(O)c1)C(=O)NCCCCNC(=O)C(C#N)C=C1C=CC(=O)C(O)=C1,0,data/quantum/erbB_xyz/EGFR__CHEMBL144589__state03.xyz,-85.951310411442,0.049776190063,GFN2-xTB_single_point_on_RDKit_MMFF_geometry,success
EGFR__CHEMBL144632__state00,EGFR__CHEMBL144632,CHEMBL144632,EGFR,CHEMBL1129590,0,N#C/C(=C\c1cc(O)c(O)c([N+](=O)[O-])c1)C(=O)NCCCNC(=O)/C(C#N)=C/c1cc(O)c(O)c([N+](=O)[O-])c1,0,data/quantum/erbB_xyz/EGFR__CHEMBL144632__state00.xyz,-105.961962586318,0.028142114998,GFN2-xTB_single_point_on_RDKit_MMFF_geometry,success
EGFR__CHEMBL144632__state01,EGFR__CHEMBL144632,CHEMBL144632,EGFR,CHEMBL1129590,1,N#C/C(=C\C1=CC(O)C(=O)C([N+](=O)[O-])=C1)C(=O)NCCCNC(=O)/C(C#N)=C/c1cc(O)c(O)c([N+](=O)[O-])c1,0,data/quantum/erbB_xyz/EGFR__CHEMBL144632__state01.xyz,-105.945672410762,0.020391577773,GFN2-xTB_single_point_on_RDKit_MMFF_geometry,success
EGFR__CHEMBL144632__state02,EGFR__CHEMBL144632,CHEMBL144632,EGFR,CHEMBL1129590,2,N#C/C(=C\c1cc(O)c(O)c([N+](=O)[O-])c1)C(=O)NCCCN=C(O)/C(C#N)=C/c1cc(O)c(O)c([N+](=O)[O-])c1,0,data/quantum/erbB_xyz/EGFR__CHEMBL144632__state02.xyz,-105.939967995704,0.027109203681,GFN2-xTB_single_point_on_RDKit_MMFF_geometry,success
EGFR__CHEMBL144632__state03,EGFR__CHEMBL144632,CHEMBL144632,EGFR,CHEMBL1129590,3,N#C/C(=C\c1cc(O)c(O)c([N+](=O)[O-])c1)C(=O)NCCCNC(=O)C(C#N)C=C1C=C(O)C(=O)C([N+](=O)[O-])=C1,0,data/quantum/erbB_xyz/EGFR__CHEMBL144632__state03.xyz,-105.983553830752,0.013490326814,GFN2-xTB_single_point_on_RDKit_MMFF_geometry,success
EGFR__CHEMBL144770__state00,EGFR__CHEMBL144770,CHEMBL144770,EGFR,CHEMBL1129590,0,N#C/C(=C\c1cc(O)c(O)c(Br)c1)C(=O)NCCCNC(=O)/C(C#N)=C/c1cc(O)c(O)c(Br)c1,0,data/quantum/erbB_xyz/EGFR__CHEMBL144770__state00.xyz,-92.254603570050,0.003534684890,GFN2-xTB_single_point_on_RDKit_MMFF_geometry,success
EGFR__CHEMBL144770__state01,EGFR__CHEMBL144770,CHEMBL144770,EGFR,CHEMBL1129590,1,N#C/C(=C\C1=CC(O)C(=O)C(Br)=C1)C(=O)NCCCNC(=O)/C(C#N)=C/c1cc(O)c(O)c(Br)c1,0,data/quantum/erbB_xyz/EGFR__CHEMBL144770__state01.xyz,-92.224392260496,0.010353999285,GFN2-xTB_single_point_on_RDKit_MMFF_geometry,success
EGFR__CHEMBL144770__state02,EGFR__CHEMBL144770,CHEMBL144770,EGFR,CHEMBL1129590,2,N#C/C(=C\c1cc(O)c(O)c(Br)c1)C(=O)NCCCN=C(O)/C(C#N)=C/c1cc(O)c(O)c(Br)c1,0,data/quantum/erbB_xyz/EGFR__CHEMBL144770__state02.xyz,-92.206271094657,0.023425881171,GFN2-xTB_single_point_on_RDKit_MMFF_geometry,success
EGFR__CHEMBL144770__state03,EGFR__CHEMBL144770,CHEMBL144770,EGFR,CHEMBL1129590,3,N#C/C(=C\c1cc(O)c(O)c(Br)c1)C(=O)NCCCNC(=O)C(C#N)C=C1C=C(O)C(=O)C(Br)=C1,0,data/quantum/erbB_xyz/EGFR__CHEMBL144770__state03.xyz,-92.247853967588,0.017222423355,GFN2-xTB_single_point_on_RDKit_MMFF_geometry,success
EGFR__CHEMBL144778__state00,EGFR__CHEMBL144778,CHEMBL144778,EGFR,CHEMBL1129590,0,N#C/C(=C\c1ccc(O)c(O)c1)C(=O)NC1CCCC[C@@H]1NC(=O)/C(C#N)=C/c1ccc(O)c(O)c1,0,data/quantum/erbB_xyz/EGFR__CHEMBL144778__state00.xyz,-90.141053205987,0.054806616816,GFN2-xTB_single_point_on_RDKit_MMFF_geometry,success
EGFR__CHEMBL144778__state01,EGFR__CHEMBL144778,CHEMBL144778,EGFR,CHEMBL1129590,1,N#C/C(=C\C1=CC(O)C(=O)C=C1)C(=O)NC1CCCC[C@@H]1NC(=O)/C(C#N)=C/c1ccc(O)c(O)c1,0,data/quantum/erbB_xyz/EGFR__CHEMBL144778__state01.xyz,-90.114832608730,0.112206327327,GFN2-xTB_single_point_on_RDKit_MMFF_geometry,success
EGFR__CHEMBL144778__state02,EGFR__CHEMBL144778,CHEMBL144778,EGFR,CHEMBL1129590,2,N#C/C(=C\c1ccc(O)c(O)c1)C(=O)NC1CCCC[C@@H]1N=C(O)/C(C#N)=C/c1ccc(O)c(O)c1,0,data/quantum/erbB_xyz/EGFR__CHEMBL144778__state02.xyz,-90.078646275876,0.105746796455,GFN2-xTB_single_point_on_RDKit_MMFF_geometry,success
EGFR__CHEMBL144778__state03,EGFR__CHEMBL144778,CHEMBL144778,EGFR,CHEMBL1129590,3,N#C/C(=C\c1ccc(O)c(O)c1)C(=O)NC1CCCC[C@@H]1NC(=O)/C(C#N)=C/C1=CC(=O)C(O)C=C1,0,data/quantum/erbB_xyz/EGFR__CHEMBL144778__state03.xyz,-90.143824334106,0.110524816659,GFN2-xTB_single_point_on_RDKit_MMFF_geometry,success
EGFR__CHEMBL145266__state00,EGFR__CHEMBL145266,CHEMBL145266,EGFR,CHEMBL1129590,0,COc1cc(/C=C(\C#N)C(=O)NCCCCNC(=O)/C(C#N)=C/c2cc(OC)c(O)c([N+](=O)[O-])c2)cc([N+](=O)[O-])c1O,0,data/quantum/erbB_xyz/EGFR__CHEMBL145266__state00.xyz,-112.059827984318,0.014341545704,GFN2-xTB_single_point_on_RDKit_MMFF_geometry,success
EGFR__CHEMBL145266__state01,EGFR__CHEMBL145266,CHEMBL145266,EGFR,CHEMBL1129590,1,COC1=CC(=CC(C#N)=C(O)NCCCCN=C(O)C(C#N)=Cc2cc(OC)c(O)c([N+](=O)[O-])c2)C=C([N+](=O)[O-])C1=O,0,data/quantum/erbB_xyz/EGFR__CHEMBL145266__state01.xyz,-112.080974390792,0.010345114145,GFN2-xTB_single_point_on_RDKit_MMFF_geometry,success
EGFR__CHEMBL145266__state02,EGFR__CHEMBL145266,CHEMBL145266,EGFR,CHEMBL1129590,2,COC1=CC(=CC(C#N)=C(O)NCCCCNC(=O)C(C#N)=CC2=CC(OC)C(=O)C([N+](=O)[O-])=C2)C=C([N+](=O)[O-])C1=O,0,data/quantum/erbB_xyz/EGFR__CHEMBL145266__state02.xyz,-112.058809308926,0.004675428270,GFN2-xTB_single_point_on_RDKit_MMFF_geometry,success
EGFR__CHEMBL145266__state03,EGFR__CHEMBL145266,CHEMBL145266,EGFR,CHEMBL1129590,3,COC1=CC(=CC(C#N)=C(O)NCCCCNC(=O)C(C#N)=Cc2cc(OC)c(O)c([N+](=O)[O-])c2)C=C([N+](=O)[O-])C1=O,0,data/quantum/erbB_xyz/EGFR__CHEMBL145266__state03.xyz,-112.082162118946,0.009759577655,GFN2-xTB_single_point_on_RDKit_MMFF_geometry,success
EGFR__CHEMBL146694__state00,EGFR__CHEMBL146694,CHEMBL146694,EGFR,CHEMBL1132535,0,COc1ccccc1-c1ccc2c(c1)NC(=O)/C2=C\c1[nH]c(C)c(CCC(=O)O)c1C,0,data/quantum/erbB_xyz/EGFR__CHEMBL146694__state00.xyz,-74.103632495592,0.061226133859,GFN2-xTB_single_point_on_RDKit_MMFF_geometry,success
EGFR__CHEMBL146694__state01,EGFR__CHEMBL146694,CHEMBL146694,EGFR,CHEMBL1132535,1,C=c1c(CC=C(O)O)c(C)[nH]c1=CC1C(=O)Nc2cc(-c3ccccc3OC)ccc21,0,data/quantum/erbB_xyz/EGFR__CHEMBL146694__state01.xyz,-74.050603011073,0.061007990282,GFN2-xTB_single_point_on_RDKit_MMFF_geometry,success
EGFR__CHEMBL146694__state02,EGFR__CHEMBL146694,CHEMBL146694,EGFR,CHEMBL1132535,2,C=c1c(CC=C(O)O)c(C)[nH]c1=Cc1c(O)[nH]c2cc(-c3ccccc3OC)ccc12,0,data/quantum/erbB_xyz/EGFR__CHEMBL146694__state02.xyz,-74.051247548650,0.061489348202,GFN2-xTB_single_point_on_RDKit_MMFF_geometry,success
EGFR__CHEMBL146694__state03,EGFR__CHEMBL146694,CHEMBL146694,EGFR,CHEMBL1132535,3,C=c1c(CCC(=O)O)c(C)[nH]c1=CC1C(=O)Nc2cc(-c3ccccc3OC)ccc21,0,data/quantum/erbB_xyz/EGFR__CHEMBL146694__state03.xyz,-74.065264469828,0.064302015192,GFN2-xTB_single_point_on_RDKit_MMFF_geometry,success
EGFR__CHEMBL147112__state00,EGFR__CHEMBL147112,CHEMBL147112,EGFR,CHEMBL1132535,0,COc1ccccc1-c1ccc2c(c1)NC(=O)/C2=C\c1[nH]cc(CCC(=O)O)c1C,0,data/quantum/erbB_xyz/EGFR__CHEMBL147112__state00.xyz,-72.040053757507,0.022203488977,GFN2-xTB_single_point_on_RDKit_MMFF_geometry,success
EGFR__CHEMBL147112__state01,EGFR__CHEMBL147112,CHEMBL147112,EGFR,CHEMBL1132535,1,C=c1c(CC=C(O)O)c[nH]c1=CC1C(=O)Nc2cc(-c3ccccc3OC)ccc21,0,data/quantum/erbB_xyz/EGFR__CHEMBL147112__state01.xyz,-72.006477959163,0.029096261015,GFN2-xTB_single_point_on_RDKit_MMFF_geometry,success
EGFR__CHEMBL147112__state02,EGFR__CHEMBL147112,CHEMBL147112,EGFR,CHEMBL1132535,2,C=c1c(CC=C(O)O)c[nH]c1=Cc1c(O)[nH]c2cc(-c3ccccc3OC)ccc12,0,data/quantum/erbB_xyz/EGFR__CHEMBL147112__state02.xyz,-72.013225349569,0.020820246695,GFN2-xTB_single_point_on_RDKit_MMFF_geometry,success
EGFR__CHEMBL147112__state03,EGFR__CHEMBL147112,CHEMBL147112,EGFR,CHEMBL1132535,3,C=c1c(CCC(=O)O)c[nH]c1=CC1C(=O)Nc2cc(-c3ccccc3OC)ccc21,0,data/quantum/erbB_xyz/EGFR__CHEMBL147112__state03.xyz,-72.020968484810,0.026867741809,GFN2-xTB_single_point_on_RDKit_MMFF_geometry,success
EGFR__CHEMBL147761__state00,EGFR__CHEMBL147761,CHEMBL147761,EGFR,CHEMBL1132535,0,Cc1c[nH]c(/C=C2\C(=O)Nc3cccc(C)c32)c1CCC(=O)O,0,data/quantum/erbB_xyz/EGFR__CHEMBL147761__state00.xyz,-55.423941046689,0.075192257228,GFN2-xTB_single_point_on_RDKit_MMFF_geometry,success
EGFR__CHEMBL147761__state01,EGFR__CHEMBL147761,CHEMBL147761,EGFR,CHEMBL1132535,1,CC1=C(CCC(=O)O)C(=CC2C(=O)Nc3cccc(C)c32)N=C1,0,data/quantum/erbB_xyz/EGFR__CHEMBL147761__state01.xyz,-55.397832448266,0.069298342470,GFN2-xTB_single_point_on_RDKit_MMFF_geometry,success
EGFR__CHEMBL147761__state02,EGFR__CHEMBL147761,CHEMBL147761,EGFR,CHEMBL1132535,2,CC1=C(CCC(=O)O)C(=CC2C(O)=Nc3cccc(C)c32)N=C1,0,data/quantum/erbB_xyz/EGFR__CHEMBL147761__state02.xyz,-55.376373075400,0.039655694205,GFN2-xTB_single_point_on_RDKit_MMFF_geometry,success
EGFR__CHEMBL147761__state03,EGFR__CHEMBL147761,CHEMBL147761,EGFR,CHEMBL1132535,3,CC1=C(CCC(=O)O)C(=Cc2c(O)[nH]c3cccc(C)c23)N=C1,0,data/quantum/erbB_xyz/EGFR__CHEMBL147761__state03.xyz,-55.412151167652,0.046571032392,GFN2-xTB_single_point_on_RDKit_MMFF_geometry,success
EGFR__CHEMBL147880__state00,EGFR__CHEMBL147880,CHEMBL147880,EGFR,CHEMBL1129590,0,N#C/C(=C\c1ccc(O)c(O)c1)C(=O)NC1CCC(CC2CCC(NC(=O)/C(C#N)=C/c3ccc(O)c(O)c3)CC2)CC1,0,data/quantum/erbB_xyz/EGFR__CHEMBL147880__state00.xyz,-104.468162632189,0.006161260864,GFN2-xTB_single_point_on_RDKit_MMFF_geometry,success
EGFR__CHEMBL147880__state01,EGFR__CHEMBL147880,CHEMBL147880,EGFR,CHEMBL1129590,1,N#C/C(=C\C1=CC(O)C(=O)C=C1)C(=O)NC1CCC(CC2CCC(NC(=O)/C(C#N)=C/c3ccc(O)c(O)c3)CC2)CC1,0,data/quantum/erbB_xyz/EGFR__CHEMBL147880__state01.xyz,-104.497019460594,0.026917871424,GFN2-xTB_single_point_on_RDKit_MMFF_geometry,success
EGFR__CHEMBL147880__state02,EGFR__CHEMBL147880,CHEMBL147880,EGFR,CHEMBL1129590,2,N#C/C(=C\c1ccc(O)c(O)c1)C(=O)NC1CCC(CC2CCC(N=C(O)/C(C#N)=C/c3ccc(O)c(O)c3)CC2)CC1,0,data/quantum/erbB_xyz/EGFR__CHEMBL147880__state02.xyz,-104.449774926419,0.043304753873,GFN2-xTB_single_point_on_RDKit_MMFF_geometry,success
EGFR__CHEMBL147880__state03,EGFR__CHEMBL147880,CHEMBL147880,EGFR,CHEMBL1129590,3,N#C/C(=C\c1ccc(O)c(O)c1)C(=O)NC1CCC(CC2CCC(NC(=O)C(C#N)C=C3C=CC(=O)C(O)=C3)CC2)CC1,0,data/quantum/erbB_xyz/EGFR__CHEMBL147880__state03.xyz,-104.473667411980,0.033067696318,GFN2-xTB_single_point_on_RDKit_MMFF_geometry,success
EGFR__CHEMBL148514__state00,EGFR__CHEMBL148514,CHEMBL148514,EGFR,CHEMBL1132535,0,COc1cccc(-c2ccc3c(c2)NC(=O)/C3=C\c2[nH]cc(CCC(=O)O)c2C)c1,0,data/quantum/erbB_xyz/EGFR__CHEMBL148514__state00.xyz,-72.041957835085,0.028435563955,GFN2-xTB_single_point_on_RDKit_MMFF_geometry,success
EGFR__CHEMBL148514__state01,EGFR__CHEMBL148514,CHEMBL148514,EGFR,CHEMBL1132535,1,C=c1c(CC=C(O)O)c[nH]c1=CC1C(=O)Nc2cc(-c3cccc(OC)c3)ccc21,0,data/quantum/erbB_xyz/EGFR__CHEMBL148514__state01.xyz,-71.994327841164,0.017188032281,GFN2-xTB_single_point_on_RDKit_MMFF_geometry,success
EGFR__CHEMBL148514__state02,EGFR__CHEMBL148514,CHEMBL148514,EGFR,CHEMBL1132535,2,C=c1c(CC=C(O)O)c[nH]c1=Cc1c(O)[nH]c2cc(-c3cccc(OC)c3)ccc12,0,data/quantum/erbB_xyz/EGFR__CHEMBL148514__state02.xyz,-72.009430773571,0.030008322219,GFN2-xTB_single_point_on_RDKit_MMFF_geometry,success
EGFR__CHEMBL148514__state03,EGFR__CHEMBL148514,CHEMBL148514,EGFR,CHEMBL1132535,3,C=c1c(CCC(=O)O)c[nH]c1=CC1C(=O)Nc2cc(-c3cccc(OC)c3)ccc21,0,data/quantum/erbB_xyz/EGFR__CHEMBL148514__state03.xyz,-72.016630234923,0.009107790119,GFN2-xTB_single_point_on_RDKit_MMFF_geometry,success
EGFR__CHEMBL148984__state00,EGFR__CHEMBL148984,CHEMBL148984,EGFR,CHEMBL1132535,0,COc1ccc(-c2ccc3c(c2)NC(=O)/C3=C\c2[nH]cc(CCC(=O)O)c2C)cc1,0,data/quantum/erbB_xyz/EGFR__CHEMBL148984__state00.xyz,-72.002465654121,0.037967232542,GFN2-xTB_single_point_on_RDKit_MMFF_geometry,success
EGFR__CHEMBL148984__state01,EGFR__CHEMBL148984,CHEMBL148984,EGFR,CHEMBL1132535,1,C=c1c(CC=C(O)O)c[nH]c1=CC1C(=O)Nc2cc(-c3ccc(OC)cc3)ccc21,0,data/quantum/erbB_xyz/EGFR__CHEMBL148984__state01.xyz,-71.966708675038,0.050704858126,GFN2-xTB_single_point_on_RDKit_MMFF_geometry,success
EGFR__CHEMBL148984__state02,EGFR__CHEMBL148984,CHEMBL148984,EGFR,CHEMBL1132535,2,C=c1c(CC=C(O)O)c[nH]c1=Cc1c(O)[nH]c2cc(-c3ccc(OC)cc3)ccc12,0,data/quantum/erbB_xyz/EGFR__CHEMBL148984__state02.xyz,-71.980850191317,0.008807527005,GFN2-xTB_single_point_on_RDKit_MMFF_geometry,success
EGFR__CHEMBL148984__state03,EGFR__CHEMBL148984,CHEMBL148984,EGFR,CHEMBL1132535,3,C=c1c(CCC(=O)O)c[nH]c1=CC1C(=O)Nc2cc(-c3ccc(OC)cc3)ccc21,0,data/quantum/erbB_xyz/EGFR__CHEMBL148984__state03.xyz,-71.987602356911,0.058222700665,GFN2-xTB_single_point_on_RDKit_MMFF_geometry,success
EGFR__CHEMBL149201__state00,EGFR__CHEMBL149201,CHEMBL149201,EGFR,CHEMBL1132535,0,Cc1[nH]c(/C=C2\C(=O)Nc3cc(-c4ccccc4)ccc32)c(C)c1CCC(=O)O,0,data/quantum/erbB_xyz/EGFR__CHEMBL149201__state00.xyz,-67.993911097739,0.021204855983,GFN2-xTB_single_point_on_RDKit_MMFF_geometry,success
EGFR__CHEMBL149201__state01,EGFR__CHEMBL149201,CHEMBL149201,EGFR,CHEMBL1132535,1,C=c1c(CC=C(O)O)c(C)[nH]c1=Cc1c(O)[nH]c2cc(-c3ccccc3)ccc12,0,data/quantum/erbB_xyz/EGFR__CHEMBL149201__state01.xyz,-67.947125145205,0.028952162005,GFN2-xTB_single_point_on_RDKit_MMFF_geometry,success
EGFR__CHEMBL149201__state02,EGFR__CHEMBL149201,CHEMBL149201,EGFR,CHEMBL1132535,2,C=c1c(CCC(=O)O)c(C)[nH]c1=CC1C(=O)Nc2cc(-c3ccccc3)ccc21,0,data/quantum/erbB_xyz/EGFR__CHEMBL149201__state02.xyz,-67.959629604648,0.015893522814,GFN2-xTB_single_point_on_RDKit_MMFF_geometry,success
EGFR__CHEMBL149201__state03,EGFR__CHEMBL149201,CHEMBL149201,EGFR,CHEMBL1132535,3,C=c1c(CCC(=O)O)c(C)[nH]c1=Cc1c(O)[nH]c2cc(-c3ccccc3)ccc12,0,data/quantum/erbB_xyz/EGFR__CHEMBL149201__state03.xyz,-67.968919704798,0.026405754051,GFN2-xTB_single_point_on_RDKit_MMFF_geometry,success
EGFR__CHEMBL150177__state00,EGFR__CHEMBL150177,CHEMBL150177,EGFR,CHEMBL1132535,0,Cc1[nH]c(/C=C2\C(=O)Nc3ccc(S(N)(=O)=O)cc32)c(C)c1CCC(=O)O,0,data/quantum/erbB_xyz/EGFR__CHEMBL150177__state00.xyz,-69.611414241143,0.067601788685,GFN2-xTB_single_point_on_RDKit_MMFF_geometry,success
EGFR__CHEMBL150177__state01,EGFR__CHEMBL150177,CHEMBL150177,EGFR,CHEMBL1132535,1,C=c1c(CC=C(O)O)c(C)[nH]c1=Cc1c(O)[nH]c2ccc(S(N)(=O)=O)cc12,0,data/quantum/erbB_xyz/EGFR__CHEMBL150177__state01.xyz,-69.556527692845,0.019762387918,GFN2-xTB_single_point_on_RDKit_MMFF_geometry,success
EGFR__CHEMBL150177__state02,EGFR__CHEMBL150177,CHEMBL150177,EGFR,CHEMBL1132535,2,C=c1c(CCC(=O)O)c(C)[nH]c1=CC1C(=O)Nc2ccc(S(N)(=O)=O)cc21,0,data/quantum/erbB_xyz/EGFR__CHEMBL150177__state02.xyz,-69.575698369390,0.035620480565,GFN2-xTB_single_point_on_RDKit_MMFF_geometry,success
EGFR__CHEMBL150177__state03,EGFR__CHEMBL150177,CHEMBL150177,EGFR,CHEMBL1132535,3,C=c1c(CCC(=O)O)c(C)[nH]c1=Cc1c(O)[nH]c2ccc(S(N)(=O)=O)cc12,0,data/quantum/erbB_xyz/EGFR__CHEMBL150177__state03.xyz,-69.573712690063,0.025285345478,GFN2-xTB_single_point_on_RDKit_MMFF_geometry,success
EGFR__CHEMBL157128__state00,EGFR__CHEMBL157128,CHEMBL157128,EGFR,CHEMBL1145020,0,COCC1CCCN1CC#CC(=O)Nc1ccc2ncc(C#N)c(Nc3cccc(Br)c3)c2c1,0,data/quantum/erbB_xyz/EGFR__CHEMBL157128__state00.xyz,-80.853994446011,0.050980783128,GFN2-xTB_single_point_on_RDKit_MMFF_geometry,success
EGFR__CHEMBL157128__state01,EGFR__CHEMBL157128,CHEMBL157128,EGFR,CHEMBL1145020,1,COCC1CCCN1CC#CC(=O)Nc1ccc2[nH]cc(C#N)c(=Nc3cccc(Br)c3)c2c1,0,data/quantum/erbB_xyz/EGFR__CHEMBL157128__state01.xyz,-80.863743795615,0.079967548986,GFN2-xTB_single_point_on_RDKit_MMFF_geometry,success
EGFR__CHEMBL157128__state02,EGFR__CHEMBL157128,CHEMBL157128,EGFR,CHEMBL1145020,2,COCC1CCCN1CC#CC(O)=Nc1ccc2[nH]cc(C#N)c(=Nc3cccc(Br)c3)c2c1,0,data/quantum/erbB_xyz/EGFR__CHEMBL157128__state02.xyz,-80.872683255367,0.052116073717,GFN2-xTB_single_point_on_RDKit_MMFF_geometry,success
EGFR__CHEMBL157128__state03,EGFR__CHEMBL157128,CHEMBL157128,EGFR,CHEMBL1145020,3,COCC1CCCN1CC#CC(O)=Nc1ccc2ncc(C#N)c(Nc3cccc(Br)c3)c2c1,0,data/quantum/erbB_xyz/EGFR__CHEMBL157128__state03.xyz,-80.850356230815,0.014177880897,GFN2-xTB_single_point_on_RDKit_MMFF_geometry,success
EGFR__CHEMBL2112369__state00,EGFR__CHEMBL2112369,CHEMBL2112369,EGFR,CHEMBL1134561,0,COC[C@@H]1CCCN1C/C=C\C(=O)Nc1ccc2ncnc(Nc3cccc(Br)c3)c2c1,0,data/quantum/erbB_xyz/EGFR__CHEMBL2112369__state00.xyz,-76.575916951734,0.045811321343,GFN2-xTB_single_point_on_RDKit_MMFF_geometry,success
EGFR__CHEMBL2112369__state01,EGFR__CHEMBL2112369,CHEMBL2112369,EGFR,CHEMBL1134561,1,COC[C@@H]1CCCN1C/C=C\C(=O)Nc1ccc2[nH]cnc(=Nc3cccc(Br)c3)c2c1,0,data/quantum/erbB_xyz/EGFR__CHEMBL2112369__state01.xyz,-76.572074619708,0.015226918505,GFN2-xTB_single_point_on_RDKit_MMFF_geometry,success
EGFR__CHEMBL2112369__state02,EGFR__CHEMBL2112369,CHEMBL2112369,EGFR,CHEMBL1134561,2,COC[C@@H]1CCCN1C/C=C\C(=O)Nc1ccc2nc[nH]c(=Nc3cccc(Br)c3)c2c1,0,data/quantum/erbB_xyz/EGFR__CHEMBL2112369__state02.xyz,-76.605274155024,0.023037354528,GFN2-xTB_single_point_on_RDKit_MMFF_geometry,success
EGFR__CHEMBL2112369__state03,EGFR__CHEMBL2112369,CHEMBL2112369,EGFR,CHEMBL1134561,3,COC[C@@H]1CCCN1C/C=C\C(O)=Nc1ccc2[nH]cnc(=Nc3cccc(Br)c3)c2c1,0,data/quantum/erbB_xyz/EGFR__CHEMBL2112369__state03.xyz,-76.566215799818,0.023994592779,GFN2-xTB_single_point_on_RDKit_MMFF_geometry,success
EGFR__CHEMBL2112370__state00,EGFR__CHEMBL2112370,CHEMBL2112370,EGFR,CHEMBL1134561,0,COC[C@@H]1CCCN1C/C=C/C(=O)Nc1ccc2ncnc(Nc3cccc(Br)c3)c2c1,0,data/quantum/erbB_xyz/EGFR__CHEMBL2112370__state00.xyz,-76.584927378787,0.021066058792,GFN2-xTB_single_point_on_RDKit_MMFF_geometry,success
EGFR__CHEMBL2112370__state01,EGFR__CHEMBL2112370,CHEMBL2112370,EGFR,CHEMBL1134561,1,COC[C@@H]1CCCN1C/C=C/C(=O)Nc1ccc2[nH]cnc(=Nc3cccc(Br)c3)c2c1,0,data/quantum/erbB_xyz/EGFR__CHEMBL2112370__state01.xyz,-76.624051392007,0.038131575440,GFN2-xTB_single_point_on_RDKit_MMFF_geometry,success
EGFR__CHEMBL2112370__state02,EGFR__CHEMBL2112370,CHEMBL2112370,EGFR,CHEMBL1134561,2,COC[C@@H]1CCCN1C/C=C/C(=O)Nc1ccc2nc[nH]c(=Nc3cccc(Br)c3)c2c1,0,data/quantum/erbB_xyz/EGFR__CHEMBL2112370__state02.xyz,-76.593152611586,0.018816062479,GFN2-xTB_single_point_on_RDKit_MMFF_geometry,success
EGFR__CHEMBL2112370__state03,EGFR__CHEMBL2112370,CHEMBL2112370,EGFR,CHEMBL1134561,3,COC[C@@H]1CCCN1C/C=C/C(O)=Nc1ccc2[nH]cnc(=Nc3cccc(Br)c3)c2c1,0,data/quantum/erbB_xyz/EGFR__CHEMBL2112370__state03.xyz,-76.584105871397,0.061909341704,GFN2-xTB_single_point_on_RDKit_MMFF_geometry,success
EGFR__CHEMBL263788__state00,EGFR__CHEMBL263788,CHEMBL263788,EGFR,CHEMBL1145020,0,COc1cc2ncc(C#N)c(Nc3cccc(Br)c3)c2cc1NC(=O)/C=C/CN(C)C,0,data/quantum/erbB_xyz/EGFR__CHEMBL263788__state00.xyz,-74.610315800018,0.093959281787,GFN2-xTB_single_point_on_RDKit_MMFF_geometry,success
EGFR__CHEMBL263788__state01,EGFR__CHEMBL263788,CHEMBL263788,EGFR,CHEMBL1145020,1,COc1cc2[nH]cc(C#N)c(=Nc3cccc(Br)c3)c2cc1N=C(O)/C=C/CN(C)C,0,data/quantum/erbB_xyz/EGFR__CHEMBL263788__state01.xyz,-74.594435622073,0.068294460754,GFN2-xTB_single_point_on_RDKit_MMFF_geometry,success
EGFR__CHEMBL263788__state02,EGFR__CHEMBL263788,CHEMBL263788,EGFR,CHEMBL1145020,2,COc1cc2[nH]cc(C#N)c(=Nc3cccc(Br)c3)c2cc1NC(=O)/C=C/CN(C)C,0,data/quantum/erbB_xyz/EGFR__CHEMBL263788__state02.xyz,-74.617566795276,0.072850721138,GFN2-xTB_single_point_on_RDKit_MMFF_geometry,success
EGFR__CHEMBL263788__state03,EGFR__CHEMBL263788,CHEMBL263788,EGFR,CHEMBL1145020,3,COc1cc2ncc(C#N)c(Nc3cccc(Br)c3)c2cc1N=C(O)/C=C/CN(C)C,0,data/quantum/erbB_xyz/EGFR__CHEMBL263788__state03.xyz,-74.597583759718,0.070510593531,GFN2-xTB_single_point_on_RDKit_MMFF_geometry,success
EGFR__CHEMBL264382__state00,EGFR__CHEMBL264382,CHEMBL264382,EGFR,CHEMBL1134862,0,Cc1cc(C(=O)NCCN2CCOCC2)[nH]c1/C=C1\C(=O)Nc2ncnc(Nc3ccc4c(ccn4Cc4ccccc4)c3)c21,0,data/quantum/erbB_xyz/EGFR__CHEMBL264382__state00.xyz,-106.200294917852,0.014373840732,GFN2-xTB_single_point_on_RDKit_MMFF_geometry,success
EGFR__CHEMBL264382__state01,EGFR__CHEMBL264382,CHEMBL264382,EGFR,CHEMBL1134862,1,C=c1cc(C(=O)NCCN2CCOCC2)[nH]c1=Cc1c(O)[nH]c2ncnc(Nc3ccc4c(ccn4Cc4ccccc4)c3)c12,0,data/quantum/erbB_xyz/EGFR__CHEMBL264382__state01.xyz,-106.174232197020,0.010602413285,GFN2-xTB_single_point_on_RDKit_MMFF_geometry,success
EGFR__CHEMBL264382__state02,EGFR__CHEMBL264382,CHEMBL264382,EGFR,CHEMBL1134862,2,CC1=CC(=C(O)NCCN2CCOCC2)N=C1C=C1C(=O)Nc2ncnc(Nc3ccc4c(ccn4Cc4ccccc4)c3)c21,0,data/quantum/erbB_xyz/EGFR__CHEMBL264382__state02.xyz,-106.168128042451,0.005480026290,GFN2-xTB_single_point_on_RDKit_MMFF_geometry,success
EGFR__CHEMBL264382__state03,EGFR__CHEMBL264382,CHEMBL264382,EGFR,CHEMBL1134862,3,CC1=CC(C(=O)NCCN2CCOCC2)=NC1=CC1C(=O)Nc2ncnc(Nc3ccc4c(ccn4Cc4ccccc4)c3)c21,0,data/quantum/erbB_xyz/EGFR__CHEMBL264382__state03.xyz,-106.131014756458,0.009834802977,GFN2-xTB_single_point_on_RDKit_MMFF_geometry,success
EGFR__CHEMBL27685__state00,EGFR__CHEMBL27685,CHEMBL27685,EGFR,CHEMBL1133162,0,C=CC(=O)Nc1cc2c(Nc3ccc(F)c(Br)c3)ncnc2cc1OCCCN1CCOCC1,0,data/quantum/erbB_xyz/EGFR__CHEMBL27685__state00.xyz,-85.443266694698,0.007302523511,GFN2-xTB_single_point_on_RDKit_MMFF_geometry,success
EGFR__CHEMBL27685__state01,EGFR__CHEMBL27685,CHEMBL27685,EGFR,CHEMBL1133162,1,C=CC(=O)Nc1cc2c(=Nc3ccc(F)c(Br)c3)[nH]cnc2cc1OCCCN1CCOCC1,0,data/quantum/erbB_xyz/EGFR__CHEMBL27685__state01.xyz,-85.462808612851,0.004187381557,GFN2-xTB_single_point_on_RDKit_MMFF_geometry,success
EGFR__CHEMBL27685__state02,EGFR__CHEMBL27685,CHEMBL27685,EGFR,CHEMBL1133162,2,C=CC(=O)Nc1cc2c(=Nc3ccc(F)c(Br)c3)nc[nH]c2cc1OCCCN1CCOCC1,0,data/quantum/erbB_xyz/EGFR__CHEMBL27685__state02.xyz,-85.441307633879,0.018220189204,GFN2-xTB_single_point_on_RDKit_MMFF_geometry,success
EGFR__CHEMBL27685__state03,EGFR__CHEMBL27685,CHEMBL27685,EGFR,CHEMBL1133162,3,C=CC(O)=Nc1cc2c(=Nc3ccc(F)c(Br)c3)[nH]cnc2cc1OCCCN1CCOCC1,0,data/quantum/erbB_xyz/EGFR__CHEMBL27685__state03.xyz,-85.436474657550,0.067226528674,GFN2-xTB_single_point_on_RDKit_MMFF_geometry,success
EGFR__CHEMBL27688__state00,EGFR__CHEMBL27688,CHEMBL27688,EGFR,CHEMBL1133162,0,C=CC(=O)Nc1cc2c(Nc3cccc(C)c3)ncnc2cc1OCCCN1CCOCC1,0,data/quantum/erbB_xyz/EGFR__CHEMBL27688__state00.xyz,-78.534722764761,0.020294136232,GFN2-xTB_single_point_on_RDKit_MMFF_geometry,success
EGFR__CHEMBL27688__state01,EGFR__CHEMBL27688,CHEMBL27688,EGFR,CHEMBL1133162,1,C=CC(=O)Nc1cc2c(=Nc3cccc(C)c3)[nH]cnc2cc1OCCCN1CCOCC1,0,data/quantum/erbB_xyz/EGFR__CHEMBL27688__state01.xyz,-78.509789925739,0.009749088276,GFN2-xTB_single_point_on_RDKit_MMFF_geometry,success
EGFR__CHEMBL27688__state02,EGFR__CHEMBL27688,CHEMBL27688,EGFR,CHEMBL1133162,2,C=CC(=O)Nc1cc2c(=Nc3cccc(C)c3)nc[nH]c2cc1OCCCN1CCOCC1,0,data/quantum/erbB_xyz/EGFR__CHEMBL27688__state02.xyz,-78.520740578580,0.014339762271,GFN2-xTB_single_point_on_RDKit_MMFF_geometry,success
EGFR__CHEMBL27688__state03,EGFR__CHEMBL27688,CHEMBL27688,EGFR,CHEMBL1133162,3,C=CC(O)=Nc1cc2c(=Nc3cccc(C)c3)[nH]cnc2cc1OCCCN1CCOCC1,0,data/quantum/erbB_xyz/EGFR__CHEMBL27688__state03.xyz,-78.494430898203,0.011288369175,GFN2-xTB_single_point_on_RDKit_MMFF_geometry,success
EGFR__CHEMBL279138__state00,EGFR__CHEMBL279138,CHEMBL279138,EGFR,CHEMBL1129590,0,N#C/C(=C\c1ccc(O)c(O)c1)C(=O)NCCCCCCCCNC(=O)/C(C#N)=C/c1ccc(O)c(O)c1,0,data/quantum/erbB_xyz/EGFR__CHEMBL279138__state00.xyz,-94.135120448851,0.058861615669,GFN2-xTB_single_point_on_RDKit_MMFF_geometry,success
EGFR__CHEMBL279138__state01,EGFR__CHEMBL279138,CHEMBL279138,EGFR,CHEMBL1129590,1,N#C/C(=C\C1=CC(O)C(=O)C=C1)C(=O)NCCCCCCCCNC(=O)/C(C#N)=C/c1ccc(O)c(O)c1,0,data/quantum/erbB_xyz/EGFR__CHEMBL279138__state01.xyz,-94.135034128495,0.103381473505,GFN2-xTB_single_point_on_RDKit_MMFF_geometry,success
EGFR__CHEMBL279138__state02,EGFR__CHEMBL279138,CHEMBL279138,EGFR,CHEMBL1129590,2,N#C/C(=C\c1ccc(O)c(O)c1)C(=O)NCCCCCCCCN=C(O)/C(C#N)=C/c1ccc(O)c(O)c1,0,data/quantum/erbB_xyz/EGFR__CHEMBL279138__state02.xyz,-94.131847429256,0.088348435239,GFN2-xTB_single_point_on_RDKit_MMFF_geometry,success
EGFR__CHEMBL279138__state03,EGFR__CHEMBL279138,CHEMBL279138,EGFR,CHEMBL1129590,3,N#C/C(=C\c1ccc(O)c(O)c1)C(=O)NCCCCCCCCNC(=O)C(C#N)C=C1C=CC(=O)C(O)=C1,0,data/quantum/erbB_xyz/EGFR__CHEMBL279138__state03.xyz,-94.128974072010,0.041865510016,GFN2-xTB_single_point_on_RDKit_MMFF_geometry,success
EGFR__CHEMBL280757__state00,EGFR__CHEMBL280757,CHEMBL280757,EGFR,CHEMBL1133162,0,C=CC(=O)Nc1ccc2ncnc(Nc3ccc(F)c(Br)c3)c2c1,0,data/quantum/erbB_xyz/EGFR__CHEMBL280757__state00.xyz,-60.076875978334,0.055279335053,GFN2-xTB_single_point_on_RDKit_MMFF_geometry,success
EGFR__CHEMBL280757__state01,EGFR__CHEMBL280757,CHEMBL280757,EGFR,CHEMBL1133162,1,C=CC(=O)Nc1ccc2[nH]cnc(=Nc3ccc(F)c(Br)c3)c2c1,0,data/quantum/erbB_xyz/EGFR__CHEMBL280757__state01.xyz,-60.084322673135,0.028157229198,GFN2-xTB_single_point_on_RDKit_MMFF_geometry,success
EGFR__CHEMBL280757__state02,EGFR__CHEMBL280757,CHEMBL280757,EGFR,CHEMBL1133162,2,C=CC(=O)Nc1ccc2nc[nH]c(=Nc3ccc(F)c(Br)c3)c2c1,0,data/quantum/erbB_xyz/EGFR__CHEMBL280757__state02.xyz,-60.086555837654,0.013059047806,GFN2-xTB_single_point_on_RDKit_MMFF_geometry,success
EGFR__CHEMBL280757__state03,EGFR__CHEMBL280757,CHEMBL280757,EGFR,CHEMBL1133162,3,C=CC(O)=Nc1ccc2[nH]cnc(=Nc3ccc(F)c(Br)c3)c2c1,0,data/quantum/erbB_xyz/EGFR__CHEMBL280757__state03.xyz,-60.077826015304,0.046370128692,GFN2-xTB_single_point_on_RDKit_MMFF_geometry,success
EGFR__CHEMBL281300__state00,EGFR__CHEMBL281300,CHEMBL281300,EGFR,CHEMBL1147619,0,C=CC(=O)Nc1ccc2ncc(C#N)c(Nc3cccc(Br)c3)c2c1,0,data/quantum/erbB_xyz/EGFR__CHEMBL281300__state00.xyz,-59.520207318622,0.043427797598,GFN2-xTB_single_point_on_RDKit_MMFF_geometry,success
EGFR__CHEMBL281300__state01,EGFR__CHEMBL281300,CHEMBL281300,EGFR,CHEMBL1147619,1,C=CC(=O)Nc1ccc2[nH]cc(C#N)c(=Nc3cccc(Br)c3)c2c1,0,data/quantum/erbB_xyz/EGFR__CHEMBL281300__state01.xyz,-59.542126147859,0.090717401944,GFN2-xTB_single_point_on_RDKit_MMFF_geometry,success
EGFR__CHEMBL281300__state02,EGFR__CHEMBL281300,CHEMBL281300,EGFR,CHEMBL1147619,2,C=CC(O)=Nc1ccc2[nH]cc(C#N)c(=Nc3cccc(Br)c3)c2c1,0,data/quantum/erbB_xyz/EGFR__CHEMBL281300__state02.xyz,-59.522534997481,0.061483561676,GFN2-xTB_single_point_on_RDKit_MMFF_geometry,success
EGFR__CHEMBL281300__state03,EGFR__CHEMBL281300,CHEMBL281300,EGFR,CHEMBL1147619,3,C=CC(O)=Nc1ccc2ncc(C#N)c(Nc3cccc(Br)c3)c2c1,0,data/quantum/erbB_xyz/EGFR__CHEMBL281300__state03.xyz,-59.502180501256,0.062013128156,GFN2-xTB_single_point_on_RDKit_MMFF_geometry,success
EGFR__CHEMBL281467__state00,EGFR__CHEMBL281467,CHEMBL281467,EGFR,CHEMBL1147619,0,C=CC(=O)Nc1cnc2ncc(C#N)c(Nc3cccc(Br)c3)c2c1,0,data/quantum/erbB_xyz/EGFR__CHEMBL281467__state00.xyz,-60.415964383945,0.079851207791,GFN2-xTB_single_point_on_RDKit_MMFF_geometry,success
EGFR__CHEMBL281467__state01,EGFR__CHEMBL281467,CHEMBL281467,EGFR,CHEMBL1147619,1,C=CC(=O)Nc1c[nH]c2ncc(C#N)c(=Nc3cccc(Br)c3)c-2c1,0,data/quantum/erbB_xyz/EGFR__CHEMBL281467__state01.xyz,-60.425056728851,0.119366818476,GFN2-xTB_single_point_on_RDKit_MMFF_geometry,success
EGFR__CHEMBL281467__state02,EGFR__CHEMBL281467,CHEMBL281467,EGFR,CHEMBL1147619,2,C=CC(=O)Nc1cnc2[nH]cc(C#N)c(=Nc3cccc(Br)c3)c2c1,0,data/quantum/erbB_xyz/EGFR__CHEMBL281467__state02.xyz,-60.423310878065,0.020652346243,GFN2-xTB_single_point_on_RDKit_MMFF_geometry,success
EGFR__CHEMBL281467__state03,EGFR__CHEMBL281467,CHEMBL281467,EGFR,CHEMBL1147619,3,C=CC(O)=Nc1c[nH]c2ncc(C#N)c(=Nc3cccc(Br)c3)c-2c1,0,data/quantum/erbB_xyz/EGFR__CHEMBL281467__state03.xyz,-60.398133416148,0.084860330783,GFN2-xTB_single_point_on_RDKit_MMFF_geometry,success
EGFR__CHEMBL281543__state00,EGFR__CHEMBL281543,CHEMBL281543,EGFR,CHEMBL1133162,0,C=CC(=O)Nc1nc2c(Nc3ccc(F)c(Cl)c3)ncnc2cc1CCCCN1CCOCC1,0,data/quantum/erbB_xyz/EGFR__CHEMBL281543__state00.xyz,-84.749668924328,0.014006378099,GFN2-xTB_single_point_on_RDKit_MMFF_geometry,success
EGFR__CHEMBL281543__state01,EGFR__CHEMBL281543,CHEMBL281543,EGFR,CHEMBL1133162,1,C=CC(=O)N=c1[nH]c2c(=Nc3ccc(F)c(Cl)c3)[nH]cnc2cc1CCCCN1CCOCC1,0,data/quantum/erbB_xyz/EGFR__CHEMBL281543__state01.xyz,-84.764023206235,0.018989053912,GFN2-xTB_single_point_on_RDKit_MMFF_geometry,success
EGFR__CHEMBL281543__state02,EGFR__CHEMBL281543,CHEMBL281543,EGFR,CHEMBL1133162,2,C=CC(=O)N=c1[nH]c2c(=Nc3ccc(F)c(Cl)c3)nc[nH]c2cc1CCCCN1CCOCC1,0,data/quantum/erbB_xyz/EGFR__CHEMBL281543__state02.xyz,-84.792407794975,0.018735917956,GFN2-xTB_single_point_on_RDKit_MMFF_geometry,success
EGFR__CHEMBL281543__state03,EGFR__CHEMBL281543,CHEMBL281543,EGFR,CHEMBL1133162,3,C=CC(=O)N=c1[nH]c2c(Nc3ccc(F)c(Cl)c3)ncnc2cc1CCCCN1CCOCC1,0,data/quantum/erbB_xyz/EGFR__CHEMBL281543__state03.xyz,-84.752132132217,0.019821755116,GFN2-xTB_single_point_on_RDKit_MMFF_geometry,success
EGFR__CHEMBL283201__state00,EGFR__CHEMBL283201,CHEMBL283201,EGFR,CHEMBL1133162,0,C=CC(=O)Nc1ccc2ncnc(Nc3ccc(CN(C)C)c(Br)c3)c2c1,0,data/quantum/erbB_xyz/EGFR__CHEMBL283201__state00.xyz,-64.224355023221,0.051114557912,GFN2-xTB_single_point_on_RDKit_MMFF_geometry,success
EGFR__CHEMBL283201__state01,EGFR__CHEMBL283201,CHEMBL283201,EGFR,CHEMBL1133162,1,C=CC(=O)Nc1ccc2[nH]cnc(=Nc3ccc(CN(C)C)c(Br)c3)c2c1,0,data/quantum/erbB_xyz/EGFR__CHEMBL283201__state01.xyz,-64.229341994810,0.018734429500,GFN2-xTB_single_point_on_RDKit_MMFF_geometry,success
EGFR__CHEMBL283201__state02,EGFR__CHEMBL283201,CHEMBL283201,EGFR,CHEMBL1133162,2,C=CC(=O)Nc1ccc2nc[nH]c(=Nc3ccc(CN(C)C)c(Br)c3)c2c1,0,data/quantum/erbB_xyz/EGFR__CHEMBL283201__state02.xyz,-64.221039349252,0.054370889277,GFN2-xTB_single_point_on_RDKit_MMFF_geometry,success
EGFR__CHEMBL283201__state03,EGFR__CHEMBL283201,CHEMBL283201,EGFR,CHEMBL1133162,3,C=CC(O)=Nc1ccc2[nH]cnc(=Nc3ccc(CN(C)C)c(Br)c3)c2c1,0,data/quantum/erbB_xyz/EGFR__CHEMBL283201__state03.xyz,-64.216392520556,0.051888371032,GFN2-xTB_single_point_on_RDKit_MMFF_geometry,success
EGFR__CHEMBL283682__state00,EGFR__CHEMBL283682,CHEMBL283682,EGFR,CHEMBL1145020,0,CC#CC(=O)Nc1ccc2ncc(C#N)c(Nc3cccc(Br)c3)c2c1,0,data/quantum/erbB_xyz/EGFR__CHEMBL283682__state00.xyz,-61.625805979538,0.134861148794,GFN2-xTB_single_point_on_RDKit_MMFF_geometry,success
EGFR__CHEMBL283682__state01,EGFR__CHEMBL283682,CHEMBL283682,EGFR,CHEMBL1145020,1,CC#CC(=O)Nc1ccc2[nH]cc(C#N)c(=Nc3cccc(Br)c3)c2c1,0,data/quantum/erbB_xyz/EGFR__CHEMBL283682__state01.xyz,-61.640172155642,0.213720716347,GFN2-xTB_single_point_on_RDKit_MMFF_geometry,success
EGFR__CHEMBL283682__state02,EGFR__CHEMBL283682,CHEMBL283682,EGFR,CHEMBL1145020,2,CC#CC(O)=Nc1ccc2[nH]cc(C#N)c(=Nc3cccc(Br)c3)c2c1,0,data/quantum/erbB_xyz/EGFR__CHEMBL283682__state02.xyz,-61.624079942900,0.059613660797,GFN2-xTB_single_point_on_RDKit_MMFF_geometry,success
EGFR__CHEMBL283682__state03,EGFR__CHEMBL283682,CHEMBL283682,EGFR,CHEMBL1145020,3,CC#CC(O)=Nc1ccc2ncc(C#N)c(Nc3cccc(Br)c3)c2c1,0,data/quantum/erbB_xyz/EGFR__CHEMBL283682__state03.xyz,-61.603290376970,0.053137553007,GFN2-xTB_single_point_on_RDKit_MMFF_geometry,success
EGFR__CHEMBL28418__state00,EGFR__CHEMBL28418,CHEMBL28418,EGFR,CHEMBL1133162,0,C=CC(=O)Nc1ccc2ncnc(Nc3ccc(F)c(Cl)c3)c2n1,0,data/quantum/erbB_xyz/EGFR__CHEMBL28418__state00.xyz,-61.424269055538,0.016682023775,GFN2-xTB_single_point_on_RDKit_MMFF_geometry,success
EGFR__CHEMBL28418__state01,EGFR__CHEMBL28418,CHEMBL28418,EGFR,CHEMBL1133162,1,C=CC(=O)N=c1ccc2[nH]cnc(=Nc3ccc(F)c(Cl)c3)c2[nH]1,0,data/quantum/erbB_xyz/EGFR__CHEMBL28418__state01.xyz,-61.436550971155,0.032927034985,GFN2-xTB_single_point_on_RDKit_MMFF_geometry,success
EGFR__CHEMBL28418__state02,EGFR__CHEMBL28418,CHEMBL28418,EGFR,CHEMBL1133162,2,C=CC(=O)N=c1ccc2nc[nH]c(=Nc3ccc(F)c(Cl)c3)c2[nH]1,0,data/quantum/erbB_xyz/EGFR__CHEMBL28418__state02.xyz,-61.434500645415,0.082623819587,GFN2-xTB_single_point_on_RDKit_MMFF_geometry,success
EGFR__CHEMBL28418__state03,EGFR__CHEMBL28418,CHEMBL28418,EGFR,CHEMBL1133162,3,C=CC(=O)N=c1ccc2ncnc(Nc3ccc(F)c(Cl)c3)c2[nH]1,0,data/quantum/erbB_xyz/EGFR__CHEMBL28418__state03.xyz,-61.429649209223,0.033724259687,GFN2-xTB_single_point_on_RDKit_MMFF_geometry,success
EGFR__CHEMBL284326__state00,EGFR__CHEMBL284326,CHEMBL284326,EGFR,CHEMBL1133162,0,C=CC(=O)Nc1nc2c(Nc3ccc(F)c(Cl)c3)ncnc2cc1OCCCN1CCN(C)CC1,0,data/quantum/erbB_xyz/EGFR__CHEMBL284326__state00.xyz,-87.604227392176,0.049038794989,GFN2-xTB_single_point_on_RDKit_MMFF_geometry,success
EGFR__CHEMBL284326__state01,EGFR__CHEMBL284326,CHEMBL284326,EGFR,CHEMBL1133162,1,C=CC(=O)N=c1[nH]c2c(=Nc3ccc(F)c(Cl)c3)[nH]cnc2cc1OCCCN1CCN(C)CC1,0,data/quantum/erbB_xyz/EGFR__CHEMBL284326__state01.xyz,-87.601178306566,0.029034397206,GFN2-xTB_single_point_on_RDKit_MMFF_geometry,success
EGFR__CHEMBL284326__state02,EGFR__CHEMBL284326,CHEMBL284326,EGFR,CHEMBL1133162,2,C=CC(=O)N=c1[nH]c2c(=Nc3ccc(F)c(Cl)c3)nc[nH]c2cc1OCCCN1CCN(C)CC1,0,data/quantum/erbB_xyz/EGFR__CHEMBL284326__state02.xyz,-87.646655371028,0.062023755337,GFN2-xTB_single_point_on_RDKit_MMFF_geometry,success
EGFR__CHEMBL284326__state03,EGFR__CHEMBL284326,CHEMBL284326,EGFR,CHEMBL1133162,3,C=CC(=O)N=c1[nH]c2c(Nc3ccc(F)c(Cl)c3)ncnc2cc1OCCCN1CCN(C)CC1,0,data/quantum/erbB_xyz/EGFR__CHEMBL284326__state03.xyz,-87.619227204428,0.022367128472,GFN2-xTB_single_point_on_RDKit_MMFF_geometry,success
EGFR__CHEMBL285063__state00,EGFR__CHEMBL285063,CHEMBL285063,EGFR,CHEMBL1145020,0,C=CC(=O)Nc1ccc2ncnc(Nc3cccc(Br)c3)c2c1,0,data/quantum/erbB_xyz/EGFR__CHEMBL285063__state00.xyz,-55.288966411843,0.080600274236,GFN2-xTB_single_point_on_RDKit_MMFF_geometry,success
EGFR__CHEMBL285063__state01,EGFR__CHEMBL285063,CHEMBL285063,EGFR,CHEMBL1145020,1,C=CC(=O)Nc1ccc2[nH]cnc(=Nc3cccc(Br)c3)c2c1,0,data/quantum/erbB_xyz/EGFR__CHEMBL285063__state01.xyz,-55.313503390040,0.026485401550,GFN2-xTB_single_point_on_RDKit_MMFF_geometry,success
EGFR__CHEMBL285063__state02,EGFR__CHEMBL285063,CHEMBL285063,EGFR,CHEMBL1145020,2,C=CC(=O)Nc1ccc2nc[nH]c(=Nc3cccc(Br)c3)c2c1,0,data/quantum/erbB_xyz/EGFR__CHEMBL285063__state02.xyz,-55.305523088283,0.038874554687,GFN2-xTB_single_point_on_RDKit_MMFF_geometry,success
EGFR__CHEMBL285063__state03,EGFR__CHEMBL285063,CHEMBL285063,EGFR,CHEMBL1145020,3,C=CC(O)=Nc1ccc2[nH]cnc(=Nc3cccc(Br)c3)c2c1,0,data/quantum/erbB_xyz/EGFR__CHEMBL285063__state03.xyz,-55.292453680439,0.132037484401,GFN2-xTB_single_point_on_RDKit_MMFF_geometry,success
EGFR__CHEMBL286343__state00,EGFR__CHEMBL286343,CHEMBL286343,EGFR,CHEMBL1133162,0,C=CC(=O)Nc1cc2c(Nc3cccc(Br)c3)ncnc2cc1OCCCn1ccnc1,0,data/quantum/erbB_xyz/EGFR__CHEMBL286343__state00.xyz,-77.534691244907,0.071270469524,GFN2-xTB_single_point_on_RDKit_MMFF_geometry,success
EGFR__CHEMBL286343__state01,EGFR__CHEMBL286343,CHEMBL286343,EGFR,CHEMBL1133162,1,C=CC(=O)Nc1cc2c(=Nc3cccc(Br)c3)[nH]cnc2cc1OCCCn1ccnc1,0,data/quantum/erbB_xyz/EGFR__CHEMBL286343__state01.xyz,-77.554935632137,0.092029309874,GFN2-xTB_single_point_on_RDKit_MMFF_geometry,success
EGFR__CHEMBL286343__state02,EGFR__CHEMBL286343,CHEMBL286343,EGFR,CHEMBL1133162,2,C=CC(=O)Nc1cc2c(=Nc3cccc(Br)c3)nc[nH]c2cc1OCCCn1ccnc1,0,data/quantum/erbB_xyz/EGFR__CHEMBL286343__state02.xyz,-77.542708623909,0.009212923979,GFN2-xTB_single_point_on_RDKit_MMFF_geometry,success
EGFR__CHEMBL286343__state03,EGFR__CHEMBL286343,CHEMBL286343,EGFR,CHEMBL1133162,3,C=CC(O)=Nc1cc2c(=Nc3cccc(Br)c3)[nH]cnc2cc1OCCCn1ccnc1,0,data/quantum/erbB_xyz/EGFR__CHEMBL286343__state03.xyz,-77.509940304267,0.049313649449,GFN2-xTB_single_point_on_RDKit_MMFF_geometry,success
EGFR__CHEMBL290389__state00,EGFR__CHEMBL290389,CHEMBL290389,EGFR,CHEMBL1133720,0,COc1cc(/C=C(\C#N)C(N)=O)cc(Sc2nc3ccccc3s2)c1O,0,data/quantum/erbB_xyz/EGFR__CHEMBL290389__state00.xyz,-64.977675742763,0.032237352355,GFN2-xTB_single_point_on_RDKit_MMFF_geometry,success
EGFR__CHEMBL290389__state01,EGFR__CHEMBL290389,CHEMBL290389,EGFR,CHEMBL1133720,1,COC1=CC(=CC(C#N)=C(N)O)C=C(Sc2nc3ccccc3s2)C1=O,0,data/quantum/erbB_xyz/EGFR__CHEMBL290389__state01.xyz,-64.988512413441,0.025459893955,GFN2-xTB_single_point_on_RDKit_MMFF_geometry,success
EGFR__CHEMBL290389__state02,EGFR__CHEMBL290389,CHEMBL290389,EGFR,CHEMBL1133720,2,COC1=CC(=CC(C#N)C(=N)O)C=C(Sc2nc3ccccc3s2)C1=O,0,data/quantum/erbB_xyz/EGFR__CHEMBL290389__state02.xyz,-64.981383723353,0.018873825209,GFN2-xTB_single_point_on_RDKit_MMFF_geometry,success
EGFR__CHEMBL290389__state03,EGFR__CHEMBL290389,CHEMBL290389,EGFR,CHEMBL1133720,3,COC1=CC(=CC(C#N)C(N)=O)C=C(Sc2nc3ccccc3s2)C1=O,0,data/quantum/erbB_xyz/EGFR__CHEMBL290389__state03.xyz,-64.981755671746,0.004644018157,GFN2-xTB_single_point_on_RDKit_MMFF_geometry,success
EGFR__CHEMBL291313__state00,EGFR__CHEMBL291313,CHEMBL291313,EGFR,CHEMBL1125266,0,N#CC(C#N)=C1C(=O)Nc2ccc([N+](=O)[O-])cc21,0,data/quantum/erbB_xyz/EGFR__CHEMBL291313__state00.xyz,-46.916952366066,0.028942928724,GFN2-xTB_single_point_on_RDKit_MMFF_geometry,success
EGFR__CHEMBL291313__state01,EGFR__CHEMBL291313,CHEMBL291313,EGFR,CHEMBL1125266,1,N#CC(C#N)=C1C(O)=Nc2ccc([N+](=O)[O-])cc21,0,data/quantum/erbB_xyz/EGFR__CHEMBL291313__state01.xyz,-46.899589036626,0.029520001743,GFN2-xTB_single_point_on_RDKit_MMFF_geometry,success
EGFR__CHEMBL291313__state02,EGFR__CHEMBL291313,CHEMBL291313,EGFR,CHEMBL1125266,2,N#CC(C#N)C1=c2cc([N+](=O)[O-])ccc2=NC1=O,0,data/quantum/erbB_xyz/EGFR__CHEMBL291313__state02.xyz,-46.868509467407,0.075487081320,GFN2-xTB_single_point_on_RDKit_MMFF_geometry,success
EGFR__CHEMBL291986__state00,EGFR__CHEMBL291986,CHEMBL291986,EGFR,CHEMBL1125266,0,N#C/C(=C\c1ccc(O)c(O)c1)C(=O)N1CCN(c2ccccc2)CC1,0,data/quantum/erbB_xyz/EGFR__CHEMBL291986__state00.xyz,-62.448395207821,0.106854544647,GFN2-xTB_single_point_on_RDKit_MMFF_geometry,success
EGFR__CHEMBL291986__state01,EGFR__CHEMBL291986,CHEMBL291986,EGFR,CHEMBL1125266,1,N#CC(=CC1=CC(=O)C(O)C=C1)C(=O)N1CCN(c2ccccc2)CC1,0,data/quantum/erbB_xyz/EGFR__CHEMBL291986__state01.xyz,-62.468990853214,0.060922012270,GFN2-xTB_single_point_on_RDKit_MMFF_geometry,success
EGFR__CHEMBL291986__state02,EGFR__CHEMBL291986,CHEMBL291986,EGFR,CHEMBL1125266,2,N#CC(=CC1=CC(O)C(=O)C=C1)C(=O)N1CCN(c2ccccc2)CC1,0,data/quantum/erbB_xyz/EGFR__CHEMBL291986__state02.xyz,-62.462497643308,0.081977613015,GFN2-xTB_single_point_on_RDKit_MMFF_geometry,success
EGFR__CHEMBL291986__state03,EGFR__CHEMBL291986,CHEMBL291986,EGFR,CHEMBL1125266,3,N#CC(=CC1=CCC(=O)C(=O)C1)C(=O)N1CCN(c2ccccc2)CC1,0,data/quantum/erbB_xyz/EGFR__CHEMBL291986__state03.xyz,-62.488002778434,0.084577716277,GFN2-xTB_single_point_on_RDKit_MMFF_geometry,success
EGFR__CHEMBL293749__state00,EGFR__CHEMBL293749,CHEMBL293749,EGFR,CHEMBL1136802,0,N#C/C(=C\c1ccc(O)c(O)c1)C(=O)NCCc1ccccc1,0,data/quantum/erbB_xyz/EGFR__CHEMBL293749__state00.xyz,-55.440489255201,0.073749712767,GFN2-xTB_single_point_on_RDKit_MMFF_geometry,success
EGFR__CHEMBL293749__state01,EGFR__CHEMBL293749,CHEMBL293749,EGFR,CHEMBL1136802,1,N#CC(=CC1=CC(=O)C(O)C=C1)C(=O)NCCc1ccccc1,0,data/quantum/erbB_xyz/EGFR__CHEMBL293749__state01.xyz,-55.435352489925,0.048665494560,GFN2-xTB_single_point_on_RDKit_MMFF_geometry,success
EGFR__CHEMBL293749__state02,EGFR__CHEMBL293749,CHEMBL293749,EGFR,CHEMBL1136802,2,N#CC(=CC1=CC(=O)C(O)C=C1)C(O)=NCCc1ccccc1,0,data/quantum/erbB_xyz/EGFR__CHEMBL293749__state02.xyz,-55.417949295762,0.030833694257,GFN2-xTB_single_point_on_RDKit_MMFF_geometry,success
EGFR__CHEMBL293749__state03,EGFR__CHEMBL293749,CHEMBL293749,EGFR,CHEMBL1136802,3,N#CC(=CC1=CC(O)C(=O)C=C1)C(=O)NCCc1ccccc1,0,data/quantum/erbB_xyz/EGFR__CHEMBL293749__state03.xyz,-55.422264488011,0.054471795193,GFN2-xTB_single_point_on_RDKit_MMFF_geometry,success
EGFR__CHEMBL296168__state00,EGFR__CHEMBL296168,CHEMBL296168,EGFR,CHEMBL1132213,0,C=CC(=O)Nc1ccc2ncnc(Nc3cccc(Br)c3)c2n1,0,data/quantum/erbB_xyz/EGFR__CHEMBL296168__state00.xyz,-56.182006022831,0.106228483950,GFN2-xTB_single_point_on_RDKit_MMFF_geometry,success
EGFR__CHEMBL296168__state01,EGFR__CHEMBL296168,CHEMBL296168,EGFR,CHEMBL1132213,1,C=CC(=O)N=c1ccc2[nH]cnc(=Nc3cccc(Br)c3)c2[nH]1,0,data/quantum/erbB_xyz/EGFR__CHEMBL296168__state01.xyz,-56.189117490079,0.021493411234,GFN2-xTB_single_point_on_RDKit_MMFF_geometry,success
EGFR__CHEMBL296168__state02,EGFR__CHEMBL296168,CHEMBL296168,EGFR,CHEMBL1132213,2,C=CC(=O)N=c1ccc2nc[nH]c(=Nc3cccc(Br)c3)c2[nH]1,0,data/quantum/erbB_xyz/EGFR__CHEMBL296168__state02.xyz,-56.189097501010,0.033206311278,GFN2-xTB_single_point_on_RDKit_MMFF_geometry,success
EGFR__CHEMBL296168__state03,EGFR__CHEMBL296168,CHEMBL296168,EGFR,CHEMBL1132213,3,C=CC(=O)N=c1ccc2ncnc(Nc3cccc(Br)c3)c2[nH]1,0,data/quantum/erbB_xyz/EGFR__CHEMBL296168__state03.xyz,-56.173543003715,0.105348235777,GFN2-xTB_single_point_on_RDKit_MMFF_geometry,success
EGFR__CHEMBL296407__state00,EGFR__CHEMBL296407,CHEMBL296407,EGFR,CHEMBL1125266,0,N#C/C(=C\c1ccc(O)c(O)c1)C(N)=O,0,data/quantum/erbB_xyz/EGFR__CHEMBL296407__state00.xyz,-38.750869831752,0.047012457478,GFN2-xTB_single_point_on_RDKit_MMFF_geometry,success
EGFR__CHEMBL296407__state01,EGFR__CHEMBL296407,CHEMBL296407,EGFR,CHEMBL1125266,1,N#C/C(=C\C1=CC(O)C(=O)C=C1)C(N)=O,0,data/quantum/erbB_xyz/EGFR__CHEMBL296407__state01.xyz,-38.750131236683,0.031994623639,GFN2-xTB_single_point_on_RDKit_MMFF_geometry,success
EGFR__CHEMBL296407__state02,EGFR__CHEMBL296407,CHEMBL296407,EGFR,CHEMBL1125266,2,N#C/C(=C\c1ccc(O)c(O)c1)C(=N)O,0,data/quantum/erbB_xyz/EGFR__CHEMBL296407__state02.xyz,-38.747556580184,0.071050638798,GFN2-xTB_single_point_on_RDKit_MMFF_geometry,success
EGFR__CHEMBL296407__state03,EGFR__CHEMBL296407,CHEMBL296407,EGFR,CHEMBL1125266,3,N#CC(=CC1=CC(=O)C(O)C=C1)C(N)=O,0,data/quantum/erbB_xyz/EGFR__CHEMBL296407__state03.xyz,-38.777747071853,0.047902520890,GFN2-xTB_single_point_on_RDKit_MMFF_geometry,success
EGFR__CHEMBL297968__state00,EGFR__CHEMBL297968,CHEMBL297968,EGFR,CHEMBL1132213,0,C=CC(=O)Nc1ccc2c(Nc3cccc(C)c3)ncnc2c1,0,data/quantum/erbB_xyz/EGFR__CHEMBL297968__state00.xyz,-53.144355173353,0.060024126172,GFN2-xTB_single_point_on_RDKit_MMFF_geometry,success
EGFR__CHEMBL297968__state01,EGFR__CHEMBL297968,CHEMBL297968,EGFR,CHEMBL1132213,1,C=CC(=O)N=c1ccc2c(Nc3cccc(C)c3)[nH]cnc-2c1,0,data/quantum/erbB_xyz/EGFR__CHEMBL297968__state01.xyz,-53.159627167586,0.060860052317,GFN2-xTB_single_point_on_RDKit_MMFF_geometry,success
EGFR__CHEMBL297968__state02,EGFR__CHEMBL297968,CHEMBL297968,EGFR,CHEMBL1132213,2,C=CC(=O)N=c1ccc2c(Nc3cccc(C)c3)nc[nH]c-2c1,0,data/quantum/erbB_xyz/EGFR__CHEMBL297968__state02.xyz,-53.162637065875,0.076543363142,GFN2-xTB_single_point_on_RDKit_MMFF_geometry,success
EGFR__CHEMBL297968__state03,EGFR__CHEMBL297968,CHEMBL297968,EGFR,CHEMBL1132213,3,C=CC(=O)Nc1ccc2c(=Nc3cccc(C)c3)[nH]cnc2c1,0,data/quantum/erbB_xyz/EGFR__CHEMBL297968__state03.xyz,-53.150606981286,0.060549963930,GFN2-xTB_single_point_on_RDKit_MMFF_geometry,success
EGFR__CHEMBL302552__state00,EGFR__CHEMBL302552,CHEMBL302552,EGFR,CHEMBL1134862,0,O=C1Nc2ncnc(Nc3ccc(F)c(Cl)c3)c2/C1=C/c1ccc(C(=O)NCCN2CCOCC2)[nH]1,0,data/quantum/erbB_xyz/EGFR__CHEMBL302552__state00.xyz,-91.888798761428,0.017025561622,GFN2-xTB_single_point_on_RDKit_MMFF_geometry,success
EGFR__CHEMBL302552__state01,EGFR__CHEMBL302552,CHEMBL302552,EGFR,CHEMBL1134862,1,O=C(NCCN1CCOCC1)C1=NC(=CC2C(=O)Nc3ncnc(Nc4ccc(F)c(Cl)c4)c32)C=C1,0,data/quantum/erbB_xyz/EGFR__CHEMBL302552__state01.xyz,-91.842580747599,0.036426536676,GFN2-xTB_single_point_on_RDKit_MMFF_geometry,success
EGFR__CHEMBL302552__state02,EGFR__CHEMBL302552,CHEMBL302552,EGFR,CHEMBL1134862,2,O=C(NCCN1CCOCC1)C1=NC(=Cc2c(O)[nH]c3ncnc(Nc4ccc(F)c(Cl)c4)c23)C=C1,0,data/quantum/erbB_xyz/EGFR__CHEMBL302552__state02.xyz,-91.860617244617,0.036973722535,GFN2-xTB_single_point_on_RDKit_MMFF_geometry,success
EGFR__CHEMBL302552__state03,EGFR__CHEMBL302552,CHEMBL302552,EGFR,CHEMBL1134862,3,O=C(NCCN1CCOCC1)c1ccc(C=C2C(O)=Nc3ncnc(Nc4ccc(F)c(Cl)c4)c32)[nH]1,0,data/quantum/erbB_xyz/EGFR__CHEMBL302552__state03.xyz,-91.868668851264,0.015393268492,GFN2-xTB_single_point_on_RDKit_MMFF_geometry,success
EGFR__CHEMBL304271__state00,EGFR__CHEMBL304271,CHEMBL304271,EGFR,CHEMBL1134862,0,CCN(CC)CC(O)CNC(=O)c1cc(C)c(/C=C2\C(=O)Nc3ncnc(Nc4ccc(F)c(Cl)c4)c32)[nH]1,0,data/quantum/erbB_xyz/EGFR__CHEMBL304271__state00.xyz,-95.875891035125,0.008362059709,GFN2-xTB_single_point_on_RDKit_MMFF_geometry,success
EGFR__CHEMBL304271__state01,EGFR__CHEMBL304271,CHEMBL304271,EGFR,CHEMBL1134862,1,C=c1cc(C(=O)NCC(O)CN(CC)CC)[nH]c1=CC1C(=O)Nc2ncnc(Nc3ccc(F)c(Cl)c3)c21,0,data/quantum/erbB_xyz/EGFR__CHEMBL304271__state01.xyz,-95.838916689959,0.024556427523,GFN2-xTB_single_point_on_RDKit_MMFF_geometry,success
EGFR__CHEMBL304271__state02,EGFR__CHEMBL304271,CHEMBL304271,EGFR,CHEMBL1134862,2,C=c1cc(C(=O)NCC(O)CN(CC)CC)[nH]c1=Cc1c(O)[nH]c2ncnc(Nc3ccc(F)c(Cl)c3)c12,0,data/quantum/erbB_xyz/EGFR__CHEMBL304271__state02.xyz,-95.853398716156,0.034360344176,GFN2-xTB_single_point_on_RDKit_MMFF_geometry,success
EGFR__CHEMBL304271__state03,EGFR__CHEMBL304271,CHEMBL304271,EGFR,CHEMBL1134862,3,CCN(CC)CC(O)CN=C(O)c1cc(C)c(C=C2C(=O)Nc3ncnc(Nc4ccc(F)c(Cl)c4)c32)[nH]1,0,data/quantum/erbB_xyz/EGFR__CHEMBL304271__state03.xyz,-95.840177275297,0.031243059550,GFN2-xTB_single_point_on_RDKit_MMFF_geometry,success
EGFR__CHEMBL304971__state00,EGFR__CHEMBL304971,CHEMBL304971,EGFR,CHEMBL1134862,0,Cc1c(C(=O)N2CCN(C)CC2)c[nH]c1/C=C1\C(=O)Nc2ncnc(Nc3ccc(F)c(Cl)c3)c21,0,data/quantum/erbB_xyz/EGFR__CHEMBL304971__state00.xyz,-87.837398955006,0.025182478495,GFN2-xTB_single_point_on_RDKit_MMFF_geometry,success
EGFR__CHEMBL304971__state01,EGFR__CHEMBL304971,CHEMBL304971,EGFR,CHEMBL1134862,1,C=c1c(C(=O)N2CCN(C)CC2)c[nH]c1=Cc1c(O)[nH]c2ncnc(Nc3ccc(F)c(Cl)c3)c12,0,data/quantum/erbB_xyz/EGFR__CHEMBL304971__state01.xyz,-87.829940274425,0.039488487361,GFN2-xTB_single_point_on_RDKit_MMFF_geometry,success
EGFR__CHEMBL304971__state02,EGFR__CHEMBL304971,CHEMBL304971,EGFR,CHEMBL1134862,2,CC1=C(C(=O)N2CCN(C)CC2)C=NC1=CC1C(=O)Nc2ncnc(Nc3ccc(F)c(Cl)c3)c21,0,data/quantum/erbB_xyz/EGFR__CHEMBL304971__state02.xyz,-87.804403039050,0.019738009640,GFN2-xTB_single_point_on_RDKit_MMFF_geometry,success
EGFR__CHEMBL304971__state03,EGFR__CHEMBL304971,CHEMBL304971,EGFR,CHEMBL1134862,3,CC1=C(C(=O)N2CCN(C)CC2)C=NC1=Cc1c(O)[nH]c2ncnc(Nc3ccc(F)c(Cl)c3)c12,0,data/quantum/erbB_xyz/EGFR__CHEMBL304971__state03.xyz,-87.812119732694,0.028283617142,GFN2-xTB_single_point_on_RDKit_MMFF_geometry,success
EGFR__CHEMBL305194__state00,EGFR__CHEMBL305194,CHEMBL305194,EGFR,CHEMBL1134862,0,Cc1cc(C(=O)O)[nH]c1/C=C1\C(=O)Nc2ncnc(Nc3ccc(F)c(Cl)c3)c21,0,data/quantum/erbB_xyz/EGFR__CHEMBL305194__state00.xyz,-75.870278176624,0.034025334370,GFN2-xTB_single_point_on_RDKit_MMFF_geometry,success
EGFR__CHEMBL305194__state01,EGFR__CHEMBL305194,CHEMBL305194,EGFR,CHEMBL1134862,1,C=c1cc(C(=O)O)[nH]c1=Cc1c(O)[nH]c2ncnc(Nc3ccc(F)c(Cl)c3)c12,0,data/quantum/erbB_xyz/EGFR__CHEMBL305194__state01.xyz,-75.861998703190,0.090432064521,GFN2-xTB_single_point_on_RDKit_MMFF_geometry,success
EGFR__CHEMBL305194__state02,EGFR__CHEMBL305194,CHEMBL305194,EGFR,CHEMBL1134862,2,CC1=CC(=C(O)O)N=C1C=C1C(=O)Nc2ncnc(Nc3ccc(F)c(Cl)c3)c21,0,data/quantum/erbB_xyz/EGFR__CHEMBL305194__state02.xyz,-75.837048332696,0.038758519649,GFN2-xTB_single_point_on_RDKit_MMFF_geometry,success
EGFR__CHEMBL305194__state03,EGFR__CHEMBL305194,CHEMBL305194,EGFR,CHEMBL1134862,3,CC1=CC(C(=O)O)=NC1=CC1C(=O)Nc2ncnc(Nc3ccc(F)c(Cl)c3)c21,0,data/quantum/erbB_xyz/EGFR__CHEMBL305194__state03.xyz,-75.833256821099,0.081154262518,GFN2-xTB_single_point_on_RDKit_MMFF_geometry,success
EGFR__CHEMBL305246__state00,EGFR__CHEMBL305246,CHEMBL305246,EGFR,CHEMBL1134862,0,Cc1cc(C(=O)N2CCN(C)CC2)[nH]c1/C=C1\C(=O)Nc2ncnc(Nc3ccc(F)c(Cl)c3)c21,0,data/quantum/erbB_xyz/EGFR__CHEMBL305246__state00.xyz,-87.809195353307,0.010479182953,GFN2-xTB_single_point_on_RDKit_MMFF_geometry,success
EGFR__CHEMBL305246__state01,EGFR__CHEMBL305246,CHEMBL305246,EGFR,CHEMBL1134862,1,C=c1cc(C(=O)N2CCN(C)CC2)[nH]c1=Cc1c(O)[nH]c2ncnc(Nc3ccc(F)c(Cl)c3)c12,0,data/quantum/erbB_xyz/EGFR__CHEMBL305246__state01.xyz,-87.819867302547,0.026556195198,GFN2-xTB_single_point_on_RDKit_MMFF_geometry,success
EGFR__CHEMBL305246__state02,EGFR__CHEMBL305246,CHEMBL305246,EGFR,CHEMBL1134862,2,CC1=CC(=C(O)N2CCN(C)CC2)N=C1C=C1C(=O)Nc2ncnc(Nc3ccc(F)c(Cl)c3)c21,0,data/quantum/erbB_xyz/EGFR__CHEMBL305246__state02.xyz,-87.789967547084,0.021783689864,GFN2-xTB_single_point_on_RDKit_MMFF_geometry,success
EGFR__CHEMBL305246__state03,EGFR__CHEMBL305246,CHEMBL305246,EGFR,CHEMBL1134862,3,CC1=CC(C(=O)N2CCN(C)CC2)=NC1=CC1C(=O)Nc2ncnc(Nc3ccc(F)c(Cl)c3)c21,0,data/quantum/erbB_xyz/EGFR__CHEMBL305246__state03.xyz,-87.788320272668,0.021639956780,GFN2-xTB_single_point_on_RDKit_MMFF_geometry,success
EGFR__CHEMBL305782__state00,EGFR__CHEMBL305782,CHEMBL305782,EGFR,CHEMBL1134862,0,Cc1[nH]c(/C=C2\C(=O)Nc3ncnc(Nc4ccc(F)c(Cl)c4)c32)c(C)c1CCC(=O)O,0,data/quantum/erbB_xyz/EGFR__CHEMBL305782__state00.xyz,-82.008101171538,0.032960193456,GFN2-xTB_single_point_on_RDKit_MMFF_geometry,success
EGFR__CHEMBL305782__state01,EGFR__CHEMBL305782,CHEMBL305782,EGFR,CHEMBL1134862,1,C=c1c(CCC(=O)O)c(C)[nH]c1=Cc1c(O)[nH]c2ncnc(Nc3ccc(F)c(Cl)c3)c12,0,data/quantum/erbB_xyz/EGFR__CHEMBL305782__state01.xyz,-81.989694135571,0.053181069315,GFN2-xTB_single_point_on_RDKit_MMFF_geometry,success
EGFR__CHEMBL305782__state02,EGFR__CHEMBL305782,CHEMBL305782,EGFR,CHEMBL1134862,2,CC1=NC(=CC2C(=O)Nc3ncnc(Nc4ccc(F)c(Cl)c4)c32)C(C)=C1CCC(=O)O,0,data/quantum/erbB_xyz/EGFR__CHEMBL305782__state02.xyz,-81.968048170903,0.069374750531,GFN2-xTB_single_point_on_RDKit_MMFF_geometry,success
EGFR__CHEMBL305782__state03,EGFR__CHEMBL305782,CHEMBL305782,EGFR,CHEMBL1134862,3,CC1=NC(=Cc2c(O)[nH]c3ncnc(Nc4ccc(F)c(Cl)c4)c23)C(C)=C1CCC(=O)O,0,data/quantum/erbB_xyz/EGFR__CHEMBL305782__state03.xyz,-81.976469477308,0.042234770952,GFN2-xTB_single_point_on_RDKit_MMFF_geometry,success
EGFR__CHEMBL308048__state00,EGFR__CHEMBL308048,CHEMBL308048,EGFR,CHEMBL1124610,0,N#C/C(=C\c1ccc(O)cc1)C(N)=O,0,data/quantum/erbB_xyz/EGFR__CHEMBL308048__state00.xyz,-34.654661288846,0.010124779056,GFN2-xTB_single_point_on_RDKit_MMFF_geometry,success
EGFR__CHEMBL308048__state01,EGFR__CHEMBL308048,CHEMBL308048,EGFR,CHEMBL1124610,1,N#CC(=CC1=CCC(=O)C=C1)C(=N)O,0,data/quantum/erbB_xyz/EGFR__CHEMBL308048__state01.xyz,-34.672904936364,0.033218934851,GFN2-xTB_single_point_on_RDKit_MMFF_geometry,success
EGFR__CHEMBL308048__state02,EGFR__CHEMBL308048,CHEMBL308048,EGFR,CHEMBL1124610,2,N#CC(=CC1=CCC(=O)C=C1)C(N)=O,0,data/quantum/erbB_xyz/EGFR__CHEMBL308048__state02.xyz,-34.666063012353,0.020840118641,GFN2-xTB_single_point_on_RDKit_MMFF_geometry,success
EGFR__CHEMBL308048__state03,EGFR__CHEMBL308048,CHEMBL308048,EGFR,CHEMBL1124610,3,N#CC(=Cc1ccc(O)cc1)C(=N)O,0,data/quantum/erbB_xyz/EGFR__CHEMBL308048__state03.xyz,-34.653168592691,0.000622713090,GFN2-xTB_single_point_on_RDKit_MMFF_geometry,success
EGFR__CHEMBL308339__state00,EGFR__CHEMBL308339,CHEMBL308339,EGFR,CHEMBL1124610,0,N#CC(C#N)=C1C(=O)NC(=O)NC1=O,0,data/quantum/erbB_xyz/EGFR__CHEMBL308339__state00.xyz,-38.643582708933,0.128629884062,GFN2-xTB_single_point_on_RDKit_MMFF_geometry,success
EGFR__CHEMBL308339__state01,EGFR__CHEMBL308339,CHEMBL308339,EGFR,CHEMBL1124610,1,N#CC(C#N)=C1C(=O)N=C(O)N=C1O,0,data/quantum/erbB_xyz/EGFR__CHEMBL308339__state01.xyz,-38.599301893896,0.044030381024,GFN2-xTB_single_point_on_RDKit_MMFF_geometry,success
EGFR__CHEMBL308339__state02,EGFR__CHEMBL308339,CHEMBL308339,EGFR,CHEMBL1124610,2,N#CC(C#N)=C1C(=O)N=C(O)NC1=O,0,data/quantum/erbB_xyz/EGFR__CHEMBL308339__state02.xyz,-38.617730964448,0.052682485921,GFN2-xTB_single_point_on_RDKit_MMFF_geometry,success
EGFR__CHEMBL308339__state03,EGFR__CHEMBL308339,CHEMBL308339,EGFR,CHEMBL1124610,3,N#CC(C#N)=C1C(=O)NC(=O)N=C1O,0,data/quantum/erbB_xyz/EGFR__CHEMBL308339__state03.xyz,-38.622858203739,0.090685821650,GFN2-xTB_single_point_on_RDKit_MMFF_geometry,success
EGFR__CHEMBL308645__state00,EGFR__CHEMBL308645,CHEMBL308645,EGFR,CHEMBL1134862,0,Cc1cc(CCC(=O)O)[nH]c1/C=C1\C(=O)Nc2ncnc(Nc3ccc(F)c(Cl)c3)c21,0,data/quantum/erbB_xyz/EGFR__CHEMBL308645__state00.xyz,-79.947543959756,0.019118727875,GFN2-xTB_single_point_on_RDKit_MMFF_geometry,success
EGFR__CHEMBL308645__state01,EGFR__CHEMBL308645,CHEMBL308645,EGFR,CHEMBL1134862,1,C=c1cc(CCC(=O)O)[nH]c1=Cc1c(O)[nH]c2ncnc(Nc3ccc(F)c(Cl)c3)c12,0,data/quantum/erbB_xyz/EGFR__CHEMBL308645__state01.xyz,-79.931841830860,0.044957139410,GFN2-xTB_single_point_on_RDKit_MMFF_geometry,success
EGFR__CHEMBL308645__state02,EGFR__CHEMBL308645,CHEMBL308645,EGFR,CHEMBL1134862,2,CC1=CC(CCC(=O)O)=NC1=CC1C(=O)Nc2ncnc(Nc3ccc(F)c(Cl)c3)c21,0,data/quantum/erbB_xyz/EGFR__CHEMBL308645__state02.xyz,-79.909363648201,0.119295992374,GFN2-xTB_single_point_on_RDKit_MMFF_geometry,success
EGFR__CHEMBL308645__state03,EGFR__CHEMBL308645,CHEMBL308645,EGFR,CHEMBL1134862,3,CC1=CC(CCC(=O)O)=NC1=Cc1c(O)[nH]c2ncnc(Nc3ccc(F)c(Cl)c3)c12,0,data/quantum/erbB_xyz/EGFR__CHEMBL308645__state03.xyz,-79.925436160066,0.059616812391,GFN2-xTB_single_point_on_RDKit_MMFF_geometry,success
EGFR__CHEMBL308672__state00,EGFR__CHEMBL308672,CHEMBL308672,EGFR,CHEMBL1134862,0,CCN(CC)CCNC(=O)c1cc(C)c(/C=C2\C(=O)Nc3ncnc(Nc4ccc(Cl)cc4F)c32)[nH]1,0,data/quantum/erbB_xyz/EGFR__CHEMBL308672__state00.xyz,-89.783479964749,0.020897651045,GFN2-xTB_single_point_on_RDKit_MMFF_geometry,success
EGFR__CHEMBL308672__state01,EGFR__CHEMBL308672,CHEMBL308672,EGFR,CHEMBL1134862,1,C=c1cc(C(=O)NCCN(CC)CC)[nH]c1=CC1C(=O)Nc2ncnc(Nc3ccc(Cl)cc3F)c21,0,data/quantum/erbB_xyz/EGFR__CHEMBL308672__state01.xyz,-89.759209394437,0.038474355714,GFN2-xTB_single_point_on_RDKit_MMFF_geometry,success
EGFR__CHEMBL308672__state02,EGFR__CHEMBL308672,CHEMBL308672,EGFR,CHEMBL1134862,2,C=c1cc(C(=O)NCCN(CC)CC)[nH]c1=Cc1c(O)[nH]c2ncnc(Nc3ccc(Cl)cc3F)c12,0,data/quantum/erbB_xyz/EGFR__CHEMBL308672__state02.xyz,-89.768254614429,0.040022541226,GFN2-xTB_single_point_on_RDKit_MMFF_geometry,success
EGFR__CHEMBL308672__state03,EGFR__CHEMBL308672,CHEMBL308672,EGFR,CHEMBL1134862,3,CCN(CC)CCN=C(O)c1cc(C)c(C=C2C(=O)Nc3ncnc(Nc4ccc(Cl)cc4F)c32)[nH]1,0,data/quantum/erbB_xyz/EGFR__CHEMBL308672__state03.xyz,-89.750395794581,0.055511100003,GFN2-xTB_single_point_on_RDKit_MMFF_geometry,success
EGFR__CHEMBL30973__state00,EGFR__CHEMBL30973,CHEMBL30973,EGFR,CHEMBL1147619,0,CN(C)C/C=C/C(=O)Nc1ccc2ncc(C#N)c(Nc3cccc(Br)c3)c2c1,0,data/quantum/erbB_xyz/EGFR__CHEMBL30973__state00.xyz,-68.486279732911,0.019058018055,GFN2-xTB_single_point_on_RDKit_MMFF_geometry,success
EGFR__CHEMBL30973__state01,EGFR__CHEMBL30973,CHEMBL30973,EGFR,CHEMBL1147619,1,CN(C)C/C=C/C(=O)Nc1ccc2[nH]cc(C#N)c(=Nc3cccc(Br)c3)c2c1,0,data/quantum/erbB_xyz/EGFR__CHEMBL30973__state01.xyz,-68.519188787755,0.069133282501,GFN2-xTB_single_point_on_RDKit_MMFF_geometry,success
EGFR__CHEMBL30973__state02,EGFR__CHEMBL30973,CHEMBL30973,EGFR,CHEMBL1147619,2,CN(C)C/C=C/C(O)=Nc1ccc2[nH]cc(C#N)c(=Nc3cccc(Br)c3)c2c1,0,data/quantum/erbB_xyz/EGFR__CHEMBL30973__state02.xyz,-68.491403825233,0.062686892591,GFN2-xTB_single_point_on_RDKit_MMFF_geometry,success
EGFR__CHEMBL30973__state03,EGFR__CHEMBL30973,CHEMBL30973,EGFR,CHEMBL1147619,3,CN(C)C/C=C/C(O)=Nc1ccc2ncc(C#N)c(Nc3cccc(Br)c3)c2c1,0,data/quantum/erbB_xyz/EGFR__CHEMBL30973__state03.xyz,-68.469531566573,0.058481618285,GFN2-xTB_single_point_on_RDKit_MMFF_geometry,success
EGFR__CHEMBL31276__state00,EGFR__CHEMBL31276,CHEMBL31276,EGFR,CHEMBL1147619,0,CN(C)C/C=C/C(=O)Nc1cc2c(Nc3cccc(Br)c3)c(C#N)cnc2cn1,0,data/quantum/erbB_xyz/EGFR__CHEMBL31276__state00.xyz,-69.373824944691,0.259780835461,GFN2-xTB_single_point_on_RDKit_MMFF_geometry,success
EGFR__CHEMBL31276__state01,EGFR__CHEMBL31276,CHEMBL31276,EGFR,CHEMBL1147619,1,CN(C)C/C=C/C(=O)N=c1cc2c(=Nc3cccc(Br)c3)c(C#N)c[nH]c2c[nH]1,0,data/quantum/erbB_xyz/EGFR__CHEMBL31276__state01.xyz,-69.391500527426,0.050109046293,GFN2-xTB_single_point_on_RDKit_MMFF_geometry,success
EGFR__CHEMBL31276__state02,EGFR__CHEMBL31276,CHEMBL31276,EGFR,CHEMBL1147619,2,CN(C)C/C=C/C(=O)N=c1cc2c(Nc3cccc(Br)c3)c(C#N)cnc2c[nH]1,0,data/quantum/erbB_xyz/EGFR__CHEMBL31276__state02.xyz,-69.368066712940,0.082981952267,GFN2-xTB_single_point_on_RDKit_MMFF_geometry,success
EGFR__CHEMBL31276__state03,EGFR__CHEMBL31276,CHEMBL31276,EGFR,CHEMBL1147619,3,CN(C)C/C=C/C(=O)Nc1cc2c(=Nc3cccc(Br)c3)c(C#N)c[nH]c2cn1,0,data/quantum/erbB_xyz/EGFR__CHEMBL31276__state03.xyz,-69.380382171574,0.066826199498,GFN2-xTB_single_point_on_RDKit_MMFF_geometry,success
EGFR__CHEMBL31326__state00,EGFR__CHEMBL31326,CHEMBL31326,EGFR,CHEMBL1133162,0,C=CC(=O)Nc1cc2c(Nc3cccc(Br)c3)ncnc2cc1SCCCN(CC)CC,0,data/quantum/erbB_xyz/EGFR__CHEMBL31326__state00.xyz,-75.683254172680,0.109254436707,GFN2-xTB_single_point_on_RDKit_MMFF_geometry,success
EGFR__CHEMBL31326__state01,EGFR__CHEMBL31326,CHEMBL31326,EGFR,CHEMBL1133162,1,C=CC(=O)Nc1cc2c(=Nc3cccc(Br)c3)[nH]cnc2cc1SCCCN(CC)CC,0,data/quantum/erbB_xyz/EGFR__CHEMBL31326__state01.xyz,-75.680648391537,0.094630717052,GFN2-xTB_single_point_on_RDKit_MMFF_geometry,success
EGFR__CHEMBL31326__state02,EGFR__CHEMBL31326,CHEMBL31326,EGFR,CHEMBL1133162,2,C=CC(=O)Nc1cc2c(=Nc3cccc(Br)c3)nc[nH]c2cc1SCCCN(CC)CC,0,data/quantum/erbB_xyz/EGFR__CHEMBL31326__state02.xyz,-75.681853258461,0.028062339684,GFN2-xTB_single_point_on_RDKit_MMFF_geometry,success
EGFR__CHEMBL31326__state03,EGFR__CHEMBL31326,CHEMBL31326,EGFR,CHEMBL1133162,3,C=CC(O)=Nc1cc2c(=Nc3cccc(Br)c3)[nH]cnc2cc1SCCCN(CC)CC,0,data/quantum/erbB_xyz/EGFR__CHEMBL31326__state03.xyz,-75.675054714204,0.072434179728,GFN2-xTB_single_point_on_RDKit_MMFF_geometry,success
EGFR__CHEMBL31369__state00,EGFR__CHEMBL31369,CHEMBL31369,EGFR,CHEMBL1133162,0,C=CC(=O)Nc1ccc2ncnc(Nc3ccc(OCCN(C)C)c(Br)c3)c2c1,0,data/quantum/erbB_xyz/EGFR__CHEMBL31369__state00.xyz,-70.301599165852,0.027921015577,GFN2-xTB_single_point_on_RDKit_MMFF_geometry,success
EGFR__CHEMBL31369__state01,EGFR__CHEMBL31369,CHEMBL31369,EGFR,CHEMBL1133162,1,C=CC(=O)Nc1ccc2[nH]cnc(=Nc3ccc(OCCN(C)C)c(Br)c3)c2c1,0,data/quantum/erbB_xyz/EGFR__CHEMBL31369__state01.xyz,-70.356748699050,0.044593145587,GFN2-xTB_single_point_on_RDKit_MMFF_geometry,success
EGFR__CHEMBL31369__state02,EGFR__CHEMBL31369,CHEMBL31369,EGFR,CHEMBL1133162,2,C=CC(=O)Nc1ccc2nc[nH]c(=Nc3ccc(OCCN(C)C)c(Br)c3)c2c1,0,data/quantum/erbB_xyz/EGFR__CHEMBL31369__state02.xyz,-70.341860824902,0.028330662546,GFN2-xTB_single_point_on_RDKit_MMFF_geometry,success
EGFR__CHEMBL31369__state03,EGFR__CHEMBL31369,CHEMBL31369,EGFR,CHEMBL1133162,3,C=CC(O)=Nc1ccc2[nH]cnc(=Nc3ccc(OCCN(C)C)c(Br)c3)c2c1,0,data/quantum/erbB_xyz/EGFR__CHEMBL31369__state03.xyz,-70.309376328842,0.035376666396,GFN2-xTB_single_point_on_RDKit_MMFF_geometry,success
EGFR__CHEMBL31373__state00,EGFR__CHEMBL31373,CHEMBL31373,EGFR,CHEMBL1133162,0,C=CC(=O)Nc1ccc2ncnc(Nc3ccc(F)c(Cl)c3)c2c1,0,data/quantum/erbB_xyz/EGFR__CHEMBL31373__state00.xyz,-60.548806076121,0.055705766341,GFN2-xTB_single_point_on_RDKit_MMFF_geometry,success
EGFR__CHEMBL31373__state01,EGFR__CHEMBL31373,CHEMBL31373,EGFR,CHEMBL1133162,1,C=CC(=O)Nc1ccc2[nH]cnc(=Nc3ccc(F)c(Cl)c3)c2c1,0,data/quantum/erbB_xyz/EGFR__CHEMBL31373__state01.xyz,-60.559329196747,0.029223531862,GFN2-xTB_single_point_on_RDKit_MMFF_geometry,success
EGFR__CHEMBL31373__state02,EGFR__CHEMBL31373,CHEMBL31373,EGFR,CHEMBL1133162,2,C=CC(=O)Nc1ccc2nc[nH]c(=Nc3ccc(F)c(Cl)c3)c2c1,0,data/quantum/erbB_xyz/EGFR__CHEMBL31373__state02.xyz,-60.558108614411,0.015424432809,GFN2-xTB_single_point_on_RDKit_MMFF_geometry,success
EGFR__CHEMBL31373__state03,EGFR__CHEMBL31373,CHEMBL31373,EGFR,CHEMBL1133162,3,C=CC(O)=Nc1ccc2[nH]cnc(=Nc3ccc(F)c(Cl)c3)c2c1,0,data/quantum/erbB_xyz/EGFR__CHEMBL31373__state03.xyz,-60.549387235634,0.047088309414,GFN2-xTB_single_point_on_RDKit_MMFF_geometry,success
EGFR__CHEMBL314146__state00,EGFR__CHEMBL314146,CHEMBL314146,EGFR,CHEMBL1131018,0,CCc1ccc(/C=C2\C(=O)Nc3ccccc32)s1,0,data/quantum/erbB_xyz/EGFR__CHEMBL314146__state00.xyz,-41.462368689983,0.278371578282,GFN2-xTB_single_point_on_RDKit_MMFF_geometry,success
EGFR__CHEMBL314146__state01,EGFR__CHEMBL314146,CHEMBL314146,EGFR,CHEMBL1131018,1,CCc1ccc(/C=C2\C(O)=Nc3ccccc32)s1,0,data/quantum/erbB_xyz/EGFR__CHEMBL314146__state01.xyz,-41.446535333189,0.306897763832,GFN2-xTB_single_point_on_RDKit_MMFF_geometry,success
EGFR__CHEMBL31419__state00,EGFR__CHEMBL31419,CHEMBL31419,EGFR,CHEMBL1133162,0,C=CC(=O)Nc1cc2c(Nc3cccc(Br)c3)ncnc2cc1OCCCN1CCOCC1,0,data/quantum/erbB_xyz/EGFR__CHEMBL31419__state00.xyz,-80.648138557900,0.005158039198,GFN2-xTB_single_point_on_RDKit_MMFF_geometry,success
EGFR__CHEMBL31419__state01,EGFR__CHEMBL31419,CHEMBL31419,EGFR,CHEMBL1133162,1,C=CC(=O)Nc1cc2c(=Nc3cccc(Br)c3)[nH]cnc2cc1OCCCN1CCOCC1,0,data/quantum/erbB_xyz/EGFR__CHEMBL31419__state01.xyz,-80.655919229379,0.025839140120,GFN2-xTB_single_point_on_RDKit_MMFF_geometry,success
EGFR__CHEMBL31419__state02,EGFR__CHEMBL31419,CHEMBL31419,EGFR,CHEMBL1133162,2,C=CC(=O)Nc1cc2c(=Nc3cccc(Br)c3)nc[nH]c2cc1OCCCN1CCOCC1,0,data/quantum/erbB_xyz/EGFR__CHEMBL31419__state02.xyz,-80.664421034297,0.038615711381,GFN2-xTB_single_point_on_RDKit_MMFF_geometry,success
EGFR__CHEMBL31419__state03,EGFR__CHEMBL31419,CHEMBL31419,EGFR,CHEMBL1133162,3,C=CC(O)=Nc1cc2c(=Nc3cccc(Br)c3)[nH]cnc2cc1OCCCN1CCOCC1,0,data/quantum/erbB_xyz/EGFR__CHEMBL31419__state03.xyz,-80.641045286581,0.051942306355,GFN2-xTB_single_point_on_RDKit_MMFF_geometry,success
EGFR__CHEMBL31570__state00,EGFR__CHEMBL31570,CHEMBL31570,EGFR,CHEMBL1133162,0,C=CC(=O)Nc1nc2c(Nc3ccc(F)c(Cl)c3)ncnc2cc1OCCOC,0,data/quantum/erbB_xyz/EGFR__CHEMBL31570__state00.xyz,-75.613175366216,0.034898862283,GFN2-xTB_single_point_on_RDKit_MMFF_geometry,success
EGFR__CHEMBL31570__state01,EGFR__CHEMBL31570,CHEMBL31570,EGFR,CHEMBL1133162,1,C=CC(=O)N=c1[nH]c2c(=Nc3ccc(F)c(Cl)c3)[nH]cnc2cc1OCCOC,0,data/quantum/erbB_xyz/EGFR__CHEMBL31570__state01.xyz,-75.636216927349,0.068608325197,GFN2-xTB_single_point_on_RDKit_MMFF_geometry,success
EGFR__CHEMBL31570__state02,EGFR__CHEMBL31570,CHEMBL31570,EGFR,CHEMBL1133162,2,C=CC(=O)N=c1[nH]c2c(=Nc3ccc(F)c(Cl)c3)nc[nH]c2cc1OCCOC,0,data/quantum/erbB_xyz/EGFR__CHEMBL31570__state02.xyz,-75.642088568788,0.020223110036,GFN2-xTB_single_point_on_RDKit_MMFF_geometry,success
EGFR__CHEMBL31570__state03,EGFR__CHEMBL31570,CHEMBL31570,EGFR,CHEMBL1133162,3,C=CC(=O)N=c1[nH]c2c(Nc3ccc(F)c(Cl)c3)ncnc2cc1OCCOC,0,data/quantum/erbB_xyz/EGFR__CHEMBL31570__state03.xyz,-75.658967949600,0.097485624882,GFN2-xTB_single_point_on_RDKit_MMFF_geometry,success
EGFR__CHEMBL31588__state00,EGFR__CHEMBL31588,CHEMBL31588,EGFR,CHEMBL1133162,0,C=CC(=O)Nc1cc2c(Nc3cccc(Br)c3)ncnc2cc1OCCCCN(C)C,0,data/quantum/erbB_xyz/EGFR__CHEMBL31588__state00.xyz,-74.434411175446,0.073994337730,GFN2-xTB_single_point_on_RDKit_MMFF_geometry,success
EGFR__CHEMBL31588__state01,EGFR__CHEMBL31588,CHEMBL31588,EGFR,CHEMBL1133162,1,C=CC(=O)Nc1cc2c(=Nc3cccc(Br)c3)[nH]cnc2cc1OCCCCN(C)C,0,data/quantum/erbB_xyz/EGFR__CHEMBL31588__state01.xyz,-74.443308631269,0.068867627392,GFN2-xTB_single_point_on_RDKit_MMFF_geometry,success
EGFR__CHEMBL31588__state02,EGFR__CHEMBL31588,CHEMBL31588,EGFR,CHEMBL1133162,2,C=CC(=O)Nc1cc2c(=Nc3cccc(Br)c3)nc[nH]c2cc1OCCCCN(C)C,0,data/quantum/erbB_xyz/EGFR__CHEMBL31588__state02.xyz,-74.444018691132,0.007649349407,GFN2-xTB_single_point_on_RDKit_MMFF_geometry,success
EGFR__CHEMBL31588__state03,EGFR__CHEMBL31588,CHEMBL31588,EGFR,CHEMBL1133162,3,C=CC(O)=Nc1cc2c(=Nc3cccc(Br)c3)[nH]cnc2cc1OCCCCN(C)C,0,data/quantum/erbB_xyz/EGFR__CHEMBL31588__state03.xyz,-74.416685667362,0.069123123230,GFN2-xTB_single_point_on_RDKit_MMFF_geometry,success
EGFR__CHEMBL316127__state00,EGFR__CHEMBL316127,CHEMBL316127,EGFR,CHEMBL1134561,0,O=C(/C=C/CN1CCOCC1)Nc1ccc2ncnc(Nc3cccc(Br)c3)c2c1,0,data/quantum/erbB_xyz/EGFR__CHEMBL316127__state00.xyz,-72.526009088063,0.029188880528,GFN2-xTB_single_point_on_RDKit_MMFF_geometry,success
EGFR__CHEMBL316127__state01,EGFR__CHEMBL316127,CHEMBL316127,EGFR,CHEMBL1134561,1,O=C(/C=C/CN1CCOCC1)Nc1ccc2[nH]cnc(=Nc3cccc(Br)c3)c2c1,0,data/quantum/erbB_xyz/EGFR__CHEMBL316127__state01.xyz,-72.533106940152,0.028217132114,GFN2-xTB_single_point_on_RDKit_MMFF_geometry,success
EGFR__CHEMBL316127__state02,EGFR__CHEMBL316127,CHEMBL316127,EGFR,CHEMBL1134561,2,O=C(/C=C/CN1CCOCC1)Nc1ccc2nc[nH]c(=Nc3cccc(Br)c3)c2c1,0,data/quantum/erbB_xyz/EGFR__CHEMBL316127__state02.xyz,-72.551552150472,0.019116364999,GFN2-xTB_single_point_on_RDKit_MMFF_geometry,success
EGFR__CHEMBL316127__state03,EGFR__CHEMBL316127,CHEMBL316127,EGFR,CHEMBL1134561,3,OC(/C=C/CN1CCOCC1)=Nc1ccc2[nH]cnc(=Nc3cccc(Br)c3)c2c1,0,data/quantum/erbB_xyz/EGFR__CHEMBL316127__state03.xyz,-72.519468708211,0.022761748670,GFN2-xTB_single_point_on_RDKit_MMFF_geometry,success
EGFR__CHEMBL31622__state00,EGFR__CHEMBL31622,CHEMBL31622,EGFR,CHEMBL1133162,0,C=CC(=O)Nc1cc2c(Nc3cccc(C)c3)ncnc2cc1OCCCN1CCN(C)CC1,0,data/quantum/erbB_xyz/EGFR__CHEMBL31622__state00.xyz,-79.356371975943,0.004284853720,GFN2-xTB_single_point_on_RDKit_MMFF_geometry,success
EGFR__CHEMBL31622__state01,EGFR__CHEMBL31622,CHEMBL31622,EGFR,CHEMBL1133162,1,C=CC(=O)Nc1cc2c(=Nc3cccc(C)c3)[nH]cnc2cc1OCCCN1CCN(C)CC1,0,data/quantum/erbB_xyz/EGFR__CHEMBL31622__state01.xyz,-79.334674893712,0.016058807435,GFN2-xTB_single_point_on_RDKit_MMFF_geometry,success
EGFR__CHEMBL31622__state02,EGFR__CHEMBL31622,CHEMBL31622,EGFR,CHEMBL1133162,2,C=CC(=O)Nc1cc2c(=Nc3cccc(C)c3)nc[nH]c2cc1OCCCN1CCN(C)CC1,0,data/quantum/erbB_xyz/EGFR__CHEMBL31622__state02.xyz,-79.352675982721,0.017184005104,GFN2-xTB_single_point_on_RDKit_MMFF_geometry,success
EGFR__CHEMBL31622__state03,EGFR__CHEMBL31622,CHEMBL31622,EGFR,CHEMBL1133162,3,C=CC(O)=Nc1cc2c(=Nc3cccc(C)c3)[nH]cnc2cc1OCCCN1CCN(C)CC1,0,data/quantum/erbB_xyz/EGFR__CHEMBL31622__state03.xyz,-79.309285275533,0.023369243886,GFN2-xTB_single_point_on_RDKit_MMFF_geometry,success
EGFR__CHEMBL31630__state00,EGFR__CHEMBL31630,CHEMBL31630,EGFR,CHEMBL1133162,0,C=CC(=O)N(C)c1nc2c(Nc3ccc(F)c(Cl)c3)ncnc2cc1OCCCN1CCOCC1,0,data/quantum/erbB_xyz/EGFR__CHEMBL31630__state00.xyz,-88.757579568460,0.018899595491,GFN2-xTB_single_point_on_RDKit_MMFF_geometry,success
EGFR__CHEMBL31630__state01,EGFR__CHEMBL31630,CHEMBL31630,EGFR,CHEMBL1133162,1,C=CC(=O)N(C)c1nc2c(=Nc3ccc(F)c(Cl)c3)[nH]cnc2cc1OCCCN1CCOCC1,0,data/quantum/erbB_xyz/EGFR__CHEMBL31630__state01.xyz,-88.777260905164,0.007096075681,GFN2-xTB_single_point_on_RDKit_MMFF_geometry,success
EGFR__CHEMBL31630__state02,EGFR__CHEMBL31630,CHEMBL31630,EGFR,CHEMBL1133162,2,C=CC(=O)N(C)c1nc2c(=Nc3ccc(F)c(Cl)c3)nc[nH]c2cc1OCCCN1CCOCC1,0,data/quantum/erbB_xyz/EGFR__CHEMBL31630__state02.xyz,-88.797917237884,0.060225599223,GFN2-xTB_single_point_on_RDKit_MMFF_geometry,success
EGFR__CHEMBL31656__state00,EGFR__CHEMBL31656,CHEMBL31656,EGFR,CHEMBL1133162,0,C=CC(=O)Nc1nc2c(Nc3ccc(F)c(Cl)c3)ncnc2cc1OCCCN1CCOCC1,0,data/quantum/erbB_xyz/EGFR__CHEMBL31656__state00.xyz,-86.790305477369,0.026474523304,GFN2-xTB_single_point_on_RDKit_MMFF_geometry,success
EGFR__CHEMBL31656__state01,EGFR__CHEMBL31656,CHEMBL31656,EGFR,CHEMBL1133162,1,C=CC(=O)N=c1[nH]c2c(=Nc3ccc(F)c(Cl)c3)[nH]cnc2cc1OCCCN1CCOCC1,0,data/quantum/erbB_xyz/EGFR__CHEMBL31656__state01.xyz,-86.774636989274,0.026974948604,GFN2-xTB_single_point_on_RDKit_MMFF_geometry,success
EGFR__CHEMBL31656__state02,EGFR__CHEMBL31656,CHEMBL31656,EGFR,CHEMBL1133162,2,C=CC(=O)N=c1[nH]c2c(=Nc3ccc(F)c(Cl)c3)nc[nH]c2cc1OCCCN1CCOCC1,0,data/quantum/erbB_xyz/EGFR__CHEMBL31656__state02.xyz,-86.784981782043,0.015801822053,GFN2-xTB_single_point_on_RDKit_MMFF_geometry,success
EGFR__CHEMBL31656__state03,EGFR__CHEMBL31656,CHEMBL31656,EGFR,CHEMBL1133162,3,C=CC(=O)N=c1[nH]c2c(Nc3ccc(F)c(Cl)c3)ncnc2cc1OCCCN1CCOCC1,0,data/quantum/erbB_xyz/EGFR__CHEMBL31656__state03.xyz,-86.786264729611,0.023772174149,GFN2-xTB_single_point_on_RDKit_MMFF_geometry,success
EGFR__CHEMBL31815__state00,EGFR__CHEMBL31815,CHEMBL31815,EGFR,CHEMBL1133162,0,C=CC(=O)Nc1ccc2ncnc(Nc3cccc(C)c3)c2c1,0,data/quantum/erbB_xyz/EGFR__CHEMBL31815__state00.xyz,-53.153798133199,0.033754896924,GFN2-xTB_single_point_on_RDKit_MMFF_geometry,success
EGFR__CHEMBL31815__state01,EGFR__CHEMBL31815,CHEMBL31815,EGFR,CHEMBL1133162,1,C=CC(=O)Nc1ccc2[nH]cnc(=Nc3cccc(C)c3)c2c1,0,data/quantum/erbB_xyz/EGFR__CHEMBL31815__state01.xyz,-53.164403370269,0.046031441703,GFN2-xTB_single_point_on_RDKit_MMFF_geometry,success
EGFR__CHEMBL31815__state02,EGFR__CHEMBL31815,CHEMBL31815,EGFR,CHEMBL1133162,2,C=CC(=O)Nc1ccc2nc[nH]c(=Nc3cccc(C)c3)c2c1,0,data/quantum/erbB_xyz/EGFR__CHEMBL31815__state02.xyz,-53.169755614847,0.051518863510,GFN2-xTB_single_point_on_RDKit_MMFF_geometry,success
EGFR__CHEMBL31815__state03,EGFR__CHEMBL31815,CHEMBL31815,EGFR,CHEMBL1133162,3,C=CC(O)=Nc1ccc2[nH]cnc(=Nc3cccc(C)c3)c2c1,0,data/quantum/erbB_xyz/EGFR__CHEMBL31815__state03.xyz,-53.143830918422,0.047839572720,GFN2-xTB_single_point_on_RDKit_MMFF_geometry,success
EGFR__CHEMBL31816__state00,EGFR__CHEMBL31816,CHEMBL31816,EGFR,CHEMBL1133162,0,C=CC(=O)Nc1nc2c(Nc3ccc(F)c(Cl)c3)ncnc2cc1OC,0,data/quantum/erbB_xyz/EGFR__CHEMBL31816__state00.xyz,-67.510569516341,0.040479188979,GFN2-xTB_single_point_on_RDKit_MMFF_geometry,success
EGFR__CHEMBL31816__state01,EGFR__CHEMBL31816,CHEMBL31816,EGFR,CHEMBL1133162,1,C=CC(=O)N=c1[nH]c2c(=Nc3ccc(F)c(Cl)c3)[nH]cnc2cc1OC,0,data/quantum/erbB_xyz/EGFR__CHEMBL31816__state01.xyz,-67.528450854780,0.026751386750,GFN2-xTB_single_point_on_RDKit_MMFF_geometry,success
EGFR__CHEMBL31816__state02,EGFR__CHEMBL31816,CHEMBL31816,EGFR,CHEMBL1133162,2,C=CC(=O)N=c1[nH]c2c(=Nc3ccc(F)c(Cl)c3)nc[nH]c2cc1OC,0,data/quantum/erbB_xyz/EGFR__CHEMBL31816__state02.xyz,-67.530495452723,0.023528697851,GFN2-xTB_single_point_on_RDKit_MMFF_geometry,success
EGFR__CHEMBL31816__state03,EGFR__CHEMBL31816,CHEMBL31816,EGFR,CHEMBL1133162,3,C=CC(=O)N=c1[nH]c2c(Nc3ccc(F)c(Cl)c3)ncnc2cc1OC,0,data/quantum/erbB_xyz/EGFR__CHEMBL31816__state03.xyz,-67.518769661503,0.027833180552,GFN2-xTB_single_point_on_RDKit_MMFF_geometry,success
EGFR__CHEMBL31876__state00,EGFR__CHEMBL31876,CHEMBL31876,EGFR,CHEMBL1147619,0,CC#CC(=O)Nc1ccc2ncc(C#N)c(Nc3ccc(F)c(Cl)c3)c2c1,0,data/quantum/erbB_xyz/EGFR__CHEMBL31876__state00.xyz,-66.880707782564,0.035654783324,GFN2-xTB_single_point_on_RDKit_MMFF_geometry,success
EGFR__CHEMBL31876__state01,EGFR__CHEMBL31876,CHEMBL31876,EGFR,CHEMBL1147619,1,CC#CC(=O)Nc1ccc2[nH]cc(C#N)c(=Nc3ccc(F)c(Cl)c3)c2c1,0,data/quantum/erbB_xyz/EGFR__CHEMBL31876__state01.xyz,-66.895586448074,0.030957413579,GFN2-xTB_single_point_on_RDKit_MMFF_geometry,success
EGFR__CHEMBL31876__state02,EGFR__CHEMBL31876,CHEMBL31876,EGFR,CHEMBL1147619,2,CC#CC(O)=Nc1ccc2[nH]cc(C#N)c(=Nc3ccc(F)c(Cl)c3)c2c1,0,data/quantum/erbB_xyz/EGFR__CHEMBL31876__state02.xyz,-66.870271239177,0.029449593137,GFN2-xTB_single_point_on_RDKit_MMFF_geometry,success
EGFR__CHEMBL31876__state03,EGFR__CHEMBL31876,CHEMBL31876,EGFR,CHEMBL1147619,3,CC#CC(O)=Nc1ccc2ncc(C#N)c(Nc3ccc(F)c(Cl)c3)c2c1,0,data/quantum/erbB_xyz/EGFR__CHEMBL31876__state03.xyz,-66.858286124882,0.013041684744,GFN2-xTB_single_point_on_RDKit_MMFF_geometry,success
EGFR__CHEMBL31965__state00,EGFR__CHEMBL31965,CHEMBL31965,EGFR,CHEMBL1133162,0,C=CC(=O)Nc1cc2c(Nc3ccc(F)c(Cl)c3)ncnc2cc1OCCCN1CCOCC1,0,data/quantum/erbB_xyz/EGFR__CHEMBL31965__state00.xyz,-85.907984844993,0.009544622834,GFN2-xTB_single_point_on_RDKit_MMFF_geometry,success
EGFR__CHEMBL31965__state01,EGFR__CHEMBL31965,CHEMBL31965,EGFR,CHEMBL1133162,1,C=CC(=O)Nc1cc2c(=Nc3ccc(F)c(Cl)c3)[nH]cnc2cc1OCCCN1CCOCC1,0,data/quantum/erbB_xyz/EGFR__CHEMBL31965__state01.xyz,-85.929832013736,0.009538589730,GFN2-xTB_single_point_on_RDKit_MMFF_geometry,success
EGFR__CHEMBL31965__state02,EGFR__CHEMBL31965,CHEMBL31965,EGFR,CHEMBL1133162,2,C=CC(=O)Nc1cc2c(=Nc3ccc(F)c(Cl)c3)nc[nH]c2cc1OCCCN1CCOCC1,0,data/quantum/erbB_xyz/EGFR__CHEMBL31965__state02.xyz,-85.912765332026,0.019995932980,GFN2-xTB_single_point_on_RDKit_MMFF_geometry,success
EGFR__CHEMBL31965__state03,EGFR__CHEMBL31965,CHEMBL31965,EGFR,CHEMBL1133162,3,C=CC(O)=Nc1cc2c(=Nc3ccc(F)c(Cl)c3)[nH]cnc2cc1OCCCN1CCOCC1,0,data/quantum/erbB_xyz/EGFR__CHEMBL31965__state03.xyz,-85.908144776879,0.067138196133,GFN2-xTB_single_point_on_RDKit_MMFF_geometry,success
EGFR__CHEMBL32079__state00,EGFR__CHEMBL32079,CHEMBL32079,EGFR,CHEMBL1133162,0,C=CC(=O)Nc1cc2c(Nc3ccc(F)c(Cl)c3)ncnc2cc1OCCOCCCCO,0,data/quantum/erbB_xyz/EGFR__CHEMBL32079__state00.xyz,-85.001127693258,0.018661437183,GFN2-xTB_single_point_on_RDKit_MMFF_geometry,success
EGFR__CHEMBL32079__state01,EGFR__CHEMBL32079,CHEMBL32079,EGFR,CHEMBL1133162,1,C=CC(=O)Nc1cc2c(=Nc3ccc(F)c(Cl)c3)[nH]cnc2cc1OCCOCCCCO,0,data/quantum/erbB_xyz/EGFR__CHEMBL32079__state01.xyz,-84.995579816512,0.007647307315,GFN2-xTB_single_point_on_RDKit_MMFF_geometry,success
EGFR__CHEMBL32079__state02,EGFR__CHEMBL32079,CHEMBL32079,EGFR,CHEMBL1133162,2,C=CC(=O)Nc1cc2c(=Nc3ccc(F)c(Cl)c3)nc[nH]c2cc1OCCOCCCCO,0,data/quantum/erbB_xyz/EGFR__CHEMBL32079__state02.xyz,-85.012045444678,0.036065806725,GFN2-xTB_single_point_on_RDKit_MMFF_geometry,success
EGFR__CHEMBL32079__state03,EGFR__CHEMBL32079,CHEMBL32079,EGFR,CHEMBL1133162,3,C=CC(O)=Nc1cc2c(=Nc3ccc(F)c(Cl)c3)[nH]cnc2cc1OCCOCCCCO,0,data/quantum/erbB_xyz/EGFR__CHEMBL32079__state03.xyz,-85.002790210174,0.010247684073,GFN2-xTB_single_point_on_RDKit_MMFF_geometry,success
EGFR__CHEMBL323630__state00,EGFR__CHEMBL323630,CHEMBL323630,EGFR,CHEMBL1145020,0,CN(C)C/C=C/C(=O)Nc1ccc2ncc(C#N)c(Nc3ccc(F)c(Cl)c3)c2c1,0,data/quantum/erbB_xyz/EGFR__CHEMBL323630__state00.xyz,-73.756817018158,0.031021638896,GFN2-xTB_single_point_on_RDKit_MMFF_geometry,success
EGFR__CHEMBL323630__state01,EGFR__CHEMBL323630,CHEMBL323630,EGFR,CHEMBL1145020,1,CN(C)C/C=C/C(=O)Nc1ccc2[nH]cc(C#N)c(=Nc3ccc(F)c(Cl)c3)c2c1,0,data/quantum/erbB_xyz/EGFR__CHEMBL323630__state01.xyz,-73.766706046977,0.050919550005,GFN2-xTB_single_point_on_RDKit_MMFF_geometry,success
EGFR__CHEMBL323630__state02,EGFR__CHEMBL323630,CHEMBL323630,EGFR,CHEMBL1145020,2,CN(C)C/C=C/C(O)=Nc1ccc2[nH]cc(C#N)c(=Nc3ccc(F)c(Cl)c3)c2c1,0,data/quantum/erbB_xyz/EGFR__CHEMBL323630__state02.xyz,-73.729354760042,0.037028947855,GFN2-xTB_single_point_on_RDKit_MMFF_geometry,success
EGFR__CHEMBL323630__state03,EGFR__CHEMBL323630,CHEMBL323630,EGFR,CHEMBL1145020,3,CN(C)C/C=C/C(O)=Nc1ccc2ncc(C#N)c(Nc3ccc(F)c(Cl)c3)c2c1,0,data/quantum/erbB_xyz/EGFR__CHEMBL323630__state03.xyz,-73.728405189330,0.043039672322,GFN2-xTB_single_point_on_RDKit_MMFF_geometry,success
EGFR__CHEMBL324030__state00,EGFR__CHEMBL324030,CHEMBL324030,EGFR,CHEMBL1126897,0,COc1cc(/C=C(\C#N)C(N)=O)cc(CSC2=NCCS2)c1O,0,data/quantum/erbB_xyz/EGFR__CHEMBL324030__state00.xyz,-58.467850618047,0.027797053313,GFN2-xTB_single_point_on_RDKit_MMFF_geometry,success
EGFR__CHEMBL324030__state01,EGFR__CHEMBL324030,CHEMBL324030,EGFR,CHEMBL1126897,1,COC1=CC(=CC(C#N)=C(N)O)C=C(CSC2=NCCS2)C1=O,0,data/quantum/erbB_xyz/EGFR__CHEMBL324030__state01.xyz,-58.471153316138,0.018480233131,GFN2-xTB_single_point_on_RDKit_MMFF_geometry,success
EGFR__CHEMBL324030__state02,EGFR__CHEMBL324030,CHEMBL324030,EGFR,CHEMBL1126897,2,COC1=CC(=CC(C#N)C(=N)O)C=C(CSC2=NCCS2)C1=O,0,data/quantum/erbB_xyz/EGFR__CHEMBL324030__state02.xyz,-58.489164823185,0.020737954341,GFN2-xTB_single_point_on_RDKit_MMFF_geometry,success
EGFR__CHEMBL324030__state03,EGFR__CHEMBL324030,CHEMBL324030,EGFR,CHEMBL1126897,3,COC1=CC(=CC(C#N)C(N)=O)C=C(CSC2=NCCS2)C1=O,0,data/quantum/erbB_xyz/EGFR__CHEMBL324030__state03.xyz,-58.462680391738,0.005201417290,GFN2-xTB_single_point_on_RDKit_MMFF_geometry,success
EGFR__CHEMBL324718__state00,EGFR__CHEMBL324718,CHEMBL324718,EGFR,CHEMBL1145020,0,C=CC(=O)Nc1cc2c(Nc3cccc(Br)c3)c(C#N)cnc2cc1OC,0,data/quantum/erbB_xyz/EGFR__CHEMBL324718__state00.xyz,-65.629398168907,0.039137288182,GFN2-xTB_single_point_on_RDKit_MMFF_geometry,success
EGFR__CHEMBL324718__state01,EGFR__CHEMBL324718,CHEMBL324718,EGFR,CHEMBL1145020,1,C=CC(=O)Nc1cc2c(=Nc3cccc(Br)c3)c(C#N)c[nH]c2cc1OC,0,data/quantum/erbB_xyz/EGFR__CHEMBL324718__state01.xyz,-65.639408491726,0.080682105735,GFN2-xTB_single_point_on_RDKit_MMFF_geometry,success
EGFR__CHEMBL324718__state02,EGFR__CHEMBL324718,CHEMBL324718,EGFR,CHEMBL1145020,2,C=CC(O)=Nc1cc2c(=Nc3cccc(Br)c3)c(C#N)c[nH]c2cc1OC,0,data/quantum/erbB_xyz/EGFR__CHEMBL324718__state02.xyz,-65.614782766560,0.065653733842,GFN2-xTB_single_point_on_RDKit_MMFF_geometry,success
EGFR__CHEMBL324718__state03,EGFR__CHEMBL324718,CHEMBL324718,EGFR,CHEMBL1145020,3,C=CC(O)=Nc1cc2c(Nc3cccc(Br)c3)c(C#N)cnc2cc1OC,0,data/quantum/erbB_xyz/EGFR__CHEMBL324718__state03.xyz,-65.615534951139,0.019582896993,GFN2-xTB_single_point_on_RDKit_MMFF_geometry,success
EGFR__CHEMBL326044__state00,EGFR__CHEMBL326044,CHEMBL326044,EGFR,CHEMBL1126897,0,COc1cc(/C=C(\C#N)C(N)=O)cc(CSCCCC(=O)O)c1O,0,data/quantum/erbB_xyz/EGFR__CHEMBL326044__state00.xyz,-62.430007275233,0.028922736976,GFN2-xTB_single_point_on_RDKit_MMFF_geometry,success
EGFR__CHEMBL326044__state01,EGFR__CHEMBL326044,CHEMBL326044,EGFR,CHEMBL1126897,1,COC1=CC(=CC(C#N)=C(N)O)C=C(CSCCC=C(O)O)C1=O,0,data/quantum/erbB_xyz/EGFR__CHEMBL326044__state01.xyz,-62.423094460734,0.036904554195,GFN2-xTB_single_point_on_RDKit_MMFF_geometry,success
EGFR__CHEMBL326044__state02,EGFR__CHEMBL326044,CHEMBL326044,EGFR,CHEMBL1126897,2,COC1=CC(=CC(C#N)=C(N)O)C=C(CSCCCC(=O)O)C1=O,0,data/quantum/erbB_xyz/EGFR__CHEMBL326044__state02.xyz,-62.454150312336,0.065396068116,GFN2-xTB_single_point_on_RDKit_MMFF_geometry,success
EGFR__CHEMBL326044__state03,EGFR__CHEMBL326044,CHEMBL326044,EGFR,CHEMBL1126897,3,COC1=CC(=CC(C#N)C(=N)O)C=C(CSCCC=C(O)O)C1=O,0,data/quantum/erbB_xyz/EGFR__CHEMBL326044__state03.xyz,-62.399677937914,0.048157141793,GFN2-xTB_single_point_on_RDKit_MMFF_geometry,success
EGFR__CHEMBL326100__state00,EGFR__CHEMBL326100,CHEMBL326100,EGFR,CHEMBL1136802,0,COc1cc(/C=C(\C#N)C(N)=O)cc(CSCc2ccccc2Cl)c1O,0,data/quantum/erbB_xyz/EGFR__CHEMBL326100__state00.xyz,-65.263072553555,0.026511524798,GFN2-xTB_single_point_on_RDKit_MMFF_geometry,success
EGFR__CHEMBL326100__state01,EGFR__CHEMBL326100,CHEMBL326100,EGFR,CHEMBL1136802,1,COC1=CC(=CC(C#N)=C(N)O)C=C(CSCc2ccccc2Cl)C1=O,0,data/quantum/erbB_xyz/EGFR__CHEMBL326100__state01.xyz,-65.272282624769,0.024737481097,GFN2-xTB_single_point_on_RDKit_MMFF_geometry,success
EGFR__CHEMBL326100__state02,EGFR__CHEMBL326100,CHEMBL326100,EGFR,CHEMBL1136802,2,COC1=CC(=CC(C#N)C(=N)O)C=C(CSCc2ccccc2Cl)C1=O,0,data/quantum/erbB_xyz/EGFR__CHEMBL326100__state02.xyz,-65.271080634472,0.016008022594,GFN2-xTB_single_point_on_RDKit_MMFF_geometry,success
EGFR__CHEMBL326100__state03,EGFR__CHEMBL326100,CHEMBL326100,EGFR,CHEMBL1136802,3,COC1=CC(=CC(C#N)C(N)=O)C=C(CSCc2ccccc2Cl)C1=O,0,data/quantum/erbB_xyz/EGFR__CHEMBL326100__state03.xyz,-65.260549592234,0.007460812261,GFN2-xTB_single_point_on_RDKit_MMFF_geometry,success
EGFR__CHEMBL326280__state00,EGFR__CHEMBL326280,CHEMBL326280,EGFR,CHEMBL1145020,0,COCC#CC(=O)Nc1cc2c(Nc3cccc(Br)c3)c(C#N)cnc2cc1OC,0,data/quantum/erbB_xyz/EGFR__CHEMBL326280__state00.xyz,-73.825514007536,0.037685285659,GFN2-xTB_single_point_on_RDKit_MMFF_geometry,success
EGFR__CHEMBL326280__state01,EGFR__CHEMBL326280,CHEMBL326280,EGFR,CHEMBL1145020,1,COCC#CC(=O)Nc1cc2c(=Nc3cccc(Br)c3)c(C#N)c[nH]c2cc1OC,0,data/quantum/erbB_xyz/EGFR__CHEMBL326280__state01.xyz,-73.841314067473,0.021677700950,GFN2-xTB_single_point_on_RDKit_MMFF_geometry,success
EGFR__CHEMBL326280__state02,EGFR__CHEMBL326280,CHEMBL326280,EGFR,CHEMBL1145020,2,COCC#CC(O)=Nc1cc2c(=Nc3cccc(Br)c3)c(C#N)c[nH]c2cc1OC,0,data/quantum/erbB_xyz/EGFR__CHEMBL326280__state02.xyz,-73.818956663584,0.019239097391,GFN2-xTB_single_point_on_RDKit_MMFF_geometry,success
EGFR__CHEMBL326280__state03,EGFR__CHEMBL326280,CHEMBL326280,EGFR,CHEMBL1145020,3,COCC#CC(O)=Nc1cc2c(Nc3cccc(Br)c3)c(C#N)cnc2cc1OC,0,data/quantum/erbB_xyz/EGFR__CHEMBL326280__state03.xyz,-73.805904578904,0.028145889813,GFN2-xTB_single_point_on_RDKit_MMFF_geometry,success
EGFR__CHEMBL327023__state00,EGFR__CHEMBL327023,CHEMBL327023,EGFR,CHEMBL1145020,0,N#Cc1cnc2ccc(NC(=O)C#CCN3CCSCC3)cc2c1Nc1cccc(Br)c1,0,data/quantum/erbB_xyz/EGFR__CHEMBL327023__state00.xyz,-76.011372802946,0.016101799514,GFN2-xTB_single_point_on_RDKit_MMFF_geometry,success
EGFR__CHEMBL327023__state01,EGFR__CHEMBL327023,CHEMBL327023,EGFR,CHEMBL1145020,1,N#Cc1c[nH]c2ccc(N=C(O)C#CCN3CCSCC3)cc2c1=Nc1cccc(Br)c1,0,data/quantum/erbB_xyz/EGFR__CHEMBL327023__state01.xyz,-76.015910083833,0.077575439119,GFN2-xTB_single_point_on_RDKit_MMFF_geometry,success
EGFR__CHEMBL327023__state02,EGFR__CHEMBL327023,CHEMBL327023,EGFR,CHEMBL1145020,2,N#Cc1c[nH]c2ccc(NC(=O)C#CCN3CCSCC3)cc2c1=Nc1cccc(Br)c1,0,data/quantum/erbB_xyz/EGFR__CHEMBL327023__state02.xyz,-76.025361397324,0.060259129854,GFN2-xTB_single_point_on_RDKit_MMFF_geometry,success
EGFR__CHEMBL327023__state03,EGFR__CHEMBL327023,CHEMBL327023,EGFR,CHEMBL1145020,3,N#Cc1cnc2ccc(N=C(O)C#CCN3CCSCC3)cc2c1Nc1cccc(Br)c1,0,data/quantum/erbB_xyz/EGFR__CHEMBL327023__state03.xyz,-75.983661148351,0.006433127243,GFN2-xTB_single_point_on_RDKit_MMFF_geometry,success
EGFR__CHEMBL327838__state00,EGFR__CHEMBL327838,CHEMBL327838,EGFR,CHEMBL1134561,0,COCCOCC#CC(=O)Nc1ccc2ncnc(Nc3cccc(Br)c3)c2c1,0,data/quantum/erbB_xyz/EGFR__CHEMBL327838__state00.xyz,-71.587997822243,0.081048028342,GFN2-xTB_single_point_on_RDKit_MMFF_geometry,success
EGFR__CHEMBL327838__state01,EGFR__CHEMBL327838,CHEMBL327838,EGFR,CHEMBL1134561,1,COCCOCC#CC(=O)Nc1ccc2[nH]cnc(=Nc3cccc(Br)c3)c2c1,0,data/quantum/erbB_xyz/EGFR__CHEMBL327838__state01.xyz,-71.649499268270,0.049211618967,GFN2-xTB_single_point_on_RDKit_MMFF_geometry,success
EGFR__CHEMBL327838__state02,EGFR__CHEMBL327838,CHEMBL327838,EGFR,CHEMBL1134561,2,COCCOCC#CC(=O)Nc1ccc2nc[nH]c(=Nc3cccc(Br)c3)c2c1,0,data/quantum/erbB_xyz/EGFR__CHEMBL327838__state02.xyz,-71.623735567383,0.041936473705,GFN2-xTB_single_point_on_RDKit_MMFF_geometry,success
EGFR__CHEMBL327838__state03,EGFR__CHEMBL327838,CHEMBL327838,EGFR,CHEMBL1134561,3,COCCOCC#CC(O)=Nc1ccc2[nH]cnc(=Nc3cccc(Br)c3)c2c1,0,data/quantum/erbB_xyz/EGFR__CHEMBL327838__state03.xyz,-71.617329437792,0.077398517952,GFN2-xTB_single_point_on_RDKit_MMFF_geometry,success
EGFR__CHEMBL328245__state00,EGFR__CHEMBL328245,CHEMBL328245,EGFR,CHEMBL1134561,0,CCCN(CC#CC(=O)Nc1ccc2ncnc(Nc3cccc(Br)c3)c2c1)CCC,0,data/quantum/erbB_xyz/EGFR__CHEMBL328245__state00.xyz,-72.518038296234,0.035094525691,GFN2-xTB_single_point_on_RDKit_MMFF_geometry,success
EGFR__CHEMBL328245__state01,EGFR__CHEMBL328245,CHEMBL328245,EGFR,CHEMBL1134561,1,CCCN(CC#CC(=O)Nc1ccc2[nH]cnc(=Nc3cccc(Br)c3)c2c1)CCC,0,data/quantum/erbB_xyz/EGFR__CHEMBL328245__state01.xyz,-72.524231947896,0.043207552356,GFN2-xTB_single_point_on_RDKit_MMFF_geometry,success
EGFR__CHEMBL328245__state02,EGFR__CHEMBL328245,CHEMBL328245,EGFR,CHEMBL1134561,2,CCCN(CC#CC(=O)Nc1ccc2nc[nH]c(=Nc3cccc(Br)c3)c2c1)CCC,0,data/quantum/erbB_xyz/EGFR__CHEMBL328245__state02.xyz,-72.523172255810,0.035633241880,GFN2-xTB_single_point_on_RDKit_MMFF_geometry,success
EGFR__CHEMBL328245__state03,EGFR__CHEMBL328245,CHEMBL328245,EGFR,CHEMBL1134561,3,CCCN(CC#CC(O)=Nc1ccc2[nH]cnc(=Nc3cccc(Br)c3)c2c1)CCC,0,data/quantum/erbB_xyz/EGFR__CHEMBL328245__state03.xyz,-72.513891521391,0.045535982484,GFN2-xTB_single_point_on_RDKit_MMFF_geometry,success
EGFR__CHEMBL32844__state00,EGFR__CHEMBL32844,CHEMBL32844,EGFR,CHEMBL1133162,0,C=CC(=O)Nc1cc2c(Nc3cccc(Br)c3)ncnc2cc1OCCCN1CCN(C)CC1,0,data/quantum/erbB_xyz/EGFR__CHEMBL32844__state00.xyz,-81.490186415481,0.073656547547,GFN2-xTB_single_point_on_RDKit_MMFF_geometry,success
EGFR__CHEMBL32844__state01,EGFR__CHEMBL32844,CHEMBL32844,EGFR,CHEMBL1133162,1,C=CC(=O)Nc1cc2c(=Nc3cccc(Br)c3)[nH]cnc2cc1OCCCN1CCN(C)CC1,0,data/quantum/erbB_xyz/EGFR__CHEMBL32844__state01.xyz,-81.490550128513,0.098631618622,GFN2-xTB_single_point_on_RDKit_MMFF_geometry,success
EGFR__CHEMBL32844__state02,EGFR__CHEMBL32844,CHEMBL32844,EGFR,CHEMBL1133162,2,C=CC(=O)Nc1cc2c(=Nc3cccc(Br)c3)nc[nH]c2cc1OCCCN1CCN(C)CC1,0,data/quantum/erbB_xyz/EGFR__CHEMBL32844__state02.xyz,-81.498582867131,0.014524038561,GFN2-xTB_single_point_on_RDKit_MMFF_geometry,success
EGFR__CHEMBL32844__state03,EGFR__CHEMBL32844,CHEMBL32844,EGFR,CHEMBL1133162,3,C=CC(O)=Nc1cc2c(=Nc3cccc(Br)c3)[nH]cnc2cc1OCCCN1CCN(C)CC1,0,data/quantum/erbB_xyz/EGFR__CHEMBL32844__state03.xyz,-81.474967473379,0.016257621403,GFN2-xTB_single_point_on_RDKit_MMFF_geometry,success
EGFR__CHEMBL328704__state00,EGFR__CHEMBL328704,CHEMBL328704,EGFR,CHEMBL1134561,0,CCN(CC)CC#CC(=O)Nc1ccc2ncnc(Nc3cccc(Br)c3)c2c1,0,data/quantum/erbB_xyz/EGFR__CHEMBL328704__state00.xyz,-68.411470930888,0.023434521102,GFN2-xTB_single_point_on_RDKit_MMFF_geometry,success
EGFR__CHEMBL328704__state01,EGFR__CHEMBL328704,CHEMBL328704,EGFR,CHEMBL1134561,1,CCN(CC)CC#CC(=O)Nc1ccc2[nH]cnc(=Nc3cccc(Br)c3)c2c1,0,data/quantum/erbB_xyz/EGFR__CHEMBL328704__state01.xyz,-68.431640861454,0.016800001251,GFN2-xTB_single_point_on_RDKit_MMFF_geometry,success
EGFR__CHEMBL328704__state02,EGFR__CHEMBL328704,CHEMBL328704,EGFR,CHEMBL1134561,2,CCN(CC)CC#CC(=O)Nc1ccc2nc[nH]c(=Nc3cccc(Br)c3)c2c1,0,data/quantum/erbB_xyz/EGFR__CHEMBL328704__state02.xyz,-68.424594416810,0.014633860870,GFN2-xTB_single_point_on_RDKit_MMFF_geometry,success
EGFR__CHEMBL328704__state03,EGFR__CHEMBL328704,CHEMBL328704,EGFR,CHEMBL1134561,3,CCN(CC)CC#CC(O)=Nc1ccc2[nH]cnc(=Nc3cccc(Br)c3)c2c1,0,data/quantum/erbB_xyz/EGFR__CHEMBL328704__state03.xyz,-68.415144877059,0.046010362813,GFN2-xTB_single_point_on_RDKit_MMFF_geometry,success
EGFR__CHEMBL328977__state00,EGFR__CHEMBL328977,CHEMBL328977,EGFR,CHEMBL1134561,0,O=C(C#CCN1CCSCC1)Nc1ccc2ncnc(Nc3cccc(Br)c3)c2c1,0,data/quantum/erbB_xyz/EGFR__CHEMBL328977__state00.xyz,-71.786043759507,0.034382172854,GFN2-xTB_single_point_on_RDKit_MMFF_geometry,success
EGFR__CHEMBL328977__state01,EGFR__CHEMBL328977,CHEMBL328977,EGFR,CHEMBL1134561,1,O=C(C#CCN1CCSCC1)Nc1ccc2[nH]cnc(=Nc3cccc(Br)c3)c2c1,0,data/quantum/erbB_xyz/EGFR__CHEMBL328977__state01.xyz,-71.784517132587,0.071213641582,GFN2-xTB_single_point_on_RDKit_MMFF_geometry,success
EGFR__CHEMBL328977__state02,EGFR__CHEMBL328977,CHEMBL328977,EGFR,CHEMBL1134561,2,O=C(C#CCN1CCSCC1)Nc1ccc2nc[nH]c(=Nc3cccc(Br)c3)c2c1,0,data/quantum/erbB_xyz/EGFR__CHEMBL328977__state02.xyz,-71.782504682578,0.061647563482,GFN2-xTB_single_point_on_RDKit_MMFF_geometry,success
EGFR__CHEMBL328977__state03,EGFR__CHEMBL328977,CHEMBL328977,EGFR,CHEMBL1134561,3,OC(C#CCN1CCSCC1)=Nc1ccc2[nH]cnc(=Nc3cccc(Br)c3)c2c1,0,data/quantum/erbB_xyz/EGFR__CHEMBL328977__state03.xyz,-71.788426658817,0.049025771595,GFN2-xTB_single_point_on_RDKit_MMFF_geometry,success
EGFR__CHEMBL329642__state00,EGFR__CHEMBL329642,CHEMBL329642,EGFR,CHEMBL1134561,0,C/C=C\C(=O)Nc1ccc2ncnc(Nc3cccc(Br)c3)c2c1,0,data/quantum/erbB_xyz/EGFR__CHEMBL329642__state00.xyz,-57.342433962441,0.157929310651,GFN2-xTB_single_point_on_RDKit_MMFF_geometry,success
EGFR__CHEMBL329642__state01,EGFR__CHEMBL329642,CHEMBL329642,EGFR,CHEMBL1134561,1,C/C=C\C(=O)Nc1ccc2[nH]cnc(=Nc3cccc(Br)c3)c2c1,0,data/quantum/erbB_xyz/EGFR__CHEMBL329642__state01.xyz,-57.359426861323,0.304490286811,GFN2-xTB_single_point_on_RDKit_MMFF_geometry,success
EGFR__CHEMBL329642__state02,EGFR__CHEMBL329642,CHEMBL329642,EGFR,CHEMBL1134561,2,C/C=C\C(=O)Nc1ccc2nc[nH]c(=Nc3cccc(Br)c3)c2c1,0,data/quantum/erbB_xyz/EGFR__CHEMBL329642__state02.xyz,-57.356467024852,0.168338680237,GFN2-xTB_single_point_on_RDKit_MMFF_geometry,success
EGFR__CHEMBL329642__state03,EGFR__CHEMBL329642,CHEMBL329642,EGFR,CHEMBL1134561,3,C/C=C\C(O)=Nc1ccc2[nH]cnc(=Nc3cccc(Br)c3)c2c1,0,data/quantum/erbB_xyz/EGFR__CHEMBL329642__state03.xyz,-57.335961707293,0.084705920530,GFN2-xTB_single_point_on_RDKit_MMFF_geometry,success
EGFR__CHEMBL329856__state00,EGFR__CHEMBL329856,CHEMBL329856,EGFR,CHEMBL1134561,0,CN(C)CC#CC(=O)Nc1ccc2ncnc(Nc3cccc(Br)c3)c2c1,0,data/quantum/erbB_xyz/EGFR__CHEMBL329856__state00.xyz,-64.329258367536,0.036354006039,GFN2-xTB_single_point_on_RDKit_MMFF_geometry,success
EGFR__CHEMBL329856__state01,EGFR__CHEMBL329856,CHEMBL329856,EGFR,CHEMBL1134561,1,CN(C)CC#CC(=O)Nc1ccc2[nH]cnc(=Nc3cccc(Br)c3)c2c1,0,data/quantum/erbB_xyz/EGFR__CHEMBL329856__state01.xyz,-64.339845375150,0.055922647671,GFN2-xTB_single_point_on_RDKit_MMFF_geometry,success
EGFR__CHEMBL329856__state02,EGFR__CHEMBL329856,CHEMBL329856,EGFR,CHEMBL1134561,2,CN(C)CC#CC(=O)Nc1ccc2nc[nH]c(=Nc3cccc(Br)c3)c2c1,0,data/quantum/erbB_xyz/EGFR__CHEMBL329856__state02.xyz,-64.331650515898,0.043231499707,GFN2-xTB_single_point_on_RDKit_MMFF_geometry,success
EGFR__CHEMBL329856__state03,EGFR__CHEMBL329856,CHEMBL329856,EGFR,CHEMBL1134561,3,CN(C)CC#CC(O)=Nc1ccc2[nH]cnc(=Nc3cccc(Br)c3)c2c1,0,data/quantum/erbB_xyz/EGFR__CHEMBL329856__state03.xyz,-64.313197404970,0.022940049875,GFN2-xTB_single_point_on_RDKit_MMFF_geometry,success
EGFR__CHEMBL331026__state00,EGFR__CHEMBL331026,CHEMBL331026,EGFR,CHEMBL1136802,0,COc1cc(/C=C(\C#N)C(N)=O)cc(CSc2nc3ccccc3[nH]2)c1O,0,data/quantum/erbB_xyz/EGFR__CHEMBL331026__state00.xyz,-66.620797418732,0.017179459979,GFN2-xTB_single_point_on_RDKit_MMFF_geometry,success
EGFR__CHEMBL331026__state01,EGFR__CHEMBL331026,CHEMBL331026,EGFR,CHEMBL1136802,1,COC1=CC(=CC(C#N)=C(N)O)C=C(CSc2nc3ccccc3[nH]2)C1=O,0,data/quantum/erbB_xyz/EGFR__CHEMBL331026__state01.xyz,-66.628564985332,0.040229236321,GFN2-xTB_single_point_on_RDKit_MMFF_geometry,success
EGFR__CHEMBL331026__state02,EGFR__CHEMBL331026,CHEMBL331026,EGFR,CHEMBL1136802,2,COC1=CC(=CC(C#N)C(=N)O)C=C(CSc2nc3ccccc3[nH]2)C1=O,0,data/quantum/erbB_xyz/EGFR__CHEMBL331026__state02.xyz,-66.626663889495,0.014554110219,GFN2-xTB_single_point_on_RDKit_MMFF_geometry,success
EGFR__CHEMBL331026__state03,EGFR__CHEMBL331026,CHEMBL331026,EGFR,CHEMBL1136802,3,COC1=CC(=CC(C#N)C(N)=O)C=C(CSc2nc3ccccc3[nH]2)C1=O,0,data/quantum/erbB_xyz/EGFR__CHEMBL331026__state03.xyz,-66.620878399895,0.030506134405,GFN2-xTB_single_point_on_RDKit_MMFF_geometry,success
EGFR__CHEMBL333454__state00,EGFR__CHEMBL333454,CHEMBL333454,EGFR,CHEMBL1126897,0,COc1cc(/C=C(\C#N)C(N)=O)cc(CSc2ccc(C)cc2)c1O,0,data/quantum/erbB_xyz/EGFR__CHEMBL333454__state00.xyz,-60.582491461262,0.019929256050,GFN2-xTB_single_point_on_RDKit_MMFF_geometry,success
EGFR__CHEMBL333454__state01,EGFR__CHEMBL333454,CHEMBL333454,EGFR,CHEMBL1126897,1,COC1=CC(=CC(C#N)=C(N)O)C=C(CSc2ccc(C)cc2)C1=O,0,data/quantum/erbB_xyz/EGFR__CHEMBL333454__state01.xyz,-60.586886802629,0.038726790515,GFN2-xTB_single_point_on_RDKit_MMFF_geometry,success
EGFR__CHEMBL333454__state02,EGFR__CHEMBL333454,CHEMBL333454,EGFR,CHEMBL1126897,2,COC1=CC(=CC(C#N)C(=N)O)C=C(CSc2ccc(C)cc2)C1=O,0,data/quantum/erbB_xyz/EGFR__CHEMBL333454__state02.xyz,-60.581450499250,0.053413291084,GFN2-xTB_single_point_on_RDKit_MMFF_geometry,success
EGFR__CHEMBL333454__state03,EGFR__CHEMBL333454,CHEMBL333454,EGFR,CHEMBL1126897,3,COC1=CC(=CC(C#N)C(N)=O)C=C(CSc2ccc(C)cc2)C1=O,0,data/quantum/erbB_xyz/EGFR__CHEMBL333454__state03.xyz,-60.574958501451,0.017856774413,GFN2-xTB_single_point_on_RDKit_MMFF_geometry,success
EGFR__CHEMBL334697__state00,EGFR__CHEMBL334697,CHEMBL334697,EGFR,CHEMBL1134843,0,C=CC(=O)N(C)c1cc2c(Nc3cccc(Br)c3)ncnc2cn1,0,data/quantum/erbB_xyz/EGFR__CHEMBL334697__state00.xyz,-58.182142312414,0.054039763956,GFN2-xTB_single_point_on_RDKit_MMFF_geometry,success
EGFR__CHEMBL334697__state01,EGFR__CHEMBL334697,CHEMBL334697,EGFR,CHEMBL1134843,1,C=CC(=O)N(C)c1cc2c(=Nc3cccc(Br)c3)[nH]cnc2cn1,0,data/quantum/erbB_xyz/EGFR__CHEMBL334697__state01.xyz,-58.200078058559,0.117240158469,GFN2-xTB_single_point_on_RDKit_MMFF_geometry,success
EGFR__CHEMBL334697__state02,EGFR__CHEMBL334697,CHEMBL334697,EGFR,CHEMBL1134843,2,C=CC(=O)N(C)c1cc2c(=Nc3cccc(Br)c3)nc[nH]c2cn1,0,data/quantum/erbB_xyz/EGFR__CHEMBL334697__state02.xyz,-58.209866414710,0.170115038944,GFN2-xTB_single_point_on_RDKit_MMFF_geometry,success
EGFR__CHEMBL334801__state00,EGFR__CHEMBL334801,CHEMBL334801,EGFR,CHEMBL1134843,0,CN(C)CCCNC(=O)/C=C/C(=O)Nc1cc2c(Nc3cccc(Br)c3)ncnc2cn1,0,data/quantum/erbB_xyz/EGFR__CHEMBL334801__state00.xyz,-78.332207753853,0.021696183278,GFN2-xTB_single_point_on_RDKit_MMFF_geometry,success
EGFR__CHEMBL334801__state01,EGFR__CHEMBL334801,CHEMBL334801,EGFR,CHEMBL1134843,1,CN(C)CCCN=C(O)/C=C/C(=O)N=c1cc2c(Nc3cccc(Br)c3)ncnc2c[nH]1,0,data/quantum/erbB_xyz/EGFR__CHEMBL334801__state01.xyz,-78.283601567889,0.021840740593,GFN2-xTB_single_point_on_RDKit_MMFF_geometry,success
EGFR__CHEMBL334801__state02,EGFR__CHEMBL334801,CHEMBL334801,EGFR,CHEMBL1134843,2,CN(C)CCCN=C(O)/C=C/C(=O)Nc1cc2c(=Nc3cccc(Br)c3)[nH]cnc2cn1,0,data/quantum/erbB_xyz/EGFR__CHEMBL334801__state02.xyz,-78.291882839613,0.015353900176,GFN2-xTB_single_point_on_RDKit_MMFF_geometry,success
EGFR__CHEMBL334801__state03,EGFR__CHEMBL334801,CHEMBL334801,EGFR,CHEMBL1134843,3,CN(C)CCCN=C(O)/C=C/C(=O)Nc1cc2c(=Nc3cccc(Br)c3)nc[nH]c2cn1,0,data/quantum/erbB_xyz/EGFR__CHEMBL334801__state03.xyz,-78.317128534097,0.045101121892,GFN2-xTB_single_point_on_RDKit_MMFF_geometry,success
EGFR__CHEMBL342828__state00,EGFR__CHEMBL342828,CHEMBL342828,EGFR,CHEMBL1134843,0,O=C(/C=C/C(=O)Nc1cc2c(Nc3cccc(Br)c3)ncnc2cn1)NCCCn1ccnc1,0,data/quantum/erbB_xyz/EGFR__CHEMBL342828__state00.xyz,-83.455200318078,0.065632084746,GFN2-xTB_single_point_on_RDKit_MMFF_geometry,success
EGFR__CHEMBL342828__state01,EGFR__CHEMBL342828,CHEMBL342828,EGFR,CHEMBL1134843,1,O=C(/C=C/C(=O)NCCCn1ccnc1)N=c1cc2c(Nc3cccc(Br)c3)ncnc2c[nH]1,0,data/quantum/erbB_xyz/EGFR__CHEMBL342828__state01.xyz,-83.467117402506,0.055981236920,GFN2-xTB_single_point_on_RDKit_MMFF_geometry,success
EGFR__CHEMBL342828__state02,EGFR__CHEMBL342828,CHEMBL342828,EGFR,CHEMBL1134843,2,O=C(/C=C/C(=O)Nc1cc2c(=Nc3cccc(Br)c3)[nH]cnc2cn1)NCCCn1ccnc1,0,data/quantum/erbB_xyz/EGFR__CHEMBL342828__state02.xyz,-83.463041099576,0.094606491584,GFN2-xTB_single_point_on_RDKit_MMFF_geometry,success
EGFR__CHEMBL342828__state03,EGFR__CHEMBL342828,CHEMBL342828,EGFR,CHEMBL1134843,3,O=C(/C=C/C(=O)Nc1cc2c(=Nc3cccc(Br)c3)nc[nH]c2cn1)NCCCn1ccnc1,0,data/quantum/erbB_xyz/EGFR__CHEMBL342828__state03.xyz,-83.464823613172,0.054830746019,GFN2-xTB_single_point_on_RDKit_MMFF_geometry,success
EGFR__CHEMBL343722__state00,EGFR__CHEMBL343722,CHEMBL343722,EGFR,CHEMBL1134843,0,C=C=CC(=O)Nc1ccc2ncnc(Nc3cccc(Br)c3)c2c1,0,data/quantum/erbB_xyz/EGFR__CHEMBL343722__state00.xyz,-57.398900811299,0.092609562603,GFN2-xTB_single_point_on_RDKit_MMFF_geometry,success
EGFR__CHEMBL343722__state01,EGFR__CHEMBL343722,CHEMBL343722,EGFR,CHEMBL1134843,1,C=C=CC(=O)Nc1ccc2[nH]cnc(=Nc3cccc(Br)c3)c2c1,0,data/quantum/erbB_xyz/EGFR__CHEMBL343722__state01.xyz,-57.406359138395,0.109374296988,GFN2-xTB_single_point_on_RDKit_MMFF_geometry,success
EGFR__CHEMBL343722__state02,EGFR__CHEMBL343722,CHEMBL343722,EGFR,CHEMBL1134843,2,C=C=CC(=O)Nc1ccc2nc[nH]c(=Nc3cccc(Br)c3)c2c1,0,data/quantum/erbB_xyz/EGFR__CHEMBL343722__state02.xyz,-57.406346444147,0.115574629475,GFN2-xTB_single_point_on_RDKit_MMFF_geometry,success
EGFR__CHEMBL343722__state03,EGFR__CHEMBL343722,CHEMBL343722,EGFR,CHEMBL1134843,3,C=C=CC(O)=Nc1ccc2[nH]cnc(=Nc3cccc(Br)c3)c2c1,0,data/quantum/erbB_xyz/EGFR__CHEMBL343722__state03.xyz,-57.383997961463,0.032905880322,GFN2-xTB_single_point_on_RDKit_MMFF_geometry,success
EGFR__CHEMBL343875__state00,EGFR__CHEMBL343875,CHEMBL343875,EGFR,CHEMBL1136802,0,CCOc1ccc2sc(SCc3cc(/C=C(\C#N)C(N)=O)cc(OC)c3O)nc2c1,0,data/quantum/erbB_xyz/EGFR__CHEMBL343875__state00.xyz,-75.106453352315,0.013632568748,GFN2-xTB_single_point_on_RDKit_MMFF_geometry,success
EGFR__CHEMBL343875__state01,EGFR__CHEMBL343875,CHEMBL343875,EGFR,CHEMBL1136802,1,CCOc1ccc2sc(SCC3=CC(=CC(C#N)=C(N)O)C=C(OC)C3=O)nc2c1,0,data/quantum/erbB_xyz/EGFR__CHEMBL343875__state01.xyz,-75.109701477256,0.018244232986,GFN2-xTB_single_point_on_RDKit_MMFF_geometry,success
EGFR__CHEMBL343875__state02,EGFR__CHEMBL343875,CHEMBL343875,EGFR,CHEMBL1136802,2,CCOc1ccc2sc(SCC3=CC(=CC(C#N)C(=N)O)C=C(OC)C3=O)nc2c1,0,data/quantum/erbB_xyz/EGFR__CHEMBL343875__state02.xyz,-75.107246892426,0.012912489397,GFN2-xTB_single_point_on_RDKit_MMFF_geometry,success
EGFR__CHEMBL343875__state03,EGFR__CHEMBL343875,CHEMBL343875,EGFR,CHEMBL1136802,3,CCOc1ccc2sc(SCC3=CC(=CC(C#N)C(N)=O)C=C(OC)C3=O)nc2c1,0,data/quantum/erbB_xyz/EGFR__CHEMBL343875__state03.xyz,-75.103617293096,0.007372365057,GFN2-xTB_single_point_on_RDKit_MMFF_geometry,success
EGFR__CHEMBL344177__state00,EGFR__CHEMBL344177,CHEMBL344177,EGFR,CHEMBL1134843,0,O=C(/C=C/Cl)Nc1cc2c(Nc3cccc(Br)c3)ncnc2cn1,0,data/quantum/erbB_xyz/EGFR__CHEMBL344177__state00.xyz,-60.817227971190,0.276771935880,GFN2-xTB_single_point_on_RDKit_MMFF_geometry,success
EGFR__CHEMBL344177__state01,EGFR__CHEMBL344177,CHEMBL344177,EGFR,CHEMBL1134843,1,O=C(/C=C/Cl)N=c1cc2c(=Nc3cccc(Br)c3)[nH]cnc2c[nH]1,0,data/quantum/erbB_xyz/EGFR__CHEMBL344177__state01.xyz,-60.837034487815,0.152078921807,GFN2-xTB_single_point_on_RDKit_MMFF_geometry,success
EGFR__CHEMBL344177__state02,EGFR__CHEMBL344177,CHEMBL344177,EGFR,CHEMBL1134843,2,O=C(/C=C/Cl)N=c1cc2c(=Nc3cccc(Br)c3)nc[nH]c2c[nH]1,0,data/quantum/erbB_xyz/EGFR__CHEMBL344177__state02.xyz,-60.840519849116,0.272750119861,GFN2-xTB_single_point_on_RDKit_MMFF_geometry,success
EGFR__CHEMBL344177__state03,EGFR__CHEMBL344177,CHEMBL344177,EGFR,CHEMBL1134843,3,O=C(/C=C/Cl)N=c1cc2c(Nc3cccc(Br)c3)ncnc2c[nH]1,0,data/quantum/erbB_xyz/EGFR__CHEMBL344177__state03.xyz,-60.836087757514,0.240432567641,GFN2-xTB_single_point_on_RDKit_MMFF_geometry,success
EGFR__CHEMBL344486__state00,EGFR__CHEMBL344486,CHEMBL344486,EGFR,CHEMBL1134843,0,CCOC(=O)/C=C/C(=O)Nc1ccc2ncnc(Nc3cccc(Br)c3)c2c1,0,data/quantum/erbB_xyz/EGFR__CHEMBL344486__state00.xyz,-69.654754797959,0.053403358369,GFN2-xTB_single_point_on_RDKit_MMFF_geometry,success
EGFR__CHEMBL344486__state01,EGFR__CHEMBL344486,CHEMBL344486,EGFR,CHEMBL1134843,1,CCOC(=O)/C=C/C(=O)Nc1ccc2[nH]cnc(=Nc3cccc(Br)c3)c2c1,0,data/quantum/erbB_xyz/EGFR__CHEMBL344486__state01.xyz,-69.667575949063,0.039676428918,GFN2-xTB_single_point_on_RDKit_MMFF_geometry,success
EGFR__CHEMBL344486__state02,EGFR__CHEMBL344486,CHEMBL344486,EGFR,CHEMBL1134843,2,CCOC(=O)/C=C/C(=O)Nc1ccc2nc[nH]c(=Nc3cccc(Br)c3)c2c1,0,data/quantum/erbB_xyz/EGFR__CHEMBL344486__state02.xyz,-69.659396036716,0.055043826557,GFN2-xTB_single_point_on_RDKit_MMFF_geometry,success
EGFR__CHEMBL344486__state03,EGFR__CHEMBL344486,CHEMBL344486,EGFR,CHEMBL1134843,3,CCOC(=O)/C=C/C(O)=Nc1ccc2[nH]cnc(=Nc3cccc(Br)c3)c2c1,0,data/quantum/erbB_xyz/EGFR__CHEMBL344486__state03.xyz,-69.641222440799,0.028343214914,GFN2-xTB_single_point_on_RDKit_MMFF_geometry,success
EGFR__CHEMBL345109__state00,EGFR__CHEMBL345109,CHEMBL345109,EGFR,CHEMBL1134843,0,CN(C)CCCNC(=O)/C=C/C(=O)Nc1ccc2ncnc(Nc3cccc(Br)c3)c2c1,0,data/quantum/erbB_xyz/EGFR__CHEMBL345109__state00.xyz,-77.440933534345,0.020608339280,GFN2-xTB_single_point_on_RDKit_MMFF_geometry,success
EGFR__CHEMBL345109__state01,EGFR__CHEMBL345109,CHEMBL345109,EGFR,CHEMBL1134843,1,CN(C)CCCN=C(O)/C=C/C(=O)Nc1ccc2[nH]cnc(=Nc3cccc(Br)c3)c2c1,0,data/quantum/erbB_xyz/EGFR__CHEMBL345109__state01.xyz,-77.426065959000,0.012465112625,GFN2-xTB_single_point_on_RDKit_MMFF_geometry,success
EGFR__CHEMBL345109__state02,EGFR__CHEMBL345109,CHEMBL345109,EGFR,CHEMBL1134843,2,CN(C)CCCN=C(O)/C=C/C(=O)Nc1ccc2nc[nH]c(=Nc3cccc(Br)c3)c2c1,0,data/quantum/erbB_xyz/EGFR__CHEMBL345109__state02.xyz,-77.416913368077,0.022834301122,GFN2-xTB_single_point_on_RDKit_MMFF_geometry,success
EGFR__CHEMBL345109__state03,EGFR__CHEMBL345109,CHEMBL345109,EGFR,CHEMBL1134843,3,CN(C)CCCN=C(O)/C=C/C(=O)Nc1ccc2ncnc(Nc3cccc(Br)c3)c2c1,0,data/quantum/erbB_xyz/EGFR__CHEMBL345109__state03.xyz,-77.411025993625,0.018626981680,GFN2-xTB_single_point_on_RDKit_MMFF_geometry,success
EGFR__CHEMBL347074__state00,EGFR__CHEMBL347074,CHEMBL347074,EGFR,CHEMBL1132535,0,Cc1c(CCC(=O)O)c[nH]c1/C=C1\C(=O)Nc2cc(-c3ccccc3)ccc21,0,data/quantum/erbB_xyz/EGFR__CHEMBL347074__state00.xyz,-65.941336317619,0.006844311802,GFN2-xTB_single_point_on_RDKit_MMFF_geometry,success
EGFR__CHEMBL347074__state01,EGFR__CHEMBL347074,CHEMBL347074,EGFR,CHEMBL1132535,1,C=c1c(CC=C(O)O)c[nH]c1=Cc1c(O)[nH]c2cc(-c3ccccc3)ccc12,0,data/quantum/erbB_xyz/EGFR__CHEMBL347074__state01.xyz,-65.904993789671,0.006233398743,GFN2-xTB_single_point_on_RDKit_MMFF_geometry,success
EGFR__CHEMBL347074__state02,EGFR__CHEMBL347074,CHEMBL347074,EGFR,CHEMBL1132535,2,C=c1c(CCC(=O)O)c[nH]c1=CC1C(=O)Nc2cc(-c3ccccc3)ccc21,0,data/quantum/erbB_xyz/EGFR__CHEMBL347074__state02.xyz,-65.920268819567,0.006921854520,GFN2-xTB_single_point_on_RDKit_MMFF_geometry,success
EGFR__CHEMBL347074__state03,EGFR__CHEMBL347074,CHEMBL347074,EGFR,CHEMBL1132535,3,C=c1c(CCC(=O)O)c[nH]c1=Cc1c(O)[nH]c2cc(-c3ccccc3)ccc12,0,data/quantum/erbB_xyz/EGFR__CHEMBL347074__state03.xyz,-65.918322896390,0.007856388256,GFN2-xTB_single_point_on_RDKit_MMFF_geometry,success
EGFR__CHEMBL357161__state00,EGFR__CHEMBL357161,CHEMBL357161,EGFR,CHEMBL1129590,0,N#C/C(=C\c1ccc(O)c(O)c1)C(=O)NCC1CCCC(CNC(=O)/C(C#N)=C/c2ccc(O)c(O)c2)C1,0,data/quantum/erbB_xyz/EGFR__CHEMBL357161__state00.xyz,-94.215306459669,0.068477455852,GFN2-xTB_single_point_on_RDKit_MMFF_geometry,success
EGFR__CHEMBL357161__state01,EGFR__CHEMBL357161,CHEMBL357161,EGFR,CHEMBL1129590,1,N#C/C(=C\C1=CC(O)C(=O)C=C1)C(=O)NCC1CCCC(CNC(=O)/C(C#N)=C/c2ccc(O)c(O)c2)C1,0,data/quantum/erbB_xyz/EGFR__CHEMBL357161__state01.xyz,-94.228161974140,0.134411063943,GFN2-xTB_single_point_on_RDKit_MMFF_geometry,success
EGFR__CHEMBL357161__state02,EGFR__CHEMBL357161,CHEMBL357161,EGFR,CHEMBL1129590,2,N#C/C(=C\c1ccc(O)c(O)c1)C(=O)NCC1CCCC(CN=C(O)/C(C#N)=C/c2ccc(O)c(O)c2)C1,0,data/quantum/erbB_xyz/EGFR__CHEMBL357161__state02.xyz,-94.179480910664,0.055345595532,GFN2-xTB_single_point_on_RDKit_MMFF_geometry,success
EGFR__CHEMBL357161__state03,EGFR__CHEMBL357161,CHEMBL357161,EGFR,CHEMBL1129590,3,N#C/C(=C\c1ccc(O)c(O)c1)C(=O)NCC1CCCC(CNC(=O)C(C#N)C=C2C=CC(=O)C(O)=C2)C1,0,data/quantum/erbB_xyz/EGFR__CHEMBL357161__state03.xyz,-94.191845549595,0.044921524473,GFN2-xTB_single_point_on_RDKit_MMFF_geometry,success
EGFR__CHEMBL357400__state00,EGFR__CHEMBL357400,CHEMBL357400,EGFR,CHEMBL1129590,0,COc1cc(/C=C(\C#N)C(=O)NCCCCNC(=O)/C(C#N)=C/c2cc(Br)c(O)c(OC)c2)cc(Br)c1O,0,data/quantum/erbB_xyz/EGFR__CHEMBL357400__state00.xyz,-98.343626230890,0.011803348398,GFN2-xTB_single_point_on_RDKit_MMFF_geometry,success
EGFR__CHEMBL357400__state01,EGFR__CHEMBL357400,CHEMBL357400,EGFR,CHEMBL1129590,1,COC1=CC(=CC(C#N)=C(O)NCCCCN=C(O)C(C#N)=CC2=CC(Br)C(=O)C(OC)=C2)C=C(Br)C1=O,0,data/quantum/erbB_xyz/EGFR__CHEMBL357400__state01.xyz,-98.322668637137,0.022702083504,GFN2-xTB_single_point_on_RDKit_MMFF_geometry,success
EGFR__CHEMBL357400__state02,EGFR__CHEMBL357400,CHEMBL357400,EGFR,CHEMBL1129590,2,COC1=CC(=CC(C#N)=C(O)NCCCCN=C(O)C(C#N)=Cc2cc(Br)c(O)c(OC)c2)C=C(Br)C1=O,0,data/quantum/erbB_xyz/EGFR__CHEMBL357400__state02.xyz,-98.316389598379,0.013487628655,GFN2-xTB_single_point_on_RDKit_MMFF_geometry,success
EGFR__CHEMBL357400__state03,EGFR__CHEMBL357400,CHEMBL357400,EGFR,CHEMBL1129590,3,COC1=CC(=CC(C#N)=C(O)NCCCCNC(=O)C(C#N)=CC2=CC(Br)C(=O)C(OC)=C2)C=C(Br)C1=O,0,data/quantum/erbB_xyz/EGFR__CHEMBL357400__state03.xyz,-98.333329323664,0.013857493634,GFN2-xTB_single_point_on_RDKit_MMFF_geometry,success
EGFR__CHEMBL358494__state00,EGFR__CHEMBL358494,CHEMBL358494,EGFR,CHEMBL1129590,0,N#C/C(=C\c1ccc(O)c(O)c1)C(=O)N1CCN(C(=O)/C(C#N)=C/c2ccc(O)c(O)c2)CC1,0,data/quantum/erbB_xyz/EGFR__CHEMBL358494__state00.xyz,-85.989453770325,0.008190719305,GFN2-xTB_single_point_on_RDKit_MMFF_geometry,success
EGFR__CHEMBL358494__state01,EGFR__CHEMBL358494,CHEMBL358494,EGFR,CHEMBL1129590,1,N#C/C(=C\C1=CC(O)C(=O)C=C1)C(=O)N1CCN(C(=O)/C(C#N)=C/c2ccc(O)c(O)c2)CC1,0,data/quantum/erbB_xyz/EGFR__CHEMBL358494__state01.xyz,-85.993581331455,0.009585667496,GFN2-xTB_single_point_on_RDKit_MMFF_geometry,success
EGFR__CHEMBL358494__state02,EGFR__CHEMBL358494,CHEMBL358494,EGFR,CHEMBL1129590,2,N#C/C(=C\c1ccc(O)c(O)c1)C(=O)N1CCN(C(=O)C(C#N)C=C2C=CC(=O)C(O)=C2)CC1,0,data/quantum/erbB_xyz/EGFR__CHEMBL358494__state02.xyz,-85.981030160919,0.007432243981,GFN2-xTB_single_point_on_RDKit_MMFF_geometry,success
EGFR__CHEMBL358494__state03,EGFR__CHEMBL358494,CHEMBL358494,EGFR,CHEMBL1129590,3,N#CC(=CC1=CC(=O)C(O)C=C1)C(=O)N1CCN(C(=O)C(C#N)=Cc2ccc(O)c(O)c2)CC1,0,data/quantum/erbB_xyz/EGFR__CHEMBL358494__state03.xyz,-86.012486393404,0.039496168450,GFN2-xTB_single_point_on_RDKit_MMFF_geometry,success
EGFR__CHEMBL358728__state00,EGFR__CHEMBL358728,CHEMBL358728,EGFR,CHEMBL1132535,0,COc1cccc(-c2ccc3c(c2)NC(=O)/C3=C\c2[nH]c(C)c(CCC(=O)O)c2C)c1,0,data/quantum/erbB_xyz/EGFR__CHEMBL358728__state00.xyz,-74.084814754798,0.055855167662,GFN2-xTB_single_point_on_RDKit_MMFF_geometry,success
EGFR__CHEMBL358728__state01,EGFR__CHEMBL358728,CHEMBL358728,EGFR,CHEMBL1132535,1,C=c1c(CC=C(O)O)c(C)[nH]c1=CC1C(=O)Nc2cc(-c3cccc(OC)c3)ccc21,0,data/quantum/erbB_xyz/EGFR__CHEMBL358728__state01.xyz,-74.043242703493,0.047766108219,GFN2-xTB_single_point_on_RDKit_MMFF_geometry,success
EGFR__CHEMBL358728__state02,EGFR__CHEMBL358728,CHEMBL358728,EGFR,CHEMBL1132535,2,C=c1c(CC=C(O)O)c(C)[nH]c1=Cc1c(O)[nH]c2cc(-c3cccc(OC)c3)ccc12,0,data/quantum/erbB_xyz/EGFR__CHEMBL358728__state02.xyz,-74.044673153974,0.055666723803,GFN2-xTB_single_point_on_RDKit_MMFF_geometry,success
EGFR__CHEMBL358728__state03,EGFR__CHEMBL358728,CHEMBL358728,EGFR,CHEMBL1132535,3,C=c1c(CCC(=O)O)c(C)[nH]c1=CC1C(=O)Nc2cc(-c3cccc(OC)c3)ccc21,0,data/quantum/erbB_xyz/EGFR__CHEMBL358728__state03.xyz,-74.058513051785,0.058023591096,GFN2-xTB_single_point_on_RDKit_MMFF_geometry,success
EGFR__CHEMBL414220__state00,EGFR__CHEMBL414220,CHEMBL414220,EGFR,CHEMBL1134561,0,C=CCN(C)CC#CC(=O)Nc1ccc2ncnc(Nc3cccc(Br)c3)c2c1,0,data/quantum/erbB_xyz/EGFR__CHEMBL414220__state00.xyz,-68.459409395606,0.012024410038,GFN2-xTB_single_point_on_RDKit_MMFF_geometry,success
EGFR__CHEMBL414220__state01,EGFR__CHEMBL414220,CHEMBL414220,EGFR,CHEMBL1134561,1,C=CCN(C)CC#CC(=O)Nc1ccc2[nH]cnc(=Nc3cccc(Br)c3)c2c1,0,data/quantum/erbB_xyz/EGFR__CHEMBL414220__state01.xyz,-68.498494796916,0.026036344466,GFN2-xTB_single_point_on_RDKit_MMFF_geometry,success
EGFR__CHEMBL414220__state02,EGFR__CHEMBL414220,CHEMBL414220,EGFR,CHEMBL1134561,2,C=CCN(C)CC#CC(=O)Nc1ccc2nc[nH]c(=Nc3cccc(Br)c3)c2c1,0,data/quantum/erbB_xyz/EGFR__CHEMBL414220__state02.xyz,-68.487841377696,0.008774075238,GFN2-xTB_single_point_on_RDKit_MMFF_geometry,success
EGFR__CHEMBL414220__state03,EGFR__CHEMBL414220,CHEMBL414220,EGFR,CHEMBL1134561,3,C=CCN(C)CC#CC(O)=Nc1ccc2[nH]cnc(=Nc3cccc(Br)c3)c2c1,0,data/quantum/erbB_xyz/EGFR__CHEMBL414220__state03.xyz,-68.457871140594,0.091484798419,GFN2-xTB_single_point_on_RDKit_MMFF_geometry,success
EGFR__CHEMBL414631__state00,EGFR__CHEMBL414631,CHEMBL414631,EGFR,CHEMBL1145020,0,COCOC#CC(=O)Nc1ccc2ncc(C#N)c(Nc3cccc(Br)c3)c2c1,0,data/quantum/erbB_xyz/EGFR__CHEMBL414631__state00.xyz,-71.781466478489,0.031774441892,GFN2-xTB_single_point_on_RDKit_MMFF_geometry,success
EGFR__CHEMBL414631__state01,EGFR__CHEMBL414631,CHEMBL414631,EGFR,CHEMBL1145020,1,COCOC#CC(=O)Nc1ccc2[nH]cc(C#N)c(=Nc3cccc(Br)c3)c2c1,0,data/quantum/erbB_xyz/EGFR__CHEMBL414631__state01.xyz,-71.801215038160,0.015242119347,GFN2-xTB_single_point_on_RDKit_MMFF_geometry,success
EGFR__CHEMBL414631__state02,EGFR__CHEMBL414631,CHEMBL414631,EGFR,CHEMBL1145020,2,COCOC#CC(O)=Nc1ccc2[nH]cc(C#N)c(=Nc3cccc(Br)c3)c2c1,0,data/quantum/erbB_xyz/EGFR__CHEMBL414631__state02.xyz,-71.788312498906,0.038333275438,GFN2-xTB_single_point_on_RDKit_MMFF_geometry,success
EGFR__CHEMBL414631__state03,EGFR__CHEMBL414631,CHEMBL414631,EGFR,CHEMBL1145020,3,COCOC#CC(O)=Nc1ccc2ncc(C#N)c(Nc3cccc(Br)c3)c2c1,0,data/quantum/erbB_xyz/EGFR__CHEMBL414631__state03.xyz,-71.785852420381,0.038272163614,GFN2-xTB_single_point_on_RDKit_MMFF_geometry,success
EGFR__CHEMBL417478__state00,EGFR__CHEMBL417478,CHEMBL417478,EGFR,CHEMBL1133162,0,C=CC(=O)Nc1nc2c(Nc3ccc(F)c(Cl)c3)ncnc2cc1/C=C/CCN1CCOCC1,0,data/quantum/erbB_xyz/EGFR__CHEMBL417478__state00.xyz,-84.815852637972,0.016504197234,GFN2-xTB_single_point_on_RDKit_MMFF_geometry,success
EGFR__CHEMBL417478__state01,EGFR__CHEMBL417478,CHEMBL417478,EGFR,CHEMBL1133162,1,C=CC(=O)N=C1N=c2c(=Nc3ccc(F)c(Cl)c3)nc[nH]c2=CC1=CCCCN1CCOCC1,0,data/quantum/erbB_xyz/EGFR__CHEMBL417478__state01.xyz,-84.809128263710,0.006158864806,GFN2-xTB_single_point_on_RDKit_MMFF_geometry,success
EGFR__CHEMBL417478__state02,EGFR__CHEMBL417478,CHEMBL417478,EGFR,CHEMBL1133162,2,C=CC(=O)N=C1N=c2c(Nc3ccc(F)c(Cl)c3)ncnc2=CC1=CCCCN1CCOCC1,0,data/quantum/erbB_xyz/EGFR__CHEMBL417478__state02.xyz,-84.834135170276,0.042475263440,GFN2-xTB_single_point_on_RDKit_MMFF_geometry,success
EGFR__CHEMBL417478__state03,EGFR__CHEMBL417478,CHEMBL417478,EGFR,CHEMBL1133162,3,C=CC(=O)N=C1N=c2c(nc[nH]c2=Nc2ccc(F)c(Cl)c2)=CC1=CCCCN1CCOCC1,0,data/quantum/erbB_xyz/EGFR__CHEMBL417478__state03.xyz,-84.831019912999,0.042562260164,GFN2-xTB_single_point_on_RDKit_MMFF_geometry,success
EGFR__CHEMBL417941__state00,EGFR__CHEMBL417941,CHEMBL417941,EGFR,CHEMBL1125266,0,N#C/C(=C\c1ccc(O)c(O)c1)C(=O)NC1CCCCC1,0,data/quantum/erbB_xyz/EGFR__CHEMBL417941__state00.xyz,-51.134088153885,0.081113621683,GFN2-xTB_single_point_on_RDKit_MMFF_geometry,success
EGFR__CHEMBL417941__state01,EGFR__CHEMBL417941,CHEMBL417941,EGFR,CHEMBL1125266,1,N#CC(=CC1=CC(=O)C(O)C=C1)C(=O)NC1CCCCC1,0,data/quantum/erbB_xyz/EGFR__CHEMBL417941__state01.xyz,-51.172885017431,0.082718841291,GFN2-xTB_single_point_on_RDKit_MMFF_geometry,success
EGFR__CHEMBL417941__state02,EGFR__CHEMBL417941,CHEMBL417941,EGFR,CHEMBL1125266,2,N#CC(=CC1=CC(=O)C(O)C=C1)C(O)=NC1CCCCC1,0,data/quantum/erbB_xyz/EGFR__CHEMBL417941__state02.xyz,-51.162598229608,0.019492845955,GFN2-xTB_single_point_on_RDKit_MMFF_geometry,success
EGFR__CHEMBL417941__state03,EGFR__CHEMBL417941,CHEMBL417941,EGFR,CHEMBL1125266,3,N#CC(=CC1=CC(O)C(=O)C=C1)C(=O)NC1CCCCC1,0,data/quantum/erbB_xyz/EGFR__CHEMBL417941__state03.xyz,-51.137663660658,0.109926974326,GFN2-xTB_single_point_on_RDKit_MMFF_geometry,success
EGFR__CHEMBL419501__state00,EGFR__CHEMBL419501,CHEMBL419501,EGFR,CHEMBL1134561,0,COC[C@H]1CCCN1C/C=C/C(=O)Nc1ccc2ncnc(Nc3cccc(Br)c3)c2c1,0,data/quantum/erbB_xyz/EGFR__CHEMBL419501__state00.xyz,-76.608784791672,0.032623392969,GFN2-xTB_single_point_on_RDKit_MMFF_geometry,success
EGFR__CHEMBL419501__state01,EGFR__CHEMBL419501,CHEMBL419501,EGFR,CHEMBL1134561,1,COC[C@H]1CCCN1C/C=C/C(=O)Nc1ccc2[nH]cnc(=Nc3cccc(Br)c3)c2c1,0,data/quantum/erbB_xyz/EGFR__CHEMBL419501__state01.xyz,-76.585624336322,0.043601790116,GFN2-xTB_single_point_on_RDKit_MMFF_geometry,success
EGFR__CHEMBL419501__state02,EGFR__CHEMBL419501,CHEMBL419501,EGFR,CHEMBL1134561,2,COC[C@H]1CCCN1C/C=C/C(=O)Nc1ccc2nc[nH]c(=Nc3cccc(Br)c3)c2c1,0,data/quantum/erbB_xyz/EGFR__CHEMBL419501__state02.xyz,-76.558605599652,0.017035632715,GFN2-xTB_single_point_on_RDKit_MMFF_geometry,success
EGFR__CHEMBL419501__state03,EGFR__CHEMBL419501,CHEMBL419501,EGFR,CHEMBL1134561,3,COC[C@H]1CCCN1C/C=C/C(O)=Nc1ccc2[nH]cnc(=Nc3cccc(Br)c3)c2c1,0,data/quantum/erbB_xyz/EGFR__CHEMBL419501__state03.xyz,-76.551603892832,0.043285782120,GFN2-xTB_single_point_on_RDKit_MMFF_geometry,success
EGFR__CHEMBL422292__state00,EGFR__CHEMBL422292,CHEMBL422292,EGFR,CHEMBL1134843,0,CCOC(=O)/C=C/C(=O)Nc1cc2c(Nc3cccc(Br)c3)ncnc2cn1,0,data/quantum/erbB_xyz/EGFR__CHEMBL422292__state00.xyz,-70.507118194452,0.026514688705,GFN2-xTB_single_point_on_RDKit_MMFF_geometry,success
EGFR__CHEMBL422292__state01,EGFR__CHEMBL422292,CHEMBL422292,EGFR,CHEMBL1134843,1,CCOC(=O)/C=C/C(=O)N=c1cc2c(=Nc3cccc(Br)c3)[nH]cnc2c[nH]1,0,data/quantum/erbB_xyz/EGFR__CHEMBL422292__state01.xyz,-70.539527052730,0.002889981932,GFN2-xTB_single_point_on_RDKit_MMFF_geometry,success
EGFR__CHEMBL422292__state02,EGFR__CHEMBL422292,CHEMBL422292,EGFR,CHEMBL1134843,2,CCOC(=O)/C=C/C(=O)N=c1cc2c(=Nc3cccc(Br)c3)nc[nH]c2c[nH]1,0,data/quantum/erbB_xyz/EGFR__CHEMBL422292__state02.xyz,-70.541876713064,0.029060754032,GFN2-xTB_single_point_on_RDKit_MMFF_geometry,success
EGFR__CHEMBL422292__state03,EGFR__CHEMBL422292,CHEMBL422292,EGFR,CHEMBL1134843,3,CCOC(=O)/C=C/C(=O)N=c1cc2c(Nc3cccc(Br)c3)ncnc2c[nH]1,0,data/quantum/erbB_xyz/EGFR__CHEMBL422292__state03.xyz,-70.536567841759,0.024257103473,GFN2-xTB_single_point_on_RDKit_MMFF_geometry,success
EGFR__CHEMBL424302__state00,EGFR__CHEMBL424302,CHEMBL424302,EGFR,CHEMBL1129590,0,N#C/C(=C\c1ccc(O)c(O)c1)C(=O)NCCCCCCCCCCNC(=O)/C(C#N)=C/c1ccc(O)c(O)c1,0,data/quantum/erbB_xyz/EGFR__CHEMBL424302__state00.xyz,-98.240514581947,0.080286173233,GFN2-xTB_single_point_on_RDKit_MMFF_geometry,success
EGFR__CHEMBL424302__state01,EGFR__CHEMBL424302,CHEMBL424302,EGFR,CHEMBL1129590,1,N#C/C(=C\C1=CC(O)C(=O)C=C1)C(=O)NCCCCCCCCCCNC(=O)/C(C#N)=C/c1ccc(O)c(O)c1,0,data/quantum/erbB_xyz/EGFR__CHEMBL424302__state01.xyz,-98.248549378757,0.168443543046,GFN2-xTB_single_point_on_RDKit_MMFF_geometry,success
EGFR__CHEMBL424302__state02,EGFR__CHEMBL424302,CHEMBL424302,EGFR,CHEMBL1129590,2,N#C/C(=C\c1ccc(O)c(O)c1)C(=O)NCCCCCCCCCCN=C(O)/C(C#N)=C/c1ccc(O)c(O)c1,0,data/quantum/erbB_xyz/EGFR__CHEMBL424302__state02.xyz,-98.216761939841,0.104573890634,GFN2-xTB_single_point_on_RDKit_MMFF_geometry,success
EGFR__CHEMBL424302__state03,EGFR__CHEMBL424302,CHEMBL424302,EGFR,CHEMBL1129590,3,N#C/C(=C\c1ccc(O)c(O)c1)C(=O)NCCCCCCCCCCNC(=O)C(C#N)C=C1C=CC(=O)C(O)=C1,0,data/quantum/erbB_xyz/EGFR__CHEMBL424302__state03.xyz,-98.238693964995,0.030722058480,GFN2-xTB_single_point_on_RDKit_MMFF_geometry,success
EGFR__CHEMBL424625__state00,EGFR__CHEMBL424625,CHEMBL424625,EGFR,CHEMBL1126897,0,COc1cc(/C=C(\C#N)C(N)=O)cc(CSCCC(=O)O)c1O,0,data/quantum/erbB_xyz/EGFR__CHEMBL424625__state00.xyz,-60.389522051711,0.032484779654,GFN2-xTB_single_point_on_RDKit_MMFF_geometry,success
EGFR__CHEMBL424625__state01,EGFR__CHEMBL424625,CHEMBL424625,EGFR,CHEMBL1126897,1,COC1=CC(=CC(C#N)=C(N)O)C=C(CSCC=C(O)O)C1=O,0,data/quantum/erbB_xyz/EGFR__CHEMBL424625__state01.xyz,-60.372018330942,0.035408136569,GFN2-xTB_single_point_on_RDKit_MMFF_geometry,success
EGFR__CHEMBL424625__state02,EGFR__CHEMBL424625,CHEMBL424625,EGFR,CHEMBL1126897,2,COC1=CC(=CC(C#N)=C(N)O)C=C(CSCCC(=O)O)C1=O,0,data/quantum/erbB_xyz/EGFR__CHEMBL424625__state02.xyz,-60.394728606348,0.035912416393,GFN2-xTB_single_point_on_RDKit_MMFF_geometry,success
EGFR__CHEMBL424625__state03,EGFR__CHEMBL424625,CHEMBL424625,EGFR,CHEMBL1126897,3,COC1=CC(=CC(C#N)C(=N)O)C=C(CSCC=C(O)O)C1=O,0,data/quantum/erbB_xyz/EGFR__CHEMBL424625__state03.xyz,-60.373102692307,0.014049922334,GFN2-xTB_single_point_on_RDKit_MMFF_geometry,success
EGFR__CHEMBL430571__state00,EGFR__CHEMBL430571,CHEMBL430571,EGFR,CHEMBL1132213,0,C=CC(=O)Nc1ccc2ncnc(Nc3ccc(OCc4ccccc4)cc3)c2c1,0,data/quantum/erbB_xyz/EGFR__CHEMBL430571__state00.xyz,-69.738495424787,0.028406138212,GFN2-xTB_single_point_on_RDKit_MMFF_geometry,success
EGFR__CHEMBL430571__state01,EGFR__CHEMBL430571,CHEMBL430571,EGFR,CHEMBL1132213,1,C=CC(=O)Nc1ccc2[nH]cnc(=Nc3ccc(OCc4ccccc4)cc3)c2c1,0,data/quantum/erbB_xyz/EGFR__CHEMBL430571__state01.xyz,-69.754838929570,0.035437086132,GFN2-xTB_single_point_on_RDKit_MMFF_geometry,success
EGFR__CHEMBL430571__state02,EGFR__CHEMBL430571,CHEMBL430571,EGFR,CHEMBL1132213,2,C=CC(=O)Nc1ccc2nc[nH]c(=Nc3ccc(OCc4ccccc4)cc3)c2c1,0,data/quantum/erbB_xyz/EGFR__CHEMBL430571__state02.xyz,-69.718410443049,0.019349694254,GFN2-xTB_single_point_on_RDKit_MMFF_geometry,success
EGFR__CHEMBL430571__state03,EGFR__CHEMBL430571,CHEMBL430571,EGFR,CHEMBL1132213,3,C=CC(O)=Nc1ccc2[nH]cnc(=Nc3ccc(OCc4ccccc4)cc3)c2c1,0,data/quantum/erbB_xyz/EGFR__CHEMBL430571__state03.xyz,-69.727274876760,0.039406620343,GFN2-xTB_single_point_on_RDKit_MMFF_geometry,success
EGFR__CHEMBL431996__state00,EGFR__CHEMBL431996,CHEMBL431996,EGFR,CHEMBL1133768,0,O=C(O)CCc1c(/C=C2\C(=O)Nc3ccc(C(=O)O)cc32)[nH]c2c1CCCC2,0,data/quantum/erbB_xyz/EGFR__CHEMBL431996__state00.xyz,-69.972149292125,0.091211359570,GFN2-xTB_single_point_on_RDKit_MMFF_geometry,success
EGFR__CHEMBL431996__state01,EGFR__CHEMBL431996,CHEMBL431996,EGFR,CHEMBL1133768,1,O=C(O)CC=c1c2c([nH]c1=CC1=C(O)N=c3ccc(=C(O)O)cc31)CCCC2,0,data/quantum/erbB_xyz/EGFR__CHEMBL431996__state01.xyz,-69.878196848001,0.015572435219,GFN2-xTB_single_point_on_RDKit_MMFF_geometry,success
EGFR__CHEMBL431996__state02,EGFR__CHEMBL431996,CHEMBL431996,EGFR,CHEMBL1133768,2,O=C(O)CC=c1c2c([nH]c1=CC1C(=O)Nc3ccc(C(=O)O)cc31)CCCC2,0,data/quantum/erbB_xyz/EGFR__CHEMBL431996__state02.xyz,-69.940039099823,0.034687311528,GFN2-xTB_single_point_on_RDKit_MMFF_geometry,success
EGFR__CHEMBL431996__state03,EGFR__CHEMBL431996,CHEMBL431996,EGFR,CHEMBL1133768,3,O=C(O)CC=c1c2c([nH]c1=Cc1c(O)[nH]c3ccc(C(=O)O)cc13)CCCC2,0,data/quantum/erbB_xyz/EGFR__CHEMBL431996__state03.xyz,-69.937894543036,0.020956633975,GFN2-xTB_single_point_on_RDKit_MMFF_geometry,success
EGFR__CHEMBL432428__state00,EGFR__CHEMBL432428,CHEMBL432428,EGFR,CHEMBL1136802,0,N#C/C(=C\c1cc(O)c(O)c(CSCc2ccccc2)c1)C(N)=O,0,data/quantum/erbB_xyz/EGFR__CHEMBL432428__state00.xyz,-58.588556585743,0.021903216069,GFN2-xTB_single_point_on_RDKit_MMFF_geometry,success
EGFR__CHEMBL432428__state01,EGFR__CHEMBL432428,CHEMBL432428,EGFR,CHEMBL1136802,1,N#C/C(=C\C1=CC(O)C(=O)C(CSCc2ccccc2)=C1)C(N)=O,0,data/quantum/erbB_xyz/EGFR__CHEMBL432428__state01.xyz,-58.589161726937,0.010348666111,GFN2-xTB_single_point_on_RDKit_MMFF_geometry,success
EGFR__CHEMBL432428__state02,EGFR__CHEMBL432428,CHEMBL432428,EGFR,CHEMBL1136802,2,N#C/C(=C\c1cc(O)c(O)c(CSCc2ccccc2)c1)C(=N)O,0,data/quantum/erbB_xyz/EGFR__CHEMBL432428__state02.xyz,-58.597371250522,0.011937237461,GFN2-xTB_single_point_on_RDKit_MMFF_geometry,success
EGFR__CHEMBL432428__state03,EGFR__CHEMBL432428,CHEMBL432428,EGFR,CHEMBL1136802,3,N#CC(=CC1=CC(=O)C(O)C(CSCc2ccccc2)=C1)C(N)=O,0,data/quantum/erbB_xyz/EGFR__CHEMBL432428__state03.xyz,-58.591983961665,0.003316469233,GFN2-xTB_single_point_on_RDKit_MMFF_geometry,success
EGFR__CHEMBL432903__state00,EGFR__CHEMBL432903,CHEMBL432903,EGFR,CHEMBL1134862,0,CCN(CC)CCNC(=O)c1c(C)[nH]c(/C=C2\C(=O)Nc3ncnc(Nc4ccc(F)c(Cl)c4)c32)c1C,0,data/quantum/erbB_xyz/EGFR__CHEMBL432903__state00.xyz,-91.832616941206,0.125655977001,GFN2-xTB_single_point_on_RDKit_MMFF_geometry,success
EGFR__CHEMBL432903__state01,EGFR__CHEMBL432903,CHEMBL432903,EGFR,CHEMBL1134862,1,C=c1c(C(=O)NCCN(CC)CC)c(C)[nH]c1=Cc1c(O)[nH]c2ncnc(Nc3ccc(F)c(Cl)c3)c12,0,data/quantum/erbB_xyz/EGFR__CHEMBL432903__state01.xyz,-91.836222784897,0.042808111769,GFN2-xTB_single_point_on_RDKit_MMFF_geometry,success
EGFR__CHEMBL432903__state02,EGFR__CHEMBL432903,CHEMBL432903,EGFR,CHEMBL1134862,2,CCN(CC)CCN=C(O)c1c(C)[nH]c(C=C2C(=O)Nc3ncnc(Nc4ccc(F)c(Cl)c4)c32)c1C,0,data/quantum/erbB_xyz/EGFR__CHEMBL432903__state02.xyz,-91.812502501079,0.071430051944,GFN2-xTB_single_point_on_RDKit_MMFF_geometry,success
EGFR__CHEMBL432903__state03,EGFR__CHEMBL432903,CHEMBL432903,EGFR,CHEMBL1134862,3,CCN(CC)CCNC(=O)C1=C(C)C(=CC2C(=O)Nc3ncnc(Nc4ccc(F)c(Cl)c4)c32)N=C1C,0,data/quantum/erbB_xyz/EGFR__CHEMBL432903__state03.xyz,-91.786485228253,0.085940554614,GFN2-xTB_single_point_on_RDKit_MMFF_geometry,success
EGFR__CHEMBL434827__state00,EGFR__CHEMBL434827,CHEMBL434827,EGFR,CHEMBL1134843,0,CCN(CC)CCCNC(=O)/C=C/C(=O)Nc1cc2c(Nc3cccc(Br)c3)ncnc2cn1,0,data/quantum/erbB_xyz/EGFR__CHEMBL434827__state00.xyz,-82.404123889119,0.015486806392,GFN2-xTB_single_point_on_RDKit_MMFF_geometry,success
EGFR__CHEMBL434827__state01,EGFR__CHEMBL434827,CHEMBL434827,EGFR,CHEMBL1134843,1,CCN(CC)CCCN=C(O)/C=C/C(=O)N=c1cc2c(Nc3cccc(Br)c3)ncnc2c[nH]1,0,data/quantum/erbB_xyz/EGFR__CHEMBL434827__state01.xyz,-82.395689267864,0.010201272586,GFN2-xTB_single_point_on_RDKit_MMFF_geometry,success
EGFR__CHEMBL434827__state02,EGFR__CHEMBL434827,CHEMBL434827,EGFR,CHEMBL1134843,2,CCN(CC)CCCN=C(O)/C=C/C(=O)Nc1cc2c(=Nc3cccc(Br)c3)[nH]cnc2cn1,0,data/quantum/erbB_xyz/EGFR__CHEMBL434827__state02.xyz,-82.380622464930,0.033761678504,GFN2-xTB_single_point_on_RDKit_MMFF_geometry,success
EGFR__CHEMBL434827__state03,EGFR__CHEMBL434827,CHEMBL434827,EGFR,CHEMBL1134843,3,CCN(CC)CCCN=C(O)/C=C/C(=O)Nc1cc2c(=Nc3cccc(Br)c3)nc[nH]c2cn1,0,data/quantum/erbB_xyz/EGFR__CHEMBL434827__state03.xyz,-82.387092796029,0.012009307665,GFN2-xTB_single_point_on_RDKit_MMFF_geometry,success
EGFR__CHEMBL434828__state00,EGFR__CHEMBL434828,CHEMBL434828,EGFR,CHEMBL1134843,0,O=C(/C=C/c1ccccc1)Nc1cc2c(Nc3cccc(Br)c3)ncnc2cn1,0,data/quantum/erbB_xyz/EGFR__CHEMBL434828__state00.xyz,-68.736495687697,0.021280129598,GFN2-xTB_single_point_on_RDKit_MMFF_geometry,success
EGFR__CHEMBL434828__state01,EGFR__CHEMBL434828,CHEMBL434828,EGFR,CHEMBL1134843,1,O=C(/C=C/c1ccccc1)N=c1cc2c(=Nc3cccc(Br)c3)[nH]cnc2c[nH]1,0,data/quantum/erbB_xyz/EGFR__CHEMBL434828__state01.xyz,-68.756055337746,0.022778074823,GFN2-xTB_single_point_on_RDKit_MMFF_geometry,success
EGFR__CHEMBL434828__state02,EGFR__CHEMBL434828,CHEMBL434828,EGFR,CHEMBL1134843,2,O=C(/C=C/c1ccccc1)N=c1cc2c(=Nc3cccc(Br)c3)nc[nH]c2c[nH]1,0,data/quantum/erbB_xyz/EGFR__CHEMBL434828__state02.xyz,-68.754618226480,0.019715883448,GFN2-xTB_single_point_on_RDKit_MMFF_geometry,success
EGFR__CHEMBL434828__state03,EGFR__CHEMBL434828,CHEMBL434828,EGFR,CHEMBL1134843,3,O=C(/C=C/c1ccccc1)N=c1cc2c(Nc3cccc(Br)c3)ncnc2c[nH]1,0,data/quantum/erbB_xyz/EGFR__CHEMBL434828__state03.xyz,-68.752269120681,0.023187843059,GFN2-xTB_single_point_on_RDKit_MMFF_geometry,success
EGFR__CHEMBL441279__state00,EGFR__CHEMBL441279,CHEMBL441279,EGFR,CHEMBL1147456,0,COCOCC#CC(=O)Nc1ccc2ncc(C#N)c(Nc3cccc(Br)c3)c2c1,0,data/quantum/erbB_xyz/EGFR__CHEMBL441279__state00.xyz,-73.817913919020,0.026092141979,GFN2-xTB_single_point_on_RDKit_MMFF_geometry,success
EGFR__CHEMBL441279__state01,EGFR__CHEMBL441279,CHEMBL441279,EGFR,CHEMBL1147456,1,COCOCC#CC(=O)Nc1ccc2[nH]cc(C#N)c(=Nc3cccc(Br)c3)c2c1,0,data/quantum/erbB_xyz/EGFR__CHEMBL441279__state01.xyz,-73.824525679073,0.029385129372,GFN2-xTB_single_point_on_RDKit_MMFF_geometry,success
EGFR__CHEMBL441279__state02,EGFR__CHEMBL441279,CHEMBL441279,EGFR,CHEMBL1147456,2,COCOCC#CC(O)=Nc1ccc2[nH]cc(C#N)c(=Nc3cccc(Br)c3)c2c1,0,data/quantum/erbB_xyz/EGFR__CHEMBL441279__state02.xyz,-73.824905734623,0.078076964476,GFN2-xTB_single_point_on_RDKit_MMFF_geometry,success
EGFR__CHEMBL441279__state03,EGFR__CHEMBL441279,CHEMBL441279,EGFR,CHEMBL1147456,3,COCOCC#CC(O)=Nc1ccc2ncc(C#N)c(Nc3cccc(Br)c3)c2c1,0,data/quantum/erbB_xyz/EGFR__CHEMBL441279__state03.xyz,-73.798502965584,0.023496438953,GFN2-xTB_single_point_on_RDKit_MMFF_geometry,success
EGFR__CHEMBL442754__state00,EGFR__CHEMBL442754,CHEMBL442754,EGFR,CHEMBL1134561,0,COCCN(C)C/C=C/C(=O)Nc1ccc2ncnc(Nc3cccc(Br)c3)c2c1,0,data/quantum/erbB_xyz/EGFR__CHEMBL442754__state00.xyz,-72.420260301996,0.022475546125,GFN2-xTB_single_point_on_RDKit_MMFF_geometry,success
EGFR__CHEMBL442754__state01,EGFR__CHEMBL442754,CHEMBL442754,EGFR,CHEMBL1134561,1,COCCN(C)C/C=C/C(=O)Nc1ccc2[nH]cnc(=Nc3cccc(Br)c3)c2c1,0,data/quantum/erbB_xyz/EGFR__CHEMBL442754__state01.xyz,-72.401340590764,0.060969850602,GFN2-xTB_single_point_on_RDKit_MMFF_geometry,success
EGFR__CHEMBL442754__state02,EGFR__CHEMBL442754,CHEMBL442754,EGFR,CHEMBL1134561,2,COCCN(C)C/C=C/C(=O)Nc1ccc2nc[nH]c(=Nc3cccc(Br)c3)c2c1,0,data/quantum/erbB_xyz/EGFR__CHEMBL442754__state02.xyz,-72.406526479697,0.019904739749,GFN2-xTB_single_point_on_RDKit_MMFF_geometry,success
EGFR__CHEMBL442754__state03,EGFR__CHEMBL442754,CHEMBL442754,EGFR,CHEMBL1134561,3,COCCN(C)C/C=C/C(O)=Nc1ccc2[nH]cnc(=Nc3cccc(Br)c3)c2c1,0,data/quantum/erbB_xyz/EGFR__CHEMBL442754__state03.xyz,-72.378051252952,0.044793669738,GFN2-xTB_single_point_on_RDKit_MMFF_geometry,success
EGFR__CHEMBL443523__state00,EGFR__CHEMBL443523,CHEMBL443523,EGFR,CHEMBL1132213,0,C=CC(=O)Nc1ccc2c(Nc3cccc(Br)c3)ncnc2c1,0,data/quantum/erbB_xyz/EGFR__CHEMBL443523__state00.xyz,-55.285648434113,0.130052374990,GFN2-xTB_single_point_on_RDKit_MMFF_geometry,success
EGFR__CHEMBL443523__state01,EGFR__CHEMBL443523,CHEMBL443523,EGFR,CHEMBL1132213,1,C=CC(=O)N=c1ccc2c(Nc3cccc(Br)c3)[nH]cnc-2c1,0,data/quantum/erbB_xyz/EGFR__CHEMBL443523__state01.xyz,-55.297557553084,0.023542966001,GFN2-xTB_single_point_on_RDKit_MMFF_geometry,success
EGFR__CHEMBL443523__state02,EGFR__CHEMBL443523,CHEMBL443523,EGFR,CHEMBL1132213,2,C=CC(=O)N=c1ccc2c(Nc3cccc(Br)c3)nc[nH]c-2c1,0,data/quantum/erbB_xyz/EGFR__CHEMBL443523__state02.xyz,-55.291585768601,0.066554937607,GFN2-xTB_single_point_on_RDKit_MMFF_geometry,success
EGFR__CHEMBL443523__state03,EGFR__CHEMBL443523,CHEMBL443523,EGFR,CHEMBL1132213,3,C=CC(=O)Nc1ccc2c(=Nc3cccc(Br)c3)[nH]cnc2c1,0,data/quantum/erbB_xyz/EGFR__CHEMBL443523__state03.xyz,-55.295118874593,0.116080408460,GFN2-xTB_single_point_on_RDKit_MMFF_geometry,success
EGFR__CHEMBL450622__state00,EGFR__CHEMBL450622,CHEMBL450622,EGFR,CHEMBL1132535,0,COc1cccc(-c2ccc3c(c2)NC(=O)/C3=C\c2[nH]cc(C)c2CCC(=O)O)c1,0,data/quantum/erbB_xyz/EGFR__CHEMBL450622__state00.xyz,-72.033931691292,0.021184033688,GFN2-xTB_single_point_on_RDKit_MMFF_geometry,success
EGFR__CHEMBL450622__state01,EGFR__CHEMBL450622,CHEMBL450622,EGFR,CHEMBL1132535,1,COc1cccc(-c2ccc3c(C=C4N=CC(C)=C4CC=C(O)O)c(O)[nH]c3c2)c1,0,data/quantum/erbB_xyz/EGFR__CHEMBL450622__state01.xyz,-71.996905162126,0.022370159034,GFN2-xTB_single_point_on_RDKit_MMFF_geometry,success
EGFR__CHEMBL450622__state02,EGFR__CHEMBL450622,CHEMBL450622,EGFR,CHEMBL1132535,2,COc1cccc(-c2ccc3c(C=C4N=CC(C)=C4CCC(=O)O)c(O)[nH]c3c2)c1,0,data/quantum/erbB_xyz/EGFR__CHEMBL450622__state02.xyz,-72.006987260968,0.021134923072,GFN2-xTB_single_point_on_RDKit_MMFF_geometry,success
EGFR__CHEMBL450622__state03,EGFR__CHEMBL450622,CHEMBL450622,EGFR,CHEMBL1132535,3,COc1cccc(-c2ccc3c(C=c4[nH]cc(C)c4=CCC(=O)O)c(O)[nH]c3c2)c1,0,data/quantum/erbB_xyz/EGFR__CHEMBL450622__state03.xyz,-72.033902927930,0.025883429474,GFN2-xTB_single_point_on_RDKit_MMFF_geometry,success
EGFR__CHEMBL48760__state00,EGFR__CHEMBL48760,CHEMBL48760,EGFR,CHEMBL1131018,0,CC(C)c1ccc(/C=C2/C(=O)Nc3ccccc32)cc1,0,data/quantum/erbB_xyz/EGFR__CHEMBL48760__state00.xyz,-44.353390676832,0.089678125094,GFN2-xTB_single_point_on_RDKit_MMFF_geometry,success
EGFR__CHEMBL48760__state01,EGFR__CHEMBL48760,CHEMBL48760,EGFR,CHEMBL1131018,1,CC(C)c1ccc(/C=C2/C(O)=Nc3ccccc32)cc1,0,data/quantum/erbB_xyz/EGFR__CHEMBL48760__state01.xyz,-44.335370880797,0.090313804175,GFN2-xTB_single_point_on_RDKit_MMFF_geometry,success
EGFR__CHEMBL49986__state00,EGFR__CHEMBL49986,CHEMBL49986,EGFR,CHEMBL1132213,0,C=CC(=O)Nc1cc2ncnc(Nc3cccc(Br)c3)c2cn1,0,data/quantum/erbB_xyz/EGFR__CHEMBL49986__state00.xyz,-56.160826192643,0.046559496853,GFN2-xTB_single_point_on_RDKit_MMFF_geometry,success
EGFR__CHEMBL49986__state01,EGFR__CHEMBL49986,CHEMBL49986,EGFR,CHEMBL1132213,1,C=CC(=O)N=c1cc2[nH]cnc(=Nc3cccc(Br)c3)c2c[nH]1,0,data/quantum/erbB_xyz/EGFR__CHEMBL49986__state01.xyz,-56.179586747061,0.074032686967,GFN2-xTB_single_point_on_RDKit_MMFF_geometry,success
EGFR__CHEMBL49986__state02,EGFR__CHEMBL49986,CHEMBL49986,EGFR,CHEMBL1132213,2,C=CC(=O)N=c1cc2[nH]cnc(Nc3cccc(Br)c3)c-2cn1,0,data/quantum/erbB_xyz/EGFR__CHEMBL49986__state02.xyz,-56.166025555902,0.032764254511,GFN2-xTB_single_point_on_RDKit_MMFF_geometry,success
EGFR__CHEMBL49986__state03,EGFR__CHEMBL49986,CHEMBL49986,EGFR,CHEMBL1132213,3,C=CC(=O)N=c1cc2nc[nH]c(Nc3cccc(Br)c3)c-2cn1,0,data/quantum/erbB_xyz/EGFR__CHEMBL49986__state03.xyz,-56.173874659786,0.031141641079,GFN2-xTB_single_point_on_RDKit_MMFF_geometry,success
EGFR__CHEMBL51659__state00,EGFR__CHEMBL51659,CHEMBL51659,EGFR,CHEMBL1134843,0,C=CC(=O)Nc1cc2c(Nc3cccc(Br)c3)ncnc2cn1,0,data/quantum/erbB_xyz/EGFR__CHEMBL51659__state00.xyz,-56.163197170042,0.025181485205,GFN2-xTB_single_point_on_RDKit_MMFF_geometry,success
EGFR__CHEMBL51659__state01,EGFR__CHEMBL51659,CHEMBL51659,EGFR,CHEMBL1134843,1,C=CC(=O)N=c1cc2c(=Nc3cccc(Br)c3)[nH]cnc2c[nH]1,0,data/quantum/erbB_xyz/EGFR__CHEMBL51659__state01.xyz,-56.184111751664,0.023618965972,GFN2-xTB_single_point_on_RDKit_MMFF_geometry,success
EGFR__CHEMBL51659__state02,EGFR__CHEMBL51659,CHEMBL51659,EGFR,CHEMBL1134843,2,C=CC(=O)N=c1cc2c(=Nc3cccc(Br)c3)nc[nH]c2c[nH]1,0,data/quantum/erbB_xyz/EGFR__CHEMBL51659__state02.xyz,-56.192882020258,0.152634635861,GFN2-xTB_single_point_on_RDKit_MMFF_geometry,success
EGFR__CHEMBL51659__state03,EGFR__CHEMBL51659,CHEMBL51659,EGFR,CHEMBL1134843,3,C=CC(=O)N=c1cc2c(Nc3cccc(Br)c3)ncnc2c[nH]1,0,data/quantum/erbB_xyz/EGFR__CHEMBL51659__state03.xyz,-56.185552420124,0.022492654416,GFN2-xTB_single_point_on_RDKit_MMFF_geometry,success
EGFR__CHEMBL51741__state00,EGFR__CHEMBL51741,CHEMBL51741,EGFR,CHEMBL1132213,0,C=CC(=O)Nc1ccc2ncnc(N3CCc4ccc(Br)cc43)c2c1,0,data/quantum/erbB_xyz/EGFR__CHEMBL51741__state00.xyz,-59.446130872906,0.042188279070,GFN2-xTB_single_point_on_RDKit_MMFF_geometry,success
EGFR__CHEMBL51741__state01,EGFR__CHEMBL51741,CHEMBL51741,EGFR,CHEMBL1132213,1,C=CC(O)=Nc1ccc2ncnc(N3CCc4ccc(Br)cc43)c2c1,0,data/quantum/erbB_xyz/EGFR__CHEMBL51741__state01.xyz,-59.429423569596,0.054002846393,GFN2-xTB_single_point_on_RDKit_MMFF_geometry,success
EGFR__CHEMBL52913__state00,EGFR__CHEMBL52913,CHEMBL52913,EGFR,CHEMBL1132213,0,C=CC(=O)Nc1ccc2c(Nc3cccc(Cl)c3)ncnc2c1,0,data/quantum/erbB_xyz/EGFR__CHEMBL52913__state00.xyz,-55.757493374394,0.128656560984,GFN2-xTB_single_point_on_RDKit_MMFF_geometry,success
EGFR__CHEMBL52913__state01,EGFR__CHEMBL52913,CHEMBL52913,EGFR,CHEMBL1132213,1,C=CC(=O)N=c1ccc2c(Nc3cccc(Cl)c3)[nH]cnc-2c1,0,data/quantum/erbB_xyz/EGFR__CHEMBL52913__state01.xyz,-55.769392131491,0.022184809381,GFN2-xTB_single_point_on_RDKit_MMFF_geometry,success
EGFR__CHEMBL52913__state02,EGFR__CHEMBL52913,CHEMBL52913,EGFR,CHEMBL1132213,2,C=CC(=O)N=c1ccc2c(Nc3cccc(Cl)c3)nc[nH]c-2c1,0,data/quantum/erbB_xyz/EGFR__CHEMBL52913__state02.xyz,-55.763435493533,0.065713262575,GFN2-xTB_single_point_on_RDKit_MMFF_geometry,success
EGFR__CHEMBL52913__state03,EGFR__CHEMBL52913,CHEMBL52913,EGFR,CHEMBL1132213,3,C=CC(=O)Nc1ccc2c(=Nc3cccc(Cl)c3)[nH]cnc2c1,0,data/quantum/erbB_xyz/EGFR__CHEMBL52913__state03.xyz,-55.764315096377,0.094826327627,GFN2-xTB_single_point_on_RDKit_MMFF_geometry,success
EGFR__CHEMBL53203__state00,EGFR__CHEMBL53203,CHEMBL53203,EGFR,CHEMBL1132213,0,C=CC(=O)Nc1ccc2ncnc(Nc3ccc(Oc4ccccc4)cc3)c2c1,0,data/quantum/erbB_xyz/EGFR__CHEMBL53203__state00.xyz,-67.706712705117,0.034002372006,GFN2-xTB_single_point_on_RDKit_MMFF_geometry,success
EGFR__CHEMBL53203__state01,EGFR__CHEMBL53203,CHEMBL53203,EGFR,CHEMBL1132213,1,C=CC(=O)Nc1ccc2[nH]cnc(=Nc3ccc(Oc4ccccc4)cc3)c2c1,0,data/quantum/erbB_xyz/EGFR__CHEMBL53203__state01.xyz,-67.712264564786,0.006060508450,GFN2-xTB_single_point_on_RDKit_MMFF_geometry,success
EGFR__CHEMBL53203__state02,EGFR__CHEMBL53203,CHEMBL53203,EGFR,CHEMBL1132213,2,C=CC(=O)Nc1ccc2nc[nH]c(=Nc3ccc(Oc4ccccc4)cc3)c2c1,0,data/quantum/erbB_xyz/EGFR__CHEMBL53203__state02.xyz,-67.708224479245,0.026264366299,GFN2-xTB_single_point_on_RDKit_MMFF_geometry,success
EGFR__CHEMBL53203__state03,EGFR__CHEMBL53203,CHEMBL53203,EGFR,CHEMBL1132213,3,C=CC(O)=Nc1ccc2[nH]cnc(=Nc3ccc(Oc4ccccc4)cc3)c2c1,0,data/quantum/erbB_xyz/EGFR__CHEMBL53203__state03.xyz,-67.705991228425,0.017576175501,GFN2-xTB_single_point_on_RDKit_MMFF_geometry,success
EGFR__CHEMBL53555__state00,EGFR__CHEMBL53555,CHEMBL53555,EGFR,CHEMBL1132213,0,C=CC(=O)Nc1cc2c(Nc3ccc(F)c(Cl)c3)ncnc2cn1,0,data/quantum/erbB_xyz/EGFR__CHEMBL53555__state00.xyz,-61.413671101763,0.004129487416,GFN2-xTB_single_point_on_RDKit_MMFF_geometry,success
EGFR__CHEMBL53555__state01,EGFR__CHEMBL53555,CHEMBL53555,EGFR,CHEMBL1132213,1,C=CC(=O)N=c1cc2c(=Nc3ccc(F)c(Cl)c3)[nH]cnc2c[nH]1,0,data/quantum/erbB_xyz/EGFR__CHEMBL53555__state01.xyz,-61.442911950840,0.245710064252,GFN2-xTB_single_point_on_RDKit_MMFF_geometry,success
EGFR__CHEMBL53555__state02,EGFR__CHEMBL53555,CHEMBL53555,EGFR,CHEMBL1132213,2,C=CC(=O)N=c1cc2c(=Nc3ccc(F)c(Cl)c3)nc[nH]c2c[nH]1,0,data/quantum/erbB_xyz/EGFR__CHEMBL53555__state02.xyz,-61.442102467036,0.203603617170,GFN2-xTB_single_point_on_RDKit_MMFF_geometry,success
EGFR__CHEMBL53555__state03,EGFR__CHEMBL53555,CHEMBL53555,EGFR,CHEMBL1132213,3,C=CC(=O)N=c1cc2c(Nc3ccc(F)c(Cl)c3)ncnc2c[nH]1,0,data/quantum/erbB_xyz/EGFR__CHEMBL53555__state03.xyz,-61.435114640694,0.132975617265,GFN2-xTB_single_point_on_RDKit_MMFF_geometry,success
EGFR__CHEMBL53637__state00,EGFR__CHEMBL53637,CHEMBL53637,EGFR,CHEMBL1132213,0,C=CC(=O)Nc1ccc2ncnc(Nc3cccc(Cl)c3)c2c1,0,data/quantum/erbB_xyz/EGFR__CHEMBL53637__state00.xyz,-55.760498361766,0.080606337139,GFN2-xTB_single_point_on_RDKit_MMFF_geometry,success
EGFR__CHEMBL53637__state01,EGFR__CHEMBL53637,CHEMBL53637,EGFR,CHEMBL1132213,1,C=CC(=O)Nc1ccc2[nH]cnc(=Nc3cccc(Cl)c3)c2c1,0,data/quantum/erbB_xyz/EGFR__CHEMBL53637__state01.xyz,-55.785164992457,0.025844010139,GFN2-xTB_single_point_on_RDKit_MMFF_geometry,success
EGFR__CHEMBL53637__state02,EGFR__CHEMBL53637,CHEMBL53637,EGFR,CHEMBL1132213,2,C=CC(=O)Nc1ccc2nc[nH]c(=Nc3cccc(Cl)c3)c2c1,0,data/quantum/erbB_xyz/EGFR__CHEMBL53637__state02.xyz,-55.777240950049,0.038214366628,GFN2-xTB_single_point_on_RDKit_MMFF_geometry,success
EGFR__CHEMBL53637__state03,EGFR__CHEMBL53637,CHEMBL53637,EGFR,CHEMBL1132213,3,C=CC(O)=Nc1ccc2[nH]cnc(=Nc3cccc(Cl)c3)c2c1,0,data/quantum/erbB_xyz/EGFR__CHEMBL53637__state03.xyz,-55.764277812562,0.131429904139,GFN2-xTB_single_point_on_RDKit_MMFF_geometry,success
EGFR__CHEMBL53665__state00,EGFR__CHEMBL53665,CHEMBL53665,EGFR,CHEMBL1132213,0,C=CC(=O)Nc1ccc2ncnc(Nc3ccc(F)c(Br)c3)c2n1,0,data/quantum/erbB_xyz/EGFR__CHEMBL53665__state00.xyz,-60.952412829767,0.018798023196,GFN2-xTB_single_point_on_RDKit_MMFF_geometry,success
EGFR__CHEMBL53665__state01,EGFR__CHEMBL53665,CHEMBL53665,EGFR,CHEMBL1132213,1,C=CC(=O)N=c1ccc2[nH]cnc(=Nc3ccc(F)c(Br)c3)c2[nH]1,0,data/quantum/erbB_xyz/EGFR__CHEMBL53665__state01.xyz,-60.964977549789,0.082609864083,GFN2-xTB_single_point_on_RDKit_MMFF_geometry,success
EGFR__CHEMBL53665__state02,EGFR__CHEMBL53665,CHEMBL53665,EGFR,CHEMBL1132213,2,C=CC(=O)N=c1ccc2nc[nH]c(=Nc3ccc(F)c(Br)c3)c2[nH]1,0,data/quantum/erbB_xyz/EGFR__CHEMBL53665__state02.xyz,-60.960372321175,0.026686523971,GFN2-xTB_single_point_on_RDKit_MMFF_geometry,success
EGFR__CHEMBL53665__state03,EGFR__CHEMBL53665,CHEMBL53665,EGFR,CHEMBL1132213,3,C=CC(=O)N=c1ccc2ncnc(Nc3ccc(F)c(Br)c3)c2[nH]1,0,data/quantum/erbB_xyz/EGFR__CHEMBL53665__state03.xyz,-60.954621354722,0.019322943436,GFN2-xTB_single_point_on_RDKit_MMFF_geometry,success
EGFR__CHEMBL53690__state00,EGFR__CHEMBL53690,CHEMBL53690,EGFR,CHEMBL1132213,0,C=CC(=O)Nc1ccc2ncnc(Nc3cccc(C(F)(F)F)c3)c2c1,0,data/quantum/erbB_xyz/EGFR__CHEMBL53690__state00.xyz,-67.564840419198,0.033340700018,GFN2-xTB_single_point_on_RDKit_MMFF_geometry,success
EGFR__CHEMBL53690__state01,EGFR__CHEMBL53690,CHEMBL53690,EGFR,CHEMBL1132213,1,C=CC(=O)Nc1ccc2[nH]cnc(=Nc3cccc(C(F)(F)F)c3)c2c1,0,data/quantum/erbB_xyz/EGFR__CHEMBL53690__state01.xyz,-67.586490081718,0.129250383983,GFN2-xTB_single_point_on_RDKit_MMFF_geometry,success
EGFR__CHEMBL53690__state02,EGFR__CHEMBL53690,CHEMBL53690,EGFR,CHEMBL1132213,2,C=CC(=O)Nc1ccc2nc[nH]c(=Nc3cccc(C(F)(F)F)c3)c2c1,0,data/quantum/erbB_xyz/EGFR__CHEMBL53690__state02.xyz,-67.569120029454,0.009122322916,GFN2-xTB_single_point_on_RDKit_MMFF_geometry,success
EGFR__CHEMBL53690__state03,EGFR__CHEMBL53690,CHEMBL53690,EGFR,CHEMBL1132213,3,C=CC(O)=Nc1ccc2[nH]cnc(=Nc3cccc(C(F)(F)F)c3)c2c1,0,data/quantum/erbB_xyz/EGFR__CHEMBL53690__state03.xyz,-67.564411686361,0.178290502206,GFN2-xTB_single_point_on_RDKit_MMFF_geometry,success
EGFR__CHEMBL53898__state00,EGFR__CHEMBL53898,CHEMBL53898,EGFR,CHEMBL1132364,0,N#C/C(=C\c1ccc(O)c(O)c1)C(=O)NCCCc1ccccc1,0,data/quantum/erbB_xyz/EGFR__CHEMBL53898__state00.xyz,-57.477022272131,0.067877499958,GFN2-xTB_single_point_on_RDKit_MMFF_geometry,success
EGFR__CHEMBL53898__state01,EGFR__CHEMBL53898,CHEMBL53898,EGFR,CHEMBL1132364,1,N#CC(=CC1=CC(=O)C(O)C=C1)C(=O)NCCCc1ccccc1,0,data/quantum/erbB_xyz/EGFR__CHEMBL53898__state01.xyz,-57.484185071425,0.070671602025,GFN2-xTB_single_point_on_RDKit_MMFF_geometry,success
EGFR__CHEMBL53898__state02,EGFR__CHEMBL53898,CHEMBL53898,EGFR,CHEMBL1132364,2,N#CC(=CC1=CC(=O)C(O)C=C1)C(O)=NCCCc1ccccc1,0,data/quantum/erbB_xyz/EGFR__CHEMBL53898__state02.xyz,-57.454067560025,0.063183507969,GFN2-xTB_single_point_on_RDKit_MMFF_geometry,success
EGFR__CHEMBL53898__state03,EGFR__CHEMBL53898,CHEMBL53898,EGFR,CHEMBL1132364,3,N#CC(=CC1=CC(O)C(=O)C=C1)C(=O)NCCCc1ccccc1,0,data/quantum/erbB_xyz/EGFR__CHEMBL53898__state03.xyz,-57.485965481869,0.071972453628,GFN2-xTB_single_point_on_RDKit_MMFF_geometry,success
EGFR__CHEMBL54088__state00,EGFR__CHEMBL54088,CHEMBL54088,EGFR,CHEMBL1132213,0,C=CC(=O)Nc1cc2c(Nc3cccc(C)c3)ncnc2cn1,0,data/quantum/erbB_xyz/EGFR__CHEMBL54088__state00.xyz,-54.018930544243,0.011029903883,GFN2-xTB_single_point_on_RDKit_MMFF_geometry,success
EGFR__CHEMBL54088__state01,EGFR__CHEMBL54088,CHEMBL54088,EGFR,CHEMBL1132213,1,C=CC(=O)N=c1cc2c(=Nc3cccc(C)c3)[nH]cnc2c[nH]1,0,data/quantum/erbB_xyz/EGFR__CHEMBL54088__state01.xyz,-54.052384158580,0.049430450120,GFN2-xTB_single_point_on_RDKit_MMFF_geometry,success
EGFR__CHEMBL54088__state02,EGFR__CHEMBL54088,CHEMBL54088,EGFR,CHEMBL1132213,2,C=CC(=O)N=c1cc2c(=Nc3cccc(C)c3)nc[nH]c2c[nH]1,0,data/quantum/erbB_xyz/EGFR__CHEMBL54088__state02.xyz,-54.056053678293,0.038561535928,GFN2-xTB_single_point_on_RDKit_MMFF_geometry,success
EGFR__CHEMBL54088__state03,EGFR__CHEMBL54088,CHEMBL54088,EGFR,CHEMBL1132213,3,C=CC(=O)N=c1cc2c(Nc3cccc(C)c3)ncnc2c[nH]1,0,data/quantum/erbB_xyz/EGFR__CHEMBL54088__state03.xyz,-54.040934786379,0.023773568067,GFN2-xTB_single_point_on_RDKit_MMFF_geometry,success
EGFR__CHEMBL54091__state00,EGFR__CHEMBL54091,CHEMBL54091,EGFR,CHEMBL1132213,0,C=CC(=O)Nc1cc2c(Nc3ccc(F)c(Br)c3)ncnc2cn1,0,data/quantum/erbB_xyz/EGFR__CHEMBL54091__state00.xyz,-60.941799830732,0.003701422709,GFN2-xTB_single_point_on_RDKit_MMFF_geometry,success
EGFR__CHEMBL54091__state01,EGFR__CHEMBL54091,CHEMBL54091,EGFR,CHEMBL1132213,1,C=CC(=O)N=c1cc2c(=Nc3ccc(F)c(Br)c3)[nH]cnc2c[nH]1,0,data/quantum/erbB_xyz/EGFR__CHEMBL54091__state01.xyz,-60.965199370845,0.010181769893,GFN2-xTB_single_point_on_RDKit_MMFF_geometry,success
EGFR__CHEMBL54091__state02,EGFR__CHEMBL54091,CHEMBL54091,EGFR,CHEMBL1132213,2,C=CC(=O)N=c1cc2c(=Nc3ccc(F)c(Br)c3)nc[nH]c2c[nH]1,0,data/quantum/erbB_xyz/EGFR__CHEMBL54091__state02.xyz,-60.976420625959,0.276321498428,GFN2-xTB_single_point_on_RDKit_MMFF_geometry,success
EGFR__CHEMBL54091__state03,EGFR__CHEMBL54091,CHEMBL54091,EGFR,CHEMBL1132213,3,C=CC(=O)N=c1cc2c(Nc3ccc(F)c(Br)c3)ncnc2c[nH]1,0,data/quantum/erbB_xyz/EGFR__CHEMBL54091__state03.xyz,-60.962712893694,0.140138176041,GFN2-xTB_single_point_on_RDKit_MMFF_geometry,success
EGFR__CHEMBL545315__state00,EGFR__CHEMBL545315,CHEMBL545315,EGFR,CHEMBL1134843,0,C=CC(=O)Nc1cc2c(Nc3ccc(F)c(Cl)c3)ncnc2cc1OCCCN1CCOCC1.Cl.Cl,0,data/quantum/erbB_xyz/EGFR__CHEMBL545315__state00.xyz,,,GFN2-xTB_single_point_on_RDKit_MMFF_geometry,failed
EGFR__CHEMBL545315__state01,EGFR__CHEMBL545315,CHEMBL545315,EGFR,CHEMBL1134843,1,C=CC(=O)Nc1cc2c(=Nc3ccc(F)c(Cl)c3)[nH]cnc2cc1OCCCN1CCOCC1.Cl.Cl,0,data/quantum/erbB_xyz/EGFR__CHEMBL545315__state01.xyz,,,GFN2-xTB_single_point_on_RDKit_MMFF_geometry,failed
EGFR__CHEMBL545315__state02,EGFR__CHEMBL545315,CHEMBL545315,EGFR,CHEMBL1134843,2,C=CC(=O)Nc1cc2c(=Nc3ccc(F)c(Cl)c3)nc[nH]c2cc1OCCCN1CCOCC1.Cl.Cl,0,data/quantum/erbB_xyz/EGFR__CHEMBL545315__state02.xyz,,,GFN2-xTB_single_point_on_RDKit_MMFF_geometry,failed
EGFR__CHEMBL545315__state03,EGFR__CHEMBL545315,CHEMBL545315,EGFR,CHEMBL1134843,3,C=CC(O)=Nc1cc2c(=Nc3ccc(F)c(Cl)c3)[nH]cnc2cc1OCCCN1CCOCC1.Cl.Cl,0,data/quantum/erbB_xyz/EGFR__CHEMBL545315__state03.xyz,,,GFN2-xTB_single_point_on_RDKit_MMFF_geometry,failed
EGFR__CHEMBL55360__state00,EGFR__CHEMBL55360,CHEMBL55360,EGFR,CHEMBL1136802,0,Cc1cccc(C)c1NC(=O)/C(C#N)=C/c1ccc(O)c(O)c1,0,data/quantum/erbB_xyz/EGFR__CHEMBL55360__state00.xyz,-55.395288512303,0.103185436790,GFN2-xTB_single_point_on_RDKit_MMFF_geometry,success
EGFR__CHEMBL55360__state01,EGFR__CHEMBL55360,CHEMBL55360,EGFR,CHEMBL1136802,1,Cc1cccc(C)c1N=C(O)C(C#N)=Cc1ccc(O)c(O)c1,0,data/quantum/erbB_xyz/EGFR__CHEMBL55360__state01.xyz,-55.372916286030,0.156599965385,GFN2-xTB_single_point_on_RDKit_MMFF_geometry,success
EGFR__CHEMBL55360__state02,EGFR__CHEMBL55360,CHEMBL55360,EGFR,CHEMBL1136802,2,Cc1cccc(C)c1N=C(O)C(C#N)C=C1C=CC(=O)C(O)=C1,0,data/quantum/erbB_xyz/EGFR__CHEMBL55360__state02.xyz,-55.352208158238,0.030049024080,GFN2-xTB_single_point_on_RDKit_MMFF_geometry,success
EGFR__CHEMBL55360__state03,EGFR__CHEMBL55360,CHEMBL55360,EGFR,CHEMBL1136802,3,Cc1cccc(C)c1N=C(O)C(C#N)CC1=CC(=O)C(=O)C=C1,0,data/quantum/erbB_xyz/EGFR__CHEMBL55360__state03.xyz,-55.379373317701,0.109850914789,GFN2-xTB_single_point_on_RDKit_MMFF_geometry,success
EGFR__CHEMBL55748__state00,EGFR__CHEMBL55748,CHEMBL55748,EGFR,CHEMBL1125266,0,N#CC(C#N)=C1C(=O)Nc2ccc(O)cc21,0,data/quantum/erbB_xyz/EGFR__CHEMBL55748__state00.xyz,-39.983907803962,0.359013953177,GFN2-xTB_single_point_on_RDKit_MMFF_geometry,success
EGFR__CHEMBL55748__state01,EGFR__CHEMBL55748,CHEMBL55748,EGFR,CHEMBL1125266,1,N#CC(C#N)=C1C(=O)NC2=C1CC(=O)C=C2,0,data/quantum/erbB_xyz/EGFR__CHEMBL55748__state01.xyz,-39.992829931118,0.745641144098,GFN2-xTB_single_point_on_RDKit_MMFF_geometry,success
EGFR__CHEMBL55748__state02,EGFR__CHEMBL55748,CHEMBL55748,EGFR,CHEMBL1125266,2,N#CC(C#N)=C1C(O)=NC2=C1CC(=O)C=C2,0,data/quantum/erbB_xyz/EGFR__CHEMBL55748__state02.xyz,-39.971899182889,0.691219519820,GFN2-xTB_single_point_on_RDKit_MMFF_geometry,success
EGFR__CHEMBL55748__state03,EGFR__CHEMBL55748,CHEMBL55748,EGFR,CHEMBL1125266,3,N#CC(C#N)=C1C(O)=Nc2ccc(O)cc21,0,data/quantum/erbB_xyz/EGFR__CHEMBL55748__state03.xyz,-39.962474695122,0.337620386565,GFN2-xTB_single_point_on_RDKit_MMFF_geometry,success
EGFR__CHEMBL55979__state00,EGFR__CHEMBL55979,CHEMBL55979,EGFR,CHEMBL1125266,0,CC(NC(=O)/C(C#N)=C/c1ccc(O)c(O)c1)c1ccccc1,0,data/quantum/erbB_xyz/EGFR__CHEMBL55979__state00.xyz,-55.398585481486,0.042588745906,GFN2-xTB_single_point_on_RDKit_MMFF_geometry,success
EGFR__CHEMBL55979__state01,EGFR__CHEMBL55979,CHEMBL55979,EGFR,CHEMBL1125266,1,CC(N=C(O)C(C#N)=Cc1ccc(O)c(O)c1)c1ccccc1,0,data/quantum/erbB_xyz/EGFR__CHEMBL55979__state01.xyz,-55.392358498630,0.033982904854,GFN2-xTB_single_point_on_RDKit_MMFF_geometry,success
EGFR__CHEMBL55979__state02,EGFR__CHEMBL55979,CHEMBL55979,EGFR,CHEMBL1125266,2,CC(N=C(O)C(C#N)C=C1C=CC(=O)C(O)=C1)c1ccccc1,0,data/quantum/erbB_xyz/EGFR__CHEMBL55979__state02.xyz,-55.383052849495,0.011561869805,GFN2-xTB_single_point_on_RDKit_MMFF_geometry,success
EGFR__CHEMBL55979__state03,EGFR__CHEMBL55979,CHEMBL55979,EGFR,CHEMBL1125266,3,CC(N=C(O)C(C#N)CC1=CC(=O)C(=O)C=C1)c1ccccc1,0,data/quantum/erbB_xyz/EGFR__CHEMBL55979__state03.xyz,-55.397776112587,0.031466395062,GFN2-xTB_single_point_on_RDKit_MMFF_geometry,success
EGFR__CHEMBL56201__state00,EGFR__CHEMBL56201,CHEMBL56201,EGFR,CHEMBL1125266,0,CN1C(=O)C(=C(C#N)C#N)c2cc(O)ccc21,0,data/quantum/erbB_xyz/EGFR__CHEMBL56201__state00.xyz,-42.002557145699,0.253338400598,GFN2-xTB_single_point_on_RDKit_MMFF_geometry,success
EGFR__CHEMBL56201__state01,EGFR__CHEMBL56201,CHEMBL56201,EGFR,CHEMBL1125266,1,CN1C(=O)C(=C(C#N)C#N)C2=C1C=CC(=O)C2,0,data/quantum/erbB_xyz/EGFR__CHEMBL56201__state01.xyz,-42.006086781692,0.104617816140,GFN2-xTB_single_point_on_RDKit_MMFF_geometry,success
EGFR__CHEMBL56219__state00,EGFR__CHEMBL56219,CHEMBL56219,EGFR,CHEMBL1125266,0,N#C/C(=C\c1ccc(O)c(O)c1)C(=O)Nc1ccccc1Cl,0,data/quantum/erbB_xyz/EGFR__CHEMBL56219__state00.xyz,-55.978674211318,0.173357615607,GFN2-xTB_single_point_on_RDKit_MMFF_geometry,success
EGFR__CHEMBL56219__state01,EGFR__CHEMBL56219,CHEMBL56219,EGFR,CHEMBL1125266,1,N#CC(=CC1=CC(=O)C(O)C=C1)C(=O)Nc1ccccc1Cl,0,data/quantum/erbB_xyz/EGFR__CHEMBL56219__state01.xyz,-55.980998301017,0.179707944753,GFN2-xTB_single_point_on_RDKit_MMFF_geometry,success
EGFR__CHEMBL56219__state02,EGFR__CHEMBL56219,CHEMBL56219,EGFR,CHEMBL1125266,2,N#CC(=CC1=CC(=O)C(O)C=C1)C(O)=Nc1ccccc1Cl,0,data/quantum/erbB_xyz/EGFR__CHEMBL56219__state02.xyz,-55.962436471830,0.470061128139,GFN2-xTB_single_point_on_RDKit_MMFF_geometry,success
EGFR__CHEMBL56219__state03,EGFR__CHEMBL56219,CHEMBL56219,EGFR,CHEMBL1125266,3,N#CC(=CC1=CC(O)C(=O)C=C1)C(=O)Nc1ccccc1Cl,0,data/quantum/erbB_xyz/EGFR__CHEMBL56219__state03.xyz,-55.988276084340,0.334845619117,GFN2-xTB_single_point_on_RDKit_MMFF_geometry,success
EGFR__CHEMBL56319__state00,EGFR__CHEMBL56319,CHEMBL56319,EGFR,CHEMBL1136802,0,CCOC(=O)C(Cc1ccccc1)NC(=O)/C(C#N)=C/c1ccc(O)c(O)c1,0,data/quantum/erbB_xyz/EGFR__CHEMBL56319__state00.xyz,-69.715703710645,0.014953421158,GFN2-xTB_single_point_on_RDKit_MMFF_geometry,success
EGFR__CHEMBL56319__state01,EGFR__CHEMBL56319,CHEMBL56319,EGFR,CHEMBL1136802,1,CCOC(=O)C(Cc1ccccc1)N=C(O)C(C#N)=Cc1ccc(O)c(O)c1,0,data/quantum/erbB_xyz/EGFR__CHEMBL56319__state01.xyz,-69.697680468841,0.004976697786,GFN2-xTB_single_point_on_RDKit_MMFF_geometry,success
EGFR__CHEMBL56319__state02,EGFR__CHEMBL56319,CHEMBL56319,EGFR,CHEMBL1136802,2,CCOC(=O)C(Cc1ccccc1)N=C(O)C(C#N)C=C1C=CC(=O)C(O)=C1,0,data/quantum/erbB_xyz/EGFR__CHEMBL56319__state02.xyz,-69.690901565883,0.016589334333,GFN2-xTB_single_point_on_RDKit_MMFF_geometry,success
EGFR__CHEMBL56319__state03,EGFR__CHEMBL56319,CHEMBL56319,EGFR,CHEMBL1136802,3,CCOC(=O)C(Cc1ccccc1)NC(=O)/C(C#N)=C/C1=CC(O)C(=O)C=C1,0,data/quantum/erbB_xyz/EGFR__CHEMBL56319__state03.xyz,-69.730463695101,0.020993870902,GFN2-xTB_single_point_on_RDKit_MMFF_geometry,success
EGFR__CHEMBL56542__state00,EGFR__CHEMBL56542,CHEMBL56542,EGFR,CHEMBL1136802,0,N#C/C(=C\c1ccc(O)c(O)c1)C(=O)N1CCc2ccccc21,0,data/quantum/erbB_xyz/EGFR__CHEMBL56542__state00.xyz,-55.532385282320,0.059975160428,GFN2-xTB_single_point_on_RDKit_MMFF_geometry,success
EGFR__CHEMBL56542__state01,EGFR__CHEMBL56542,CHEMBL56542,EGFR,CHEMBL1136802,1,N#CC(=CC1=CC(=O)C(O)C=C1)C(=O)N1CCc2ccccc21,0,data/quantum/erbB_xyz/EGFR__CHEMBL56542__state01.xyz,-55.540761122222,0.041305331074,GFN2-xTB_single_point_on_RDKit_MMFF_geometry,success
EGFR__CHEMBL56542__state02,EGFR__CHEMBL56542,CHEMBL56542,EGFR,CHEMBL1136802,2,N#CC(=CC1=CC(O)C(=O)C=C1)C(=O)N1CCc2ccccc21,0,data/quantum/erbB_xyz/EGFR__CHEMBL56542__state02.xyz,-55.524922661281,0.054242715566,GFN2-xTB_single_point_on_RDKit_MMFF_geometry,success
EGFR__CHEMBL56542__state03,EGFR__CHEMBL56542,CHEMBL56542,EGFR,CHEMBL1136802,3,N#CC(=CC1=CCC(=O)C(=O)C1)C(=O)N1CCc2ccccc21,0,data/quantum/erbB_xyz/EGFR__CHEMBL56542__state03.xyz,-55.556549789640,0.042153839025,GFN2-xTB_single_point_on_RDKit_MMFF_geometry,success
EGFR__CHEMBL56543__state00,EGFR__CHEMBL56543,CHEMBL56543,EGFR,CHEMBL1132364,0,N#C/C(=C\c1ccc(O)c(O)c1)C(=O)NCc1ccccc1,0,data/quantum/erbB_xyz/EGFR__CHEMBL56543__state00.xyz,-53.381028818029,0.028846365530,GFN2-xTB_single_point_on_RDKit_MMFF_geometry,success
EGFR__CHEMBL56543__state01,EGFR__CHEMBL56543,CHEMBL56543,EGFR,CHEMBL1132364,1,N#CC(=CC1=CC(=O)C(O)C=C1)C(=O)NCc1ccccc1,0,data/quantum/erbB_xyz/EGFR__CHEMBL56543__state01.xyz,-53.397583572868,0.062647046595,GFN2-xTB_single_point_on_RDKit_MMFF_geometry,success
EGFR__CHEMBL56543__state02,EGFR__CHEMBL56543,CHEMBL56543,EGFR,CHEMBL1132364,2,N#CC(=CC1=CC(=O)C(O)C=C1)C(O)=NCc1ccccc1,0,data/quantum/erbB_xyz/EGFR__CHEMBL56543__state02.xyz,-53.377265243069,0.077765419700,GFN2-xTB_single_point_on_RDKit_MMFF_geometry,success
EGFR__CHEMBL56543__state03,EGFR__CHEMBL56543,CHEMBL56543,EGFR,CHEMBL1132364,3,N#CC(=CC1=CC(O)C(=O)C=C1)C(=O)NCc1ccccc1,0,data/quantum/erbB_xyz/EGFR__CHEMBL56543__state03.xyz,-53.383398487404,0.044969339562,GFN2-xTB_single_point_on_RDKit_MMFF_geometry,success
EGFR__CHEMBL56731__state00,EGFR__CHEMBL56731,CHEMBL56731,EGFR,CHEMBL1125266,0,N#C/C(=C\c1ccc(O)c(O)c1)C(=O)Nc1ccccc1,0,data/quantum/erbB_xyz/EGFR__CHEMBL56731__state00.xyz,-51.337440529193,0.037267055090,GFN2-xTB_single_point_on_RDKit_MMFF_geometry,success
EGFR__CHEMBL56731__state01,EGFR__CHEMBL56731,CHEMBL56731,EGFR,CHEMBL1125266,1,N#CC(=CC1=CC(=O)C(O)C=C1)C(=O)Nc1ccccc1,0,data/quantum/erbB_xyz/EGFR__CHEMBL56731__state01.xyz,-51.342362345715,0.027643012993,GFN2-xTB_single_point_on_RDKit_MMFF_geometry,success
EGFR__CHEMBL56731__state02,EGFR__CHEMBL56731,CHEMBL56731,EGFR,CHEMBL1125266,2,N#CC(=CC1=CC(=O)C(O)C=C1)C(O)=Nc1ccccc1,0,data/quantum/erbB_xyz/EGFR__CHEMBL56731__state02.xyz,-51.335744084541,0.023103700753,GFN2-xTB_single_point_on_RDKit_MMFF_geometry,success
EGFR__CHEMBL56731__state03,EGFR__CHEMBL56731,CHEMBL56731,EGFR,CHEMBL1125266,3,N#CC(=CC1=CC(O)C(=O)C=C1)C(=O)Nc1ccccc1,0,data/quantum/erbB_xyz/EGFR__CHEMBL56731__state03.xyz,-51.344471578273,0.038969235947,GFN2-xTB_single_point_on_RDKit_MMFF_geometry,success
EGFR__CHEMBL56964__state00,EGFR__CHEMBL56964,CHEMBL56964,EGFR,CHEMBL1125266,0,COc1cc2c(cc1O)NC(=O)C2=C(C#N)C#N,0,data/quantum/erbB_xyz/EGFR__CHEMBL56964__state00.xyz,-46.083717904751,0.291520189970,GFN2-xTB_single_point_on_RDKit_MMFF_geometry,success
EGFR__CHEMBL56964__state01,EGFR__CHEMBL56964,CHEMBL56964,EGFR,CHEMBL1125266,1,COC1=C(O)CC2=NC(=O)C(=C(C#N)C#N)C2=C1,0,data/quantum/erbB_xyz/EGFR__CHEMBL56964__state01.xyz,-46.041727270963,0.091890043905,GFN2-xTB_single_point_on_RDKit_MMFF_geometry,success
EGFR__CHEMBL56964__state02,EGFR__CHEMBL56964,CHEMBL56964,EGFR,CHEMBL1125266,2,COC1=CC2=C(C(C#N)C#N)C(=O)N=C2CC1=O,0,data/quantum/erbB_xyz/EGFR__CHEMBL56964__state02.xyz,-46.043987293014,0.112173258538,GFN2-xTB_single_point_on_RDKit_MMFF_geometry,success
EGFR__CHEMBL56964__state03,EGFR__CHEMBL56964,CHEMBL56964,EGFR,CHEMBL1125266,3,COC1=CC2=C(C(C#N)C#N)C(=O)NC2=CC1=O,0,data/quantum/erbB_xyz/EGFR__CHEMBL56964__state03.xyz,-46.064020740338,0.233987493579,GFN2-xTB_single_point_on_RDKit_MMFF_geometry,success
EGFR__CHEMBL57251__state00,EGFR__CHEMBL57251,CHEMBL57251,EGFR,CHEMBL1136802,0,COc1ccc(NC(=O)/C(C#N)=C/c2ccc(O)c(O)c2)c(OC)c1,0,data/quantum/erbB_xyz/EGFR__CHEMBL57251__state00.xyz,-63.534858002199,0.118206193963,GFN2-xTB_single_point_on_RDKit_MMFF_geometry,success
EGFR__CHEMBL57251__state01,EGFR__CHEMBL57251,CHEMBL57251,EGFR,CHEMBL1136802,1,COc1ccc(N=C(O)C(C#N)=Cc2ccc(O)c(O)c2)c(OC)c1,0,data/quantum/erbB_xyz/EGFR__CHEMBL57251__state01.xyz,-63.522507862734,0.063930234969,GFN2-xTB_single_point_on_RDKit_MMFF_geometry,success
EGFR__CHEMBL57251__state02,EGFR__CHEMBL57251,CHEMBL57251,EGFR,CHEMBL1136802,2,COc1ccc(N=C(O)C(C#N)C=C2C=CC(=O)C(O)=C2)c(OC)c1,0,data/quantum/erbB_xyz/EGFR__CHEMBL57251__state02.xyz,-63.507952078516,0.047644608336,GFN2-xTB_single_point_on_RDKit_MMFF_geometry,success
EGFR__CHEMBL57251__state03,EGFR__CHEMBL57251,CHEMBL57251,EGFR,CHEMBL1136802,3,COc1ccc(N=C(O)C(C#N)CC2=CC(=O)C(=O)C=C2)c(OC)c1,0,data/quantum/erbB_xyz/EGFR__CHEMBL57251__state03.xyz,-63.522718817849,0.068790460849,GFN2-xTB_single_point_on_RDKit_MMFF_geometry,success
EGFR__CHEMBL607707__state00,EGFR__CHEMBL607707,CHEMBL607707,EGFR,CHEMBL1145020,0,CCOc1cc2ncc(C#N)c(Nc3ccc(F)c(Cl)c3)c2cc1NC(=O)/C=C/CN(C)C,0,data/quantum/erbB_xyz/EGFR__CHEMBL607707__state00.xyz,-81.883789088048,0.042256308260,GFN2-xTB_single_point_on_RDKit_MMFF_geometry,success
EGFR__CHEMBL607707__state01,EGFR__CHEMBL607707,CHEMBL607707,EGFR,CHEMBL1145020,1,CCOc1cc2[nH]cc(C#N)c(=Nc3ccc(F)c(Cl)c3)c2cc1N=C(O)/C=C/CN(C)C,0,data/quantum/erbB_xyz/EGFR__CHEMBL607707__state01.xyz,-81.863183737638,0.072247328104,GFN2-xTB_single_point_on_RDKit_MMFF_geometry,success
EGFR__CHEMBL607707__state02,EGFR__CHEMBL607707,CHEMBL607707,EGFR,CHEMBL1145020,2,CCOc1cc2[nH]cc(C#N)c(=Nc3ccc(F)c(Cl)c3)c2cc1NC(=O)/C=C/CN(C)C,0,data/quantum/erbB_xyz/EGFR__CHEMBL607707__state02.xyz,-81.885036259408,0.051835144953,GFN2-xTB_single_point_on_RDKit_MMFF_geometry,success
EGFR__CHEMBL607707__state03,EGFR__CHEMBL607707,CHEMBL607707,EGFR,CHEMBL1145020,3,CCOc1cc2ncc(C#N)c(Nc3ccc(F)c(Cl)c3)c2cc1N=C(O)/C=C/CN(C)C,0,data/quantum/erbB_xyz/EGFR__CHEMBL607707__state03.xyz,-81.863166653075,0.047050883253,GFN2-xTB_single_point_on_RDKit_MMFF_geometry,success
EGFR__CHEMBL66570__state00,EGFR__CHEMBL66570,CHEMBL66570,EGFR,CHEMBL1134862,0,CCN1CCN(C(=O)c2cc(C)c(/C=C3\C(=O)Nc4ncnc(Nc5ccc(F)c(Cl)c5)c43)[nH]2)CC1,0,data/quantum/erbB_xyz/EGFR__CHEMBL66570__state00.xyz,-89.867222162236,0.023782262748,GFN2-xTB_single_point_on_RDKit_MMFF_geometry,success
EGFR__CHEMBL66570__state01,EGFR__CHEMBL66570,CHEMBL66570,EGFR,CHEMBL1134862,1,C=c1cc(C(=O)N2CCN(CC)CC2)[nH]c1=CC1C(=O)Nc2ncnc(Nc3ccc(F)c(Cl)c3)c21,0,data/quantum/erbB_xyz/EGFR__CHEMBL66570__state01.xyz,-89.830064943809,0.040057177638,GFN2-xTB_single_point_on_RDKit_MMFF_geometry,success
EGFR__CHEMBL66570__state02,EGFR__CHEMBL66570,CHEMBL66570,EGFR,CHEMBL1134862,2,C=c1cc(C(=O)N2CCN(CC)CC2)[nH]c1=Cc1c(O)[nH]c2ncnc(Nc3ccc(F)c(Cl)c3)c12,0,data/quantum/erbB_xyz/EGFR__CHEMBL66570__state02.xyz,-89.856428688637,0.023677984743,GFN2-xTB_single_point_on_RDKit_MMFF_geometry,success
EGFR__CHEMBL66570__state03,EGFR__CHEMBL66570,CHEMBL66570,EGFR,CHEMBL1134862,3,CCN1CCN(C(=O)C2=NC(=CC3C(=O)Nc4ncnc(Nc5ccc(F)c(Cl)c5)c43)C(C)=C2)CC1,0,data/quantum/erbB_xyz/EGFR__CHEMBL66570__state03.xyz,-89.827331009600,0.024042100955,GFN2-xTB_single_point_on_RDKit_MMFF_geometry,success
EGFR__CHEMBL67003__state00,EGFR__CHEMBL67003,CHEMBL67003,EGFR,CHEMBL1134862,0,Cc1cc(C(=O)N2CCOCC2)[nH]c1/C=C1\C(=O)Nc2ncnc(Nc3ccc4c(cnn4Cc4ccccc4)c3)c21,0,data/quantum/erbB_xyz/EGFR__CHEMBL67003__state00.xyz,-100.084251448695,0.031350074407,GFN2-xTB_single_point_on_RDKit_MMFF_geometry,success
EGFR__CHEMBL67003__state01,EGFR__CHEMBL67003,CHEMBL67003,EGFR,CHEMBL1134862,1,C=c1cc(C(=O)N2CCOCC2)[nH]c1=Cc1c(O)[nH]c2ncnc(Nc3ccc4c(cnn4Cc4ccccc4)c3)c12,0,data/quantum/erbB_xyz/EGFR__CHEMBL67003__state01.xyz,-100.093115124123,0.044052044902,GFN2-xTB_single_point_on_RDKit_MMFF_geometry,success
EGFR__CHEMBL67003__state02,EGFR__CHEMBL67003,CHEMBL67003,EGFR,CHEMBL1134862,2,CC1=CC(=C(O)N2CCOCC2)N=C1C=C1C(=O)Nc2ncnc(Nc3ccc4c(cnn4Cc4ccccc4)c3)c21,0,data/quantum/erbB_xyz/EGFR__CHEMBL67003__state02.xyz,-100.063979962325,0.023120228671,GFN2-xTB_single_point_on_RDKit_MMFF_geometry,success
EGFR__CHEMBL67003__state03,EGFR__CHEMBL67003,CHEMBL67003,EGFR,CHEMBL1134862,3,CC1=CC(C(=O)N2CCOCC2)=NC1=CC1C(=O)Nc2ncnc(Nc3ccc4c(cnn4Cc4ccccc4)c3)c21,0,data/quantum/erbB_xyz/EGFR__CHEMBL67003__state03.xyz,-100.052954072595,0.035417876913,GFN2-xTB_single_point_on_RDKit_MMFF_geometry,success
EGFR__CHEMBL67057__state00,EGFR__CHEMBL67057,CHEMBL67057,EGFR,CHEMBL1134862,0,Cc1cc(C(=O)N2CCOCC2)[nH]c1/C=C1\C(=O)Nc2ncnc(Nc3ccc4c(ccn4Cc4ccccc4)c3)c21,0,data/quantum/erbB_xyz/EGFR__CHEMBL67057__state00.xyz,-99.239874397530,0.040806289326,GFN2-xTB_single_point_on_RDKit_MMFF_geometry,success
EGFR__CHEMBL67057__state01,EGFR__CHEMBL67057,CHEMBL67057,EGFR,CHEMBL1134862,1,C=c1cc(C(=O)N2CCOCC2)[nH]c1=Cc1c(O)[nH]c2ncnc(Nc3ccc4c(ccn4Cc4ccccc4)c3)c12,0,data/quantum/erbB_xyz/EGFR__CHEMBL67057__state01.xyz,-99.239581653376,0.024439723635,GFN2-xTB_single_point_on_RDKit_MMFF_geometry,success
EGFR__CHEMBL67057__state02,EGFR__CHEMBL67057,CHEMBL67057,EGFR,CHEMBL1134862,2,CC1=CC(=C(O)N2CCOCC2)N=C1C=C1C(=O)Nc2ncnc(Nc3ccc4c(ccn4Cc4ccccc4)c3)c21,0,data/quantum/erbB_xyz/EGFR__CHEMBL67057__state02.xyz,-99.170229204054,0.033377036759,GFN2-xTB_single_point_on_RDKit_MMFF_geometry,success
EGFR__CHEMBL67057__state03,EGFR__CHEMBL67057,CHEMBL67057,EGFR,CHEMBL1134862,3,CC1=CC(C(=O)N2CCOCC2)=NC1=CC1C(=O)Nc2ncnc(Nc3ccc4c(ccn4Cc4ccccc4)c3)c21,0,data/quantum/erbB_xyz/EGFR__CHEMBL67057__state03.xyz,-99.184323178762,0.030109042797,GFN2-xTB_single_point_on_RDKit_MMFF_geometry,success
EGFR__CHEMBL67535__state00,EGFR__CHEMBL67535,CHEMBL67535,EGFR,CHEMBL1129590,0,N#C/C(=C\c1ccc(O)c(O)c1)C(=O)NCCCNC(=O)/C(C#N)=C/c1ccc(O)c(O)c1,0,data/quantum/erbB_xyz/EGFR__CHEMBL67535__state00.xyz,-83.898154537065,0.074637811288,GFN2-xTB_single_point_on_RDKit_MMFF_geometry,success
EGFR__CHEMBL67535__state01,EGFR__CHEMBL67535,CHEMBL67535,EGFR,CHEMBL1129590,1,N#C/C(=C\C1=CC(O)C(=O)C=C1)C(=O)NCCCNC(=O)/C(C#N)=C/c1ccc(O)c(O)c1,0,data/quantum/erbB_xyz/EGFR__CHEMBL67535__state01.xyz,-83.911620338536,0.158722519258,GFN2-xTB_single_point_on_RDKit_MMFF_geometry,success
EGFR__CHEMBL67535__state02,EGFR__CHEMBL67535,CHEMBL67535,EGFR,CHEMBL1129590,2,N#C/C(=C\c1ccc(O)c(O)c1)C(=O)NCCCN=C(O)/C(C#N)=C/c1ccc(O)c(O)c1,0,data/quantum/erbB_xyz/EGFR__CHEMBL67535__state02.xyz,-83.893767524019,0.126400045835,GFN2-xTB_single_point_on_RDKit_MMFF_geometry,success
EGFR__CHEMBL67535__state03,EGFR__CHEMBL67535,CHEMBL67535,EGFR,CHEMBL1129590,3,N#C/C(=C\c1ccc(O)c(O)c1)C(=O)NCCCNC(=O)C(C#N)C=C1C=CC(=O)C(O)=C1,0,data/quantum/erbB_xyz/EGFR__CHEMBL67535__state03.xyz,-83.903801866379,0.029487074274,GFN2-xTB_single_point_on_RDKit_MMFF_geometry,success
EGFR__CHEMBL68920__state00,EGFR__CHEMBL68920,CHEMBL68920,EGFR,CHEMBL1134862,0,Cc1cc(C)c(/C=C2\C(=O)Nc3ncnc(Nc4ccc(F)c(Cl)c4)c32)[nH]1,0,data/quantum/erbB_xyz/EGFR__CHEMBL68920__state00.xyz,-67.636879310889,0.055500798279,GFN2-xTB_single_point_on_RDKit_MMFF_geometry,success
EGFR__CHEMBL68920__state01,EGFR__CHEMBL68920,CHEMBL68920,EGFR,CHEMBL1134862,1,C=c1cc(C)[nH]c1=Cc1c(O)[nH]c2ncnc(Nc3ccc(F)c(Cl)c3)c12,0,data/quantum/erbB_xyz/EGFR__CHEMBL68920__state01.xyz,-67.622667963591,0.056081229035,GFN2-xTB_single_point_on_RDKit_MMFF_geometry,success
EGFR__CHEMBL68920__state02,EGFR__CHEMBL68920,CHEMBL68920,EGFR,CHEMBL1134862,2,CC1=CC(C)=NC1=CC1C(=O)Nc2ncnc(Nc3ccc(F)c(Cl)c3)c21,0,data/quantum/erbB_xyz/EGFR__CHEMBL68920__state02.xyz,-67.597527139097,0.073917532624,GFN2-xTB_single_point_on_RDKit_MMFF_geometry,success
EGFR__CHEMBL68920__state03,EGFR__CHEMBL68920,CHEMBL68920,EGFR,CHEMBL1134862,3,CC1=CC(C)=NC1=Cc1c(O)[nH]c2ncnc(Nc3ccc(F)c(Cl)c3)c12,0,data/quantum/erbB_xyz/EGFR__CHEMBL68920__state03.xyz,-67.594735331114,0.061626490870,GFN2-xTB_single_point_on_RDKit_MMFF_geometry,success
EGFR__CHEMBL69071__state00,EGFR__CHEMBL69071,CHEMBL69071,EGFR,CHEMBL1134862,0,Cc1cc(C(=O)N2CC(C)NC(C)C2)[nH]c1/C=C1\C(=O)Nc2ncnc(Nc3ccc(F)c(Cl)c3)c21,0,data/quantum/erbB_xyz/EGFR__CHEMBL69071__state00.xyz,-89.884847079350,0.017649247096,GFN2-xTB_single_point_on_RDKit_MMFF_geometry,success
EGFR__CHEMBL69071__state01,EGFR__CHEMBL69071,CHEMBL69071,EGFR,CHEMBL1134862,1,C=c1cc(C(=O)N2CC(C)NC(C)C2)[nH]c1=Cc1c(O)[nH]c2ncnc(Nc3ccc(F)c(Cl)c3)c12,0,data/quantum/erbB_xyz/EGFR__CHEMBL69071__state01.xyz,-89.866326189978,0.020130646802,GFN2-xTB_single_point_on_RDKit_MMFF_geometry,success
EGFR__CHEMBL69071__state02,EGFR__CHEMBL69071,CHEMBL69071,EGFR,CHEMBL1134862,2,CC1=CC(=C(O)N2CC(C)NC(C)C2)N=C1C=C1C(=O)Nc2ncnc(Nc3ccc(F)c(Cl)c3)c21,0,data/quantum/erbB_xyz/EGFR__CHEMBL69071__state02.xyz,-89.808058099827,0.046785451703,GFN2-xTB_single_point_on_RDKit_MMFF_geometry,success
EGFR__CHEMBL69071__state03,EGFR__CHEMBL69071,CHEMBL69071,EGFR,CHEMBL1134862,3,CC1=CC(C(=O)N2CC(C)NC(C)C2)=NC1=CC1C(=O)Nc2ncnc(Nc3ccc(F)c(Cl)c3)c21,0,data/quantum/erbB_xyz/EGFR__CHEMBL69071__state03.xyz,-89.829757116703,0.023520172058,GFN2-xTB_single_point_on_RDKit_MMFF_geometry,success
EGFR__CHEMBL69358__state00,EGFR__CHEMBL69358,CHEMBL69358,EGFR,CHEMBL1134862,0,CCN(CC)CCNC(=O)c1cc(C)c(/C=C2\C(=O)Nc3ncnc(Nc4ccc(F)c(Cl)c4)c32)[nH]1,0,data/quantum/erbB_xyz/EGFR__CHEMBL69358__state00.xyz,-89.783476361908,0.018758772242,GFN2-xTB_single_point_on_RDKit_MMFF_geometry,success
EGFR__CHEMBL69358__state01,EGFR__CHEMBL69358,CHEMBL69358,EGFR,CHEMBL1134862,1,C=c1cc(C(=O)NCCN(CC)CC)[nH]c1=CC1C(=O)Nc2ncnc(Nc3ccc(F)c(Cl)c3)c21,0,data/quantum/erbB_xyz/EGFR__CHEMBL69358__state01.xyz,-89.778963627043,0.020286781833,GFN2-xTB_single_point_on_RDKit_MMFF_geometry,success
EGFR__CHEMBL69358__state02,EGFR__CHEMBL69358,CHEMBL69358,EGFR,CHEMBL1134862,2,C=c1cc(C(=O)NCCN(CC)CC)[nH]c1=Cc1c(O)[nH]c2ncnc(Nc3ccc(F)c(Cl)c3)c12,0,data/quantum/erbB_xyz/EGFR__CHEMBL69358__state02.xyz,-89.765421467049,0.035717774070,GFN2-xTB_single_point_on_RDKit_MMFF_geometry,success
EGFR__CHEMBL69358__state03,EGFR__CHEMBL69358,CHEMBL69358,EGFR,CHEMBL1134862,3,CCN(CC)CCN=C(O)c1cc(C)c(C=C2C(=O)Nc3ncnc(Nc4ccc(F)c(Cl)c4)c32)[nH]1,0,data/quantum/erbB_xyz/EGFR__CHEMBL69358__state03.xyz,-89.744212838182,0.036570570532,GFN2-xTB_single_point_on_RDKit_MMFF_geometry,success
EGFR__CHEMBL69629__state00,EGFR__CHEMBL69629,CHEMBL69629,EGFR,CHEMBL1134862,0,Cc1cc(C(=O)NCCN2CCOCC2)[nH]c1/C=C1\C(=O)Nc2ncnc(Nc3ccc(F)c(Cl)c3)c21,0,data/quantum/erbB_xyz/EGFR__CHEMBL69629__state00.xyz,-93.960124696570,0.047766786148,GFN2-xTB_single_point_on_RDKit_MMFF_geometry,success
EGFR__CHEMBL69629__state01,EGFR__CHEMBL69629,CHEMBL69629,EGFR,CHEMBL1134862,1,C=c1cc(C(=O)NCCN2CCOCC2)[nH]c1=Cc1c(O)[nH]c2ncnc(Nc3ccc(F)c(Cl)c3)c12,0,data/quantum/erbB_xyz/EGFR__CHEMBL69629__state01.xyz,-93.936084137381,0.057027866590,GFN2-xTB_single_point_on_RDKit_MMFF_geometry,success
EGFR__CHEMBL69629__state02,EGFR__CHEMBL69629,CHEMBL69629,EGFR,CHEMBL1134862,2,CC1=CC(=C(O)NCCN2CCOCC2)N=C1C=C1C(=O)Nc2ncnc(Nc3ccc(F)c(Cl)c3)c21,0,data/quantum/erbB_xyz/EGFR__CHEMBL69629__state02.xyz,-93.932535242031,0.021024238092,GFN2-xTB_single_point_on_RDKit_MMFF_geometry,success
EGFR__CHEMBL69629__state03,EGFR__CHEMBL69629,CHEMBL69629,EGFR,CHEMBL1134862,3,CC1=CC(C(=O)NCCN2CCOCC2)=NC1=CC1C(=O)Nc2ncnc(Nc3ccc(F)c(Cl)c3)c21,0,data/quantum/erbB_xyz/EGFR__CHEMBL69629__state03.xyz,-93.905308924709,0.028299232271,GFN2-xTB_single_point_on_RDKit_MMFF_geometry,success
EGFR__CHEMBL69960__state00,EGFR__CHEMBL69960,CHEMBL69960,EGFR,CHEMBL1134862,0,Cc1cc(C(=O)N2CCOCC2)[nH]c1/C=C1\C(=O)Nc2ncnc(Nc3ccc(F)c(Cl)c3)c21,0,data/quantum/erbB_xyz/EGFR__CHEMBL69960__state00.xyz,-86.992802828291,0.009464748086,GFN2-xTB_single_point_on_RDKit_MMFF_geometry,success
EGFR__CHEMBL69960__state01,EGFR__CHEMBL69960,CHEMBL69960,EGFR,CHEMBL1134862,1,C=c1cc(C(=O)N2CCOCC2)[nH]c1=Cc1c(O)[nH]c2ncnc(Nc3ccc(F)c(Cl)c3)c12,0,data/quantum/erbB_xyz/EGFR__CHEMBL69960__state01.xyz,-86.985575826904,0.028648233702,GFN2-xTB_single_point_on_RDKit_MMFF_geometry,success
EGFR__CHEMBL69960__state02,EGFR__CHEMBL69960,CHEMBL69960,EGFR,CHEMBL1134862,2,CC1=CC(=C(O)N2CCOCC2)N=C1C=C1C(=O)Nc2ncnc(Nc3ccc(F)c(Cl)c3)c21,0,data/quantum/erbB_xyz/EGFR__CHEMBL69960__state02.xyz,-86.957136337824,0.024445406589,GFN2-xTB_single_point_on_RDKit_MMFF_geometry,success
EGFR__CHEMBL69960__state03,EGFR__CHEMBL69960,CHEMBL69960,EGFR,CHEMBL1134862,3,CC1=CC(C(=O)N2CCOCC2)=NC1=CC1C(=O)Nc2ncnc(Nc3ccc(F)c(Cl)c3)c21,0,data/quantum/erbB_xyz/EGFR__CHEMBL69960__state03.xyz,-86.928725018359,0.013069452246,GFN2-xTB_single_point_on_RDKit_MMFF_geometry,success
EGFR__CHEMBL69964__state00,EGFR__CHEMBL69964,CHEMBL69964,EGFR,CHEMBL1134862,0,Cc1cc(/C=C2\C(=O)Nc3ncnc(Nc4ccc(F)c(Cl)c4)c32)[nH]c1C(=O)N1CCN(C)CC1,0,data/quantum/erbB_xyz/EGFR__CHEMBL69964__state00.xyz,-87.832839139125,0.035720812055,GFN2-xTB_single_point_on_RDKit_MMFF_geometry,success
EGFR__CHEMBL69964__state01,EGFR__CHEMBL69964,CHEMBL69964,EGFR,CHEMBL1134862,1,CC1=CC(=CC2C(=O)Nc3ncnc(Nc4ccc(F)c(Cl)c4)c32)N=C1C(=O)N1CCN(C)CC1,0,data/quantum/erbB_xyz/EGFR__CHEMBL69964__state01.xyz,-87.777405395353,0.018434968149,GFN2-xTB_single_point_on_RDKit_MMFF_geometry,success
EGFR__CHEMBL69964__state02,EGFR__CHEMBL69964,CHEMBL69964,EGFR,CHEMBL1134862,2,CC1=CC(=CC2C(O)=Nc3ncnc(Nc4ccc(F)c(Cl)c4)c32)N=C1C(=O)N1CCN(C)CC1,0,data/quantum/erbB_xyz/EGFR__CHEMBL69964__state02.xyz,-87.770447484868,0.012744063474,GFN2-xTB_single_point_on_RDKit_MMFF_geometry,success
EGFR__CHEMBL69964__state03,EGFR__CHEMBL69964,CHEMBL69964,EGFR,CHEMBL1134862,3,CC1=CC(=Cc2c(O)[nH]c3ncnc(Nc4ccc(F)c(Cl)c4)c23)N=C1C(=O)N1CCN(C)CC1,0,data/quantum/erbB_xyz/EGFR__CHEMBL69964__state03.xyz,-87.805214040157,0.055312930376,GFN2-xTB_single_point_on_RDKit_MMFF_geometry,success
EGFR__CHEMBL69966__state00,EGFR__CHEMBL69966,CHEMBL69966,EGFR,CHEMBL1134862,0,C#Cc1cccc(Nc2ncnc3c2/C(=C/c2[nH]c(C(=O)NCCN4CCOCC4)cc2C)C(=O)N3)c1,0,data/quantum/erbB_xyz/EGFR__CHEMBL69966__state00.xyz,-88.707944279925,0.012263387745,GFN2-xTB_single_point_on_RDKit_MMFF_geometry,success
EGFR__CHEMBL69966__state01,EGFR__CHEMBL69966,CHEMBL69966,EGFR,CHEMBL1134862,1,C#Cc1cccc(N=c2[nH]cnc3c2C(=Cc2[nH]c(C(=O)NCCN4CCOCC4)cc2C)C(=O)N3)c1,0,data/quantum/erbB_xyz/EGFR__CHEMBL69966__state01.xyz,-88.719198431018,0.018121645791,GFN2-xTB_single_point_on_RDKit_MMFF_geometry,success
EGFR__CHEMBL69966__state02,EGFR__CHEMBL69966,CHEMBL69966,EGFR,CHEMBL1134862,2,C#Cc1cccc(N=c2[nH]cnc3c2C(=Cc2[nH]c(C(=O)NCCN4CCOCC4)cc2C)C(O)=N3)c1,0,data/quantum/erbB_xyz/EGFR__CHEMBL69966__state02.xyz,-88.719636090393,0.017619846662,GFN2-xTB_single_point_on_RDKit_MMFF_geometry,success
EGFR__CHEMBL69966__state03,EGFR__CHEMBL69966,CHEMBL69966,EGFR,CHEMBL1134862,3,C#Cc1cccc(N=c2nc[nH]c3c2C(=Cc2[nH]c(C(=O)NCCN4CCOCC4)cc2C)C(=O)N3)c1,0,data/quantum/erbB_xyz/EGFR__CHEMBL69966__state03.xyz,-88.724913994008,0.007545954125,GFN2-xTB_single_point_on_RDKit_MMFF_geometry,success
EGFR__CHEMBL76557__state00,EGFR__CHEMBL76557,CHEMBL76557,EGFR,CHEMBL1124610,0,N#CCNC(=O)/C(C#N)=C/c1ccc(O)cc1,0,data/quantum/erbB_xyz/EGFR__CHEMBL76557__state00.xyz,-41.833706990484,0.011384049656,GFN2-xTB_single_point_on_RDKit_MMFF_geometry,success
EGFR__CHEMBL76557__state01,EGFR__CHEMBL76557,CHEMBL76557,EGFR,CHEMBL1124610,1,N#CCN=C(O)C(C#N)=CC1=CCC(=O)C=C1,0,data/quantum/erbB_xyz/EGFR__CHEMBL76557__state01.xyz,-41.819250925573,0.081556669847,GFN2-xTB_single_point_on_RDKit_MMFF_geometry,success
EGFR__CHEMBL76557__state02,EGFR__CHEMBL76557,CHEMBL76557,EGFR,CHEMBL1124610,2,N#CCN=C(O)C(C#N)=Cc1ccc(O)cc1,0,data/quantum/erbB_xyz/EGFR__CHEMBL76557__state02.xyz,-41.807278278897,0.018791561450,GFN2-xTB_single_point_on_RDKit_MMFF_geometry,success
EGFR__CHEMBL76557__state03,EGFR__CHEMBL76557,CHEMBL76557,EGFR,CHEMBL1124610,3,N#CCN=C(O)C(C#N)C=C1C=CC(=O)C=C1,0,data/quantum/erbB_xyz/EGFR__CHEMBL76557__state03.xyz,-41.813051219959,0.066242686658,GFN2-xTB_single_point_on_RDKit_MMFF_geometry,success
EGFR__CHEMBL77243__state00,EGFR__CHEMBL77243,CHEMBL77243,EGFR,CHEMBL1124610,0,CCCCc1cc(/C=C(\C#N)C(N)=O)cc(CCCC)c1O,0,data/quantum/erbB_xyz/EGFR__CHEMBL77243__state00.xyz,-51.033386976156,0.029354678046,GFN2-xTB_single_point_on_RDKit_MMFF_geometry,success
EGFR__CHEMBL77243__state01,EGFR__CHEMBL77243,CHEMBL77243,EGFR,CHEMBL1124610,1,CCCCC1=CC(=CC(C#N)=C(N)O)C=C(CCCC)C1=O,0,data/quantum/erbB_xyz/EGFR__CHEMBL77243__state01.xyz,-51.049132470262,0.037636809378,GFN2-xTB_single_point_on_RDKit_MMFF_geometry,success
EGFR__CHEMBL77243__state02,EGFR__CHEMBL77243,CHEMBL77243,EGFR,CHEMBL1124610,2,CCCCC1=CC(=CC(C#N)C(=N)O)C=C(CCCC)C1=O,0,data/quantum/erbB_xyz/EGFR__CHEMBL77243__state02.xyz,-51.039722776213,0.022460378773,GFN2-xTB_single_point_on_RDKit_MMFF_geometry,success
EGFR__CHEMBL77243__state03,EGFR__CHEMBL77243,CHEMBL77243,EGFR,CHEMBL1124610,3,CCCCC1=CC(=CC(C#N)C(N)=O)C=C(CCCC)C1=O,0,data/quantum/erbB_xyz/EGFR__CHEMBL77243__state03.xyz,-51.046097069181,0.009882057938,GFN2-xTB_single_point_on_RDKit_MMFF_geometry,success
EGFR__CHEMBL85021__state00,EGFR__CHEMBL85021,CHEMBL85021,EGFR,CHEMBL1131018,0,CC(C)c1cc(/C=C2\C(=O)Nc3ccccc32)cc(C(C)C)c1O,0,data/quantum/erbB_xyz/EGFR__CHEMBL85021__state00.xyz,-54.559326839509,0.004643389662,GFN2-xTB_single_point_on_RDKit_MMFF_geometry,success
EGFR__CHEMBL85021__state01,EGFR__CHEMBL85021,CHEMBL85021,EGFR,CHEMBL1131018,1,CC(C)C1=CC(=CC2C(=O)Nc3ccccc32)C=C(C(C)C)C1=O,0,data/quantum/erbB_xyz/EGFR__CHEMBL85021__state01.xyz,-54.552220296389,0.008767194131,GFN2-xTB_single_point_on_RDKit_MMFF_geometry,success
EGFR__CHEMBL85021__state02,EGFR__CHEMBL85021,CHEMBL85021,EGFR,CHEMBL1131018,2,CC(C)C1=CC(=CC2C(O)=Nc3ccccc32)C=C(C(C)C)C1=O,0,data/quantum/erbB_xyz/EGFR__CHEMBL85021__state02.xyz,-54.524519751136,0.029405285189,GFN2-xTB_single_point_on_RDKit_MMFF_geometry,success
EGFR__CHEMBL85021__state03,EGFR__CHEMBL85021,CHEMBL85021,EGFR,CHEMBL1131018,3,CC(C)C1=CC(=Cc2c(O)[nH]c3ccccc23)C=C(C(C)C)C1=O,0,data/quantum/erbB_xyz/EGFR__CHEMBL85021__state03.xyz,-54.555399430847,0.039741579340,GFN2-xTB_single_point_on_RDKit_MMFF_geometry,success
EGFR__CHEMBL86326__state00,EGFR__CHEMBL86326,CHEMBL86326,EGFR,CHEMBL1131018,0,COc1ccc(/C=C2\C(=O)Nc3ccc(Cl)cc32)cc1C(C)(C)C,0,data/quantum/erbB_xyz/EGFR__CHEMBL86326__state00.xyz,-57.014707074883,0.013138175569,GFN2-xTB_single_point_on_RDKit_MMFF_geometry,success
EGFR__CHEMBL86326__state01,EGFR__CHEMBL86326,CHEMBL86326,EGFR,CHEMBL1131018,1,COc1ccc(C=C2C(=O)Nc3ccc(Cl)cc32)cc1C(C)(C)C,0,data/quantum/erbB_xyz/EGFR__CHEMBL86326__state01.xyz,-56.999556782501,0.004714999791,GFN2-xTB_single_point_on_RDKit_MMFF_geometry,success
EGFR__CHEMBL86326__state02,EGFR__CHEMBL86326,CHEMBL86326,EGFR,CHEMBL1131018,2,COc1ccc(C=C2C(O)=Nc3ccc(Cl)cc32)cc1C(C)(C)C,0,data/quantum/erbB_xyz/EGFR__CHEMBL86326__state02.xyz,-56.980808293390,0.001294387162,GFN2-xTB_single_point_on_RDKit_MMFF_geometry,success
EGFR__CHEMBL86326__state03,EGFR__CHEMBL86326,CHEMBL86326,EGFR,CHEMBL1131018,3,COc1ccc(CC2=c3cc(Cl)ccc3=NC2=O)cc1C(C)(C)C,0,data/quantum/erbB_xyz/EGFR__CHEMBL86326__state03.xyz,-56.965946692651,0.046875121336,GFN2-xTB_single_point_on_RDKit_MMFF_geometry,success
EGFR__CHEMBL86531__state00,EGFR__CHEMBL86531,CHEMBL86531,EGFR,CHEMBL1133768,0,NS(=O)(=O)c1ccc2c(c1)/C(=C/c1[nH]c3c(c1CCC(=O)O)CCCC3)C(=O)N2,0,data/quantum/erbB_xyz/EGFR__CHEMBL86531__state00.xyz,-73.874053195539,0.088841115469,GFN2-xTB_single_point_on_RDKit_MMFF_geometry,success
EGFR__CHEMBL86531__state01,EGFR__CHEMBL86531,CHEMBL86531,EGFR,CHEMBL1133768,1,NS(=O)(=O)c1ccc2[nH]c(O)c(C=C3N=C4CCCCC4=C3CCC(=O)O)c2c1,0,data/quantum/erbB_xyz/EGFR__CHEMBL86531__state01.xyz,-73.822703293130,0.003812992875,GFN2-xTB_single_point_on_RDKit_MMFF_geometry,success
EGFR__CHEMBL86531__state02,EGFR__CHEMBL86531,CHEMBL86531,EGFR,CHEMBL1133768,2,NS(=O)(=O)c1ccc2[nH]c(O)c(C=c3[nH]c4c(c3=CCC(=O)O)CCCC4)c2c1,0,data/quantum/erbB_xyz/EGFR__CHEMBL86531__state02.xyz,-73.860533172345,0.055491368960,GFN2-xTB_single_point_on_RDKit_MMFF_geometry,success
EGFR__CHEMBL86531__state03,EGFR__CHEMBL86531,CHEMBL86531,EGFR,CHEMBL1133768,3,NS(=O)(=O)c1ccc2c(c1)/C(=C/c1[nH]c3c(c1CCC(=O)O)CCCC3)C(O)=N2,0,data/quantum/erbB_xyz/EGFR__CHEMBL86531__state03.xyz,-73.841726146129,0.057684686911,GFN2-xTB_single_point_on_RDKit_MMFF_geometry,success
EGFR__CHEMBL87746__state00,EGFR__CHEMBL87746,CHEMBL87746,EGFR,CHEMBL1131018,0,COc1c(Br)cc(/C=C2\C(=O)Nc3ccccc32)cc1C(C)(C)C,0,data/quantum/erbB_xyz/EGFR__CHEMBL87746__state00.xyz,-56.561528851002,0.033117175102,GFN2-xTB_single_point_on_RDKit_MMFF_geometry,success
EGFR__CHEMBL87746__state01,EGFR__CHEMBL87746,CHEMBL87746,EGFR,CHEMBL1131018,1,COc1c(Br)cc(/C=C2\C(O)=Nc3ccccc32)cc1C(C)(C)C,0,data/quantum/erbB_xyz/EGFR__CHEMBL87746__state01.xyz,-56.544286963530,0.041942249745,GFN2-xTB_single_point_on_RDKit_MMFF_geometry,success
EGFR__CHEMBL90595__state00,EGFR__CHEMBL90595,CHEMBL90595,EGFR,CHEMBL1134561,0,O=C(C#CCN1CCCCC1)Nc1ccc2ncnc(Nc3cccc(Br)c3)c2c1,0,data/quantum/erbB_xyz/EGFR__CHEMBL90595__state00.xyz,-70.573008861639,0.044053921406,GFN2-xTB_single_point_on_RDKit_MMFF_geometry,success
EGFR__CHEMBL90595__state01,EGFR__CHEMBL90595,CHEMBL90595,EGFR,CHEMBL1134561,1,O=C(C#CCN1CCCCC1)Nc1ccc2[nH]cnc(=Nc3cccc(Br)c3)c2c1,0,data/quantum/erbB_xyz/EGFR__CHEMBL90595__state01.xyz,-70.617657059641,0.040259311306,GFN2-xTB_single_point_on_RDKit_MMFF_geometry,success
EGFR__CHEMBL90595__state02,EGFR__CHEMBL90595,CHEMBL90595,EGFR,CHEMBL1134561,2,O=C(C#CCN1CCCCC1)Nc1ccc2nc[nH]c(=Nc3cccc(Br)c3)c2c1,0,data/quantum/erbB_xyz/EGFR__CHEMBL90595__state02.xyz,-70.570575240012,0.014640170253,GFN2-xTB_single_point_on_RDKit_MMFF_geometry,success
EGFR__CHEMBL90595__state03,EGFR__CHEMBL90595,CHEMBL90595,EGFR,CHEMBL1134561,3,OC(C#CCN1CCCCC1)=Nc1ccc2[nH]cnc(=Nc3cccc(Br)c3)c2c1,0,data/quantum/erbB_xyz/EGFR__CHEMBL90595__state03.xyz,-70.556561543072,0.052043062546,GFN2-xTB_single_point_on_RDKit_MMFF_geometry,success
EGFR__CHEMBL91009__state00,EGFR__CHEMBL91009,CHEMBL91009,EGFR,CHEMBL1134561,0,COCC#CC(=O)Nc1ccc2ncnc(Nc3cccc(Br)c3)c2c1,0,data/quantum/erbB_xyz/EGFR__CHEMBL91009__state00.xyz,-63.489884817499,0.040387925800,GFN2-xTB_single_point_on_RDKit_MMFF_geometry,success
EGFR__CHEMBL91009__state01,EGFR__CHEMBL91009,CHEMBL91009,EGFR,CHEMBL1134561,1,COCC#CC(=O)Nc1ccc2[nH]cnc(=Nc3cccc(Br)c3)c2c1,0,data/quantum/erbB_xyz/EGFR__CHEMBL91009__state01.xyz,-63.513758533331,0.047051276589,GFN2-xTB_single_point_on_RDKit_MMFF_geometry,success
EGFR__CHEMBL91009__state02,EGFR__CHEMBL91009,CHEMBL91009,EGFR,CHEMBL1134561,2,COCC#CC(=O)Nc1ccc2nc[nH]c(=Nc3cccc(Br)c3)c2c1,0,data/quantum/erbB_xyz/EGFR__CHEMBL91009__state02.xyz,-63.503525489384,0.060984997966,GFN2-xTB_single_point_on_RDKit_MMFF_geometry,success
EGFR__CHEMBL91009__state03,EGFR__CHEMBL91009,CHEMBL91009,EGFR,CHEMBL1134561,3,COCC#CC(O)=Nc1ccc2[nH]cnc(=Nc3cccc(Br)c3)c2c1,0,data/quantum/erbB_xyz/EGFR__CHEMBL91009__state03.xyz,-63.487962475714,0.032931834720,GFN2-xTB_single_point_on_RDKit_MMFF_geometry,success
EGFR__CHEMBL91748__state00,EGFR__CHEMBL91748,CHEMBL91748,EGFR,CHEMBL1134561,0,CN(C)/C=C/C(=O)Nc1ccc2ncnc(Nc3cccc(Br)c3)c2c1,0,data/quantum/erbB_xyz/EGFR__CHEMBL91748__state00.xyz,-62.251259771642,0.035250658060,GFN2-xTB_single_point_on_RDKit_MMFF_geometry,success
EGFR__CHEMBL91748__state01,EGFR__CHEMBL91748,CHEMBL91748,EGFR,CHEMBL1134561,1,CN(C)/C=C/C(=O)Nc1ccc2[nH]cnc(=Nc3cccc(Br)c3)c2c1,0,data/quantum/erbB_xyz/EGFR__CHEMBL91748__state01.xyz,-62.257816330929,0.079557354374,GFN2-xTB_single_point_on_RDKit_MMFF_geometry,success
EGFR__CHEMBL91748__state02,EGFR__CHEMBL91748,CHEMBL91748,EGFR,CHEMBL1134561,2,CN(C)/C=C/C(=O)Nc1ccc2nc[nH]c(=Nc3cccc(Br)c3)c2c1,0,data/quantum/erbB_xyz/EGFR__CHEMBL91748__state02.xyz,-62.253524219356,0.037566884215,GFN2-xTB_single_point_on_RDKit_MMFF_geometry,success
EGFR__CHEMBL91748__state03,EGFR__CHEMBL91748,CHEMBL91748,EGFR,CHEMBL1134561,3,CN(C)/C=C/C(O)=Nc1ccc2[nH]cnc(=Nc3cccc(Br)c3)c2c1,0,data/quantum/erbB_xyz/EGFR__CHEMBL91748__state03.xyz,-62.241929096952,0.042454982178,GFN2-xTB_single_point_on_RDKit_MMFF_geometry,success
EGFR__CHEMBL91811__state00,EGFR__CHEMBL91811,CHEMBL91811,EGFR,CHEMBL1134561,0,CC(C)N(C)CC#CC(=O)Nc1ccc2ncnc(Nc3cccc(Br)c3)c2c1,0,data/quantum/erbB_xyz/EGFR__CHEMBL91811__state00.xyz,-68.370506259285,0.029831129670,GFN2-xTB_single_point_on_RDKit_MMFF_geometry,success
EGFR__CHEMBL91811__state01,EGFR__CHEMBL91811,CHEMBL91811,EGFR,CHEMBL1134561,1,CC(C)N(C)CC#CC(=O)Nc1ccc2[nH]cnc(=Nc3cccc(Br)c3)c2c1,0,data/quantum/erbB_xyz/EGFR__CHEMBL91811__state01.xyz,-68.402449642130,0.032786322653,GFN2-xTB_single_point_on_RDKit_MMFF_geometry,success
EGFR__CHEMBL91811__state02,EGFR__CHEMBL91811,CHEMBL91811,EGFR,CHEMBL1134561,2,CC(C)N(C)CC#CC(=O)Nc1ccc2nc[nH]c(=Nc3cccc(Br)c3)c2c1,0,data/quantum/erbB_xyz/EGFR__CHEMBL91811__state02.xyz,-68.379810020806,0.025079611018,GFN2-xTB_single_point_on_RDKit_MMFF_geometry,success
EGFR__CHEMBL91811__state03,EGFR__CHEMBL91811,CHEMBL91811,EGFR,CHEMBL1134561,3,CC(C)N(C)CC#CC(O)=Nc1ccc2[nH]cnc(=Nc3cccc(Br)c3)c2c1,0,data/quantum/erbB_xyz/EGFR__CHEMBL91811__state03.xyz,-68.385936405107,0.054942472265,GFN2-xTB_single_point_on_RDKit_MMFF_geometry,success
EGFR__CHEMBL91867__state00,EGFR__CHEMBL91867,CHEMBL91867,EGFR,CHEMBL1134561,0,CC#CC(=O)Nc1ccc2ncnc(Nc3cccc(Br)c3)c2c1,0,data/quantum/erbB_xyz/EGFR__CHEMBL91867__state00.xyz,-57.402980386304,0.174461566280,GFN2-xTB_single_point_on_RDKit_MMFF_geometry,success
EGFR__CHEMBL91867__state01,EGFR__CHEMBL91867,CHEMBL91867,EGFR,CHEMBL1134561,1,CC#CC(=O)Nc1ccc2[nH]cnc(=Nc3cccc(Br)c3)c2c1,0,data/quantum/erbB_xyz/EGFR__CHEMBL91867__state01.xyz,-57.408825103738,0.194710279522,GFN2-xTB_single_point_on_RDKit_MMFF_geometry,success
EGFR__CHEMBL91867__state02,EGFR__CHEMBL91867,CHEMBL91867,EGFR,CHEMBL1134561,2,CC#CC(=O)Nc1ccc2nc[nH]c(=Nc3cccc(Br)c3)c2c1,0,data/quantum/erbB_xyz/EGFR__CHEMBL91867__state02.xyz,-57.410218396940,0.182608054286,GFN2-xTB_single_point_on_RDKit_MMFF_geometry,success
EGFR__CHEMBL91867__state03,EGFR__CHEMBL91867,CHEMBL91867,EGFR,CHEMBL1134561,3,CC#CC(O)=Nc1ccc2[nH]cnc(=Nc3cccc(Br)c3)c2c1,0,data/quantum/erbB_xyz/EGFR__CHEMBL91867__state03.xyz,-57.388370123503,0.024184725441,GFN2-xTB_single_point_on_RDKit_MMFF_geometry,success
EGFR__CHEMBL91925__state00,EGFR__CHEMBL91925,CHEMBL91925,EGFR,CHEMBL1134561,0,CCN(CC)C/C=C/C(=O)Nc1ccc2ncnc(Nc3cccc(Br)c3)c2c1,0,data/quantum/erbB_xyz/EGFR__CHEMBL91925__state00.xyz,-68.373394190831,0.049317257133,GFN2-xTB_single_point_on_RDKit_MMFF_geometry,success
EGFR__CHEMBL91925__state01,EGFR__CHEMBL91925,CHEMBL91925,EGFR,CHEMBL1134561,1,CCN(CC)C/C=C/C(=O)Nc1ccc2[nH]cnc(=Nc3cccc(Br)c3)c2c1,0,data/quantum/erbB_xyz/EGFR__CHEMBL91925__state01.xyz,-68.397776062675,0.057085704623,GFN2-xTB_single_point_on_RDKit_MMFF_geometry,success
EGFR__CHEMBL91925__state02,EGFR__CHEMBL91925,CHEMBL91925,EGFR,CHEMBL1134561,2,CCN(CC)C/C=C/C(=O)Nc1ccc2nc[nH]c(=Nc3cccc(Br)c3)c2c1,0,data/quantum/erbB_xyz/EGFR__CHEMBL91925__state02.xyz,-68.379307673406,0.031598790721,GFN2-xTB_single_point_on_RDKit_MMFF_geometry,success
EGFR__CHEMBL91925__state03,EGFR__CHEMBL91925,CHEMBL91925,EGFR,CHEMBL1134561,3,CCN(CC)C/C=C/C(O)=Nc1ccc2[nH]cnc(=Nc3cccc(Br)c3)c2c1,0,data/quantum/erbB_xyz/EGFR__CHEMBL91925__state03.xyz,-68.358638664802,0.048409100181,GFN2-xTB_single_point_on_RDKit_MMFF_geometry,success
EGFR__CHEMBL92086__state00,EGFR__CHEMBL92086,CHEMBL92086,EGFR,CHEMBL1134843,0,C=C(C)C(=O)Nc1ccc2ncnc(Nc3cccc(Br)c3)c2c1,0,data/quantum/erbB_xyz/EGFR__CHEMBL92086__state00.xyz,-57.306705743749,0.046576080555,GFN2-xTB_single_point_on_RDKit_MMFF_geometry,success
EGFR__CHEMBL92086__state01,EGFR__CHEMBL92086,CHEMBL92086,EGFR,CHEMBL1134843,1,C=C(C)C(=O)Nc1ccc2[nH]cnc(=Nc3cccc(Br)c3)c2c1,0,data/quantum/erbB_xyz/EGFR__CHEMBL92086__state01.xyz,-57.317434969951,0.033420158050,GFN2-xTB_single_point_on_RDKit_MMFF_geometry,success
EGFR__CHEMBL92086__state02,EGFR__CHEMBL92086,CHEMBL92086,EGFR,CHEMBL1134843,2,C=C(C)C(=O)Nc1ccc2nc[nH]c(=Nc3cccc(Br)c3)c2c1,0,data/quantum/erbB_xyz/EGFR__CHEMBL92086__state02.xyz,-57.313013297868,0.049048951632,GFN2-xTB_single_point_on_RDKit_MMFF_geometry,success
EGFR__CHEMBL92086__state03,EGFR__CHEMBL92086,CHEMBL92086,EGFR,CHEMBL1134843,3,C=C(C)C(O)=Nc1ccc2[nH]cnc(=Nc3cccc(Br)c3)c2c1,0,data/quantum/erbB_xyz/EGFR__CHEMBL92086__state03.xyz,-57.312280059541,0.117233949270,GFN2-xTB_single_point_on_RDKit_MMFF_geometry,success
EGFR__CHEMBL92356__state00,EGFR__CHEMBL92356,CHEMBL92356,EGFR,CHEMBL1134561,0,CCN1CCN(CC#CC(=O)Nc2ccc3ncnc(Nc4cccc(Br)c4)c3c2)CC1,0,data/quantum/erbB_xyz/EGFR__CHEMBL92356__state00.xyz,-75.459045556903,0.049293968130,GFN2-xTB_single_point_on_RDKit_MMFF_geometry,success
EGFR__CHEMBL92356__state01,EGFR__CHEMBL92356,CHEMBL92356,EGFR,CHEMBL1134561,1,CCN1CCN(CC#CC(=O)Nc2ccc3[nH]cnc(=Nc4cccc(Br)c4)c3c2)CC1,0,data/quantum/erbB_xyz/EGFR__CHEMBL92356__state01.xyz,-75.467021106238,0.057727008225,GFN2-xTB_single_point_on_RDKit_MMFF_geometry,success
EGFR__CHEMBL92356__state02,EGFR__CHEMBL92356,CHEMBL92356,EGFR,CHEMBL1134561,2,CCN1CCN(CC#CC(=O)Nc2ccc3nc[nH]c(=Nc4cccc(Br)c4)c3c2)CC1,0,data/quantum/erbB_xyz/EGFR__CHEMBL92356__state02.xyz,-75.464219099515,0.061806063628,GFN2-xTB_single_point_on_RDKit_MMFF_geometry,success
EGFR__CHEMBL92356__state03,EGFR__CHEMBL92356,CHEMBL92356,EGFR,CHEMBL1134561,3,CCN1CCN(CC#CC(O)=Nc2ccc3[nH]cnc(=Nc4cccc(Br)c4)c3c2)CC1,0,data/quantum/erbB_xyz/EGFR__CHEMBL92356__state03.xyz,-75.451488662775,0.024132382333,GFN2-xTB_single_point_on_RDKit_MMFF_geometry,success
EGFR__CHEMBL92731__state00,EGFR__CHEMBL92731,CHEMBL92731,EGFR,CHEMBL1134561,0,CCCN(C/C=C/C(=O)Nc1ccc2ncnc(Nc3cccc(Br)c3)c2c1)CCC,0,data/quantum/erbB_xyz/EGFR__CHEMBL92731__state00.xyz,-72.454272648076,0.037181272157,GFN2-xTB_single_point_on_RDKit_MMFF_geometry,success
EGFR__CHEMBL92731__state01,EGFR__CHEMBL92731,CHEMBL92731,EGFR,CHEMBL1134561,1,CCCN(C/C=C/C(=O)Nc1ccc2[nH]cnc(=Nc3cccc(Br)c3)c2c1)CCC,0,data/quantum/erbB_xyz/EGFR__CHEMBL92731__state01.xyz,-72.469843129252,0.017122998779,GFN2-xTB_single_point_on_RDKit_MMFF_geometry,success
EGFR__CHEMBL92731__state02,EGFR__CHEMBL92731,CHEMBL92731,EGFR,CHEMBL1134561,2,CCCN(C/C=C/C(=O)Nc1ccc2nc[nH]c(=Nc3cccc(Br)c3)c2c1)CCC,0,data/quantum/erbB_xyz/EGFR__CHEMBL92731__state02.xyz,-72.468665995284,0.031128085232,GFN2-xTB_single_point_on_RDKit_MMFF_geometry,success
EGFR__CHEMBL92731__state03,EGFR__CHEMBL92731,CHEMBL92731,EGFR,CHEMBL1134561,3,CCCN(C/C=C/C(O)=Nc1ccc2[nH]cnc(=Nc3cccc(Br)c3)c2c1)CCC,0,data/quantum/erbB_xyz/EGFR__CHEMBL92731__state03.xyz,-72.462994819656,0.037579613682,GFN2-xTB_single_point_on_RDKit_MMFF_geometry,success
EGFR__CHEMBL92902__state00,EGFR__CHEMBL92902,CHEMBL92902,EGFR,CHEMBL1134561,0,CN1CCC=C(C(=O)Nc2ccc3ncnc(Nc4cccc(Br)c4)c3c2)C1,0,data/quantum/erbB_xyz/EGFR__CHEMBL92902__state00.xyz,-66.417084592294,0.038533202750,GFN2-xTB_single_point_on_RDKit_MMFF_geometry,success
EGFR__CHEMBL92902__state01,EGFR__CHEMBL92902,CHEMBL92902,EGFR,CHEMBL1134561,1,CN1CCC=C(C(=O)Nc2ccc3[nH]cnc(=Nc4cccc(Br)c4)c3c2)C1,0,data/quantum/erbB_xyz/EGFR__CHEMBL92902__state01.xyz,-66.432665008291,0.037975650904,GFN2-xTB_single_point_on_RDKit_MMFF_geometry,success
EGFR__CHEMBL92902__state02,EGFR__CHEMBL92902,CHEMBL92902,EGFR,CHEMBL1134561,2,CN1CCC=C(C(=O)Nc2ccc3nc[nH]c(=Nc4cccc(Br)c4)c3c2)C1,0,data/quantum/erbB_xyz/EGFR__CHEMBL92902__state02.xyz,-66.431328448545,0.018575808796,GFN2-xTB_single_point_on_RDKit_MMFF_geometry,success
EGFR__CHEMBL92902__state03,EGFR__CHEMBL92902,CHEMBL92902,EGFR,CHEMBL1134561,3,CN1CCC=C(C(O)=Nc2ccc3[nH]cnc(=Nc4cccc(Br)c4)c3c2)C1,0,data/quantum/erbB_xyz/EGFR__CHEMBL92902__state03.xyz,-66.424592539683,0.060580518915,GFN2-xTB_single_point_on_RDKit_MMFF_geometry,success
EGFR__CHEMBL92961__state00,EGFR__CHEMBL92961,CHEMBL92961,EGFR,CHEMBL1134561,0,CC(C)N(CC#CC(=O)Nc1ccc2ncnc(Nc3cccc(Br)c3)c2c1)C(C)C,0,data/quantum/erbB_xyz/EGFR__CHEMBL92961__state00.xyz,-72.422511086826,0.032220305075,GFN2-xTB_single_point_on_RDKit_MMFF_geometry,success
EGFR__CHEMBL92961__state01,EGFR__CHEMBL92961,CHEMBL92961,EGFR,CHEMBL1134561,1,CC(C)N(CC#CC(=O)Nc1ccc2[nH]cnc(=Nc3cccc(Br)c3)c2c1)C(C)C,0,data/quantum/erbB_xyz/EGFR__CHEMBL92961__state01.xyz,-72.436050160473,0.045309921551,GFN2-xTB_single_point_on_RDKit_MMFF_geometry,success
EGFR__CHEMBL92961__state02,EGFR__CHEMBL92961,CHEMBL92961,EGFR,CHEMBL1134561,2,CC(C)N(CC#CC(=O)Nc1ccc2nc[nH]c(=Nc3cccc(Br)c3)c2c1)C(C)C,0,data/quantum/erbB_xyz/EGFR__CHEMBL92961__state02.xyz,-72.437290641219,0.024901796842,GFN2-xTB_single_point_on_RDKit_MMFF_geometry,success
EGFR__CHEMBL92961__state03,EGFR__CHEMBL92961,CHEMBL92961,EGFR,CHEMBL1134561,3,CC(C)N(CC#CC(O)=Nc1ccc2[nH]cnc(=Nc3cccc(Br)c3)c2c1)C(C)C,0,data/quantum/erbB_xyz/EGFR__CHEMBL92961__state03.xyz,-72.425264357992,0.052296102413,GFN2-xTB_single_point_on_RDKit_MMFF_geometry,success
EGFR__CHEMBL93049__state00,EGFR__CHEMBL93049,CHEMBL93049,EGFR,CHEMBL1134561,0,COCOCC#CC(=O)Nc1ccc2ncnc(Nc3cccc(Br)c3)c2c1,0,data/quantum/erbB_xyz/EGFR__CHEMBL93049__state00.xyz,-69.598279164829,0.040420761233,GFN2-xTB_single_point_on_RDKit_MMFF_geometry,success
EGFR__CHEMBL93049__state01,EGFR__CHEMBL93049,CHEMBL93049,EGFR,CHEMBL1134561,1,COCOCC#CC(=O)Nc1ccc2[nH]cnc(=Nc3cccc(Br)c3)c2c1,0,data/quantum/erbB_xyz/EGFR__CHEMBL93049__state01.xyz,-69.590710129708,0.019981192437,GFN2-xTB_single_point_on_RDKit_MMFF_geometry,success
EGFR__CHEMBL93049__state02,EGFR__CHEMBL93049,CHEMBL93049,EGFR,CHEMBL1134561,2,COCOCC#CC(=O)Nc1ccc2nc[nH]c(=Nc3cccc(Br)c3)c2c1,0,data/quantum/erbB_xyz/EGFR__CHEMBL93049__state02.xyz,-69.599218996366,0.033704953682,GFN2-xTB_single_point_on_RDKit_MMFF_geometry,success
EGFR__CHEMBL93049__state03,EGFR__CHEMBL93049,CHEMBL93049,EGFR,CHEMBL1134561,3,COCOCC#CC(O)=Nc1ccc2[nH]cnc(=Nc3cccc(Br)c3)c2c1,0,data/quantum/erbB_xyz/EGFR__CHEMBL93049__state03.xyz,-69.574131880947,0.036735814493,GFN2-xTB_single_point_on_RDKit_MMFF_geometry,success
EGFR__CHEMBL93386__state00,EGFR__CHEMBL93386,CHEMBL93386,EGFR,CHEMBL1134561,0,O=C(C#CCN1CCOCC1)Nc1ccc2ncnc(Nc3cccc(Br)c3)c2c1,0,data/quantum/erbB_xyz/EGFR__CHEMBL93386__state00.xyz,-72.593761655369,0.029247540896,GFN2-xTB_single_point_on_RDKit_MMFF_geometry,success
EGFR__CHEMBL93386__state01,EGFR__CHEMBL93386,CHEMBL93386,EGFR,CHEMBL1134561,1,O=C(C#CCN1CCOCC1)Nc1ccc2[nH]cnc(=Nc3cccc(Br)c3)c2c1,0,data/quantum/erbB_xyz/EGFR__CHEMBL93386__state01.xyz,-72.583471229071,0.048408020720,GFN2-xTB_single_point_on_RDKit_MMFF_geometry,success
EGFR__CHEMBL93386__state02,EGFR__CHEMBL93386,CHEMBL93386,EGFR,CHEMBL1134561,2,O=C(C#CCN1CCOCC1)Nc1ccc2nc[nH]c(=Nc3cccc(Br)c3)c2c1,0,data/quantum/erbB_xyz/EGFR__CHEMBL93386__state02.xyz,-72.583612416245,0.009204145440,GFN2-xTB_single_point_on_RDKit_MMFF_geometry,success
EGFR__CHEMBL93386__state03,EGFR__CHEMBL93386,CHEMBL93386,EGFR,CHEMBL1134561,3,OC(C#CCN1CCOCC1)=Nc1ccc2[nH]cnc(=Nc3cccc(Br)c3)c2c1,0,data/quantum/erbB_xyz/EGFR__CHEMBL93386__state03.xyz,-72.586345700604,0.041847126537,GFN2-xTB_single_point_on_RDKit_MMFF_geometry,success
EGFR__CHEMBL93464__state00,EGFR__CHEMBL93464,CHEMBL93464,EGFR,CHEMBL1134843,0,C/C=C/C(=O)Nc1ccc2ncnc(Nc3cccc(Br)c3)c2c1,0,data/quantum/erbB_xyz/EGFR__CHEMBL93464__state00.xyz,-57.362594538160,0.203088768928,GFN2-xTB_single_point_on_RDKit_MMFF_geometry,success
EGFR__CHEMBL93464__state01,EGFR__CHEMBL93464,CHEMBL93464,EGFR,CHEMBL1134843,1,C/C=C/C(=O)Nc1ccc2[nH]cnc(=Nc3cccc(Br)c3)c2c1,0,data/quantum/erbB_xyz/EGFR__CHEMBL93464__state01.xyz,-57.369658972010,0.252466282203,GFN2-xTB_single_point_on_RDKit_MMFF_geometry,success
EGFR__CHEMBL93464__state02,EGFR__CHEMBL93464,CHEMBL93464,EGFR,CHEMBL1134843,2,C/C=C/C(=O)Nc1ccc2nc[nH]c(=Nc3cccc(Br)c3)c2c1,0,data/quantum/erbB_xyz/EGFR__CHEMBL93464__state02.xyz,-57.370705959444,0.244380966895,GFN2-xTB_single_point_on_RDKit_MMFF_geometry,success
EGFR__CHEMBL93464__state03,EGFR__CHEMBL93464,CHEMBL93464,EGFR,CHEMBL1134843,3,C/C=C/C(O)=Nc1ccc2[nH]cnc(=Nc3cccc(Br)c3)c2c1,0,data/quantum/erbB_xyz/EGFR__CHEMBL93464__state03.xyz,-57.356652641059,0.331475078570,GFN2-xTB_single_point_on_RDKit_MMFF_geometry,success
EGFR__CHEMBL93537__state00,EGFR__CHEMBL93537,CHEMBL93537,EGFR,CHEMBL1134561,0,O=C(/C=C/CN1CCSCC1)Nc1ccc2ncnc(Nc3cccc(Br)c3)c2c1,0,data/quantum/erbB_xyz/EGFR__CHEMBL93537__state00.xyz,-71.743126464470,0.022001909897,GFN2-xTB_single_point_on_RDKit_MMFF_geometry,success
EGFR__CHEMBL93537__state01,EGFR__CHEMBL93537,CHEMBL93537,EGFR,CHEMBL1134561,1,O=C(/C=C/CN1CCSCC1)Nc1ccc2[nH]cnc(=Nc3cccc(Br)c3)c2c1,0,data/quantum/erbB_xyz/EGFR__CHEMBL93537__state01.xyz,-71.749631383683,0.076145861064,GFN2-xTB_single_point_on_RDKit_MMFF_geometry,success
EGFR__CHEMBL93537__state02,EGFR__CHEMBL93537,CHEMBL93537,EGFR,CHEMBL1134561,2,O=C(/C=C/CN1CCSCC1)Nc1ccc2nc[nH]c(=Nc3cccc(Br)c3)c2c1,0,data/quantum/erbB_xyz/EGFR__CHEMBL93537__state02.xyz,-71.746636650476,0.038093749875,GFN2-xTB_single_point_on_RDKit_MMFF_geometry,success
EGFR__CHEMBL93537__state03,EGFR__CHEMBL93537,CHEMBL93537,EGFR,CHEMBL1134561,3,OC(/C=C/CN1CCSCC1)=Nc1ccc2[nH]cnc(=Nc3cccc(Br)c3)c2c1,0,data/quantum/erbB_xyz/EGFR__CHEMBL93537__state03.xyz,-71.734369228623,0.045908765022,GFN2-xTB_single_point_on_RDKit_MMFF_geometry,success
EGFR__CHEMBL93783__state00,EGFR__CHEMBL93783,CHEMBL93783,EGFR,CHEMBL1134561,0,CN(C/C=C/C(=O)Nc1ccc2ncnc(Nc3cccc(Br)c3)c2c1)CCO,0,data/quantum/erbB_xyz/EGFR__CHEMBL93783__state00.xyz,-70.394930762850,0.022163019902,GFN2-xTB_single_point_on_RDKit_MMFF_geometry,success
EGFR__CHEMBL93783__state01,EGFR__CHEMBL93783,CHEMBL93783,EGFR,CHEMBL1134561,1,CN(C/C=C/C(=O)Nc1ccc2[nH]cnc(=Nc3cccc(Br)c3)c2c1)CCO,0,data/quantum/erbB_xyz/EGFR__CHEMBL93783__state01.xyz,-70.427842333191,0.033246024531,GFN2-xTB_single_point_on_RDKit_MMFF_geometry,success
EGFR__CHEMBL93783__state02,EGFR__CHEMBL93783,CHEMBL93783,EGFR,CHEMBL1134561,2,CN(C/C=C/C(=O)Nc1ccc2nc[nH]c(=Nc3cccc(Br)c3)c2c1)CCO,0,data/quantum/erbB_xyz/EGFR__CHEMBL93783__state02.xyz,-70.423313437603,0.027530160617,GFN2-xTB_single_point_on_RDKit_MMFF_geometry,success
EGFR__CHEMBL93783__state03,EGFR__CHEMBL93783,CHEMBL93783,EGFR,CHEMBL1134561,3,CN(C/C=C/C(O)=Nc1ccc2[nH]cnc(=Nc3cccc(Br)c3)c2c1)CCO,0,data/quantum/erbB_xyz/EGFR__CHEMBL93783__state03.xyz,-70.404066632064,0.045153827559,GFN2-xTB_single_point_on_RDKit_MMFF_geometry,success
EGFR__CHEMBL93784__state00,EGFR__CHEMBL93784,CHEMBL93784,EGFR,CHEMBL1134561,0,COCC1CCCN1CC#CC(=O)Nc1ccc2ncnc(Nc3cccc(Br)c3)c2c1,0,data/quantum/erbB_xyz/EGFR__CHEMBL93784__state00.xyz,-76.646343223770,0.025594186332,GFN2-xTB_single_point_on_RDKit_MMFF_geometry,success
EGFR__CHEMBL93784__state01,EGFR__CHEMBL93784,CHEMBL93784,EGFR,CHEMBL1134561,1,COCC1CCCN1CC#CC(=O)Nc1ccc2[nH]cnc(=Nc3cccc(Br)c3)c2c1,0,data/quantum/erbB_xyz/EGFR__CHEMBL93784__state01.xyz,-76.651423202584,0.051078868724,GFN2-xTB_single_point_on_RDKit_MMFF_geometry,success
EGFR__CHEMBL93784__state02,EGFR__CHEMBL93784,CHEMBL93784,EGFR,CHEMBL1134561,2,COCC1CCCN1CC#CC(=O)Nc1ccc2nc[nH]c(=Nc3cccc(Br)c3)c2c1,0,data/quantum/erbB_xyz/EGFR__CHEMBL93784__state02.xyz,-76.637712621860,0.028313320151,GFN2-xTB_single_point_on_RDKit_MMFF_geometry,success
EGFR__CHEMBL93784__state03,EGFR__CHEMBL93784,CHEMBL93784,EGFR,CHEMBL1134561,3,COCC1CCCN1CC#CC(O)=Nc1ccc2[nH]cnc(=Nc3cccc(Br)c3)c2c1,0,data/quantum/erbB_xyz/EGFR__CHEMBL93784__state03.xyz,-76.636899976029,0.059827849030,GFN2-xTB_single_point_on_RDKit_MMFF_geometry,success
EGFR__CHEMBL94061__state00,EGFR__CHEMBL94061,CHEMBL94061,EGFR,CHEMBL1145020,0,CN(C)C/C=C/C(=O)Nc1ccc2ncnc(Nc3cccc(Br)c3)c2c1,0,data/quantum/erbB_xyz/EGFR__CHEMBL94061__state00.xyz,-64.279759580229,0.046835108743,GFN2-xTB_single_point_on_RDKit_MMFF_geometry,success
EGFR__CHEMBL94061__state01,EGFR__CHEMBL94061,CHEMBL94061,EGFR,CHEMBL1145020,1,CN(C)C/C=C/C(=O)Nc1ccc2[nH]cnc(=Nc3cccc(Br)c3)c2c1,0,data/quantum/erbB_xyz/EGFR__CHEMBL94061__state01.xyz,-64.295721496706,0.028804202635,GFN2-xTB_single_point_on_RDKit_MMFF_geometry,success
EGFR__CHEMBL94061__state02,EGFR__CHEMBL94061,CHEMBL94061,EGFR,CHEMBL1145020,2,CN(C)C/C=C/C(=O)Nc1ccc2nc[nH]c(=Nc3cccc(Br)c3)c2c1,0,data/quantum/erbB_xyz/EGFR__CHEMBL94061__state02.xyz,-64.268959447814,0.030145975987,GFN2-xTB_single_point_on_RDKit_MMFF_geometry,success
EGFR__CHEMBL94061__state03,EGFR__CHEMBL94061,CHEMBL94061,EGFR,CHEMBL1145020,3,CN(C)C/C=C/C(O)=Nc1ccc2[nH]cnc(=Nc3cccc(Br)c3)c2c1,0,data/quantum/erbB_xyz/EGFR__CHEMBL94061__state03.xyz,-64.249530609304,0.065001286053,GFN2-xTB_single_point_on_RDKit_MMFF_geometry,success
EGFR__CHEMBL94062__state00,EGFR__CHEMBL94062,CHEMBL94062,EGFR,CHEMBL1134561,0,O=C(C#CCO)Nc1ccc2ncnc(Nc3cccc(Br)c3)c2c1,0,data/quantum/erbB_xyz/EGFR__CHEMBL94062__state00.xyz,-61.506509362492,0.082707439708,GFN2-xTB_single_point_on_RDKit_MMFF_geometry,success
EGFR__CHEMBL94062__state01,EGFR__CHEMBL94062,CHEMBL94062,EGFR,CHEMBL1134561,1,O=C(C#CCO)Nc1ccc2[nH]cnc(=Nc3cccc(Br)c3)c2c1,0,data/quantum/erbB_xyz/EGFR__CHEMBL94062__state01.xyz,-61.515622680357,0.134083987492,GFN2-xTB_single_point_on_RDKit_MMFF_geometry,success
EGFR__CHEMBL94062__state02,EGFR__CHEMBL94062,CHEMBL94062,EGFR,CHEMBL1134561,2,O=C(C#CCO)Nc1ccc2nc[nH]c(=Nc3cccc(Br)c3)c2c1,0,data/quantum/erbB_xyz/EGFR__CHEMBL94062__state02.xyz,-61.515211218595,0.075793648522,GFN2-xTB_single_point_on_RDKit_MMFF_geometry,success
EGFR__CHEMBL94062__state03,EGFR__CHEMBL94062,CHEMBL94062,EGFR,CHEMBL1134561,3,OCC#CC(O)=Nc1ccc2[nH]cnc(=Nc3cccc(Br)c3)c2c1,0,data/quantum/erbB_xyz/EGFR__CHEMBL94062__state03.xyz,-61.501686111386,0.217364193103,GFN2-xTB_single_point_on_RDKit_MMFF_geometry,success
EGFR__CHEMBL94066__state00,EGFR__CHEMBL94066,CHEMBL94066,EGFR,CHEMBL1134561,0,C=C(CN1CCOCC1)C(=O)Nc1ccc2ncnc(Nc3cccc(Br)c3)c2c1,0,data/quantum/erbB_xyz/EGFR__CHEMBL94066__state00.xyz,-72.495792791017,0.018278987403,GFN2-xTB_single_point_on_RDKit_MMFF_geometry,success
EGFR__CHEMBL94066__state01,EGFR__CHEMBL94066,CHEMBL94066,EGFR,CHEMBL1134561,1,C=C(CN1CCOCC1)C(=O)Nc1ccc2[nH]cnc(=Nc3cccc(Br)c3)c2c1,0,data/quantum/erbB_xyz/EGFR__CHEMBL94066__state01.xyz,-72.505909874907,0.052477517731,GFN2-xTB_single_point_on_RDKit_MMFF_geometry,success
EGFR__CHEMBL94066__state02,EGFR__CHEMBL94066,CHEMBL94066,EGFR,CHEMBL1134561,2,C=C(CN1CCOCC1)C(=O)Nc1ccc2nc[nH]c(=Nc3cccc(Br)c3)c2c1,0,data/quantum/erbB_xyz/EGFR__CHEMBL94066__state02.xyz,-72.494637849209,0.022454329613,GFN2-xTB_single_point_on_RDKit_MMFF_geometry,success
EGFR__CHEMBL94066__state03,EGFR__CHEMBL94066,CHEMBL94066,EGFR,CHEMBL1134561,3,C=C(CN1CCOCC1)C(O)=Nc1ccc2[nH]cnc(=Nc3cccc(Br)c3)c2c1,0,data/quantum/erbB_xyz/EGFR__CHEMBL94066__state03.xyz,-72.464903469492,0.034785689347,GFN2-xTB_single_point_on_RDKit_MMFF_geometry,success
EGFR__CHEMBL94068__state00,EGFR__CHEMBL94068,CHEMBL94068,EGFR,CHEMBL1134561,0,O=C(/C=C/CN1CCCCC1)Nc1ccc2ncnc(Nc3cccc(Br)c3)c2c1,0,data/quantum/erbB_xyz/EGFR__CHEMBL94068__state00.xyz,-70.577012337514,0.032830065284,GFN2-xTB_single_point_on_RDKit_MMFF_geometry,success
EGFR__CHEMBL94068__state01,EGFR__CHEMBL94068,CHEMBL94068,EGFR,CHEMBL1134561,1,O=C(/C=C/CN1CCCCC1)Nc1ccc2[nH]cnc(=Nc3cccc(Br)c3)c2c1,0,data/quantum/erbB_xyz/EGFR__CHEMBL94068__state01.xyz,-70.547293017927,0.018592095301,GFN2-xTB_single_point_on_RDKit_MMFF_geometry,success
EGFR__CHEMBL94068__state02,EGFR__CHEMBL94068,CHEMBL94068,EGFR,CHEMBL1134561,2,O=C(/C=C/CN1CCCCC1)Nc1ccc2nc[nH]c(=Nc3cccc(Br)c3)c2c1,0,data/quantum/erbB_xyz/EGFR__CHEMBL94068__state02.xyz,-70.530260366175,0.016624262257,GFN2-xTB_single_point_on_RDKit_MMFF_geometry,success
EGFR__CHEMBL94068__state03,EGFR__CHEMBL94068,CHEMBL94068,EGFR,CHEMBL1134561,3,OC(/C=C/CN1CCCCC1)=Nc1ccc2[nH]cnc(=Nc3cccc(Br)c3)c2c1,0,data/quantum/erbB_xyz/EGFR__CHEMBL94068__state03.xyz,-70.551336187471,0.029265324973,GFN2-xTB_single_point_on_RDKit_MMFF_geometry,success
EGFR__CHEMBL94109__state00,EGFR__CHEMBL94109,CHEMBL94109,EGFR,CHEMBL1134561,0,O=C(/C=C/CN1CCC(N2CCCCC2)CC1)Nc1ccc2ncnc(Nc3cccc(Br)c3)c2c1,0,data/quantum/erbB_xyz/EGFR__CHEMBL94109__state00.xyz,-83.728457874386,0.022038759353,GFN2-xTB_single_point_on_RDKit_MMFF_geometry,success
EGFR__CHEMBL94109__state01,EGFR__CHEMBL94109,CHEMBL94109,EGFR,CHEMBL1134561,1,O=C(/C=C/CN1CCC(N2CCCCC2)CC1)Nc1ccc2[nH]cnc(=Nc3cccc(Br)c3)c2c1,0,data/quantum/erbB_xyz/EGFR__CHEMBL94109__state01.xyz,-83.757364668478,0.017160923505,GFN2-xTB_single_point_on_RDKit_MMFF_geometry,success
EGFR__CHEMBL94109__state02,EGFR__CHEMBL94109,CHEMBL94109,EGFR,CHEMBL1134561,2,O=C(/C=C/CN1CCC(N2CCCCC2)CC1)Nc1ccc2nc[nH]c(=Nc3cccc(Br)c3)c2c1,0,data/quantum/erbB_xyz/EGFR__CHEMBL94109__state02.xyz,-83.707343887575,0.086961102006,GFN2-xTB_single_point_on_RDKit_MMFF_geometry,success
EGFR__CHEMBL94109__state03,EGFR__CHEMBL94109,CHEMBL94109,EGFR,CHEMBL1134561,3,OC(/C=C/CN1CCC(N2CCCCC2)CC1)=Nc1ccc2[nH]cnc(=Nc3cccc(Br)c3)c2c1,0,data/quantum/erbB_xyz/EGFR__CHEMBL94109__state03.xyz,-83.683030991899,0.029096031070,GFN2-xTB_single_point_on_RDKit_MMFF_geometry,success
EGFR__CHEMBL94123__state00,EGFR__CHEMBL94123,CHEMBL94123,EGFR,CHEMBL1134561,0,O=C(/C=C/N1CCOCC1)Nc1ccc2ncnc(Nc3cccc(Br)c3)c2c1,0,data/quantum/erbB_xyz/EGFR__CHEMBL94123__state00.xyz,-70.515418532033,0.015641413562,GFN2-xTB_single_point_on_RDKit_MMFF_geometry,success
EGFR__CHEMBL94123__state01,EGFR__CHEMBL94123,CHEMBL94123,EGFR,CHEMBL1134561,1,O=C(/C=C/N1CCOCC1)Nc1ccc2[nH]cnc(=Nc3cccc(Br)c3)c2c1,0,data/quantum/erbB_xyz/EGFR__CHEMBL94123__state01.xyz,-70.530297623166,0.012713592528,GFN2-xTB_single_point_on_RDKit_MMFF_geometry,success
EGFR__CHEMBL94123__state02,EGFR__CHEMBL94123,CHEMBL94123,EGFR,CHEMBL1134561,2,O=C(/C=C/N1CCOCC1)Nc1ccc2nc[nH]c(=Nc3cccc(Br)c3)c2c1,0,data/quantum/erbB_xyz/EGFR__CHEMBL94123__state02.xyz,-70.527087951885,0.015835015227,GFN2-xTB_single_point_on_RDKit_MMFF_geometry,success
EGFR__CHEMBL94123__state03,EGFR__CHEMBL94123,CHEMBL94123,EGFR,CHEMBL1134561,3,OC(/C=C/N1CCOCC1)=Nc1ccc2[nH]cnc(=Nc3cccc(Br)c3)c2c1,0,data/quantum/erbB_xyz/EGFR__CHEMBL94123__state03.xyz,-70.515869953497,0.042088967088,GFN2-xTB_single_point_on_RDKit_MMFF_geometry,success
EGFR__CHEMBL95774__state00,EGFR__CHEMBL95774,CHEMBL95774,EGFR,CHEMBL1135208,0,C=CC(=O)Nc1cc2c(Nc3ccc(F)c(Cl)c3)c(C#N)cnc2cc1OCCCN1CCOCC1,0,data/quantum/erbB_xyz/EGFR__CHEMBL95774__state00.xyz,-90.135745419816,0.028928915013,GFN2-xTB_single_point_on_RDKit_MMFF_geometry,success
EGFR__CHEMBL95774__state01,EGFR__CHEMBL95774,CHEMBL95774,EGFR,CHEMBL1135208,1,C=CC(=O)Nc1cc2c(=Nc3ccc(F)c(Cl)c3)c(C#N)c[nH]c2cc1OCCCN1CCOCC1,0,data/quantum/erbB_xyz/EGFR__CHEMBL95774__state01.xyz,-90.148486424100,0.100855259805,GFN2-xTB_single_point_on_RDKit_MMFF_geometry,success
EGFR__CHEMBL95774__state02,EGFR__CHEMBL95774,CHEMBL95774,EGFR,CHEMBL1135208,2,C=CC(O)=Nc1cc2c(=Nc3ccc(F)c(Cl)c3)c(C#N)c[nH]c2cc1OCCCN1CCOCC1,0,data/quantum/erbB_xyz/EGFR__CHEMBL95774__state02.xyz,-90.140403894227,0.021492916655,GFN2-xTB_single_point_on_RDKit_MMFF_geometry,success
EGFR__CHEMBL95774__state03,EGFR__CHEMBL95774,CHEMBL95774,EGFR,CHEMBL1135208,3,C=CC(O)=Nc1cc2c(Nc3ccc(F)c(Cl)c3)c(C#N)cnc2cc1OCCCN1CCOCC1,0,data/quantum/erbB_xyz/EGFR__CHEMBL95774__state03.xyz,-90.122372742802,0.036727494978,GFN2-xTB_single_point_on_RDKit_MMFF_geometry,success
ERBB2__CHEMBL109480__state00,ERBB2__CHEMBL109480,CHEMBL109480,ERBB2,CHEMBL1154504,0,C=CCNC1=C2C[C@@H](C)C[C@H](OC)[C@H](O)[C@@H](C)/C=C(\C)[C@H](OC(N)=O)[C@@H](OC)/C=C\C=C(/C)C(=O)NC(=CC1=O)C2=O,0,data/quantum/erbB_xyz/ERBB2__CHEMBL109480__state00.xyz,-105.016504826432,0.041688585202,GFN2-xTB_single_point_on_RDKit_MMFF_geometry,success
ERBB2__CHEMBL109480__state01,ERBB2__CHEMBL109480,CHEMBL109480,ERBB2,CHEMBL1154504,1,C=CCN=C1C(=O)C=C2N=C(O)/C(C)=C/C=C\[C@H](OC)[C@@H](OC(=N)O)/C(C)=C/[C@H](C)[C@@H](O)[C@@H](OC)C[C@H](C)CC1=C2O,0,data/quantum/erbB_xyz/ERBB2__CHEMBL109480__state01.xyz,-104.951148704890,0.039118876229,GFN2-xTB_single_point_on_RDKit_MMFF_geometry,success
ERBB2__CHEMBL109480__state02,ERBB2__CHEMBL109480,CHEMBL109480,ERBB2,CHEMBL1154504,2,C=CCN=C1C(=O)C=C2N=C(O)/C(C)=C/C=C\[C@H](OC)[C@@H](OC(N)=O)/C(C)=C/[C@H](C)[C@@H](O)[C@@H](OC)C[C@H](C)CC1=C2O,0,data/quantum/erbB_xyz/ERBB2__CHEMBL109480__state02.xyz,-104.931489437660,0.012651849656,GFN2-xTB_single_point_on_RDKit_MMFF_geometry,success
ERBB2__CHEMBL109480__state03,ERBB2__CHEMBL109480,CHEMBL109480,ERBB2,CHEMBL1154504,3,C=CCN=C1C(=O)C=C2N=C(O)/C(C)=C/C=C\[C@H](OC)[C@@H](OC(N)=O)/C(C)=C/[C@H](C)[C@@H](O)[C@@H](OC)C[C@H](C)CC1C2=O,0,data/quantum/erbB_xyz/ERBB2__CHEMBL109480__state03.xyz,-104.946703697227,0.022900117262,GFN2-xTB_single_point_on_RDKit_MMFF_geometry,success
ERBB2__CHEMBL113900__state00,ERBB2__CHEMBL113900,CHEMBL113900,ERBB2,CHEMBL1145020,0,CC(C)N(CC#CC(=O)Nc1ccc2ncc(C#N)c(Nc3cccc(Br)c3)c2c1)C(C)C,0,data/quantum/erbB_xyz/ERBB2__CHEMBL113900__state00.xyz,-76.646245337508,0.035448338423,GFN2-xTB_single_point_on_RDKit_MMFF_geometry,success
ERBB2__CHEMBL113900__state01,ERBB2__CHEMBL113900,CHEMBL113900,ERBB2,CHEMBL1145020,1,CC(C)N(CC#CC(=O)Nc1ccc2[nH]cc(C#N)c(=Nc3cccc(Br)c3)c2c1)C(C)C,0,data/quantum/erbB_xyz/ERBB2__CHEMBL113900__state01.xyz,-76.669010151895,0.074699118384,GFN2-xTB_single_point_on_RDKit_MMFF_geometry,success
ERBB2__CHEMBL113900__state02,ERBB2__CHEMBL113900,CHEMBL113900,ERBB2,CHEMBL1145020,2,CC(C)N(CC#CC(O)=Nc1ccc2[nH]cc(C#N)c(=Nc3cccc(Br)c3)c2c1)C(C)C,0,data/quantum/erbB_xyz/ERBB2__CHEMBL113900__state02.xyz,-76.645412546163,0.029219978470,GFN2-xTB_single_point_on_RDKit_MMFF_geometry,success
ERBB2__CHEMBL113900__state03,ERBB2__CHEMBL113900,CHEMBL113900,ERBB2,CHEMBL1145020,3,CC(C)N(CC#CC(O)=Nc1ccc2ncc(C#N)c(Nc3cccc(Br)c3)c2c1)C(C)C,0,data/quantum/erbB_xyz/ERBB2__CHEMBL113900__state03.xyz,-76.632640064935,0.011421732597,GFN2-xTB_single_point_on_RDKit_MMFF_geometry,success
ERBB2__CHEMBL113901__state00,ERBB2__CHEMBL113901,CHEMBL113901,ERBB2,CHEMBL1145020,0,COc1cc2ncc(C#N)c(Nc3ccc(F)c(Cl)c3)c2cc1NC(=O)/C=C/C(C)N(C)C,0,data/quantum/erbB_xyz/ERBB2__CHEMBL113901__state00.xyz,-81.880564307601,0.053718016143,GFN2-xTB_single_point_on_RDKit_MMFF_geometry,success
ERBB2__CHEMBL113901__state01,ERBB2__CHEMBL113901,CHEMBL113901,ERBB2,CHEMBL1145020,1,COc1cc2[nH]cc(C#N)c(=Nc3ccc(F)c(Cl)c3)c2cc1N=C(O)/C=C/C(C)N(C)C,0,data/quantum/erbB_xyz/ERBB2__CHEMBL113901__state01.xyz,-81.868028165936,0.031390449220,GFN2-xTB_single_point_on_RDKit_MMFF_geometry,success
ERBB2__CHEMBL113901__state02,ERBB2__CHEMBL113901,CHEMBL113901,ERBB2,CHEMBL1145020,2,COc1cc2[nH]cc(C#N)c(=Nc3ccc(F)c(Cl)c3)c2cc1NC(=O)/C=C/C(C)N(C)C,0,data/quantum/erbB_xyz/ERBB2__CHEMBL113901__state02.xyz,-81.877821519859,0.013814211239,GFN2-xTB_single_point_on_RDKit_MMFF_geometry,success
ERBB2__CHEMBL113901__state03,ERBB2__CHEMBL113901,CHEMBL113901,ERBB2,CHEMBL1145020,3,COc1cc2ncc(C#N)c(Nc3ccc(F)c(Cl)c3)c2cc1N=C(O)/C=C/C(C)N(C)C,0,data/quantum/erbB_xyz/ERBB2__CHEMBL113901__state03.xyz,-81.853152726086,0.052919605760,GFN2-xTB_single_point_on_RDKit_MMFF_geometry,success
ERBB2__CHEMBL113902__state00,ERBB2__CHEMBL113902,CHEMBL113902,ERBB2,CHEMBL1145020,0,C/C=C/C(=O)Nc1cc2c(Nc3ccc(F)c(Cl)c3)c(C#N)cnc2cc1OCC,0,data/quantum/erbB_xyz/ERBB2__CHEMBL113902__state00.xyz,-74.978521954839,0.026835729158,GFN2-xTB_single_point_on_RDKit_MMFF_geometry,success
ERBB2__CHEMBL113902__state01,ERBB2__CHEMBL113902,CHEMBL113902,ERBB2,CHEMBL1145020,1,C/C=C/C(=O)Nc1cc2c(=Nc3ccc(F)c(Cl)c3)c(C#N)c[nH]c2cc1OCC,0,data/quantum/erbB_xyz/ERBB2__CHEMBL113902__state01.xyz,-74.990799127239,0.043319445301,GFN2-xTB_single_point_on_RDKit_MMFF_geometry,success
ERBB2__CHEMBL113902__state02,ERBB2__CHEMBL113902,CHEMBL113902,ERBB2,CHEMBL1145020,2,C/C=C/C(O)=Nc1cc2c(=Nc3ccc(F)c(Cl)c3)c(C#N)c[nH]c2cc1OCC,0,data/quantum/erbB_xyz/ERBB2__CHEMBL113902__state02.xyz,-74.942985788764,0.036004564314,GFN2-xTB_single_point_on_RDKit_MMFF_geometry,success
ERBB2__CHEMBL113902__state03,ERBB2__CHEMBL113902,CHEMBL113902,ERBB2,CHEMBL1145020,3,C/C=C/C(O)=Nc1cc2c(Nc3ccc(F)c(Cl)c3)c(C#N)cnc2cc1OCC,0,data/quantum/erbB_xyz/ERBB2__CHEMBL113902__state03.xyz,-74.960896041142,0.020225604886,GFN2-xTB_single_point_on_RDKit_MMFF_geometry,success
ERBB2__CHEMBL113985__state00,ERBB2__CHEMBL113985,CHEMBL113985,ERBB2,CHEMBL1145020,0,COc1cc(NC(=O)/C=C/CN2CCOCC2)cc2c(Nc3cccc(Br)c3)c(C#N)cnc12,0,data/quantum/erbB_xyz/ERBB2__CHEMBL113985__state00.xyz,-82.862775012185,0.057806996418,GFN2-xTB_single_point_on_RDKit_MMFF_geometry,success
ERBB2__CHEMBL113985__state01,ERBB2__CHEMBL113985,CHEMBL113985,ERBB2,CHEMBL1145020,1,COc1cc(N=C(O)/C=C/CN2CCOCC2)cc2c(=Nc3cccc(Br)c3)c(C#N)c[nH]c12,0,data/quantum/erbB_xyz/ERBB2__CHEMBL113985__state01.xyz,-82.862785546913,0.040910913204,GFN2-xTB_single_point_on_RDKit_MMFF_geometry,success
ERBB2__CHEMBL113985__state02,ERBB2__CHEMBL113985,CHEMBL113985,ERBB2,CHEMBL1145020,2,COc1cc(N=C(O)/C=C/CN2CCOCC2)cc2c(Nc3cccc(Br)c3)c(C#N)cnc12,0,data/quantum/erbB_xyz/ERBB2__CHEMBL113985__state02.xyz,-82.840129761921,0.051415398398,GFN2-xTB_single_point_on_RDKit_MMFF_geometry,success
ERBB2__CHEMBL113985__state03,ERBB2__CHEMBL113985,CHEMBL113985,ERBB2,CHEMBL1145020,3,COc1cc(NC(=O)/C=C/CN2CCOCC2)cc2c(=Nc3cccc(Br)c3)c(C#N)c[nH]c12,0,data/quantum/erbB_xyz/ERBB2__CHEMBL113985__state03.xyz,-82.875716820288,0.049092581931,GFN2-xTB_single_point_on_RDKit_MMFF_geometry,success
ERBB2__CHEMBL113996__state00,ERBB2__CHEMBL113996,CHEMBL113996,ERBB2,CHEMBL1145020,0,COc1cc2ncc(C#N)c(Nc3ccc(F)c(Cl)c3)c2cc1NC(=O)/C=C/CN1CCOCC1,0,data/quantum/erbB_xyz/ERBB2__CHEMBL113996__state00.xyz,-88.123583495576,0.098494613725,GFN2-xTB_single_point_on_RDKit_MMFF_geometry,success
ERBB2__CHEMBL113996__state01,ERBB2__CHEMBL113996,CHEMBL113996,ERBB2,CHEMBL1145020,1,COc1cc2[nH]cc(C#N)c(=Nc3ccc(F)c(Cl)c3)c2cc1N=C(O)/C=C/CN1CCOCC1,0,data/quantum/erbB_xyz/ERBB2__CHEMBL113996__state01.xyz,-88.104839378963,0.023860790908,GFN2-xTB_single_point_on_RDKit_MMFF_geometry,success
ERBB2__CHEMBL113996__state02,ERBB2__CHEMBL113996,CHEMBL113996,ERBB2,CHEMBL1145020,2,COc1cc2[nH]cc(C#N)c(=Nc3ccc(F)c(Cl)c3)c2cc1NC(=O)/C=C/CN1CCOCC1,0,data/quantum/erbB_xyz/ERBB2__CHEMBL113996__state02.xyz,-88.120178379009,0.023756138775,GFN2-xTB_single_point_on_RDKit_MMFF_geometry,success
ERBB2__CHEMBL113996__state03,ERBB2__CHEMBL113996,CHEMBL113996,ERBB2,CHEMBL1145020,3,COc1cc2ncc(C#N)c(Nc3ccc(F)c(Cl)c3)c2cc1N=C(O)/C=C/CN1CCOCC1,0,data/quantum/erbB_xyz/ERBB2__CHEMBL113996__state03.xyz,-88.106412168310,0.069342053646,GFN2-xTB_single_point_on_RDKit_MMFF_geometry,success
ERBB2__CHEMBL114073__state00,ERBB2__CHEMBL114073,CHEMBL114073,ERBB2,CHEMBL1145020,0,COc1cc2ncc(C#N)c(Nc3ccc(F)c(Cl)c3)c2cc1NC(=O)/C=C/C(C)N1CCOCC1,0,data/quantum/erbB_xyz/ERBB2__CHEMBL114073__state00.xyz,-90.134236259340,0.039026548507,GFN2-xTB_single_point_on_RDKit_MMFF_geometry,success
ERBB2__CHEMBL114073__state01,ERBB2__CHEMBL114073,CHEMBL114073,ERBB2,CHEMBL1145020,1,COc1cc2[nH]cc(C#N)c(=Nc3ccc(F)c(Cl)c3)c2cc1N=C(O)/C=C/C(C)N1CCOCC1,0,data/quantum/erbB_xyz/ERBB2__CHEMBL114073__state01.xyz,-90.118000092243,0.017243599943,GFN2-xTB_single_point_on_RDKit_MMFF_geometry,success
ERBB2__CHEMBL114073__state02,ERBB2__CHEMBL114073,CHEMBL114073,ERBB2,CHEMBL1145020,2,COc1cc2[nH]cc(C#N)c(=Nc3ccc(F)c(Cl)c3)c2cc1NC(=O)/C=C/C(C)N1CCOCC1,0,data/quantum/erbB_xyz/ERBB2__CHEMBL114073__state02.xyz,-90.159623591249,0.062402254669,GFN2-xTB_single_point_on_RDKit_MMFF_geometry,success
ERBB2__CHEMBL114073__state03,ERBB2__CHEMBL114073,CHEMBL114073,ERBB2,CHEMBL1145020,3,COc1cc2ncc(C#N)c(Nc3ccc(F)c(Cl)c3)c2cc1N=C(O)/C=C/C(C)N1CCOCC1,0,data/quantum/erbB_xyz/ERBB2__CHEMBL114073__state03.xyz,-90.127209848008,0.065618064387,GFN2-xTB_single_point_on_RDKit_MMFF_geometry,success
ERBB2__CHEMBL114593__state00,ERBB2__CHEMBL114593,CHEMBL114593,ERBB2,CHEMBL1145020,0,COCC#CC(=O)Nc1ccc2ncc(C#N)c(Nc3cccc(Br)c3)c2c1,0,data/quantum/erbB_xyz/ERBB2__CHEMBL114593__state00.xyz,-67.722115172782,0.035268619414,GFN2-xTB_single_point_on_RDKit_MMFF_geometry,success
ERBB2__CHEMBL114593__state01,ERBB2__CHEMBL114593,CHEMBL114593,ERBB2,CHEMBL1145020,1,COCC#CC(=O)Nc1ccc2[nH]cc(C#N)c(=Nc3cccc(Br)c3)c2c1,0,data/quantum/erbB_xyz/ERBB2__CHEMBL114593__state01.xyz,-67.736936701916,0.076673777675,GFN2-xTB_single_point_on_RDKit_MMFF_geometry,success
ERBB2__CHEMBL114593__state02,ERBB2__CHEMBL114593,CHEMBL114593,ERBB2,CHEMBL1145020,2,COCC#CC(O)=Nc1ccc2[nH]cc(C#N)c(=Nc3cccc(Br)c3)c2c1,0,data/quantum/erbB_xyz/ERBB2__CHEMBL114593__state02.xyz,-67.708599773597,0.026573237802,GFN2-xTB_single_point_on_RDKit_MMFF_geometry,success
ERBB2__CHEMBL114593__state03,ERBB2__CHEMBL114593,CHEMBL114593,ERBB2,CHEMBL1145020,3,COCC#CC(O)=Nc1ccc2ncc(C#N)c(Nc3cccc(Br)c3)c2c1,0,data/quantum/erbB_xyz/ERBB2__CHEMBL114593__state03.xyz,-67.706311257908,0.011605867555,GFN2-xTB_single_point_on_RDKit_MMFF_geometry,success
ERBB2__CHEMBL115187__state00,ERBB2__CHEMBL115187,CHEMBL115187,ERBB2,CHEMBL1145020,0,CCCN(CC#CC(=O)Nc1ccc2ncc(C#N)c(Nc3cccc(Br)c3)c2c1)CCC,0,data/quantum/erbB_xyz/ERBB2__CHEMBL115187__state00.xyz,-76.743080411092,0.036263424444,GFN2-xTB_single_point_on_RDKit_MMFF_geometry,success
ERBB2__CHEMBL115187__state01,ERBB2__CHEMBL115187,CHEMBL115187,ERBB2,CHEMBL1145020,1,CCCN(CC#CC(=O)Nc1ccc2[nH]cc(C#N)c(=Nc3cccc(Br)c3)c2c1)CCC,0,data/quantum/erbB_xyz/ERBB2__CHEMBL115187__state01.xyz,-76.749214776248,0.063425932116,GFN2-xTB_single_point_on_RDKit_MMFF_geometry,success
ERBB2__CHEMBL115187__state02,ERBB2__CHEMBL115187,CHEMBL115187,ERBB2,CHEMBL1145020,2,CCCN(CC#CC(O)=Nc1ccc2[nH]cc(C#N)c(=Nc3cccc(Br)c3)c2c1)CCC,0,data/quantum/erbB_xyz/ERBB2__CHEMBL115187__state02.xyz,-76.741768068055,0.054756572284,GFN2-xTB_single_point_on_RDKit_MMFF_geometry,success
ERBB2__CHEMBL115187__state03,ERBB2__CHEMBL115187,CHEMBL115187,ERBB2,CHEMBL1145020,3,CCCN(CC#CC(O)=Nc1ccc2ncc(C#N)c(Nc3cccc(Br)c3)c2c1)CCC,0,data/quantum/erbB_xyz/ERBB2__CHEMBL115187__state03.xyz,-76.735036892201,0.047268394637,GFN2-xTB_single_point_on_RDKit_MMFF_geometry,success
ERBB2__CHEMBL115440__state00,ERBB2__CHEMBL115440,CHEMBL115440,ERBB2,CHEMBL1145020,0,COCCOCC#CC(=O)Nc1ccc2ncc(C#N)c(Nc3cccc(Br)c3)c2c1,0,data/quantum/erbB_xyz/ERBB2__CHEMBL115440__state00.xyz,-75.828630653333,0.033936768909,GFN2-xTB_single_point_on_RDKit_MMFF_geometry,success
ERBB2__CHEMBL115440__state01,ERBB2__CHEMBL115440,CHEMBL115440,ERBB2,CHEMBL1145020,1,COCCOCC#CC(=O)Nc1ccc2[nH]cc(C#N)c(=Nc3cccc(Br)c3)c2c1,0,data/quantum/erbB_xyz/ERBB2__CHEMBL115440__state01.xyz,-75.869530026992,0.029505574430,GFN2-xTB_single_point_on_RDKit_MMFF_geometry,success
ERBB2__CHEMBL115440__state02,ERBB2__CHEMBL115440,CHEMBL115440,ERBB2,CHEMBL1145020,2,COCCOCC#CC(O)=Nc1ccc2[nH]cc(C#N)c(=Nc3cccc(Br)c3)c2c1,0,data/quantum/erbB_xyz/ERBB2__CHEMBL115440__state02.xyz,-75.844825335120,0.074337282934,GFN2-xTB_single_point_on_RDKit_MMFF_geometry,success
ERBB2__CHEMBL115440__state03,ERBB2__CHEMBL115440,CHEMBL115440,ERBB2,CHEMBL1145020,3,COCCOCC#CC(O)=Nc1ccc2ncc(C#N)c(Nc3cccc(Br)c3)c2c1,0,data/quantum/erbB_xyz/ERBB2__CHEMBL115440__state03.xyz,-75.827319576554,0.073230900628,GFN2-xTB_single_point_on_RDKit_MMFF_geometry,success
ERBB2__CHEMBL115519__state00,ERBB2__CHEMBL115519,CHEMBL115519,ERBB2,CHEMBL1136802,0,COc1cc(/C=C(\C#N)C(N)=O)cc(CSc2nc3cc(Cl)ccc3s2)c1O,0,data/quantum/erbB_xyz/ERBB2__CHEMBL115519__state00.xyz,-71.589482846005,0.037293782916,GFN2-xTB_single_point_on_RDKit_MMFF_geometry,success
ERBB2__CHEMBL115519__state01,ERBB2__CHEMBL115519,CHEMBL115519,ERBB2,CHEMBL1136802,1,COC1=CC(=CC(C#N)=C(N)O)C=C(CSc2nc3cc(Cl)ccc3s2)C1=O,0,data/quantum/erbB_xyz/ERBB2__CHEMBL115519__state01.xyz,-71.602272247427,0.038145912409,GFN2-xTB_single_point_on_RDKit_MMFF_geometry,success
ERBB2__CHEMBL115519__state02,ERBB2__CHEMBL115519,CHEMBL115519,ERBB2,CHEMBL1136802,2,COC1=CC(=CC(C#N)C(=N)O)C=C(CSc2nc3cc(Cl)ccc3s2)C1=O,0,data/quantum/erbB_xyz/ERBB2__CHEMBL115519__state02.xyz,-71.616462579602,0.039000009851,GFN2-xTB_single_point_on_RDKit_MMFF_geometry,success
ERBB2__CHEMBL115519__state03,ERBB2__CHEMBL115519,CHEMBL115519,ERBB2,CHEMBL1136802,3,COC1=CC(=CC(C#N)C(N)=O)C=C(CSc2nc3cc(Cl)ccc3s2)C1=O,0,data/quantum/erbB_xyz/ERBB2__CHEMBL115519__state03.xyz,-71.601548050078,0.030868629755,GFN2-xTB_single_point_on_RDKit_MMFF_geometry,success
ERBB2__CHEMBL116012__state00,ERBB2__CHEMBL116012,CHEMBL116012,ERBB2,CHEMBL1145020,0,CCOc1cc2ncc(C#N)c(Nc3cccc(Br)c3)c2cc1NC(=O)/C=C/CN1CCOCC1,0,data/quantum/erbB_xyz/ERBB2__CHEMBL116012__state00.xyz,-84.884905383342,0.042070401474,GFN2-xTB_single_point_on_RDKit_MMFF_geometry,success
ERBB2__CHEMBL116012__state01,ERBB2__CHEMBL116012,CHEMBL116012,ERBB2,CHEMBL1145020,1,CCOc1cc2[nH]cc(C#N)c(=Nc3cccc(Br)c3)c2cc1N=C(O)/C=C/CN1CCOCC1,0,data/quantum/erbB_xyz/ERBB2__CHEMBL116012__state01.xyz,-84.891329054042,0.039037360134,GFN2-xTB_single_point_on_RDKit_MMFF_geometry,success
ERBB2__CHEMBL116012__state02,ERBB2__CHEMBL116012,CHEMBL116012,ERBB2,CHEMBL1145020,2,CCOc1cc2[nH]cc(C#N)c(=Nc3cccc(Br)c3)c2cc1NC(=O)/C=C/CN1CCOCC1,0,data/quantum/erbB_xyz/ERBB2__CHEMBL116012__state02.xyz,-84.907985872793,0.093878934195,GFN2-xTB_single_point_on_RDKit_MMFF_geometry,success
ERBB2__CHEMBL116012__state03,ERBB2__CHEMBL116012,CHEMBL116012,ERBB2,CHEMBL1145020,3,CCOc1cc2ncc(C#N)c(Nc3cccc(Br)c3)c2cc1N=C(O)/C=C/CN1CCOCC1,0,data/quantum/erbB_xyz/ERBB2__CHEMBL116012__state03.xyz,-84.863492534128,0.024875841765,GFN2-xTB_single_point_on_RDKit_MMFF_geometry,success
ERBB2__CHEMBL1161234__state00,ERBB2__CHEMBL1161234,CHEMBL1161234,ERBB2,CHEMBL1136802,0,COc1cc(/C=C(\C#N)C(N)=O)cc(SCCCC(=O)O)c1O,0,data/quantum/erbB_xyz/ERBB2__CHEMBL1161234__state00.xyz,-60.396114164051,0.024042005568,GFN2-xTB_single_point_on_RDKit_MMFF_geometry,success
ERBB2__CHEMBL1161234__state01,ERBB2__CHEMBL1161234,CHEMBL1161234,ERBB2,CHEMBL1136802,1,COC1=CC(=CC(C#N)=C(N)O)C=C(SCCC=C(O)O)C1=O,0,data/quantum/erbB_xyz/ERBB2__CHEMBL1161234__state01.xyz,-60.404276858312,0.046919205872,GFN2-xTB_single_point_on_RDKit_MMFF_geometry,success
ERBB2__CHEMBL1161234__state02,ERBB2__CHEMBL1161234,CHEMBL1161234,ERBB2,CHEMBL1136802,2,COC1=CC(=CC(C#N)=C(N)O)C=C(SCCCC(=O)O)C1=O,0,data/quantum/erbB_xyz/ERBB2__CHEMBL1161234__state02.xyz,-60.421292965836,0.018668552674,GFN2-xTB_single_point_on_RDKit_MMFF_geometry,success
ERBB2__CHEMBL1161234__state03,ERBB2__CHEMBL1161234,CHEMBL1161234,ERBB2,CHEMBL1136802,3,COC1=CC(=CC(C#N)C(=N)O)C=C(SCCC=C(O)O)C1=O,0,data/quantum/erbB_xyz/ERBB2__CHEMBL1161234__state03.xyz,-60.388839371621,0.048422350606,GFN2-xTB_single_point_on_RDKit_MMFF_geometry,success
ERBB2__CHEMBL1161235__state00,ERBB2__CHEMBL1161235,CHEMBL1161235,ERBB2,CHEMBL1136802,0,COc1cc(/C=C(\C#N)C(N)=O)cc(SCCC(=O)O)c1O,0,data/quantum/erbB_xyz/ERBB2__CHEMBL1161235__state00.xyz,-58.372313768454,0.003651775144,GFN2-xTB_single_point_on_RDKit_MMFF_geometry,success
ERBB2__CHEMBL1161235__state01,ERBB2__CHEMBL1161235,CHEMBL1161235,ERBB2,CHEMBL1136802,1,COC1=CC(=CC(C#N)=C(N)O)C=C(SCC=C(O)O)C1=O,0,data/quantum/erbB_xyz/ERBB2__CHEMBL1161235__state01.xyz,-58.350810412162,0.049921789739,GFN2-xTB_single_point_on_RDKit_MMFF_geometry,success
ERBB2__CHEMBL1161235__state02,ERBB2__CHEMBL1161235,CHEMBL1161235,ERBB2,CHEMBL1136802,2,COC1=CC(=CC(C#N)=C(N)O)C=C(SCCC(=O)O)C1=O,0,data/quantum/erbB_xyz/ERBB2__CHEMBL1161235__state02.xyz,-58.386769733097,0.031832301656,GFN2-xTB_single_point_on_RDKit_MMFF_geometry,success
ERBB2__CHEMBL1161235__state03,ERBB2__CHEMBL1161235,CHEMBL1161235,ERBB2,CHEMBL1136802,3,COC1=CC(=CC(C#N)C(=N)O)C=C(SCC=C(O)O)C1=O,0,data/quantum/erbB_xyz/ERBB2__CHEMBL1161235__state03.xyz,-58.356899266568,0.059920452327,GFN2-xTB_single_point_on_RDKit_MMFF_geometry,success
ERBB2__CHEMBL116595__state00,ERBB2__CHEMBL116595,CHEMBL116595,ERBB2,CHEMBL1136802,0,COc1cc(/C=C(\C#N)C(N)=O)cc(CSc2ccccc2)c1O,0,data/quantum/erbB_xyz/ERBB2__CHEMBL116595__state00.xyz,-58.595383836809,0.036426862718,GFN2-xTB_single_point_on_RDKit_MMFF_geometry,success
ERBB2__CHEMBL116595__state01,ERBB2__CHEMBL116595,CHEMBL116595,ERBB2,CHEMBL1136802,1,COC1=CC(=CC(C#N)=C(N)O)C=C(CSc2ccccc2)C1=O,0,data/quantum/erbB_xyz/ERBB2__CHEMBL116595__state01.xyz,-58.623688792121,0.043911088930,GFN2-xTB_single_point_on_RDKit_MMFF_geometry,success
ERBB2__CHEMBL116595__state02,ERBB2__CHEMBL116595,CHEMBL116595,ERBB2,CHEMBL1136802,2,COC1=CC(=CC(C#N)C(=N)O)C=C(CSc2ccccc2)C1=O,0,data/quantum/erbB_xyz/ERBB2__CHEMBL116595__state02.xyz,-58.598714237378,0.023492257948,GFN2-xTB_single_point_on_RDKit_MMFF_geometry,success
ERBB2__CHEMBL116595__state03,ERBB2__CHEMBL116595,CHEMBL116595,ERBB2,CHEMBL1136802,3,COC1=CC(=CC(C#N)C(N)=O)C=C(CSc2ccccc2)C1=O,0,data/quantum/erbB_xyz/ERBB2__CHEMBL116595__state03.xyz,-58.588811852456,0.019099754890,GFN2-xTB_single_point_on_RDKit_MMFF_geometry,success
ERBB2__CHEMBL116853__state00,ERBB2__CHEMBL116853,CHEMBL116853,ERBB2,CHEMBL1145020,0,COc1cc2ncc(C#N)c(Nc3cccc(Br)c3)c2cc1NC(=O)C#CCN(C)C,0,data/quantum/erbB_xyz/ERBB2__CHEMBL116853__state00.xyz,-74.655457687975,0.106276356257,GFN2-xTB_single_point_on_RDKit_MMFF_geometry,success
ERBB2__CHEMBL116853__state01,ERBB2__CHEMBL116853,CHEMBL116853,ERBB2,CHEMBL1145020,1,COc1cc2[nH]cc(C#N)c(=Nc3cccc(Br)c3)c2cc1N=C(O)C#CCN(C)C,0,data/quantum/erbB_xyz/ERBB2__CHEMBL116853__state01.xyz,-74.639341553520,0.052925323357,GFN2-xTB_single_point_on_RDKit_MMFF_geometry,success
ERBB2__CHEMBL116853__state02,ERBB2__CHEMBL116853,CHEMBL116853,ERBB2,CHEMBL1145020,2,COc1cc2[nH]cc(C#N)c(=Nc3cccc(Br)c3)c2cc1NC(=O)C#CCN(C)C,0,data/quantum/erbB_xyz/ERBB2__CHEMBL116853__state02.xyz,-74.657055095205,0.060480371456,GFN2-xTB_single_point_on_RDKit_MMFF_geometry,success
ERBB2__CHEMBL116853__state03,ERBB2__CHEMBL116853,CHEMBL116853,ERBB2,CHEMBL1145020,3,COc1cc2ncc(C#N)c(Nc3cccc(Br)c3)c2cc1N=C(O)C#CCN(C)C,0,data/quantum/erbB_xyz/ERBB2__CHEMBL116853__state03.xyz,-74.634728586720,0.080844148433,GFN2-xTB_single_point_on_RDKit_MMFF_geometry,success
ERBB2__CHEMBL1173655__state00,ERBB2__CHEMBL1173655,CHEMBL1173655,ERBB2,CHEMBL1139297,0,CN(C)C/C=C/C(=O)Nc1cc2c(Nc3ccc(F)c(Cl)c3)ncnc2cc1O[C@H]1CCOC1,0,data/quantum/erbB_xyz/ERBB2__CHEMBL1173655__state00.xyz,-85.867850705129,0.022933241555,GFN2-xTB_single_point_on_RDKit_MMFF_geometry,success
ERBB2__CHEMBL1173655__state01,ERBB2__CHEMBL1173655,CHEMBL1173655,ERBB2,CHEMBL1139297,1,CN(C)C/C=C/C(=O)Nc1cc2c(=Nc3ccc(F)c(Cl)c3)[nH]cnc2cc1O[C@H]1CCOC1,0,data/quantum/erbB_xyz/ERBB2__CHEMBL1173655__state01.xyz,-85.878283442281,0.016177267060,GFN2-xTB_single_point_on_RDKit_MMFF_geometry,success
ERBB2__CHEMBL1173655__state02,ERBB2__CHEMBL1173655,CHEMBL1173655,ERBB2,CHEMBL1139297,2,CN(C)C/C=C/C(=O)Nc1cc2c(=Nc3ccc(F)c(Cl)c3)nc[nH]c2cc1O[C@H]1CCOC1,0,data/quantum/erbB_xyz/ERBB2__CHEMBL1173655__state02.xyz,-85.931034154743,0.030602823835,GFN2-xTB_single_point_on_RDKit_MMFF_geometry,success
ERBB2__CHEMBL1173655__state03,ERBB2__CHEMBL1173655,CHEMBL1173655,ERBB2,CHEMBL1139297,3,CN(C)C/C=C/C(O)=Nc1cc2c(=Nc3ccc(F)c(Cl)c3)[nH]cnc2cc1O[C@H]1CCOC1,0,data/quantum/erbB_xyz/ERBB2__CHEMBL1173655__state03.xyz,-85.898675315262,0.025060091279,GFN2-xTB_single_point_on_RDKit_MMFF_geometry,success
ERBB2__CHEMBL118109__state00,ERBB2__CHEMBL118109,CHEMBL118109,ERBB2,CHEMBL1136802,0,COc1cc(/C=C(\C#N)C(N)=O)cc(CSc2nc3ccccc3s2)c1O,0,data/quantum/erbB_xyz/ERBB2__CHEMBL118109__state00.xyz,-66.986902058470,0.032030032658,GFN2-xTB_single_point_on_RDKit_MMFF_geometry,success
ERBB2__CHEMBL118109__state01,ERBB2__CHEMBL118109,CHEMBL118109,ERBB2,CHEMBL1136802,1,COC1=CC(=CC(C#N)=C(N)O)C=C(CSc2nc3ccccc3s2)C1=O,0,data/quantum/erbB_xyz/ERBB2__CHEMBL118109__state01.xyz,-66.998007715129,0.019783427311,GFN2-xTB_single_point_on_RDKit_MMFF_geometry,success
ERBB2__CHEMBL118109__state02,ERBB2__CHEMBL118109,CHEMBL118109,ERBB2,CHEMBL1136802,2,COC1=CC(=CC(C#N)C(=N)O)C=C(CSc2nc3ccccc3s2)C1=O,0,data/quantum/erbB_xyz/ERBB2__CHEMBL118109__state02.xyz,-66.982253874782,0.027376200870,GFN2-xTB_single_point_on_RDKit_MMFF_geometry,success
ERBB2__CHEMBL118109__state03,ERBB2__CHEMBL118109,CHEMBL118109,ERBB2,CHEMBL1136802,3,COC1=CC(=CC(C#N)C(N)=O)C=C(CSc2nc3ccccc3s2)C1=O,0,data/quantum/erbB_xyz/ERBB2__CHEMBL118109__state03.xyz,-66.997049759067,0.018782933093,GFN2-xTB_single_point_on_RDKit_MMFF_geometry,success
ERBB2__CHEMBL119156__state00,ERBB2__CHEMBL119156,CHEMBL119156,ERBB2,CHEMBL1136802,0,COc1cc(/C=C(\C#N)C(N)=O)cc(CSc2ccccn2)c1O,0,data/quantum/erbB_xyz/ERBB2__CHEMBL119156__state00.xyz,-59.468659504102,0.022374302647,GFN2-xTB_single_point_on_RDKit_MMFF_geometry,success
ERBB2__CHEMBL119156__state01,ERBB2__CHEMBL119156,CHEMBL119156,ERBB2,CHEMBL1136802,1,COC1=CC(=CC(C#N)=C(N)O)C=C(CSc2ccccn2)C1=O,0,data/quantum/erbB_xyz/ERBB2__CHEMBL119156__state01.xyz,-59.504683930713,0.033352052247,GFN2-xTB_single_point_on_RDKit_MMFF_geometry,success
ERBB2__CHEMBL119156__state02,ERBB2__CHEMBL119156,CHEMBL119156,ERBB2,CHEMBL1136802,2,COC1=CC(=CC(C#N)C(=N)O)C=C(CSc2ccccn2)C1=O,0,data/quantum/erbB_xyz/ERBB2__CHEMBL119156__state02.xyz,-59.467014894483,0.039662111237,GFN2-xTB_single_point_on_RDKit_MMFF_geometry,success
ERBB2__CHEMBL119156__state03,ERBB2__CHEMBL119156,CHEMBL119156,ERBB2,CHEMBL1136802,3,COC1=CC(=CC(C#N)C(N)=O)C=C(CSc2ccccn2)C1=O,0,data/quantum/erbB_xyz/ERBB2__CHEMBL119156__state03.xyz,-59.473617775602,0.013678890777,GFN2-xTB_single_point_on_RDKit_MMFF_geometry,success
ERBB2__CHEMBL119987__state00,ERBB2__CHEMBL119987,CHEMBL119987,ERBB2,CHEMBL1136802,0,COc1cc(/C=C(\C#N)C(N)=O)cc(CSc2ccccc2C(=O)O)c1O,0,data/quantum/erbB_xyz/ERBB2__CHEMBL119987__state00.xyz,-68.874700561705,0.034522896391,GFN2-xTB_single_point_on_RDKit_MMFF_geometry,success
ERBB2__CHEMBL119987__state01,ERBB2__CHEMBL119987,CHEMBL119987,ERBB2,CHEMBL1136802,1,COC1=CC(=CC(C#N)=C(N)O)C=C(CSc2ccccc2C(=O)O)C1=O,0,data/quantum/erbB_xyz/ERBB2__CHEMBL119987__state01.xyz,-68.882850126920,0.083187009389,GFN2-xTB_single_point_on_RDKit_MMFF_geometry,success
ERBB2__CHEMBL119987__state02,ERBB2__CHEMBL119987,CHEMBL119987,ERBB2,CHEMBL1136802,2,COC1=CC(=CC(C#N)C(=N)O)C=C(CSc2ccccc2C(=O)O)C1=O,0,data/quantum/erbB_xyz/ERBB2__CHEMBL119987__state02.xyz,-68.867434020409,0.054024299479,GFN2-xTB_single_point_on_RDKit_MMFF_geometry,success
ERBB2__CHEMBL119987__state03,ERBB2__CHEMBL119987,CHEMBL119987,ERBB2,CHEMBL1136802,3,COC1=CC(=CC(C#N)C(N)=O)C=C(CSc2ccccc2C(=O)O)C1=O,0,data/quantum/erbB_xyz/ERBB2__CHEMBL119987__state03.xyz,-68.877161275142,0.037019093571,GFN2-xTB_single_point_on_RDKit_MMFF_geometry,success
ERBB2__CHEMBL136058__state00,ERBB2__CHEMBL136058,CHEMBL136058,ERBB2,CHEMBL1134843,0,O=C(/C=C/C(=O)Nc1cc2c(Nc3cccc(Br)c3)ncnc2cn1)NCCCN1CCOCC1,0,data/quantum/erbB_xyz/ERBB2__CHEMBL136058__state00.xyz,-86.598110349765,0.018094946821,GFN2-xTB_single_point_on_RDKit_MMFF_geometry,success
ERBB2__CHEMBL136058__state01,ERBB2__CHEMBL136058,CHEMBL136058,ERBB2,CHEMBL1134843,1,O=C(/C=C/C(=O)NCCCN1CCOCC1)N=c1cc2c(Nc3cccc(Br)c3)ncnc2c[nH]1,0,data/quantum/erbB_xyz/ERBB2__CHEMBL136058__state01.xyz,-86.580071172784,0.002353955387,GFN2-xTB_single_point_on_RDKit_MMFF_geometry,success
ERBB2__CHEMBL136058__state02,ERBB2__CHEMBL136058,CHEMBL136058,ERBB2,CHEMBL1134843,2,O=C(/C=C/C(=O)Nc1cc2c(=Nc3cccc(Br)c3)[nH]cnc2cn1)NCCCN1CCOCC1,0,data/quantum/erbB_xyz/ERBB2__CHEMBL136058__state02.xyz,-86.574171947413,0.003244529078,GFN2-xTB_single_point_on_RDKit_MMFF_geometry,success
ERBB2__CHEMBL136058__state03,ERBB2__CHEMBL136058,CHEMBL136058,ERBB2,CHEMBL1134843,3,O=C(/C=C/C(=O)Nc1cc2c(=Nc3cccc(Br)c3)nc[nH]c2cn1)NCCCN1CCOCC1,0,data/quantum/erbB_xyz/ERBB2__CHEMBL136058__state03.xyz,-86.583018322383,0.012134972476,GFN2-xTB_single_point_on_RDKit_MMFF_geometry,success
ERBB2__CHEMBL138940__state00,ERBB2__CHEMBL138940,CHEMBL138940,ERBB2,CHEMBL1134843,0,O=C(/C=C/C(=O)Nc1cc2c(Nc3ccc(F)c(Cl)c3)ncnc2cn1)NCCCN1CCOCC1,0,data/quantum/erbB_xyz/ERBB2__CHEMBL138940__state00.xyz,-91.825878783361,0.017943915899,GFN2-xTB_single_point_on_RDKit_MMFF_geometry,success
ERBB2__CHEMBL138940__state01,ERBB2__CHEMBL138940,CHEMBL138940,ERBB2,CHEMBL1134843,1,O=C(/C=C/C(=O)NCCCN1CCOCC1)N=c1cc2c(Nc3ccc(F)c(Cl)c3)ncnc2c[nH]1,0,data/quantum/erbB_xyz/ERBB2__CHEMBL138940__state01.xyz,-91.832433993355,0.029263759583,GFN2-xTB_single_point_on_RDKit_MMFF_geometry,success
ERBB2__CHEMBL138940__state02,ERBB2__CHEMBL138940,CHEMBL138940,ERBB2,CHEMBL1134843,2,O=C(/C=C/C(=O)Nc1cc2c(=Nc3ccc(F)c(Cl)c3)[nH]cnc2cn1)NCCCN1CCOCC1,0,data/quantum/erbB_xyz/ERBB2__CHEMBL138940__state02.xyz,-91.821118136122,0.034820172334,GFN2-xTB_single_point_on_RDKit_MMFF_geometry,success
ERBB2__CHEMBL138940__state03,ERBB2__CHEMBL138940,CHEMBL138940,ERBB2,CHEMBL1134843,3,O=C(/C=C/C(=O)Nc1cc2c(=Nc3ccc(F)c(Cl)c3)nc[nH]c2cn1)NCCCN1CCOCC1,0,data/quantum/erbB_xyz/ERBB2__CHEMBL138940__state03.xyz,-91.824637060997,0.025213093521,GFN2-xTB_single_point_on_RDKit_MMFF_geometry,success
ERBB2__CHEMBL140561__state00,ERBB2__CHEMBL140561,CHEMBL140561,ERBB2,CHEMBL1134843,0,CN(C)CCCOC(=O)/C=C/C(=O)Nc1ccc2ncnc(Nc3cccc(Br)c3)c2c1,0,data/quantum/erbB_xyz/ERBB2__CHEMBL140561__state00.xyz,-78.604581693533,0.045477494247,GFN2-xTB_single_point_on_RDKit_MMFF_geometry,success
ERBB2__CHEMBL140561__state01,ERBB2__CHEMBL140561,CHEMBL140561,ERBB2,CHEMBL1134843,1,CN(C)CCCOC(=O)/C=C/C(=O)Nc1ccc2[nH]cnc(=Nc3cccc(Br)c3)c2c1,0,data/quantum/erbB_xyz/ERBB2__CHEMBL140561__state01.xyz,-78.613921366842,0.034578796690,GFN2-xTB_single_point_on_RDKit_MMFF_geometry,success
ERBB2__CHEMBL140561__state02,ERBB2__CHEMBL140561,CHEMBL140561,ERBB2,CHEMBL1134843,2,CN(C)CCCOC(=O)/C=C/C(=O)Nc1ccc2nc[nH]c(=Nc3cccc(Br)c3)c2c1,0,data/quantum/erbB_xyz/ERBB2__CHEMBL140561__state02.xyz,-78.617422521131,0.019257870546,GFN2-xTB_single_point_on_RDKit_MMFF_geometry,success
ERBB2__CHEMBL140561__state03,ERBB2__CHEMBL140561,CHEMBL140561,ERBB2,CHEMBL1134843,3,CN(C)CCCOC(=O)/C=C/C(O)=Nc1ccc2[nH]cnc(=Nc3cccc(Br)c3)c2c1,0,data/quantum/erbB_xyz/ERBB2__CHEMBL140561__state03.xyz,-78.613457169455,0.053946032509,GFN2-xTB_single_point_on_RDKit_MMFF_geometry,success
ERBB2__CHEMBL141238__state00,ERBB2__CHEMBL141238,CHEMBL141238,ERBB2,CHEMBL1136802,0,Cc1cc(C)c(NC(=O)/C(C#N)=C/c2ccc(O)c(O)c2)c(C)c1,0,data/quantum/erbB_xyz/ERBB2__CHEMBL141238__state00.xyz,-57.388244780095,0.033531661862,GFN2-xTB_single_point_on_RDKit_MMFF_geometry,success
ERBB2__CHEMBL141238__state01,ERBB2__CHEMBL141238,CHEMBL141238,ERBB2,CHEMBL1136802,1,Cc1cc(C)c(N=C(O)C(C#N)=Cc2ccc(O)c(O)c2)c(C)c1,0,data/quantum/erbB_xyz/ERBB2__CHEMBL141238__state01.xyz,-57.373580337339,0.046969689087,GFN2-xTB_single_point_on_RDKit_MMFF_geometry,success
ERBB2__CHEMBL141238__state02,ERBB2__CHEMBL141238,CHEMBL141238,ERBB2,CHEMBL1136802,2,Cc1cc(C)c(N=C(O)C(C#N)C=C2C=CC(=O)C(O)=C2)c(C)c1,0,data/quantum/erbB_xyz/ERBB2__CHEMBL141238__state02.xyz,-57.342077507298,0.013606953100,GFN2-xTB_single_point_on_RDKit_MMFF_geometry,success
ERBB2__CHEMBL141238__state03,ERBB2__CHEMBL141238,CHEMBL141238,ERBB2,CHEMBL1136802,3,Cc1cc(C)c(N=C(O)C(C#N)CC2=CC(=O)C(=O)C=C2)c(C)c1,0,data/quantum/erbB_xyz/ERBB2__CHEMBL141238__state03.xyz,-57.363774608296,0.038392268905,GFN2-xTB_single_point_on_RDKit_MMFF_geometry,success
ERBB2__CHEMBL153763__state00,ERBB2__CHEMBL153763,CHEMBL153763,ERBB2,CHEMBL1142663,0,CCOc1cc2ncc(C#N)c(Nc3ccc(OCc4ccccc4)c(Cl)c3)c2cc1NC(=O)/C=C/CN1C(C)CCCC1C,0,data/quantum/erbB_xyz/ERBB2__CHEMBL153763__state00.xyz,-106.003428080335,0.033477015975,GFN2-xTB_single_point_on_RDKit_MMFF_geometry,success
ERBB2__CHEMBL153763__state01,ERBB2__CHEMBL153763,CHEMBL153763,ERBB2,CHEMBL1142663,1,CCOc1cc2[nH]cc(C#N)c(=Nc3ccc(OCc4ccccc4)c(Cl)c3)c2cc1N=C(O)/C=C/CN1C(C)CCCC1C,0,data/quantum/erbB_xyz/ERBB2__CHEMBL153763__state01.xyz,-106.030343677365,0.046648755570,GFN2-xTB_single_point_on_RDKit_MMFF_geometry,success
ERBB2__CHEMBL153763__state02,ERBB2__CHEMBL153763,CHEMBL153763,ERBB2,CHEMBL1142663,2,CCOc1cc2[nH]cc(C#N)c(=Nc3ccc(OCc4ccccc4)c(Cl)c3)c2cc1NC(=O)/C=C/CN1C(C)CCCC1C,0,data/quantum/erbB_xyz/ERBB2__CHEMBL153763__state02.xyz,-106.038293392179,0.046096082260,GFN2-xTB_single_point_on_RDKit_MMFF_geometry,success
ERBB2__CHEMBL153763__state03,ERBB2__CHEMBL153763,CHEMBL153763,ERBB2,CHEMBL1142663,3,CCOc1cc2ncc(C#N)c(Nc3ccc(OCc4ccccc4)c(Cl)c3)c2cc1N=C(O)/C=C/CN1C(C)CCCC1C,0,data/quantum/erbB_xyz/ERBB2__CHEMBL153763__state03.xyz,-106.025193708459,0.009135345368,GFN2-xTB_single_point_on_RDKit_MMFF_geometry,success
ERBB2__CHEMBL1630107__state00,ERBB2__CHEMBL1630107,CHEMBL1630107,ERBB2,CHEMBL1629443,0,O=C(/C=C/c1ccc(-c2ccc3ncnc(Nc4ccc(OCc5cccc(F)c5)c(Cl)c4)c3c2)o1)NO,0,data/quantum/erbB_xyz/ERBB2__CHEMBL1630107__state00.xyz,-95.661136274283,0.044806583523,GFN2-xTB_single_point_on_RDKit_MMFF_geometry,success
ERBB2__CHEMBL1630107__state01,ERBB2__CHEMBL1630107,CHEMBL1630107,ERBB2,CHEMBL1629443,1,O=C(/C=C/c1ccc(-c2ccc3[nH]cnc(=Nc4ccc(OCc5cccc(F)c5)c(Cl)c4)c3c2)o1)NO,0,data/quantum/erbB_xyz/ERBB2__CHEMBL1630107__state01.xyz,-95.655216357878,0.028734233068,GFN2-xTB_single_point_on_RDKit_MMFF_geometry,success
ERBB2__CHEMBL1630107__state02,ERBB2__CHEMBL1630107,CHEMBL1630107,ERBB2,CHEMBL1629443,2,O=C(/C=C/c1ccc(-c2ccc3nc[nH]c(=Nc4ccc(OCc5cccc(F)c5)c(Cl)c4)c3c2)o1)NO,0,data/quantum/erbB_xyz/ERBB2__CHEMBL1630107__state02.xyz,-95.681411172205,0.013088578163,GFN2-xTB_single_point_on_RDKit_MMFF_geometry,success
ERBB2__CHEMBL1630107__state03,ERBB2__CHEMBL1630107,CHEMBL1630107,ERBB2,CHEMBL1629443,3,O=NC(O)/C=C/c1ccc(-c2ccc3[nH]cnc(=Nc4ccc(OCc5cccc(F)c5)c(Cl)c4)c3c2)o1,0,data/quantum/erbB_xyz/ERBB2__CHEMBL1630107__state03.xyz,-95.645314088952,0.017243773267,GFN2-xTB_single_point_on_RDKit_MMFF_geometry,success
ERBB2__CHEMBL1630108__state00,ERBB2__CHEMBL1630108,CHEMBL1630108,ERBB2,CHEMBL1629443,0,O=C(/C=C/c1ccc(-c2ccc3ncnc(Nc4ccc(OCc5cccc(F)c5)c(Cl)c4)c3c2)s1)NO,0,data/quantum/erbB_xyz/ERBB2__CHEMBL1630108__state00.xyz,-94.849732201664,0.048070733571,GFN2-xTB_single_point_on_RDKit_MMFF_geometry,success
ERBB2__CHEMBL1630108__state01,ERBB2__CHEMBL1630108,CHEMBL1630108,ERBB2,CHEMBL1629443,1,O=C(/C=C/c1ccc(-c2ccc3[nH]cnc(=Nc4ccc(OCc5cccc(F)c5)c(Cl)c4)c3c2)s1)NO,0,data/quantum/erbB_xyz/ERBB2__CHEMBL1630108__state01.xyz,-94.853918639147,0.057462129064,GFN2-xTB_single_point_on_RDKit_MMFF_geometry,success
ERBB2__CHEMBL1630108__state02,ERBB2__CHEMBL1630108,CHEMBL1630108,ERBB2,CHEMBL1629443,2,O=C(/C=C/c1ccc(-c2ccc3nc[nH]c(=Nc4ccc(OCc5cccc(F)c5)c(Cl)c4)c3c2)s1)NO,0,data/quantum/erbB_xyz/ERBB2__CHEMBL1630108__state02.xyz,-94.858274110849,0.024572989146,GFN2-xTB_single_point_on_RDKit_MMFF_geometry,success
ERBB2__CHEMBL1630108__state03,ERBB2__CHEMBL1630108,CHEMBL1630108,ERBB2,CHEMBL1629443,3,O=NC(O)/C=C/c1ccc(-c2ccc3[nH]cnc(=Nc4ccc(OCc5cccc(F)c5)c(Cl)c4)c3c2)s1,0,data/quantum/erbB_xyz/ERBB2__CHEMBL1630108__state03.xyz,-94.834124062685,0.003689163846,GFN2-xTB_single_point_on_RDKit_MMFF_geometry,success
ERBB2__CHEMBL1630109__state00,ERBB2__CHEMBL1630109,CHEMBL1630109,ERBB2,CHEMBL1629443,0,O=C(/C=C/c1cccc(-c2ccc3ncnc(Nc4ccc(OCc5cccc(F)c5)c(Cl)c4)c3c2)c1)NO,0,data/quantum/erbB_xyz/ERBB2__CHEMBL1630109__state00.xyz,-95.782977909094,0.041814800024,GFN2-xTB_single_point_on_RDKit_MMFF_geometry,success
ERBB2__CHEMBL1630109__state01,ERBB2__CHEMBL1630109,CHEMBL1630109,ERBB2,CHEMBL1629443,1,O=C(/C=C/c1cccc(-c2ccc3[nH]cnc(=Nc4ccc(OCc5cccc(F)c5)c(Cl)c4)c3c2)c1)NO,0,data/quantum/erbB_xyz/ERBB2__CHEMBL1630109__state01.xyz,-95.785884961557,0.081234094955,GFN2-xTB_single_point_on_RDKit_MMFF_geometry,success
ERBB2__CHEMBL1630109__state02,ERBB2__CHEMBL1630109,CHEMBL1630109,ERBB2,CHEMBL1629443,2,O=C(/C=C/c1cccc(-c2ccc3nc[nH]c(=Nc4ccc(OCc5cccc(F)c5)c(Cl)c4)c3c2)c1)NO,0,data/quantum/erbB_xyz/ERBB2__CHEMBL1630109__state02.xyz,-95.786518021306,0.068180548884,GFN2-xTB_single_point_on_RDKit_MMFF_geometry,success
ERBB2__CHEMBL1630109__state03,ERBB2__CHEMBL1630109,CHEMBL1630109,ERBB2,CHEMBL1629443,3,O=NC(O)/C=C/c1cccc(-c2ccc3[nH]cnc(=Nc4ccc(OCc5cccc(F)c5)c(Cl)c4)c3c2)c1,0,data/quantum/erbB_xyz/ERBB2__CHEMBL1630109__state03.xyz,-95.743550436082,0.019058742224,GFN2-xTB_single_point_on_RDKit_MMFF_geometry,success
ERBB2__CHEMBL1630110__state00,ERBB2__CHEMBL1630110,CHEMBL1630110,ERBB2,CHEMBL1629443,0,O=C(/C=C/c1ccc(-c2ccc3ncnc(Nc4ccc(OCc5cccc(F)c5)c(Cl)c4)c3c2)cc1)NO,0,data/quantum/erbB_xyz/ERBB2__CHEMBL1630110__state00.xyz,-95.737822876813,0.024580654935,GFN2-xTB_single_point_on_RDKit_MMFF_geometry,success
ERBB2__CHEMBL1630110__state01,ERBB2__CHEMBL1630110,CHEMBL1630110,ERBB2,CHEMBL1629443,1,O=C(/C=C/c1ccc(-c2ccc3[nH]cnc(=Nc4ccc(OCc5cccc(F)c5)c(Cl)c4)c3c2)cc1)NO,0,data/quantum/erbB_xyz/ERBB2__CHEMBL1630110__state01.xyz,-95.734057695341,0.016953853923,GFN2-xTB_single_point_on_RDKit_MMFF_geometry,success
ERBB2__CHEMBL1630110__state02,ERBB2__CHEMBL1630110,CHEMBL1630110,ERBB2,CHEMBL1629443,2,O=C(/C=C/c1ccc(-c2ccc3nc[nH]c(=Nc4ccc(OCc5cccc(F)c5)c(Cl)c4)c3c2)cc1)NO,0,data/quantum/erbB_xyz/ERBB2__CHEMBL1630110__state02.xyz,-95.755356963464,0.030981840854,GFN2-xTB_single_point_on_RDKit_MMFF_geometry,success
ERBB2__CHEMBL1630110__state03,ERBB2__CHEMBL1630110,CHEMBL1630110,ERBB2,CHEMBL1629443,3,O=NC(O)/C=C/c1ccc(-c2ccc3[nH]cnc(=Nc4ccc(OCc5cccc(F)c5)c(Cl)c4)c3c2)cc1,0,data/quantum/erbB_xyz/ERBB2__CHEMBL1630110__state03.xyz,-95.701219121430,0.013492491738,GFN2-xTB_single_point_on_RDKit_MMFF_geometry,success
ERBB2__CHEMBL1630113__state00,ERBB2__CHEMBL1630113,CHEMBL1630113,ERBB2,CHEMBL1629443,0,Nc1ccccc1NC(=O)/C=C/c1ccc(-c2ccc3ncnc(Nc4ccc(OCc5cccc(F)c5)c(Cl)c4)c3c2)o1,0,data/quantum/erbB_xyz/ERBB2__CHEMBL1630113__state00.xyz,-107.073037605789,0.008764726043,GFN2-xTB_single_point_on_RDKit_MMFF_geometry,success
ERBB2__CHEMBL1630113__state01,ERBB2__CHEMBL1630113,CHEMBL1630113,ERBB2,CHEMBL1629443,1,Nc1ccccc1N=C(O)/C=C/c1ccc(-c2ccc3[nH]cnc(=Nc4ccc(OCc5cccc(F)c5)c(Cl)c4)c3c2)o1,0,data/quantum/erbB_xyz/ERBB2__CHEMBL1630113__state01.xyz,-107.058408612308,0.024867289846,GFN2-xTB_single_point_on_RDKit_MMFF_geometry,success
ERBB2__CHEMBL1630113__state02,ERBB2__CHEMBL1630113,CHEMBL1630113,ERBB2,CHEMBL1629443,2,Nc1ccccc1N=C(O)/C=C/c1ccc(-c2ccc3nc[nH]c(=Nc4ccc(OCc5cccc(F)c5)c(Cl)c4)c3c2)o1,0,data/quantum/erbB_xyz/ERBB2__CHEMBL1630113__state02.xyz,-107.030904049169,0.030311908837,GFN2-xTB_single_point_on_RDKit_MMFF_geometry,success
ERBB2__CHEMBL1630113__state03,ERBB2__CHEMBL1630113,CHEMBL1630113,ERBB2,CHEMBL1629443,3,Nc1ccccc1N=C(O)/C=C/c1ccc(-c2ccc3ncnc(Nc4ccc(OCc5cccc(F)c5)c(Cl)c4)c3c2)o1,0,data/quantum/erbB_xyz/ERBB2__CHEMBL1630113__state03.xyz,-107.011557317890,0.032236463719,GFN2-xTB_single_point_on_RDKit_MMFF_geometry,success
ERBB2__CHEMBL1630114__state00,ERBB2__CHEMBL1630114,CHEMBL1630114,ERBB2,CHEMBL1629443,0,Nc1ccccc1NC(=O)/C=C/c1cccc(-c2ccc3ncnc(Nc4ccc(OCc5cccc(F)c5)c(Cl)c4)c3c2)c1,0,data/quantum/erbB_xyz/ERBB2__CHEMBL1630114__state00.xyz,-107.191149811416,0.007544961262,GFN2-xTB_single_point_on_RDKit_MMFF_geometry,success
ERBB2__CHEMBL1630114__state01,ERBB2__CHEMBL1630114,CHEMBL1630114,ERBB2,CHEMBL1629443,1,Nc1ccccc1N=C(O)/C=C/c1cccc(-c2ccc3[nH]cnc(=Nc4ccc(OCc5cccc(F)c5)c(Cl)c4)c3c2)c1,0,data/quantum/erbB_xyz/ERBB2__CHEMBL1630114__state01.xyz,-107.172037168837,0.029600709058,GFN2-xTB_single_point_on_RDKit_MMFF_geometry,success
ERBB2__CHEMBL1630114__state02,ERBB2__CHEMBL1630114,CHEMBL1630114,ERBB2,CHEMBL1629443,2,Nc1ccccc1N=C(O)/C=C/c1cccc(-c2ccc3nc[nH]c(=Nc4ccc(OCc5cccc(F)c5)c(Cl)c4)c3c2)c1,0,data/quantum/erbB_xyz/ERBB2__CHEMBL1630114__state02.xyz,-107.138852583596,0.016226334630,GFN2-xTB_single_point_on_RDKit_MMFF_geometry,success
ERBB2__CHEMBL1630114__state03,ERBB2__CHEMBL1630114,CHEMBL1630114,ERBB2,CHEMBL1629443,3,Nc1ccccc1N=C(O)/C=C/c1cccc(-c2ccc3ncnc(Nc4ccc(OCc5cccc(F)c5)c(Cl)c4)c3c2)c1,0,data/quantum/erbB_xyz/ERBB2__CHEMBL1630114__state03.xyz,-107.155576994211,0.029897896680,GFN2-xTB_single_point_on_RDKit_MMFF_geometry,success
ERBB2__CHEMBL1630115__state00,ERBB2__CHEMBL1630115,CHEMBL1630115,ERBB2,CHEMBL1629443,0,Nc1ccccc1NC(=O)/C=C/c1ccc(-c2ccc3ncnc(Nc4ccc(OCc5cccc(F)c5)c(Cl)c4)c3c2)cc1,0,data/quantum/erbB_xyz/ERBB2__CHEMBL1630115__state00.xyz,-107.110017601310,0.010138769108,GFN2-xTB_single_point_on_RDKit_MMFF_geometry,success
ERBB2__CHEMBL1630115__state01,ERBB2__CHEMBL1630115,CHEMBL1630115,ERBB2,CHEMBL1629443,1,Nc1ccccc1N=C(O)/C=C/c1ccc(-c2ccc3[nH]cnc(=Nc4ccc(OCc5cccc(F)c5)c(Cl)c4)c3c2)cc1,0,data/quantum/erbB_xyz/ERBB2__CHEMBL1630115__state01.xyz,-107.119201694505,0.004661919546,GFN2-xTB_single_point_on_RDKit_MMFF_geometry,success
ERBB2__CHEMBL1630115__state02,ERBB2__CHEMBL1630115,CHEMBL1630115,ERBB2,CHEMBL1629443,2,Nc1ccccc1N=C(O)/C=C/c1ccc(-c2ccc3nc[nH]c(=Nc4ccc(OCc5cccc(F)c5)c(Cl)c4)c3c2)cc1,0,data/quantum/erbB_xyz/ERBB2__CHEMBL1630115__state02.xyz,-107.112432566240,0.007092355847,GFN2-xTB_single_point_on_RDKit_MMFF_geometry,success
ERBB2__CHEMBL1630115__state03,ERBB2__CHEMBL1630115,CHEMBL1630115,ERBB2,CHEMBL1629443,3,Nc1ccccc1N=C(O)/C=C/c1ccc(-c2ccc3ncnc(Nc4ccc(OCc5cccc(F)c5)c(Cl)c4)c3c2)cc1,0,data/quantum/erbB_xyz/ERBB2__CHEMBL1630115__state03.xyz,-107.107653201294,0.009170439665,GFN2-xTB_single_point_on_RDKit_MMFF_geometry,success
ERBB2__CHEMBL1683963__state00,ERBB2__CHEMBL1683963,CHEMBL1683963,ERBB2,CHEMBL1681756,0,C/C(=C\c1c(C)ncnc1Nc1ccc(OCc2cccc(F)c2)c(Cl)c1)C(=O)NCCN1CCOCC1,0,data/quantum/erbB_xyz/ERBB2__CHEMBL1683963__state00.xyz,-94.030680935326,0.058327380690,GFN2-xTB_single_point_on_RDKit_MMFF_geometry,success
ERBB2__CHEMBL1683963__state01,ERBB2__CHEMBL1683963,CHEMBL1683963,ERBB2,CHEMBL1681756,1,C/C(=C\c1c(C)nc[nH]c1=Nc1ccc(OCc2cccc(F)c2)c(Cl)c1)C(=O)NCCN1CCOCC1,0,data/quantum/erbB_xyz/ERBB2__CHEMBL1683963__state01.xyz,-94.076800472961,0.080573475160,GFN2-xTB_single_point_on_RDKit_MMFF_geometry,success
ERBB2__CHEMBL1683963__state02,ERBB2__CHEMBL1683963,CHEMBL1683963,ERBB2,CHEMBL1681756,2,C/C(=C\c1c(C)ncnc1Nc1ccc(OCc2cccc(F)c2)c(Cl)c1)C(O)=NCCN1CCOCC1,0,data/quantum/erbB_xyz/ERBB2__CHEMBL1683963__state02.xyz,-94.038279407195,0.068241450583,GFN2-xTB_single_point_on_RDKit_MMFF_geometry,success
ERBB2__CHEMBL1683963__state03,ERBB2__CHEMBL1683963,CHEMBL1683963,ERBB2,CHEMBL1681756,3,C=C1NC=NC(=Nc2ccc(OCc3cccc(F)c3)c(Cl)c2)C1C=C(C)C(=O)NCCN1CCOCC1,0,data/quantum/erbB_xyz/ERBB2__CHEMBL1683963__state03.xyz,-94.050357220712,0.041543969975,GFN2-xTB_single_point_on_RDKit_MMFF_geometry,success
ERBB2__CHEMBL1683965__state00,ERBB2__CHEMBL1683965,CHEMBL1683965,ERBB2,CHEMBL1681756,0,Cc1ncnc(Nc2ccc(OCc3cccc(F)c3)c(Cl)c2)c1/C=C(\F)C(=O)NCCN1CCOCC1,0,data/quantum/erbB_xyz/ERBB2__CHEMBL1683965__state00.xyz,-96.820795061810,0.014984641868,GFN2-xTB_single_point_on_RDKit_MMFF_geometry,success
ERBB2__CHEMBL1683965__state01,ERBB2__CHEMBL1683965,CHEMBL1683965,ERBB2,CHEMBL1681756,1,C=C1N=CNC(Nc2ccc(OCc3cccc(F)c3)c(Cl)c2)=C1C=C(F)C(=O)NCCN1CCOCC1,0,data/quantum/erbB_xyz/ERBB2__CHEMBL1683965__state01.xyz,-96.861684516273,0.001458144761,GFN2-xTB_single_point_on_RDKit_MMFF_geometry,success
ERBB2__CHEMBL1683965__state02,ERBB2__CHEMBL1683965,CHEMBL1683965,ERBB2,CHEMBL1681756,2,C=C1NC=NC(=Nc2ccc(OCc3cccc(F)c3)c(Cl)c2)C1C=C(F)C(=O)NCCN1CCOCC1,0,data/quantum/erbB_xyz/ERBB2__CHEMBL1683965__state02.xyz,-96.822852207820,0.003617809309,GFN2-xTB_single_point_on_RDKit_MMFF_geometry,success
ERBB2__CHEMBL1683965__state03,ERBB2__CHEMBL1683965,CHEMBL1683965,ERBB2,CHEMBL1681756,3,C=C1NC=NC(Nc2ccc(OCc3cccc(F)c3)c(Cl)c2)=C1C=C(F)C(=O)NCCN1CCOCC1,0,data/quantum/erbB_xyz/ERBB2__CHEMBL1683965__state03.xyz,-96.847540124219,0.005054129412,GFN2-xTB_single_point_on_RDKit_MMFF_geometry,success
ERBB2__CHEMBL1683966__state00,ERBB2__CHEMBL1683966,CHEMBL1683966,ERBB2,CHEMBL1681756,0,Cc1ncnc(Nc2ccc(OCc3cccc(F)c3)c(Cl)c2)c1/C=C/C(=O)NCCN1CCOCC1,0,data/quantum/erbB_xyz/ERBB2__CHEMBL1683966__state00.xyz,-92.046523033152,0.077188876306,GFN2-xTB_single_point_on_RDKit_MMFF_geometry,success
ERBB2__CHEMBL1683966__state01,ERBB2__CHEMBL1683966,CHEMBL1683966,ERBB2,CHEMBL1681756,1,C=C1N=CNC(Nc2ccc(OCc3cccc(F)c3)c(Cl)c2)=C1C=CC(=O)NCCN1CCOCC1,0,data/quantum/erbB_xyz/ERBB2__CHEMBL1683966__state01.xyz,-92.095049928872,0.043640278385,GFN2-xTB_single_point_on_RDKit_MMFF_geometry,success
ERBB2__CHEMBL1683966__state02,ERBB2__CHEMBL1683966,CHEMBL1683966,ERBB2,CHEMBL1681756,2,C=C1NC=NC(=Nc2ccc(OCc3cccc(F)c3)c(Cl)c2)C1C=CC(=O)NCCN1CCOCC1,0,data/quantum/erbB_xyz/ERBB2__CHEMBL1683966__state02.xyz,-92.081684565595,0.052535384982,GFN2-xTB_single_point_on_RDKit_MMFF_geometry,success
ERBB2__CHEMBL1683966__state03,ERBB2__CHEMBL1683966,CHEMBL1683966,ERBB2,CHEMBL1681756,3,C=C1NC=NC(Nc2ccc(OCc3cccc(F)c3)c(Cl)c2)=C1C=CC(=O)NCCN1CCOCC1,0,data/quantum/erbB_xyz/ERBB2__CHEMBL1683966__state03.xyz,-92.053629955598,0.094904489018,GFN2-xTB_single_point_on_RDKit_MMFF_geometry,success
ERBB2__CHEMBL1683967__state00,ERBB2__CHEMBL1683967,CHEMBL1683967,ERBB2,CHEMBL1681756,0,Cc1ncnc(Nc2ccc(OCc3cccc(F)c3)c(Cl)c2)c1/C=C(\F)C(=O)NCCN1CCCC1,0,data/quantum/erbB_xyz/ERBB2__CHEMBL1683967__state00.xyz,-92.756658346270,0.005789245308,GFN2-xTB_single_point_on_RDKit_MMFF_geometry,success
ERBB2__CHEMBL1683967__state01,ERBB2__CHEMBL1683967,CHEMBL1683967,ERBB2,CHEMBL1681756,1,C=C1N=CNC(Nc2ccc(OCc3cccc(F)c3)c(Cl)c2)=C1C=C(F)C(=O)NCCN1CCCC1,0,data/quantum/erbB_xyz/ERBB2__CHEMBL1683967__state01.xyz,-92.757368263394,0.039873742462,GFN2-xTB_single_point_on_RDKit_MMFF_geometry,success
ERBB2__CHEMBL1683967__state02,ERBB2__CHEMBL1683967,CHEMBL1683967,ERBB2,CHEMBL1681756,2,C=C1NC=NC(=Nc2ccc(OCc3cccc(F)c3)c(Cl)c2)C1C=C(F)C(=O)NCCN1CCCC1,0,data/quantum/erbB_xyz/ERBB2__CHEMBL1683967__state02.xyz,-92.805431149244,0.009623155113,GFN2-xTB_single_point_on_RDKit_MMFF_geometry,success
ERBB2__CHEMBL1683967__state03,ERBB2__CHEMBL1683967,CHEMBL1683967,ERBB2,CHEMBL1681756,3,C=C1NC=NC(Nc2ccc(OCc3cccc(F)c3)c(Cl)c2)=C1C=C(F)C(=O)NCCN1CCCC1,0,data/quantum/erbB_xyz/ERBB2__CHEMBL1683967__state03.xyz,-92.794700839252,0.022677459068,GFN2-xTB_single_point_on_RDKit_MMFF_geometry,success
ERBB2__CHEMBL1683968__state00,ERBB2__CHEMBL1683968,CHEMBL1683968,ERBB2,CHEMBL1681756,0,Cc1ncnc(Nc2ccc(OCc3cccc(F)c3)c(Cl)c2)c1/C=C(\F)C(=O)NCCS(C)(=O)=O,0,data/quantum/erbB_xyz/ERBB2__CHEMBL1683968__state00.xyz,-94.962803751487,0.093122345298,GFN2-xTB_single_point_on_RDKit_MMFF_geometry,success
ERBB2__CHEMBL1683968__state01,ERBB2__CHEMBL1683968,CHEMBL1683968,ERBB2,CHEMBL1681756,1,C=C1N=CNC(Nc2ccc(OCc3cccc(F)c3)c(Cl)c2)=C1C=C(F)C(=O)NCCS(C)(=O)=O,0,data/quantum/erbB_xyz/ERBB2__CHEMBL1683968__state01.xyz,-94.964124979077,0.087187727532,GFN2-xTB_single_point_on_RDKit_MMFF_geometry,success
ERBB2__CHEMBL1683968__state02,ERBB2__CHEMBL1683968,CHEMBL1683968,ERBB2,CHEMBL1681756,2,C=C1NC=NC(=Nc2ccc(OCc3cccc(F)c3)c(Cl)c2)C1C=C(F)C(=O)NCCS(C)(=O)=O,0,data/quantum/erbB_xyz/ERBB2__CHEMBL1683968__state02.xyz,-94.933876129635,0.054321334827,GFN2-xTB_single_point_on_RDKit_MMFF_geometry,success
ERBB2__CHEMBL1683968__state03,ERBB2__CHEMBL1683968,CHEMBL1683968,ERBB2,CHEMBL1681756,3,C=C1NC=NC(Nc2ccc(OCc3cccc(F)c3)c(Cl)c2)=C1C=C(F)C(=O)NCCS(C)(=O)=O,0,data/quantum/erbB_xyz/ERBB2__CHEMBL1683968__state03.xyz,-94.999988689179,0.053678534163,GFN2-xTB_single_point_on_RDKit_MMFF_geometry,success
ERBB2__CHEMBL1683969__state00,ERBB2__CHEMBL1683969,CHEMBL1683969,ERBB2,CHEMBL1681756,0,CCN1CCN(C(=O)/C(F)=C/c2c(C)ncnc2Nc2ccc(OCc3cccc(F)c3)c(Cl)c2)CC1,0,data/quantum/erbB_xyz/ERBB2__CHEMBL1683969__state00.xyz,-92.770716414145,0.009258137697,GFN2-xTB_single_point_on_RDKit_MMFF_geometry,success
ERBB2__CHEMBL1683969__state01,ERBB2__CHEMBL1683969,CHEMBL1683969,ERBB2,CHEMBL1681756,1,C=C1N=CNC(Nc2ccc(OCc3cccc(F)c3)c(Cl)c2)=C1C=C(F)C(=O)N1CCN(CC)CC1,0,data/quantum/erbB_xyz/ERBB2__CHEMBL1683969__state01.xyz,-92.782549673621,0.022712080121,GFN2-xTB_single_point_on_RDKit_MMFF_geometry,success
ERBB2__CHEMBL1683969__state02,ERBB2__CHEMBL1683969,CHEMBL1683969,ERBB2,CHEMBL1681756,2,C=C1NC=NC(=Nc2ccc(OCc3cccc(F)c3)c(Cl)c2)C1C=C(F)C(=O)N1CCN(CC)CC1,0,data/quantum/erbB_xyz/ERBB2__CHEMBL1683969__state02.xyz,-92.736181804902,0.001810251468,GFN2-xTB_single_point_on_RDKit_MMFF_geometry,success
ERBB2__CHEMBL1683969__state03,ERBB2__CHEMBL1683969,CHEMBL1683969,ERBB2,CHEMBL1681756,3,C=C1NC=NC(Nc2ccc(OCc3cccc(F)c3)c(Cl)c2)=C1C=C(F)C(=O)N1CCN(CC)CC1,0,data/quantum/erbB_xyz/ERBB2__CHEMBL1683969__state03.xyz,-92.773993755462,0.002971698185,GFN2-xTB_single_point_on_RDKit_MMFF_geometry,success
ERBB2__CHEMBL175492__state00,ERBB2__CHEMBL175492,CHEMBL175492,ERBB2,CHEMBL1142663,0,C=C(CN(C)C)C(=O)Nc1cc2c(Nc3ccc(OCc4ccccc4)c(Cl)c3)c(C#N)cnc2cc1OCC,0,data/quantum/erbB_xyz/ERBB2__CHEMBL175492__state00.xyz,-95.673688944510,0.031802124281,GFN2-xTB_single_point_on_RDKit_MMFF_geometry,success
ERBB2__CHEMBL175492__state01,ERBB2__CHEMBL175492,CHEMBL175492,ERBB2,CHEMBL1142663,1,C=C(CN(C)C)C(=O)Nc1cc2c(=Nc3ccc(OCc4ccccc4)c(Cl)c3)c(C#N)c[nH]c2cc1OCC,0,data/quantum/erbB_xyz/ERBB2__CHEMBL175492__state01.xyz,-95.665418813023,0.020011659630,GFN2-xTB_single_point_on_RDKit_MMFF_geometry,success
ERBB2__CHEMBL175492__state02,ERBB2__CHEMBL175492,CHEMBL175492,ERBB2,CHEMBL1142663,2,C=C(CN(C)C)C(O)=Nc1cc2c(=Nc3ccc(OCc4ccccc4)c(Cl)c3)c(C#N)c[nH]c2cc1OCC,0,data/quantum/erbB_xyz/ERBB2__CHEMBL175492__state02.xyz,-95.647370116721,0.022831105729,GFN2-xTB_single_point_on_RDKit_MMFF_geometry,success
ERBB2__CHEMBL175492__state03,ERBB2__CHEMBL175492,CHEMBL175492,ERBB2,CHEMBL1142663,3,C=C(CN(C)C)C(O)=Nc1cc2c(Nc3ccc(OCc4ccccc4)c(Cl)c3)c(C#N)cnc2cc1OCC,0,data/quantum/erbB_xyz/ERBB2__CHEMBL175492__state03.xyz,-95.648484127171,0.030244185192,GFN2-xTB_single_point_on_RDKit_MMFF_geometry,success
ERBB2__CHEMBL175513__state00,ERBB2__CHEMBL175513,CHEMBL175513,ERBB2,CHEMBL1142663,0,CCOc1cc2ncc(C#N)c(Nc3ccc(OCc4nc5ccccc5s4)c(Cl)c3)c2cc1NC(=O)/C=C/CN(C)C,0,data/quantum/erbB_xyz/ERBB2__CHEMBL175513__state00.xyz,-104.093833798513,0.030002293597,GFN2-xTB_single_point_on_RDKit_MMFF_geometry,success
ERBB2__CHEMBL175513__state01,ERBB2__CHEMBL175513,CHEMBL175513,ERBB2,CHEMBL1142663,1,CCOc1cc2[nH]cc(C#N)c(=Nc3ccc(OCc4nc5ccccc5s4)c(Cl)c3)c2cc1N=C(O)/C=C/CN(C)C,0,data/quantum/erbB_xyz/ERBB2__CHEMBL175513__state01.xyz,-104.078355482725,0.060735320081,GFN2-xTB_single_point_on_RDKit_MMFF_geometry,success
ERBB2__CHEMBL175513__state02,ERBB2__CHEMBL175513,CHEMBL175513,ERBB2,CHEMBL1142663,2,CCOc1cc2[nH]cc(C#N)c(=Nc3ccc(OCc4nc5ccccc5s4)c(Cl)c3)c2cc1NC(=O)/C=C/CN(C)C,0,data/quantum/erbB_xyz/ERBB2__CHEMBL175513__state02.xyz,-104.129814114955,0.040067996359,GFN2-xTB_single_point_on_RDKit_MMFF_geometry,success
ERBB2__CHEMBL175513__state03,ERBB2__CHEMBL175513,CHEMBL175513,ERBB2,CHEMBL1142663,3,CCOc1cc2ncc(C#N)c(Nc3ccc(OCc4nc5ccccc5s4)c(Cl)c3)c2cc1N=C(O)/C=C/CN(C)C,0,data/quantum/erbB_xyz/ERBB2__CHEMBL175513__state03.xyz,-104.097721393334,0.013525868765,GFN2-xTB_single_point_on_RDKit_MMFF_geometry,success
ERBB2__CHEMBL175556__state00,ERBB2__CHEMBL175556,CHEMBL175556,ERBB2,CHEMBL1142663,0,CCOc1cc2ncc(C#N)c(Nc3ccc(OCc4ccccc4)c(Cl)c3)c2cc1NC(=O)/C=C/CN1CCOCC1,0,data/quantum/erbB_xyz/ERBB2__CHEMBL175556__state00.xyz,-103.992278519034,0.056236859708,GFN2-xTB_single_point_on_RDKit_MMFF_geometry,success
ERBB2__CHEMBL175556__state01,ERBB2__CHEMBL175556,CHEMBL175556,ERBB2,CHEMBL1142663,1,CCOc1cc2[nH]cc(C#N)c(=Nc3ccc(OCc4ccccc4)c(Cl)c3)c2cc1N=C(O)/C=C/CN1CCOCC1,0,data/quantum/erbB_xyz/ERBB2__CHEMBL175556__state01.xyz,-103.945048266286,0.017636008065,GFN2-xTB_single_point_on_RDKit_MMFF_geometry,success
ERBB2__CHEMBL175556__state02,ERBB2__CHEMBL175556,CHEMBL175556,ERBB2,CHEMBL1142663,2,CCOc1cc2[nH]cc(C#N)c(=Nc3ccc(OCc4ccccc4)c(Cl)c3)c2cc1NC(=O)/C=C/CN1CCOCC1,0,data/quantum/erbB_xyz/ERBB2__CHEMBL175556__state02.xyz,-103.983707754010,0.027181385133,GFN2-xTB_single_point_on_RDKit_MMFF_geometry,success
ERBB2__CHEMBL175556__state03,ERBB2__CHEMBL175556,CHEMBL175556,ERBB2,CHEMBL1142663,3,CCOc1cc2ncc(C#N)c(Nc3ccc(OCc4ccccc4)c(Cl)c3)c2cc1N=C(O)/C=C/CN1CCOCC1,0,data/quantum/erbB_xyz/ERBB2__CHEMBL175556__state03.xyz,-103.938430763389,0.005972621711,GFN2-xTB_single_point_on_RDKit_MMFF_geometry,success
ERBB2__CHEMBL175557__state00,ERBB2__CHEMBL175557,CHEMBL175557,ERBB2,CHEMBL1142663,0,CCOc1cc2ncc(C#N)c(Nc3ccc(OCc4ccccc4)c(Cl)c3)c2cc1NC(=O)/C=C/CN1CCSCC1,0,data/quantum/erbB_xyz/ERBB2__CHEMBL175557__state00.xyz,-103.194324954901,0.020948077159,GFN2-xTB_single_point_on_RDKit_MMFF_geometry,success
ERBB2__CHEMBL175557__state01,ERBB2__CHEMBL175557,CHEMBL175557,ERBB2,CHEMBL1142663,1,CCOc1cc2[nH]cc(C#N)c(=Nc3ccc(OCc4ccccc4)c(Cl)c3)c2cc1N=C(O)/C=C/CN1CCSCC1,0,data/quantum/erbB_xyz/ERBB2__CHEMBL175557__state01.xyz,-103.165827121006,0.018455681797,GFN2-xTB_single_point_on_RDKit_MMFF_geometry,success
ERBB2__CHEMBL175557__state02,ERBB2__CHEMBL175557,CHEMBL175557,ERBB2,CHEMBL1142663,2,CCOc1cc2[nH]cc(C#N)c(=Nc3ccc(OCc4ccccc4)c(Cl)c3)c2cc1NC(=O)/C=C/CN1CCSCC1,0,data/quantum/erbB_xyz/ERBB2__CHEMBL175557__state02.xyz,-103.206518499118,0.024686567267,GFN2-xTB_single_point_on_RDKit_MMFF_geometry,success
ERBB2__CHEMBL175557__state03,ERBB2__CHEMBL175557,CHEMBL175557,ERBB2,CHEMBL1142663,3,CCOc1cc2ncc(C#N)c(Nc3ccc(OCc4ccccc4)c(Cl)c3)c2cc1N=C(O)/C=C/CN1CCSCC1,0,data/quantum/erbB_xyz/ERBB2__CHEMBL175557__state03.xyz,-103.156840548913,0.015596398724,GFN2-xTB_single_point_on_RDKit_MMFF_geometry,success
ERBB2__CHEMBL175558__state00,ERBB2__CHEMBL175558,CHEMBL175558,ERBB2,CHEMBL1142663,0,COc1cc2ncc(C#N)c(Nc3ccc(Sc4ncc(-c5ccccc5)s4)c(Cl)c3)c2cc1NC(=O)/C=C/CN(C)C,0,data/quantum/erbB_xyz/ERBB2__CHEMBL175558__state00.xyz,-103.329460569226,0.077766247732,GFN2-xTB_single_point_on_RDKit_MMFF_geometry,success
ERBB2__CHEMBL175558__state01,ERBB2__CHEMBL175558,CHEMBL175558,ERBB2,CHEMBL1142663,1,COc1cc2[nH]cc(C#N)c(=Nc3ccc(Sc4ncc(-c5ccccc5)s4)c(Cl)c3)c2cc1N=C(O)/C=C/CN(C)C,0,data/quantum/erbB_xyz/ERBB2__CHEMBL175558__state01.xyz,-103.314875361750,0.021488512077,GFN2-xTB_single_point_on_RDKit_MMFF_geometry,success
ERBB2__CHEMBL175558__state02,ERBB2__CHEMBL175558,CHEMBL175558,ERBB2,CHEMBL1142663,2,COc1cc2[nH]cc(C#N)c(=Nc3ccc(Sc4ncc(-c5ccccc5)s4)c(Cl)c3)c2cc1NC(=O)/C=C/CN(C)C,0,data/quantum/erbB_xyz/ERBB2__CHEMBL175558__state02.xyz,-103.320960075574,0.011350120446,GFN2-xTB_single_point_on_RDKit_MMFF_geometry,success
ERBB2__CHEMBL175558__state03,ERBB2__CHEMBL175558,CHEMBL175558,ERBB2,CHEMBL1142663,3,COc1cc2ncc(C#N)c(Nc3ccc(Sc4ncc(-c5ccccc5)s4)c(Cl)c3)c2cc1N=C(O)/C=C/CN(C)C,0,data/quantum/erbB_xyz/ERBB2__CHEMBL175558__state03.xyz,-103.310673733269,0.021167282486,GFN2-xTB_single_point_on_RDKit_MMFF_geometry,success
ERBB2__CHEMBL175840__state00,ERBB2__CHEMBL175840,CHEMBL175840,ERBB2,CHEMBL1142663,0,CCOc1cc2ncc(C#N)c(Nc3ccc(OCc4nccn4C)c(Cl)c3)c2cc1NC(=O)/C=C/CN(C)C,0,data/quantum/erbB_xyz/ERBB2__CHEMBL175840__state00.xyz,-97.276336266392,0.067904440382,GFN2-xTB_single_point_on_RDKit_MMFF_geometry,success
ERBB2__CHEMBL175840__state01,ERBB2__CHEMBL175840,CHEMBL175840,ERBB2,CHEMBL1142663,1,CCOc1cc2[nH]cc(C#N)c(=Nc3ccc(OCc4nccn4C)c(Cl)c3)c2cc1N=C(O)/C=C/CN(C)C,0,data/quantum/erbB_xyz/ERBB2__CHEMBL175840__state01.xyz,-97.248572293769,0.029420053919,GFN2-xTB_single_point_on_RDKit_MMFF_geometry,success
ERBB2__CHEMBL175840__state02,ERBB2__CHEMBL175840,CHEMBL175840,ERBB2,CHEMBL1142663,2,CCOc1cc2[nH]cc(C#N)c(=Nc3ccc(OCc4nccn4C)c(Cl)c3)c2cc1NC(=O)/C=C/CN(C)C,0,data/quantum/erbB_xyz/ERBB2__CHEMBL175840__state02.xyz,-97.277022809183,0.048098864500,GFN2-xTB_single_point_on_RDKit_MMFF_geometry,success
ERBB2__CHEMBL175840__state03,ERBB2__CHEMBL175840,CHEMBL175840,ERBB2,CHEMBL1142663,3,CCOc1cc2ncc(C#N)c(Nc3ccc(OCc4nccn4C)c(Cl)c3)c2cc1N=C(O)/C=C/CN(C)C,0,data/quantum/erbB_xyz/ERBB2__CHEMBL175840__state03.xyz,-97.264185955649,0.059909944734,GFN2-xTB_single_point_on_RDKit_MMFF_geometry,success
ERBB2__CHEMBL175933__state00,ERBB2__CHEMBL175933,CHEMBL175933,ERBB2,CHEMBL1142663,0,COc1cc2ncc(C#N)c(Nc3ccc(Sc4ncccn4)c(Cl)c3)c2cc1NC(=O)/C=C/CN(C)C,0,data/quantum/erbB_xyz/ERBB2__CHEMBL175933__state00.xyz,-92.553703704378,0.018324623188,GFN2-xTB_single_point_on_RDKit_MMFF_geometry,success
ERBB2__CHEMBL175933__state01,ERBB2__CHEMBL175933,CHEMBL175933,ERBB2,CHEMBL1142663,1,COc1cc2[nH]cc(C#N)c(=Nc3ccc(Sc4ncccn4)c(Cl)c3)c2cc1N=C(O)/C=C/CN(C)C,0,data/quantum/erbB_xyz/ERBB2__CHEMBL175933__state01.xyz,-92.561398170784,0.027460812708,GFN2-xTB_single_point_on_RDKit_MMFF_geometry,success
ERBB2__CHEMBL175933__state02,ERBB2__CHEMBL175933,CHEMBL175933,ERBB2,CHEMBL1142663,2,COc1cc2[nH]cc(C#N)c(=Nc3ccc(Sc4ncccn4)c(Cl)c3)c2cc1NC(=O)/C=C/CN(C)C,0,data/quantum/erbB_xyz/ERBB2__CHEMBL175933__state02.xyz,-92.588226904316,0.029408308639,GFN2-xTB_single_point_on_RDKit_MMFF_geometry,success
ERBB2__CHEMBL175933__state03,ERBB2__CHEMBL175933,CHEMBL175933,ERBB2,CHEMBL1142663,3,COc1cc2ncc(C#N)c(Nc3ccc(Sc4ncccn4)c(Cl)c3)c2cc1N=C(O)/C=C/CN(C)C,0,data/quantum/erbB_xyz/ERBB2__CHEMBL175933__state03.xyz,-92.570234801222,0.041293393509,GFN2-xTB_single_point_on_RDKit_MMFF_geometry,success
ERBB2__CHEMBL176199__state00,ERBB2__CHEMBL176199,CHEMBL176199,ERBB2,CHEMBL1142663,0,CCOc1cc2ncc(C#N)c(Nc3ccc(OCc4ccco4)c(Cl)c3)c2cc1NC(=O)/C=C/CN(C)C,0,data/quantum/erbB_xyz/ERBB2__CHEMBL176199__state00.xyz,-95.587388691907,0.052490663304,GFN2-xTB_single_point_on_RDKit_MMFF_geometry,success
ERBB2__CHEMBL176199__state01,ERBB2__CHEMBL176199,CHEMBL176199,ERBB2,CHEMBL1142663,1,CCOc1cc2[nH]cc(C#N)c(=Nc3ccc(OCc4ccco4)c(Cl)c3)c2cc1N=C(O)/C=C/CN(C)C,0,data/quantum/erbB_xyz/ERBB2__CHEMBL176199__state01.xyz,-95.573261644489,0.021306000856,GFN2-xTB_single_point_on_RDKit_MMFF_geometry,success
ERBB2__CHEMBL176199__state02,ERBB2__CHEMBL176199,CHEMBL176199,ERBB2,CHEMBL1142663,2,CCOc1cc2[nH]cc(C#N)c(=Nc3ccc(OCc4ccco4)c(Cl)c3)c2cc1NC(=O)/C=C/CN(C)C,0,data/quantum/erbB_xyz/ERBB2__CHEMBL176199__state02.xyz,-95.578866909938,0.039266595002,GFN2-xTB_single_point_on_RDKit_MMFF_geometry,success
ERBB2__CHEMBL176199__state03,ERBB2__CHEMBL176199,CHEMBL176199,ERBB2,CHEMBL1142663,3,CCOc1cc2ncc(C#N)c(Nc3ccc(OCc4ccco4)c(Cl)c3)c2cc1N=C(O)/C=C/CN(C)C,0,data/quantum/erbB_xyz/ERBB2__CHEMBL176199__state03.xyz,-95.510897613300,0.007397228755,GFN2-xTB_single_point_on_RDKit_MMFF_geometry,success
ERBB2__CHEMBL178144__state00,ERBB2__CHEMBL178144,CHEMBL178144,ERBB2,CHEMBL1142663,0,CCOc1cc2ncc(C#N)c(Nc3ccc(OCc4ccccc4)c(Cl)c3)c2cc1NC(=O)/C=C/CN(C)CCOC,0,data/quantum/erbB_xyz/ERBB2__CHEMBL178144__state00.xyz,-103.844335382785,0.064953012651,GFN2-xTB_single_point_on_RDKit_MMFF_geometry,success
ERBB2__CHEMBL178144__state01,ERBB2__CHEMBL178144,CHEMBL178144,ERBB2,CHEMBL1142663,1,CCOc1cc2[nH]cc(C#N)c(=Nc3ccc(OCc4ccccc4)c(Cl)c3)c2cc1N=C(O)/C=C/CN(C)CCOC,0,data/quantum/erbB_xyz/ERBB2__CHEMBL178144__state01.xyz,-103.831565736494,0.008905118206,GFN2-xTB_single_point_on_RDKit_MMFF_geometry,success
ERBB2__CHEMBL178144__state02,ERBB2__CHEMBL178144,CHEMBL178144,ERBB2,CHEMBL1142663,2,CCOc1cc2[nH]cc(C#N)c(=Nc3ccc(OCc4ccccc4)c(Cl)c3)c2cc1NC(=O)/C=C/CN(C)CCOC,0,data/quantum/erbB_xyz/ERBB2__CHEMBL178144__state02.xyz,-103.838167805003,0.026063992019,GFN2-xTB_single_point_on_RDKit_MMFF_geometry,success
ERBB2__CHEMBL178144__state03,ERBB2__CHEMBL178144,CHEMBL178144,ERBB2,CHEMBL1142663,3,CCOc1cc2ncc(C#N)c(Nc3ccc(OCc4ccccc4)c(Cl)c3)c2cc1N=C(O)/C=C/CN(C)CCOC,0,data/quantum/erbB_xyz/ERBB2__CHEMBL178144__state03.xyz,-103.828234523583,0.019121956346,GFN2-xTB_single_point_on_RDKit_MMFF_geometry,success
ERBB2__CHEMBL178199__state00,ERBB2__CHEMBL178199,CHEMBL178199,ERBB2,CHEMBL1142663,0,CCOc1cc2ncc(C#N)c(Nc3ccc(OCCc4ccccc4)c(Cl)c3)c2cc1NC(=O)/C=C/CN(C)C,0,data/quantum/erbB_xyz/ERBB2__CHEMBL178199__state00.xyz,-97.774049170513,0.032523677008,GFN2-xTB_single_point_on_RDKit_MMFF_geometry,success
ERBB2__CHEMBL178199__state01,ERBB2__CHEMBL178199,CHEMBL178199,ERBB2,CHEMBL1142663,1,CCOc1cc2[nH]cc(C#N)c(=Nc3ccc(OCCc4ccccc4)c(Cl)c3)c2cc1N=C(O)/C=C/CN(C)C,0,data/quantum/erbB_xyz/ERBB2__CHEMBL178199__state01.xyz,-97.745785146906,0.024067262568,GFN2-xTB_single_point_on_RDKit_MMFF_geometry,success
ERBB2__CHEMBL178199__state02,ERBB2__CHEMBL178199,CHEMBL178199,ERBB2,CHEMBL1142663,2,CCOc1cc2[nH]cc(C#N)c(=Nc3ccc(OCCc4ccccc4)c(Cl)c3)c2cc1NC(=O)/C=C/CN(C)C,0,data/quantum/erbB_xyz/ERBB2__CHEMBL178199__state02.xyz,-97.757845845680,0.003700764177,GFN2-xTB_single_point_on_RDKit_MMFF_geometry,success
ERBB2__CHEMBL178199__state03,ERBB2__CHEMBL178199,CHEMBL178199,ERBB2,CHEMBL1142663,3,CCOc1cc2ncc(C#N)c(Nc3ccc(OCCc4ccccc4)c(Cl)c3)c2cc1N=C(O)/C=C/CN(C)C,0,data/quantum/erbB_xyz/ERBB2__CHEMBL178199__state03.xyz,-97.746444114781,0.044707844783,GFN2-xTB_single_point_on_RDKit_MMFF_geometry,success
ERBB2__CHEMBL178290__state00,ERBB2__CHEMBL178290,CHEMBL178290,ERBB2,CHEMBL1142663,0,CCOc1cc2ncc(C#N)c(Nc3ccc(OCc4cc(F)cc(F)c4)c(Cl)c3)c2cc1NC(=O)/C=C/CN(C)C,0,data/quantum/erbB_xyz/ERBB2__CHEMBL178290__state00.xyz,-105.278254571597,0.041109328346,GFN2-xTB_single_point_on_RDKit_MMFF_geometry,success
ERBB2__CHEMBL178290__state01,ERBB2__CHEMBL178290,CHEMBL178290,ERBB2,CHEMBL1142663,1,CCOc1cc2[nH]cc(C#N)c(=Nc3ccc(OCc4cc(F)cc(F)c4)c(Cl)c3)c2cc1N=C(O)/C=C/CN(C)C,0,data/quantum/erbB_xyz/ERBB2__CHEMBL178290__state01.xyz,-105.254112244716,0.024507220368,GFN2-xTB_single_point_on_RDKit_MMFF_geometry,success
ERBB2__CHEMBL178290__state02,ERBB2__CHEMBL178290,CHEMBL178290,ERBB2,CHEMBL1142663,2,CCOc1cc2[nH]cc(C#N)c(=Nc3ccc(OCc4cc(F)cc(F)c4)c(Cl)c3)c2cc1NC(=O)/C=C/CN(C)C,0,data/quantum/erbB_xyz/ERBB2__CHEMBL178290__state02.xyz,-105.292810035962,0.051983660642,GFN2-xTB_single_point_on_RDKit_MMFF_geometry,success
ERBB2__CHEMBL178290__state03,ERBB2__CHEMBL178290,CHEMBL178290,ERBB2,CHEMBL1142663,3,CCOc1cc2ncc(C#N)c(Nc3ccc(OCc4cc(F)cc(F)c4)c(Cl)c3)c2cc1N=C(O)/C=C/CN(C)C,0,data/quantum/erbB_xyz/ERBB2__CHEMBL178290__state03.xyz,-105.279664916673,0.014918670464,GFN2-xTB_single_point_on_RDKit_MMFF_geometry,success
ERBB2__CHEMBL178312__state00,ERBB2__CHEMBL178312,CHEMBL178312,ERBB2,CHEMBL1142663,0,CCOc1cc2ncc(C#N)c(Nc3ccc(OCc4ccccc4)c(Cl)c3)c2cc1NC(=O)/C=C/CN1CCCC1,0,data/quantum/erbB_xyz/ERBB2__CHEMBL178312__state00.xyz,-99.902373743643,0.008733479820,GFN2-xTB_single_point_on_RDKit_MMFF_geometry,success
ERBB2__CHEMBL178312__state01,ERBB2__CHEMBL178312,CHEMBL178312,ERBB2,CHEMBL1142663,1,CCOc1cc2[nH]cc(C#N)c(=Nc3ccc(OCc4ccccc4)c(Cl)c3)c2cc1N=C(O)/C=C/CN1CCCC1,0,data/quantum/erbB_xyz/ERBB2__CHEMBL178312__state01.xyz,-99.874503095681,0.011011431723,GFN2-xTB_single_point_on_RDKit_MMFF_geometry,success
ERBB2__CHEMBL178312__state02,ERBB2__CHEMBL178312,CHEMBL178312,ERBB2,CHEMBL1142663,2,CCOc1cc2[nH]cc(C#N)c(=Nc3ccc(OCc4ccccc4)c(Cl)c3)c2cc1NC(=O)/C=C/CN1CCCC1,0,data/quantum/erbB_xyz/ERBB2__CHEMBL178312__state02.xyz,-99.946392894918,0.020004131432,GFN2-xTB_single_point_on_RDKit_MMFF_geometry,success
ERBB2__CHEMBL178312__state03,ERBB2__CHEMBL178312,CHEMBL178312,ERBB2,CHEMBL1142663,3,CCOc1cc2ncc(C#N)c(Nc3ccc(OCc4ccccc4)c(Cl)c3)c2cc1N=C(O)/C=C/CN1CCCC1,0,data/quantum/erbB_xyz/ERBB2__CHEMBL178312__state03.xyz,-99.898863743463,0.023224180658,GFN2-xTB_single_point_on_RDKit_MMFF_geometry,success
ERBB2__CHEMBL178573__state00,ERBB2__CHEMBL178573,CHEMBL178573,ERBB2,CHEMBL1142663,0,CCOc1cc2ncc(C#N)c(Nc3ccc(OCc4ccc5ccccc5c4)c(Cl)c3)c2cc1NC(=O)/C=C/CN(C)C,0,data/quantum/erbB_xyz/ERBB2__CHEMBL178573__state00.xyz,-104.134136543971,0.046666357270,GFN2-xTB_single_point_on_RDKit_MMFF_geometry,success
ERBB2__CHEMBL178573__state01,ERBB2__CHEMBL178573,CHEMBL178573,ERBB2,CHEMBL1142663,1,CCOc1cc2[nH]cc(C#N)c(=Nc3ccc(OCc4ccc5ccccc5c4)c(Cl)c3)c2cc1N=C(O)/C=C/CN(C)C,0,data/quantum/erbB_xyz/ERBB2__CHEMBL178573__state01.xyz,-104.104912185391,0.033225571488,GFN2-xTB_single_point_on_RDKit_MMFF_geometry,success
ERBB2__CHEMBL178573__state02,ERBB2__CHEMBL178573,CHEMBL178573,ERBB2,CHEMBL1142663,2,CCOc1cc2[nH]cc(C#N)c(=Nc3ccc(OCc4ccc5ccccc5c4)c(Cl)c3)c2cc1NC(=O)/C=C/CN(C)C,0,data/quantum/erbB_xyz/ERBB2__CHEMBL178573__state02.xyz,-104.132341136900,0.021164547906,GFN2-xTB_single_point_on_RDKit_MMFF_geometry,success
ERBB2__CHEMBL178573__state03,ERBB2__CHEMBL178573,CHEMBL178573,ERBB2,CHEMBL1142663,3,CCOc1cc2ncc(C#N)c(Nc3ccc(OCc4ccc5ccccc5c4)c(Cl)c3)c2cc1N=C(O)/C=C/CN(C)C,0,data/quantum/erbB_xyz/ERBB2__CHEMBL178573__state03.xyz,-104.116868150859,0.049966100286,GFN2-xTB_single_point_on_RDKit_MMFF_geometry,success
ERBB2__CHEMBL178654__state00,ERBB2__CHEMBL178654,CHEMBL178654,ERBB2,CHEMBL1142663,0,CCOc1cc2ncc(C#N)c(Nc3ccc(OCc4cccc(F)c4)c(Cl)c3)c2cc1NC(=O)/C=C/CN(C)C,0,data/quantum/erbB_xyz/ERBB2__CHEMBL178654__state00.xyz,-100.509955404040,0.105467840657,GFN2-xTB_single_point_on_RDKit_MMFF_geometry,success
ERBB2__CHEMBL178654__state01,ERBB2__CHEMBL178654,CHEMBL178654,ERBB2,CHEMBL1142663,1,CCOc1cc2[nH]cc(C#N)c(=Nc3ccc(OCc4cccc(F)c4)c(Cl)c3)c2cc1N=C(O)/C=C/CN(C)C,0,data/quantum/erbB_xyz/ERBB2__CHEMBL178654__state01.xyz,-100.478627660288,0.014653901751,GFN2-xTB_single_point_on_RDKit_MMFF_geometry,success
ERBB2__CHEMBL178654__state02,ERBB2__CHEMBL178654,CHEMBL178654,ERBB2,CHEMBL1142663,2,CCOc1cc2[nH]cc(C#N)c(=Nc3ccc(OCc4cccc(F)c4)c(Cl)c3)c2cc1NC(=O)/C=C/CN(C)C,0,data/quantum/erbB_xyz/ERBB2__CHEMBL178654__state02.xyz,-100.528314754057,0.063045820278,GFN2-xTB_single_point_on_RDKit_MMFF_geometry,success
ERBB2__CHEMBL178654__state03,ERBB2__CHEMBL178654,CHEMBL178654,ERBB2,CHEMBL1142663,3,CCOc1cc2ncc(C#N)c(Nc3ccc(OCc4cccc(F)c4)c(Cl)c3)c2cc1N=C(O)/C=C/CN(C)C,0,data/quantum/erbB_xyz/ERBB2__CHEMBL178654__state03.xyz,-100.481366263318,0.042137160619,GFN2-xTB_single_point_on_RDKit_MMFF_geometry,success
ERBB2__CHEMBL178958__state00,ERBB2__CHEMBL178958,CHEMBL178958,ERBB2,CHEMBL1142663,0,CCOc1cc2ncc(C#N)c(Nc3ccc(OCc4ccccc4)c(Cl)c3)c2cc1NC(=O)/C=C/CN1CCCC1COC,0,data/quantum/erbB_xyz/ERBB2__CHEMBL178958__state00.xyz,-108.003852943520,0.026165219915,GFN2-xTB_single_point_on_RDKit_MMFF_geometry,success
ERBB2__CHEMBL178958__state01,ERBB2__CHEMBL178958,CHEMBL178958,ERBB2,CHEMBL1142663,1,CCOc1cc2[nH]cc(C#N)c(=Nc3ccc(OCc4ccccc4)c(Cl)c3)c2cc1N=C(O)/C=C/CN1CCCC1COC,0,data/quantum/erbB_xyz/ERBB2__CHEMBL178958__state01.xyz,-108.038634644454,0.040362791773,GFN2-xTB_single_point_on_RDKit_MMFF_geometry,success
ERBB2__CHEMBL178958__state02,ERBB2__CHEMBL178958,CHEMBL178958,ERBB2,CHEMBL1142663,2,CCOc1cc2[nH]cc(C#N)c(=Nc3ccc(OCc4ccccc4)c(Cl)c3)c2cc1NC(=O)/C=C/CN1CCCC1COC,0,data/quantum/erbB_xyz/ERBB2__CHEMBL178958__state02.xyz,-108.029749500439,0.038647106987,GFN2-xTB_single_point_on_RDKit_MMFF_geometry,success
ERBB2__CHEMBL178958__state03,ERBB2__CHEMBL178958,CHEMBL178958,ERBB2,CHEMBL1142663,3,CCOc1cc2ncc(C#N)c(Nc3ccc(OCc4ccccc4)c(Cl)c3)c2cc1N=C(O)/C=C/CN1CCCC1COC,0,data/quantum/erbB_xyz/ERBB2__CHEMBL178958__state03.xyz,-108.028651871147,0.049797791529,GFN2-xTB_single_point_on_RDKit_MMFF_geometry,success
ERBB2__CHEMBL179052__state00,ERBB2__CHEMBL179052,CHEMBL179052,ERBB2,CHEMBL1142663,0,CCOc1cc2ncc(C#N)c(Nc3ccc(OCc4ccccc4)c(Cl)c3)c2cc1NC(=O)/C=C/CN(C(C)C)C(C)C,0,data/quantum/erbB_xyz/ERBB2__CHEMBL179052__state00.xyz,-103.828138192435,0.061492049962,GFN2-xTB_single_point_on_RDKit_MMFF_geometry,success
ERBB2__CHEMBL179052__state01,ERBB2__CHEMBL179052,CHEMBL179052,ERBB2,CHEMBL1142663,1,CCOc1cc2[nH]cc(C#N)c(=Nc3ccc(OCc4ccccc4)c(Cl)c3)c2cc1N=C(O)/C=C/CN(C(C)C)C(C)C,0,data/quantum/erbB_xyz/ERBB2__CHEMBL179052__state01.xyz,-103.799144831222,0.031776307568,GFN2-xTB_single_point_on_RDKit_MMFF_geometry,success
ERBB2__CHEMBL179052__state02,ERBB2__CHEMBL179052,CHEMBL179052,ERBB2,CHEMBL1142663,2,CCOc1cc2[nH]cc(C#N)c(=Nc3ccc(OCc4ccccc4)c(Cl)c3)c2cc1NC(=O)/C=C/CN(C(C)C)C(C)C,0,data/quantum/erbB_xyz/ERBB2__CHEMBL179052__state02.xyz,-103.834033659120,0.039564088810,GFN2-xTB_single_point_on_RDKit_MMFF_geometry,success
ERBB2__CHEMBL179052__state03,ERBB2__CHEMBL179052,CHEMBL179052,ERBB2,CHEMBL1142663,3,CCOc1cc2ncc(C#N)c(Nc3ccc(OCc4ccccc4)c(Cl)c3)c2cc1N=C(O)/C=C/CN(C(C)C)C(C)C,0,data/quantum/erbB_xyz/ERBB2__CHEMBL179052__state03.xyz,-103.773253654990,0.023729117593,GFN2-xTB_single_point_on_RDKit_MMFF_geometry,success
ERBB2__CHEMBL179123__state00,ERBB2__CHEMBL179123,CHEMBL179123,ERBB2,CHEMBL1142663,0,CCOc1cc2ncc(C#N)c(Nc3ccc(OCC4CCCCC4)c(Cl)c3)c2cc1NC(=O)/C=C/CN(C)C,0,data/quantum/erbB_xyz/ERBB2__CHEMBL179123__state00.xyz,-95.528730703126,0.034215525982,GFN2-xTB_single_point_on_RDKit_MMFF_geometry,success
ERBB2__CHEMBL179123__state01,ERBB2__CHEMBL179123,CHEMBL179123,ERBB2,CHEMBL1142663,1,CCOc1cc2[nH]cc(C#N)c(=Nc3ccc(OCC4CCCCC4)c(Cl)c3)c2cc1N=C(O)/C=C/CN(C)C,0,data/quantum/erbB_xyz/ERBB2__CHEMBL179123__state01.xyz,-95.517056050507,0.028447330671,GFN2-xTB_single_point_on_RDKit_MMFF_geometry,success
ERBB2__CHEMBL179123__state02,ERBB2__CHEMBL179123,CHEMBL179123,ERBB2,CHEMBL1142663,2,CCOc1cc2[nH]cc(C#N)c(=Nc3ccc(OCC4CCCCC4)c(Cl)c3)c2cc1NC(=O)/C=C/CN(C)C,0,data/quantum/erbB_xyz/ERBB2__CHEMBL179123__state02.xyz,-95.587129111449,0.018828300223,GFN2-xTB_single_point_on_RDKit_MMFF_geometry,success
ERBB2__CHEMBL179123__state03,ERBB2__CHEMBL179123,CHEMBL179123,ERBB2,CHEMBL1142663,3,CCOc1cc2ncc(C#N)c(Nc3ccc(OCC4CCCCC4)c(Cl)c3)c2cc1N=C(O)/C=C/CN(C)C,0,data/quantum/erbB_xyz/ERBB2__CHEMBL179123__state03.xyz,-95.547731275581,0.017456906693,GFN2-xTB_single_point_on_RDKit_MMFF_geometry,success
ERBB2__CHEMBL179164__state00,ERBB2__CHEMBL179164,CHEMBL179164,ERBB2,CHEMBL1142663,0,CCOc1cc2ncc(C#N)c(Nc3ccc4c(ccn4S(=O)(=O)c4ccccc4)c3)c2cc1NC(=O)/C=C/CN(C)C,0,data/quantum/erbB_xyz/ERBB2__CHEMBL179164__state00.xyz,-103.465908741178,0.011258441433,GFN2-xTB_single_point_on_RDKit_MMFF_geometry,success
ERBB2__CHEMBL179164__state01,ERBB2__CHEMBL179164,CHEMBL179164,ERBB2,CHEMBL1142663,1,CCOc1cc2[nH]cc(C#N)c(=Nc3ccc4c(ccn4S(=O)(=O)c4ccccc4)c3)c2cc1N=C(O)/C=C/CN(C)C,0,data/quantum/erbB_xyz/ERBB2__CHEMBL179164__state01.xyz,-103.457764123328,0.013510075290,GFN2-xTB_single_point_on_RDKit_MMFF_geometry,success
ERBB2__CHEMBL179164__state02,ERBB2__CHEMBL179164,CHEMBL179164,ERBB2,CHEMBL1142663,2,CCOc1cc2[nH]cc(C#N)c(=Nc3ccc4c(ccn4S(=O)(=O)c4ccccc4)c3)c2cc1NC(=O)/C=C/CN(C)C,0,data/quantum/erbB_xyz/ERBB2__CHEMBL179164__state02.xyz,-103.482950758631,0.014920735362,GFN2-xTB_single_point_on_RDKit_MMFF_geometry,success
ERBB2__CHEMBL179164__state03,ERBB2__CHEMBL179164,CHEMBL179164,ERBB2,CHEMBL1142663,3,CCOc1cc2ncc(C#N)c(Nc3ccc4c(ccn4S(=O)(=O)c4ccccc4)c3)c2cc1N=C(O)/C=C/CN(C)C,0,data/quantum/erbB_xyz/ERBB2__CHEMBL179164__state03.xyz,-103.451437215630,0.005791945895,GFN2-xTB_single_point_on_RDKit_MMFF_geometry,success
ERBB2__CHEMBL179310__state00,ERBB2__CHEMBL179310,CHEMBL179310,ERBB2,CHEMBL1142663,0,CCOc1cc2ncc(C#N)c(Nc3ccc4c(c3)CCN4Cc3ccccc3)c2cc1NC(=O)/C=C/CN(C)C,0,data/quantum/erbB_xyz/ERBB2__CHEMBL179310__state00.xyz,-94.112116678301,0.014901169855,GFN2-xTB_single_point_on_RDKit_MMFF_geometry,success
ERBB2__CHEMBL179310__state01,ERBB2__CHEMBL179310,CHEMBL179310,ERBB2,CHEMBL1142663,1,CCOc1cc2[nH]cc(C#N)c(=Nc3ccc4c(c3)CCN4Cc3ccccc3)c2cc1N=C(O)/C=C/CN(C)C,0,data/quantum/erbB_xyz/ERBB2__CHEMBL179310__state01.xyz,-94.071411390789,0.020721849995,GFN2-xTB_single_point_on_RDKit_MMFF_geometry,success
ERBB2__CHEMBL179310__state02,ERBB2__CHEMBL179310,CHEMBL179310,ERBB2,CHEMBL1142663,2,CCOc1cc2[nH]cc(C#N)c(=Nc3ccc4c(c3)CCN4Cc3ccccc3)c2cc1NC(=O)/C=C/CN(C)C,0,data/quantum/erbB_xyz/ERBB2__CHEMBL179310__state02.xyz,-94.124857349224,0.011166744456,GFN2-xTB_single_point_on_RDKit_MMFF_geometry,success
ERBB2__CHEMBL179310__state03,ERBB2__CHEMBL179310,CHEMBL179310,ERBB2,CHEMBL1142663,3,CCOc1cc2ncc(C#N)c(Nc3ccc4c(c3)CCN4Cc3ccccc3)c2cc1N=C(O)/C=C/CN(C)C,0,data/quantum/erbB_xyz/ERBB2__CHEMBL179310__state03.xyz,-94.064747015741,0.021951427363,GFN2-xTB_single_point_on_RDKit_MMFF_geometry,success
ERBB2__CHEMBL179313__state00,ERBB2__CHEMBL179313,CHEMBL179313,ERBB2,CHEMBL1142663,0,CCOc1cc2ncc(C#N)c(Nc3ccc(OCc4cccnc4)c(Cl)c3)c2cc1NC(=O)/C=C/CN(C)C,0,data/quantum/erbB_xyz/ERBB2__CHEMBL179313__state00.xyz,-96.590708614373,0.084042519453,GFN2-xTB_single_point_on_RDKit_MMFF_geometry,success
ERBB2__CHEMBL179313__state01,ERBB2__CHEMBL179313,CHEMBL179313,ERBB2,CHEMBL1142663,1,CCOc1cc2[nH]cc(C#N)c(=Nc3ccc(OCc4cccnc4)c(Cl)c3)c2cc1N=C(O)/C=C/CN(C)C,0,data/quantum/erbB_xyz/ERBB2__CHEMBL179313__state01.xyz,-96.576724486441,0.072146680896,GFN2-xTB_single_point_on_RDKit_MMFF_geometry,success
ERBB2__CHEMBL179313__state02,ERBB2__CHEMBL179313,CHEMBL179313,ERBB2,CHEMBL1142663,2,CCOc1cc2[nH]cc(C#N)c(=Nc3ccc(OCc4cccnc4)c(Cl)c3)c2cc1NC(=O)/C=C/CN(C)C,0,data/quantum/erbB_xyz/ERBB2__CHEMBL179313__state02.xyz,-96.597737711899,0.051742082811,GFN2-xTB_single_point_on_RDKit_MMFF_geometry,success
ERBB2__CHEMBL179313__state03,ERBB2__CHEMBL179313,CHEMBL179313,ERBB2,CHEMBL1142663,3,CCOc1cc2ncc(C#N)c(Nc3ccc(OCc4cccnc4)c(Cl)c3)c2cc1N=C(O)/C=C/CN(C)C,0,data/quantum/erbB_xyz/ERBB2__CHEMBL179313__state03.xyz,-96.544610413725,0.030502321810,GFN2-xTB_single_point_on_RDKit_MMFF_geometry,success
ERBB2__CHEMBL179363__state00,ERBB2__CHEMBL179363,CHEMBL179363,ERBB2,CHEMBL1142663,0,CCOc1cc2ncc(C#N)c(Nc3ccc(OCc4cccc(Cl)c4)c(Cl)c3)c2cc1NC(=O)/C=C/CN(C)C,0,data/quantum/erbB_xyz/ERBB2__CHEMBL179363__state00.xyz,-100.358030374538,0.112562483793,GFN2-xTB_single_point_on_RDKit_MMFF_geometry,success
ERBB2__CHEMBL179363__state01,ERBB2__CHEMBL179363,CHEMBL179363,ERBB2,CHEMBL1142663,1,CCOc1cc2[nH]cc(C#N)c(=Nc3ccc(OCc4cccc(Cl)c4)c(Cl)c3)c2cc1N=C(O)/C=C/CN(C)C,0,data/quantum/erbB_xyz/ERBB2__CHEMBL179363__state01.xyz,-100.310268297013,0.094915042963,GFN2-xTB_single_point_on_RDKit_MMFF_geometry,success
ERBB2__CHEMBL179363__state02,ERBB2__CHEMBL179363,CHEMBL179363,ERBB2,CHEMBL1142663,2,CCOc1cc2[nH]cc(C#N)c(=Nc3ccc(OCc4cccc(Cl)c4)c(Cl)c3)c2cc1NC(=O)/C=C/CN(C)C,0,data/quantum/erbB_xyz/ERBB2__CHEMBL179363__state02.xyz,-100.338950063143,0.059863284529,GFN2-xTB_single_point_on_RDKit_MMFF_geometry,success
ERBB2__CHEMBL179363__state03,ERBB2__CHEMBL179363,CHEMBL179363,ERBB2,CHEMBL1142663,3,CCOc1cc2ncc(C#N)c(Nc3ccc(OCc4cccc(Cl)c4)c(Cl)c3)c2cc1N=C(O)/C=C/CN(C)C,0,data/quantum/erbB_xyz/ERBB2__CHEMBL179363__state03.xyz,-100.317270861741,0.029052670209,GFN2-xTB_single_point_on_RDKit_MMFF_geometry,success
ERBB2__CHEMBL179458__state00,ERBB2__CHEMBL179458,CHEMBL179458,ERBB2,CHEMBL1142663,0,COc1cc2ncc(C#N)c(Nc3ccc(-n4ccnc4)c(Cl)c3)c2cc1NC(=O)/C=C/CN(C)C,0,data/quantum/erbB_xyz/ERBB2__CHEMBL179458__state00.xyz,-87.122879194537,0.063128592649,GFN2-xTB_single_point_on_RDKit_MMFF_geometry,success
ERBB2__CHEMBL179458__state01,ERBB2__CHEMBL179458,CHEMBL179458,ERBB2,CHEMBL1142663,1,COc1cc2[nH]cc(C#N)c(=Nc3ccc(-n4ccnc4)c(Cl)c3)c2cc1N=C(O)/C=C/CN(C)C,0,data/quantum/erbB_xyz/ERBB2__CHEMBL179458__state01.xyz,-87.115867673779,0.040002493848,GFN2-xTB_single_point_on_RDKit_MMFF_geometry,success
ERBB2__CHEMBL179458__state02,ERBB2__CHEMBL179458,CHEMBL179458,ERBB2,CHEMBL1142663,2,COc1cc2[nH]cc(C#N)c(=Nc3ccc(-n4ccnc4)c(Cl)c3)c2cc1NC(=O)/C=C/CN(C)C,0,data/quantum/erbB_xyz/ERBB2__CHEMBL179458__state02.xyz,-87.139956823927,0.048753097302,GFN2-xTB_single_point_on_RDKit_MMFF_geometry,success
ERBB2__CHEMBL179458__state03,ERBB2__CHEMBL179458,CHEMBL179458,ERBB2,CHEMBL1142663,3,COc1cc2ncc(C#N)c(Nc3ccc(-n4ccnc4)c(Cl)c3)c2cc1N=C(O)/C=C/CN(C)C,0,data/quantum/erbB_xyz/ERBB2__CHEMBL179458__state03.xyz,-87.086517706053,0.024882891783,GFN2-xTB_single_point_on_RDKit_MMFF_geometry,success
ERBB2__CHEMBL179521__state00,ERBB2__CHEMBL179521,CHEMBL179521,ERBB2,CHEMBL1142663,0,COc1cc2ncc(C#N)c(Nc3ccc(NCc4ccccc4)c(Cl)c3)c2cc1NC(=O)/C=C/CN(C)C,0,data/quantum/erbB_xyz/ERBB2__CHEMBL179521__state00.xyz,-92.507945270567,0.056446338931,GFN2-xTB_single_point_on_RDKit_MMFF_geometry,success
ERBB2__CHEMBL179521__state01,ERBB2__CHEMBL179521,CHEMBL179521,ERBB2,CHEMBL1142663,1,COc1cc2[nH]cc(C#N)c(=Nc3ccc(NCc4ccccc4)c(Cl)c3)c2cc1N=C(O)/C=C/CN(C)C,0,data/quantum/erbB_xyz/ERBB2__CHEMBL179521__state01.xyz,-92.499716564907,0.044721060685,GFN2-xTB_single_point_on_RDKit_MMFF_geometry,success
ERBB2__CHEMBL179521__state02,ERBB2__CHEMBL179521,CHEMBL179521,ERBB2,CHEMBL1142663,2,COc1cc2[nH]cc(C#N)c(=Nc3ccc(NCc4ccccc4)c(Cl)c3)c2cc1NC(=O)/C=C/CN(C)C,0,data/quantum/erbB_xyz/ERBB2__CHEMBL179521__state02.xyz,-92.549246028177,0.065226693541,GFN2-xTB_single_point_on_RDKit_MMFF_geometry,success
ERBB2__CHEMBL179521__state03,ERBB2__CHEMBL179521,CHEMBL179521,ERBB2,CHEMBL1142663,3,COc1cc2ncc(C#N)c(Nc3ccc(NCc4ccccc4)c(Cl)c3)c2cc1N=C(O)/C=C/CN(C)C,0,data/quantum/erbB_xyz/ERBB2__CHEMBL179521__state03.xyz,-92.490305711277,0.028062261029,GFN2-xTB_single_point_on_RDKit_MMFF_geometry,success
ERBB2__CHEMBL179527__state00,ERBB2__CHEMBL179527,CHEMBL179527,ERBB2,CHEMBL1142663,0,CCOc1cc2ncc(C#N)c(Nc3ccc(OCc4cccc(C#N)c4)c(Cl)c3)c2cc1NC(=O)/C=C/CN(C)C,0,data/quantum/erbB_xyz/ERBB2__CHEMBL179527__state00.xyz,-100.794073137769,0.050005456223,GFN2-xTB_single_point_on_RDKit_MMFF_geometry,success
ERBB2__CHEMBL179527__state01,ERBB2__CHEMBL179527,CHEMBL179527,ERBB2,CHEMBL1142663,1,CCOc1cc2[nH]cc(C#N)c(=Nc3ccc(OCc4cccc(C#N)c4)c(Cl)c3)c2cc1N=C(O)/C=C/CN(C)C,0,data/quantum/erbB_xyz/ERBB2__CHEMBL179527__state01.xyz,-100.784689335861,0.023887567211,GFN2-xTB_single_point_on_RDKit_MMFF_geometry,success
ERBB2__CHEMBL179527__state02,ERBB2__CHEMBL179527,CHEMBL179527,ERBB2,CHEMBL1142663,2,CCOc1cc2[nH]cc(C#N)c(=Nc3ccc(OCc4cccc(C#N)c4)c(Cl)c3)c2cc1NC(=O)/C=C/CN(C)C,0,data/quantum/erbB_xyz/ERBB2__CHEMBL179527__state02.xyz,-100.831404180630,0.109400890927,GFN2-xTB_single_point_on_RDKit_MMFF_geometry,success
ERBB2__CHEMBL179527__state03,ERBB2__CHEMBL179527,CHEMBL179527,ERBB2,CHEMBL1142663,3,CCOc1cc2ncc(C#N)c(Nc3ccc(OCc4cccc(C#N)c4)c(Cl)c3)c2cc1N=C(O)/C=C/CN(C)C,0,data/quantum/erbB_xyz/ERBB2__CHEMBL179527__state03.xyz,-100.778190359812,0.045000388860,GFN2-xTB_single_point_on_RDKit_MMFF_geometry,success
ERBB2__CHEMBL179572__state00,ERBB2__CHEMBL179572,CHEMBL179572,ERBB2,CHEMBL1142663,0,COc1cc2ncc(C#N)c(Nc3ccc(Sc4nccs4)c(Cl)c3)c2cc1NC(=O)/C=C/CN(C)C,0,data/quantum/erbB_xyz/ERBB2__CHEMBL179572__state00.xyz,-90.763222806319,0.089785769897,GFN2-xTB_single_point_on_RDKit_MMFF_geometry,success
ERBB2__CHEMBL179572__state01,ERBB2__CHEMBL179572,CHEMBL179572,ERBB2,CHEMBL1142663,1,COc1cc2[nH]cc(C#N)c(=Nc3ccc(Sc4nccs4)c(Cl)c3)c2cc1N=C(O)/C=C/CN(C)C,0,data/quantum/erbB_xyz/ERBB2__CHEMBL179572__state01.xyz,-90.748221780625,0.040416275448,GFN2-xTB_single_point_on_RDKit_MMFF_geometry,success
ERBB2__CHEMBL179572__state02,ERBB2__CHEMBL179572,CHEMBL179572,ERBB2,CHEMBL1142663,2,COc1cc2[nH]cc(C#N)c(=Nc3ccc(Sc4nccs4)c(Cl)c3)c2cc1NC(=O)/C=C/CN(C)C,0,data/quantum/erbB_xyz/ERBB2__CHEMBL179572__state02.xyz,-90.745331719531,0.048546182580,GFN2-xTB_single_point_on_RDKit_MMFF_geometry,success
ERBB2__CHEMBL179572__state03,ERBB2__CHEMBL179572,CHEMBL179572,ERBB2,CHEMBL1142663,3,COc1cc2ncc(C#N)c(Nc3ccc(Sc4nccs4)c(Cl)c3)c2cc1N=C(O)/C=C/CN(C)C,0,data/quantum/erbB_xyz/ERBB2__CHEMBL179572__state03.xyz,-90.725632500336,0.028669312980,GFN2-xTB_single_point_on_RDKit_MMFF_geometry,success
ERBB2__CHEMBL179577__state00,ERBB2__CHEMBL179577,CHEMBL179577,ERBB2,CHEMBL1142663,0,CCOc1cc2ncc(C#N)c(Nc3ccc(NCc4ccccc4)c(Cl)c3)c2cc1NC(=O)/C=C/CN(C)C,0,data/quantum/erbB_xyz/ERBB2__CHEMBL179577__state00.xyz,-94.581663568396,0.085684105917,GFN2-xTB_single_point_on_RDKit_MMFF_geometry,success
ERBB2__CHEMBL179577__state01,ERBB2__CHEMBL179577,CHEMBL179577,ERBB2,CHEMBL1142663,1,CCOc1cc2[nH]cc(C#N)c(=Nc3ccc(NCc4ccccc4)c(Cl)c3)c2cc1N=C(O)/C=C/CN(C)C,0,data/quantum/erbB_xyz/ERBB2__CHEMBL179577__state01.xyz,-94.540938238730,0.044995709109,GFN2-xTB_single_point_on_RDKit_MMFF_geometry,success
ERBB2__CHEMBL179577__state02,ERBB2__CHEMBL179577,CHEMBL179577,ERBB2,CHEMBL1142663,2,CCOc1cc2[nH]cc(C#N)c(=Nc3ccc(NCc4ccccc4)c(Cl)c3)c2cc1NC(=O)/C=C/CN(C)C,0,data/quantum/erbB_xyz/ERBB2__CHEMBL179577__state02.xyz,-94.572894224566,0.087295315552,GFN2-xTB_single_point_on_RDKit_MMFF_geometry,success
ERBB2__CHEMBL179577__state03,ERBB2__CHEMBL179577,CHEMBL179577,ERBB2,CHEMBL1142663,3,CCOc1cc2ncc(C#N)c(Nc3ccc(NCc4ccccc4)c(Cl)c3)c2cc1N=C(O)/C=C/CN(C)C,0,data/quantum/erbB_xyz/ERBB2__CHEMBL179577__state03.xyz,-94.537835023615,0.043804223411,GFN2-xTB_single_point_on_RDKit_MMFF_geometry,success
ERBB2__CHEMBL179607__state00,ERBB2__CHEMBL179607,CHEMBL179607,ERBB2,CHEMBL1142663,0,C=C(CN1CCOCC1)C(=O)Nc1cc2c(Nc3ccc(OCc4ccccc4)c(Cl)c3)c(C#N)cnc2cc1OCC,0,data/quantum/erbB_xyz/ERBB2__CHEMBL179607__state00.xyz,-103.933441186364,0.047053794904,GFN2-xTB_single_point_on_RDKit_MMFF_geometry,success
ERBB2__CHEMBL179607__state01,ERBB2__CHEMBL179607,CHEMBL179607,ERBB2,CHEMBL1142663,1,C=C(CN1CCOCC1)C(=O)Nc1cc2c(=Nc3ccc(OCc4ccccc4)c(Cl)c3)c(C#N)c[nH]c2cc1OCC,0,data/quantum/erbB_xyz/ERBB2__CHEMBL179607__state01.xyz,-103.932625547544,0.022952744839,GFN2-xTB_single_point_on_RDKit_MMFF_geometry,success
ERBB2__CHEMBL179607__state02,ERBB2__CHEMBL179607,CHEMBL179607,ERBB2,CHEMBL1142663,2,C=C(CN1CCOCC1)C(O)=Nc1cc2c(=Nc3ccc(OCc4ccccc4)c(Cl)c3)c(C#N)c[nH]c2cc1OCC,0,data/quantum/erbB_xyz/ERBB2__CHEMBL179607__state02.xyz,-103.898741687673,0.022431208408,GFN2-xTB_single_point_on_RDKit_MMFF_geometry,success
ERBB2__CHEMBL179607__state03,ERBB2__CHEMBL179607,CHEMBL179607,ERBB2,CHEMBL1142663,3,C=C(CN1CCOCC1)C(O)=Nc1cc2c(Nc3ccc(OCc4ccccc4)c(Cl)c3)c(C#N)cnc2cc1OCC,0,data/quantum/erbB_xyz/ERBB2__CHEMBL179607__state03.xyz,-103.934730604691,0.053910968627,GFN2-xTB_single_point_on_RDKit_MMFF_geometry,success
ERBB2__CHEMBL179652__state00,ERBB2__CHEMBL179652,CHEMBL179652,ERBB2,CHEMBL1142663,0,CCOc1cc2ncc(C#N)c(Nc3ccc4c(ccn4Cc4ccccc4)c3)c2cc1NC(=O)/C=C/CN(C)C,0,data/quantum/erbB_xyz/ERBB2__CHEMBL179652__state00.xyz,-94.136133773587,0.062589186818,GFN2-xTB_single_point_on_RDKit_MMFF_geometry,success
ERBB2__CHEMBL179652__state01,ERBB2__CHEMBL179652,CHEMBL179652,ERBB2,CHEMBL1142663,1,CCOc1cc2[nH]cc(C#N)c(=Nc3ccc4c(ccn4Cc4ccccc4)c3)c2cc1N=C(O)/C=C/CN(C)C,0,data/quantum/erbB_xyz/ERBB2__CHEMBL179652__state01.xyz,-94.111579255531,0.036419634297,GFN2-xTB_single_point_on_RDKit_MMFF_geometry,success
ERBB2__CHEMBL179652__state02,ERBB2__CHEMBL179652,CHEMBL179652,ERBB2,CHEMBL1142663,2,CCOc1cc2[nH]cc(C#N)c(=Nc3ccc4c(ccn4Cc4ccccc4)c3)c2cc1NC(=O)/C=C/CN(C)C,0,data/quantum/erbB_xyz/ERBB2__CHEMBL179652__state02.xyz,-94.142959819159,0.053930165349,GFN2-xTB_single_point_on_RDKit_MMFF_geometry,success
ERBB2__CHEMBL179652__state03,ERBB2__CHEMBL179652,CHEMBL179652,ERBB2,CHEMBL1142663,3,CCOc1cc2ncc(C#N)c(Nc3ccc4c(ccn4Cc4ccccc4)c3)c2cc1N=C(O)/C=C/CN(C)C,0,data/quantum/erbB_xyz/ERBB2__CHEMBL179652__state03.xyz,-94.116785105157,0.054854221313,GFN2-xTB_single_point_on_RDKit_MMFF_geometry,success
ERBB2__CHEMBL179659__state00,ERBB2__CHEMBL179659,CHEMBL179659,ERBB2,CHEMBL1142663,0,CCOc1cc2ncc(C#N)c(Nc3ccc(OCc4cccc(C)c4)c(Cl)c3)c2cc1NC(=O)/C=C/CN(C)C,0,data/quantum/erbB_xyz/ERBB2__CHEMBL179659__state00.xyz,-97.740952010923,0.046868937300,GFN2-xTB_single_point_on_RDKit_MMFF_geometry,success
ERBB2__CHEMBL179659__state01,ERBB2__CHEMBL179659,CHEMBL179659,ERBB2,CHEMBL1142663,1,CCOc1cc2[nH]cc(C#N)c(=Nc3ccc(OCc4cccc(C)c4)c(Cl)c3)c2cc1N=C(O)/C=C/CN(C)C,0,data/quantum/erbB_xyz/ERBB2__CHEMBL179659__state01.xyz,-97.715810665547,0.054157665736,GFN2-xTB_single_point_on_RDKit_MMFF_geometry,success
ERBB2__CHEMBL179659__state02,ERBB2__CHEMBL179659,CHEMBL179659,ERBB2,CHEMBL1142663,2,CCOc1cc2[nH]cc(C#N)c(=Nc3ccc(OCc4cccc(C)c4)c(Cl)c3)c2cc1NC(=O)/C=C/CN(C)C,0,data/quantum/erbB_xyz/ERBB2__CHEMBL179659__state02.xyz,-97.738485653887,0.057158187770,GFN2-xTB_single_point_on_RDKit_MMFF_geometry,success
ERBB2__CHEMBL179659__state03,ERBB2__CHEMBL179659,CHEMBL179659,ERBB2,CHEMBL1142663,3,CCOc1cc2ncc(C#N)c(Nc3ccc(OCc4cccc(C)c4)c(Cl)c3)c2cc1N=C(O)/C=C/CN(C)C,0,data/quantum/erbB_xyz/ERBB2__CHEMBL179659__state03.xyz,-97.706034325702,0.018325657118,GFN2-xTB_single_point_on_RDKit_MMFF_geometry,success
ERBB2__CHEMBL179726__state00,ERBB2__CHEMBL179726,CHEMBL179726,ERBB2,CHEMBL1142663,0,COc1cc2ncc(C#N)c(Nc3ccc(OCc4ccccc4)c(Cl)c3)c2cc1NC(=O)/C=C/CN(C)C,0,data/quantum/erbB_xyz/ERBB2__CHEMBL179726__state00.xyz,-93.693103899827,0.016264631751,GFN2-xTB_single_point_on_RDKit_MMFF_geometry,success
ERBB2__CHEMBL179726__state01,ERBB2__CHEMBL179726,CHEMBL179726,ERBB2,CHEMBL1142663,1,COc1cc2[nH]cc(C#N)c(=Nc3ccc(OCc4ccccc4)c(Cl)c3)c2cc1N=C(O)/C=C/CN(C)C,0,data/quantum/erbB_xyz/ERBB2__CHEMBL179726__state01.xyz,-93.650442777360,0.019165017512,GFN2-xTB_single_point_on_RDKit_MMFF_geometry,success
ERBB2__CHEMBL179726__state02,ERBB2__CHEMBL179726,CHEMBL179726,ERBB2,CHEMBL1142663,2,COc1cc2[nH]cc(C#N)c(=Nc3ccc(OCc4ccccc4)c(Cl)c3)c2cc1NC(=O)/C=C/CN(C)C,0,data/quantum/erbB_xyz/ERBB2__CHEMBL179726__state02.xyz,-93.667754920494,0.035091051556,GFN2-xTB_single_point_on_RDKit_MMFF_geometry,success
ERBB2__CHEMBL179726__state03,ERBB2__CHEMBL179726,CHEMBL179726,ERBB2,CHEMBL1142663,3,COc1cc2ncc(C#N)c(Nc3ccc(OCc4ccccc4)c(Cl)c3)c2cc1N=C(O)/C=C/CN(C)C,0,data/quantum/erbB_xyz/ERBB2__CHEMBL179726__state03.xyz,-93.665425176625,0.008740503714,GFN2-xTB_single_point_on_RDKit_MMFF_geometry,success
ERBB2__CHEMBL179766__state00,ERBB2__CHEMBL179766,CHEMBL179766,ERBB2,CHEMBL1142663,0,CCOc1cc2ncc(C#N)c(Nc3ccc(NCc4cccc5ccccc45)c(Cl)c3)c2cc1NC(=O)/C=C/CN(C)C,0,data/quantum/erbB_xyz/ERBB2__CHEMBL179766__state00.xyz,-102.993419779869,0.002305761826,GFN2-xTB_single_point_on_RDKit_MMFF_geometry,success
ERBB2__CHEMBL179766__state01,ERBB2__CHEMBL179766,CHEMBL179766,ERBB2,CHEMBL1142663,1,CCOc1cc2[nH]cc(C#N)c(=Nc3ccc(NCc4cccc5ccccc45)c(Cl)c3)c2cc1N=C(O)/C=C/CN(C)C,0,data/quantum/erbB_xyz/ERBB2__CHEMBL179766__state01.xyz,-102.946119446901,0.019047074822,GFN2-xTB_single_point_on_RDKit_MMFF_geometry,success
ERBB2__CHEMBL179766__state02,ERBB2__CHEMBL179766,CHEMBL179766,ERBB2,CHEMBL1142663,2,CCOc1cc2[nH]cc(C#N)c(=Nc3ccc(NCc4cccc5ccccc45)c(Cl)c3)c2cc1NC(=O)/C=C/CN(C)C,0,data/quantum/erbB_xyz/ERBB2__CHEMBL179766__state02.xyz,-102.982829772790,0.034749039503,GFN2-xTB_single_point_on_RDKit_MMFF_geometry,success
ERBB2__CHEMBL179766__state03,ERBB2__CHEMBL179766,CHEMBL179766,ERBB2,CHEMBL1142663,3,CCOc1cc2ncc(C#N)c(Nc3ccc(NCc4cccc5ccccc45)c(Cl)c3)c2cc1N=C(O)/C=C/CN(C)C,0,data/quantum/erbB_xyz/ERBB2__CHEMBL179766__state03.xyz,-102.952626426332,0.022369564239,GFN2-xTB_single_point_on_RDKit_MMFF_geometry,success
ERBB2__CHEMBL179923__state00,ERBB2__CHEMBL179923,CHEMBL179923,ERBB2,CHEMBL1142663,0,CCOc1cc2ncc(C#N)c(Nc3ccc(OCc4ccccc4F)c(Cl)c3)c2cc1NC(=O)/C=C/CN(C)C,0,data/quantum/erbB_xyz/ERBB2__CHEMBL179923__state00.xyz,-100.529636526116,0.095475347433,GFN2-xTB_single_point_on_RDKit_MMFF_geometry,success
ERBB2__CHEMBL179923__state01,ERBB2__CHEMBL179923,CHEMBL179923,ERBB2,CHEMBL1142663,1,CCOc1cc2[nH]cc(C#N)c(=Nc3ccc(OCc4ccccc4F)c(Cl)c3)c2cc1N=C(O)/C=C/CN(C)C,0,data/quantum/erbB_xyz/ERBB2__CHEMBL179923__state01.xyz,-100.520606631277,0.043730302941,GFN2-xTB_single_point_on_RDKit_MMFF_geometry,success
ERBB2__CHEMBL179923__state02,ERBB2__CHEMBL179923,CHEMBL179923,ERBB2,CHEMBL1142663,2,CCOc1cc2[nH]cc(C#N)c(=Nc3ccc(OCc4ccccc4F)c(Cl)c3)c2cc1NC(=O)/C=C/CN(C)C,0,data/quantum/erbB_xyz/ERBB2__CHEMBL179923__state02.xyz,-100.532046727609,0.061609768942,GFN2-xTB_single_point_on_RDKit_MMFF_geometry,success
ERBB2__CHEMBL179923__state03,ERBB2__CHEMBL179923,CHEMBL179923,ERBB2,CHEMBL1142663,3,CCOc1cc2ncc(C#N)c(Nc3ccc(OCc4ccccc4F)c(Cl)c3)c2cc1N=C(O)/C=C/CN(C)C,0,data/quantum/erbB_xyz/ERBB2__CHEMBL179923__state03.xyz,-100.475856224439,0.026623232470,GFN2-xTB_single_point_on_RDKit_MMFF_geometry,success
ERBB2__CHEMBL179969__state00,ERBB2__CHEMBL179969,CHEMBL179969,ERBB2,CHEMBL1142663,0,C=CS(=O)(=O)Nc1cc2c(Nc3ccc(OCc4ccccc4)c(Cl)c3)c(C#N)cnc2cc1OCC,0,data/quantum/erbB_xyz/ERBB2__CHEMBL179969__state00.xyz,-91.902031288793,0.028070946441,GFN2-xTB_single_point_on_RDKit_MMFF_geometry,success
ERBB2__CHEMBL179969__state01,ERBB2__CHEMBL179969,CHEMBL179969,ERBB2,CHEMBL1142663,1,C=CS(=O)(=O)Nc1cc2c(=Nc3ccc(OCc4ccccc4)c(Cl)c3)c(C#N)c[nH]c2cc1OCC,0,data/quantum/erbB_xyz/ERBB2__CHEMBL179969__state01.xyz,-91.908425284175,0.050704450244,GFN2-xTB_single_point_on_RDKit_MMFF_geometry,success
ERBB2__CHEMBL180018__state00,ERBB2__CHEMBL180018,CHEMBL180018,ERBB2,CHEMBL1142663,0,CCOc1cc2ncc(C#N)c(Nc3ccc(Oc4ccccc4)c(Cl)c3)c2cc1NC(=O)/C=C/CN(C)C,0,data/quantum/erbB_xyz/ERBB2__CHEMBL180018__state00.xyz,-93.694177427924,0.022830179901,GFN2-xTB_single_point_on_RDKit_MMFF_geometry,success
ERBB2__CHEMBL180018__state01,ERBB2__CHEMBL180018,CHEMBL180018,ERBB2,CHEMBL1142663,1,CCOc1cc2[nH]cc(C#N)c(=Nc3ccc(Oc4ccccc4)c(Cl)c3)c2cc1N=C(O)/C=C/CN(C)C,0,data/quantum/erbB_xyz/ERBB2__CHEMBL180018__state01.xyz,-93.688195675442,0.005126768579,GFN2-xTB_single_point_on_RDKit_MMFF_geometry,success
ERBB2__CHEMBL180018__state02,ERBB2__CHEMBL180018,CHEMBL180018,ERBB2,CHEMBL1142663,2,CCOc1cc2[nH]cc(C#N)c(=Nc3ccc(Oc4ccccc4)c(Cl)c3)c2cc1NC(=O)/C=C/CN(C)C,0,data/quantum/erbB_xyz/ERBB2__CHEMBL180018__state02.xyz,-93.698460124888,0.010215520195,GFN2-xTB_single_point_on_RDKit_MMFF_geometry,success
ERBB2__CHEMBL180018__state03,ERBB2__CHEMBL180018,CHEMBL180018,ERBB2,CHEMBL1142663,3,CCOc1cc2ncc(C#N)c(Nc3ccc(Oc4ccccc4)c(Cl)c3)c2cc1N=C(O)/C=C/CN(C)C,0,data/quantum/erbB_xyz/ERBB2__CHEMBL180018__state03.xyz,-93.679488094457,0.004929118392,GFN2-xTB_single_point_on_RDKit_MMFF_geometry,success
ERBB2__CHEMBL180022__state00,ERBB2__CHEMBL180022,CHEMBL180022,ERBB2,CHEMBL1142663,0,CCOc1cc2ncc(C#N)c(Nc3ccc(OCc4ccccn4)c(Cl)c3)c2cc1NC(=O)/C=C/CN(C)C,0,data/quantum/erbB_xyz/ERBB2__CHEMBL180022__state00.xyz,-96.605561153482,0.086969016578,GFN2-xTB_single_point_on_RDKit_MMFF_geometry,success
ERBB2__CHEMBL180022__state01,ERBB2__CHEMBL180022,CHEMBL180022,ERBB2,CHEMBL1142663,1,CCOc1cc2[nH]cc(C#N)c(=Nc3ccc(OCc4ccccn4)c(Cl)c3)c2cc1N=C(O)/C=C/CN(C)C,0,data/quantum/erbB_xyz/ERBB2__CHEMBL180022__state01.xyz,-96.564501306068,0.074671217982,GFN2-xTB_single_point_on_RDKit_MMFF_geometry,success
ERBB2__CHEMBL180022__state02,ERBB2__CHEMBL180022,CHEMBL180022,ERBB2,CHEMBL1142663,2,CCOc1cc2[nH]cc(C#N)c(=Nc3ccc(OCc4ccccn4)c(Cl)c3)c2cc1NC(=O)/C=C/CN(C)C,0,data/quantum/erbB_xyz/ERBB2__CHEMBL180022__state02.xyz,-96.590962921014,0.034467531642,GFN2-xTB_single_point_on_RDKit_MMFF_geometry,success
ERBB2__CHEMBL180022__state03,ERBB2__CHEMBL180022,CHEMBL180022,ERBB2,CHEMBL1142663,3,CCOc1cc2ncc(C#N)c(Nc3ccc(OCc4ccccn4)c(Cl)c3)c2cc1N=C(O)/C=C/CN(C)C,0,data/quantum/erbB_xyz/ERBB2__CHEMBL180022__state03.xyz,-96.584793464819,0.045216873801,GFN2-xTB_single_point_on_RDKit_MMFF_geometry,success
ERBB2__CHEMBL180175__state00,ERBB2__CHEMBL180175,CHEMBL180175,ERBB2,CHEMBL1142663,0,COc1cc2ncc(C#N)c(Nc3ccc(Sc4nccn4C)c(Cl)c3)c2cc1NC(=O)/C=C/CN(C)C,0,data/quantum/erbB_xyz/ERBB2__CHEMBL180175__state00.xyz,-92.392930952874,0.025318869329,GFN2-xTB_single_point_on_RDKit_MMFF_geometry,success
ERBB2__CHEMBL180175__state01,ERBB2__CHEMBL180175,CHEMBL180175,ERBB2,CHEMBL1142663,1,COc1cc2[nH]cc(C#N)c(=Nc3ccc(Sc4nccn4C)c(Cl)c3)c2cc1N=C(O)/C=C/CN(C)C,0,data/quantum/erbB_xyz/ERBB2__CHEMBL180175__state01.xyz,-92.397855725726,0.031886610683,GFN2-xTB_single_point_on_RDKit_MMFF_geometry,success
ERBB2__CHEMBL180175__state02,ERBB2__CHEMBL180175,CHEMBL180175,ERBB2,CHEMBL1142663,2,COc1cc2[nH]cc(C#N)c(=Nc3ccc(Sc4nccn4C)c(Cl)c3)c2cc1NC(=O)/C=C/CN(C)C,0,data/quantum/erbB_xyz/ERBB2__CHEMBL180175__state02.xyz,-92.418533901076,0.025160075620,GFN2-xTB_single_point_on_RDKit_MMFF_geometry,success
ERBB2__CHEMBL180175__state03,ERBB2__CHEMBL180175,CHEMBL180175,ERBB2,CHEMBL1142663,3,COc1cc2ncc(C#N)c(Nc3ccc(Sc4nccn4C)c(Cl)c3)c2cc1N=C(O)/C=C/CN(C)C,0,data/quantum/erbB_xyz/ERBB2__CHEMBL180175__state03.xyz,-92.380343021212,0.010616966279,GFN2-xTB_single_point_on_RDKit_MMFF_geometry,success
ERBB2__CHEMBL180227__state00,ERBB2__CHEMBL180227,CHEMBL180227,ERBB2,CHEMBL1142663,0,COc1cc2ncc(C#N)c(Nc3ccc4c(cnn4Cc4ccccc4)c3)c2cc1NC(=O)/C=C/CN(C)C,0,data/quantum/erbB_xyz/ERBB2__CHEMBL180227__state00.xyz,-92.949408785368,0.025601488351,GFN2-xTB_single_point_on_RDKit_MMFF_geometry,success
ERBB2__CHEMBL180227__state01,ERBB2__CHEMBL180227,CHEMBL180227,ERBB2,CHEMBL1142663,1,COc1cc2[nH]cc(C#N)c(=Nc3ccc4c(cnn4Cc4ccccc4)c3)c2cc1N=C(O)/C=C/CN(C)C,0,data/quantum/erbB_xyz/ERBB2__CHEMBL180227__state01.xyz,-92.943675971519,0.007503731276,GFN2-xTB_single_point_on_RDKit_MMFF_geometry,success
ERBB2__CHEMBL180227__state02,ERBB2__CHEMBL180227,CHEMBL180227,ERBB2,CHEMBL1142663,2,COc1cc2[nH]cc(C#N)c(=Nc3ccc4c(cnn4Cc4ccccc4)c3)c2cc1NC(=O)/C=C/CN(C)C,0,data/quantum/erbB_xyz/ERBB2__CHEMBL180227__state02.xyz,-92.968247148350,0.023302143202,GFN2-xTB_single_point_on_RDKit_MMFF_geometry,success
ERBB2__CHEMBL180227__state03,ERBB2__CHEMBL180227,CHEMBL180227,ERBB2,CHEMBL1142663,3,COc1cc2ncc(C#N)c(Nc3ccc4c(cnn4Cc4ccccc4)c3)c2cc1N=C(O)/C=C/CN(C)C,0,data/quantum/erbB_xyz/ERBB2__CHEMBL180227__state03.xyz,-92.930481383597,0.029585237876,GFN2-xTB_single_point_on_RDKit_MMFF_geometry,success
ERBB2__CHEMBL180415__state00,ERBB2__CHEMBL180415,CHEMBL180415,ERBB2,CHEMBL1142663,0,CCOc1cc2ncc(C#N)c(Nc3ccc(OCc4ccc(Cl)cc4)c(Cl)c3)c2cc1NC(=O)/C=C/CN(C)C,0,data/quantum/erbB_xyz/ERBB2__CHEMBL180415__state00.xyz,-100.330773506933,0.079765111933,GFN2-xTB_single_point_on_RDKit_MMFF_geometry,success
ERBB2__CHEMBL180415__state01,ERBB2__CHEMBL180415,CHEMBL180415,ERBB2,CHEMBL1142663,1,CCOc1cc2[nH]cc(C#N)c(=Nc3ccc(OCc4ccc(Cl)cc4)c(Cl)c3)c2cc1N=C(O)/C=C/CN(C)C,0,data/quantum/erbB_xyz/ERBB2__CHEMBL180415__state01.xyz,-100.273863167095,0.052855280727,GFN2-xTB_single_point_on_RDKit_MMFF_geometry,success
ERBB2__CHEMBL180415__state02,ERBB2__CHEMBL180415,CHEMBL180415,ERBB2,CHEMBL1142663,2,CCOc1cc2[nH]cc(C#N)c(=Nc3ccc(OCc4ccc(Cl)cc4)c(Cl)c3)c2cc1NC(=O)/C=C/CN(C)C,0,data/quantum/erbB_xyz/ERBB2__CHEMBL180415__state02.xyz,-100.292110616154,0.019474644249,GFN2-xTB_single_point_on_RDKit_MMFF_geometry,success
ERBB2__CHEMBL180415__state03,ERBB2__CHEMBL180415,CHEMBL180415,ERBB2,CHEMBL1142663,3,CCOc1cc2ncc(C#N)c(Nc3ccc(OCc4ccc(Cl)cc4)c(Cl)c3)c2cc1N=C(O)/C=C/CN(C)C,0,data/quantum/erbB_xyz/ERBB2__CHEMBL180415__state03.xyz,-100.285875735487,0.044990814995,GFN2-xTB_single_point_on_RDKit_MMFF_geometry,success
ERBB2__CHEMBL180516__state00,ERBB2__CHEMBL180516,CHEMBL180516,ERBB2,CHEMBL1142663,0,CCOc1cc2ncc(C#N)c(Nc3ccc(OCc4ccc(F)cc4)c(Cl)c3)c2cc1NC(=O)/C=C/CN(C)C,0,data/quantum/erbB_xyz/ERBB2__CHEMBL180516__state00.xyz,-100.474061070699,0.098424656488,GFN2-xTB_single_point_on_RDKit_MMFF_geometry,success
ERBB2__CHEMBL180516__state01,ERBB2__CHEMBL180516,CHEMBL180516,ERBB2,CHEMBL1142663,1,CCOc1cc2[nH]cc(C#N)c(=Nc3ccc(OCc4ccc(F)cc4)c(Cl)c3)c2cc1N=C(O)/C=C/CN(C)C,0,data/quantum/erbB_xyz/ERBB2__CHEMBL180516__state01.xyz,-100.461784323972,0.099780656378,GFN2-xTB_single_point_on_RDKit_MMFF_geometry,success
ERBB2__CHEMBL180516__state02,ERBB2__CHEMBL180516,CHEMBL180516,ERBB2,CHEMBL1142663,2,CCOc1cc2[nH]cc(C#N)c(=Nc3ccc(OCc4ccc(F)cc4)c(Cl)c3)c2cc1NC(=O)/C=C/CN(C)C,0,data/quantum/erbB_xyz/ERBB2__CHEMBL180516__state02.xyz,-100.473951389304,0.055314340826,GFN2-xTB_single_point_on_RDKit_MMFF_geometry,success
ERBB2__CHEMBL180516__state03,ERBB2__CHEMBL180516,CHEMBL180516,ERBB2,CHEMBL1142663,3,CCOc1cc2ncc(C#N)c(Nc3ccc(OCc4ccc(F)cc4)c(Cl)c3)c2cc1N=C(O)/C=C/CN(C)C,0,data/quantum/erbB_xyz/ERBB2__CHEMBL180516__state03.xyz,-100.433873927552,0.031869874273,GFN2-xTB_single_point_on_RDKit_MMFF_geometry,success
ERBB2__CHEMBL190094__state00,ERBB2__CHEMBL190094,CHEMBL190094,ERBB2,CHEMBL1141151,0,CN(C)C/C=C/C(=O)Nc1ccc2ncnc(Nc3cc(Cl)c(Cl)cc3F)c2c1,0,data/quantum/erbB_xyz/ERBB2__CHEMBL190094__state00.xyz,-74.163306622912,0.031420743679,GFN2-xTB_single_point_on_RDKit_MMFF_geometry,success
ERBB2__CHEMBL190094__state01,ERBB2__CHEMBL190094,CHEMBL190094,ERBB2,CHEMBL1141151,1,CN(C)C/C=C/C(=O)Nc1ccc2[nH]cnc(=Nc3cc(Cl)c(Cl)cc3F)c2c1,0,data/quantum/erbB_xyz/ERBB2__CHEMBL190094__state01.xyz,-74.164761728145,0.022774533101,GFN2-xTB_single_point_on_RDKit_MMFF_geometry,success
ERBB2__CHEMBL190094__state02,ERBB2__CHEMBL190094,CHEMBL190094,ERBB2,CHEMBL1141151,2,CN(C)C/C=C/C(=O)Nc1ccc2nc[nH]c(=Nc3cc(Cl)c(Cl)cc3F)c2c1,0,data/quantum/erbB_xyz/ERBB2__CHEMBL190094__state02.xyz,-74.165974368404,0.017095323013,GFN2-xTB_single_point_on_RDKit_MMFF_geometry,success
ERBB2__CHEMBL190094__state03,ERBB2__CHEMBL190094,CHEMBL190094,ERBB2,CHEMBL1141151,3,CN(C)C/C=C/C(O)=Nc1ccc2[nH]cnc(=Nc3cc(Cl)c(Cl)cc3F)c2c1,0,data/quantum/erbB_xyz/ERBB2__CHEMBL190094__state03.xyz,-74.146893825832,0.036207629524,GFN2-xTB_single_point_on_RDKit_MMFF_geometry,success
ERBB2__CHEMBL201511__state00,ERBB2__CHEMBL201511,CHEMBL201511,ERBB2,CHEMBL1157465,0,COc1cc(C2=C(c3c[nH]c4ccccc34)C(=O)NC2=O)cc(OC)c1OC,0,data/quantum/erbB_xyz/ERBB2__CHEMBL201511__state00.xyz,-69.887467892063,0.062273357460,GFN2-xTB_single_point_on_RDKit_MMFF_geometry,success
ERBB2__CHEMBL201511__state01,ERBB2__CHEMBL201511,CHEMBL201511,ERBB2,CHEMBL1157465,1,COc1cc(C2=C(C3C=Nc4ccccc43)C(=O)N=C2O)cc(OC)c1OC,0,data/quantum/erbB_xyz/ERBB2__CHEMBL201511__state01.xyz,-69.842291585748,0.018152662628,GFN2-xTB_single_point_on_RDKit_MMFF_geometry,success
ERBB2__CHEMBL201511__state02,ERBB2__CHEMBL201511,CHEMBL201511,ERBB2,CHEMBL1157465,2,COc1cc(C2=C(C3C=Nc4ccccc43)C(=O)NC2=O)cc(OC)c1OC,0,data/quantum/erbB_xyz/ERBB2__CHEMBL201511__state02.xyz,-69.857306263114,0.034033565862,GFN2-xTB_single_point_on_RDKit_MMFF_geometry,success
ERBB2__CHEMBL201511__state03,ERBB2__CHEMBL201511,CHEMBL201511,ERBB2,CHEMBL1157465,3,COc1cc(C2=C(C3C=Nc4ccccc43)C(O)=NC2=O)cc(OC)c1OC,0,data/quantum/erbB_xyz/ERBB2__CHEMBL201511__state03.xyz,-69.830478635525,0.036642201186,GFN2-xTB_single_point_on_RDKit_MMFF_geometry,success
ERBB2__CHEMBL202360__state00,ERBB2__CHEMBL202360,CHEMBL202360,ERBB2,CHEMBL1138126,0,C#CC(=O)Nc1ccc2ncnc(Nc3cccc(Br)c3)c2c1,0,data/quantum/erbB_xyz/ERBB2__CHEMBL202360__state00.xyz,-55.343349501498,0.062159983772,GFN2-xTB_single_point_on_RDKit_MMFF_geometry,success
ERBB2__CHEMBL202360__state01,ERBB2__CHEMBL202360,CHEMBL202360,ERBB2,CHEMBL1138126,1,C#CC(=O)Nc1ccc2[nH]cnc(=Nc3cccc(Br)c3)c2c1,0,data/quantum/erbB_xyz/ERBB2__CHEMBL202360__state01.xyz,-55.350357766065,0.083649062558,GFN2-xTB_single_point_on_RDKit_MMFF_geometry,success
ERBB2__CHEMBL202360__state02,ERBB2__CHEMBL202360,CHEMBL202360,ERBB2,CHEMBL1138126,2,C#CC(=O)Nc1ccc2nc[nH]c(=Nc3cccc(Br)c3)c2c1,0,data/quantum/erbB_xyz/ERBB2__CHEMBL202360__state02.xyz,-55.346920713326,0.053420634684,GFN2-xTB_single_point_on_RDKit_MMFF_geometry,success
ERBB2__CHEMBL202360__state03,ERBB2__CHEMBL202360,CHEMBL202360,ERBB2,CHEMBL1138126,3,C#CC(O)=Nc1ccc2[nH]cnc(=Nc3cccc(Br)c3)c2c1,0,data/quantum/erbB_xyz/ERBB2__CHEMBL202360__state03.xyz,-55.354002029837,0.502266278081,GFN2-xTB_single_point_on_RDKit_MMFF_geometry,success
ERBB2__CHEMBL202398__state00,ERBB2__CHEMBL202398,CHEMBL202398,ERBB2,CHEMBL1138126,0,CCCCN(CC#CC(=O)Nc1ccc2ncnc(Nc3ccc(F)c(Cl)c3)c2c1)CCCC,0,data/quantum/erbB_xyz/ERBB2__CHEMBL202398__state00.xyz,-81.836565085373,0.046005429459,GFN2-xTB_single_point_on_RDKit_MMFF_geometry,success
ERBB2__CHEMBL202398__state01,ERBB2__CHEMBL202398,CHEMBL202398,ERBB2,CHEMBL1138126,1,CCCCN(CC#CC(=O)Nc1ccc2[nH]cnc(=Nc3ccc(F)c(Cl)c3)c2c1)CCCC,0,data/quantum/erbB_xyz/ERBB2__CHEMBL202398__state01.xyz,-81.866223737835,0.060110832515,GFN2-xTB_single_point_on_RDKit_MMFF_geometry,success
ERBB2__CHEMBL202398__state02,ERBB2__CHEMBL202398,CHEMBL202398,ERBB2,CHEMBL1138126,2,CCCCN(CC#CC(=O)Nc1ccc2nc[nH]c(=Nc3ccc(F)c(Cl)c3)c2c1)CCCC,0,data/quantum/erbB_xyz/ERBB2__CHEMBL202398__state02.xyz,-81.875709830620,0.048185451685,GFN2-xTB_single_point_on_RDKit_MMFF_geometry,success
ERBB2__CHEMBL202398__state03,ERBB2__CHEMBL202398,CHEMBL202398,ERBB2,CHEMBL1138126,3,CCCCN(CC#CC(O)=Nc1ccc2[nH]cnc(=Nc3ccc(F)c(Cl)c3)c2c1)CCCC,0,data/quantum/erbB_xyz/ERBB2__CHEMBL202398__state03.xyz,-81.840208789223,0.058370612727,GFN2-xTB_single_point_on_RDKit_MMFF_geometry,success
ERBB2__CHEMBL202411__state00,ERBB2__CHEMBL202411,CHEMBL202411,ERBB2,CHEMBL1138126,0,O=C(C#CCO)Nc1ccc2ncnc(Nc3ccc(F)c(Cl)c3)c2c1,0,data/quantum/erbB_xyz/ERBB2__CHEMBL202411__state00.xyz,-66.756941222063,0.024604539974,GFN2-xTB_single_point_on_RDKit_MMFF_geometry,success
ERBB2__CHEMBL202411__state01,ERBB2__CHEMBL202411,CHEMBL202411,ERBB2,CHEMBL1138126,1,O=C(C#CCO)Nc1ccc2[nH]cnc(=Nc3ccc(F)c(Cl)c3)c2c1,0,data/quantum/erbB_xyz/ERBB2__CHEMBL202411__state01.xyz,-66.762160930415,0.046195349436,GFN2-xTB_single_point_on_RDKit_MMFF_geometry,success
ERBB2__CHEMBL202411__state02,ERBB2__CHEMBL202411,CHEMBL202411,ERBB2,CHEMBL1138126,2,O=C(C#CCO)Nc1ccc2nc[nH]c(=Nc3ccc(F)c(Cl)c3)c2c1,0,data/quantum/erbB_xyz/ERBB2__CHEMBL202411__state02.xyz,-66.759498582870,0.028185206181,GFN2-xTB_single_point_on_RDKit_MMFF_geometry,success
ERBB2__CHEMBL202411__state03,ERBB2__CHEMBL202411,CHEMBL202411,ERBB2,CHEMBL1138126,3,OCC#CC(O)=Nc1ccc2[nH]cnc(=Nc3ccc(F)c(Cl)c3)c2c1,0,data/quantum/erbB_xyz/ERBB2__CHEMBL202411__state03.xyz,-66.748391000542,0.046545722955,GFN2-xTB_single_point_on_RDKit_MMFF_geometry,success
ERBB2__CHEMBL202421__state00,ERBB2__CHEMBL202421,CHEMBL202421,ERBB2,CHEMBL1138126,0,CCCCN(CC#CC(=O)Nc1cc2c(Nc3ccc(F)c(Cl)c3)ncnc2cn1)CCCC,0,data/quantum/erbB_xyz/ERBB2__CHEMBL202421__state00.xyz,-82.712423707238,0.046964567811,GFN2-xTB_single_point_on_RDKit_MMFF_geometry,success
ERBB2__CHEMBL202421__state01,ERBB2__CHEMBL202421,CHEMBL202421,ERBB2,CHEMBL1138126,1,CCCCN(CC#CC(=O)N=c1cc2c(=Nc3ccc(F)c(Cl)c3)[nH]cnc2c[nH]1)CCCC,0,data/quantum/erbB_xyz/ERBB2__CHEMBL202421__state01.xyz,-82.754030808043,0.066817173263,GFN2-xTB_single_point_on_RDKit_MMFF_geometry,success
ERBB2__CHEMBL202421__state02,ERBB2__CHEMBL202421,CHEMBL202421,ERBB2,CHEMBL1138126,2,CCCCN(CC#CC(=O)N=c1cc2c(=Nc3ccc(F)c(Cl)c3)nc[nH]c2c[nH]1)CCCC,0,data/quantum/erbB_xyz/ERBB2__CHEMBL202421__state02.xyz,-82.731937644258,0.036677730846,GFN2-xTB_single_point_on_RDKit_MMFF_geometry,success
ERBB2__CHEMBL202421__state03,ERBB2__CHEMBL202421,CHEMBL202421,ERBB2,CHEMBL1138126,3,CCCCN(CC#CC(=O)N=c1cc2c(Nc3ccc(F)c(Cl)c3)ncnc2c[nH]1)CCCC,0,data/quantum/erbB_xyz/ERBB2__CHEMBL202421__state03.xyz,-82.733249146586,0.020981243860,GFN2-xTB_single_point_on_RDKit_MMFF_geometry,success
ERBB2__CHEMBL202424__state00,ERBB2__CHEMBL202424,CHEMBL202424,ERBB2,CHEMBL1138126,0,CCCCC#CC(=O)Nc1cc2c(Nc3ccc(F)c(Cl)c3)ncnc2cn1,0,data/quantum/erbB_xyz/ERBB2__CHEMBL202424__state00.xyz,-69.666717982666,0.033861426013,GFN2-xTB_single_point_on_RDKit_MMFF_geometry,success
ERBB2__CHEMBL202424__state01,ERBB2__CHEMBL202424,CHEMBL202424,ERBB2,CHEMBL1138126,1,CCCCC#CC(=O)N=c1cc2c(=Nc3ccc(F)c(Cl)c3)[nH]cnc2c[nH]1,0,data/quantum/erbB_xyz/ERBB2__CHEMBL202424__state01.xyz,-69.682978571136,0.052190183756,GFN2-xTB_single_point_on_RDKit_MMFF_geometry,success
ERBB2__CHEMBL202424__state02,ERBB2__CHEMBL202424,CHEMBL202424,ERBB2,CHEMBL1138126,2,CCCCC#CC(=O)N=c1cc2c(=Nc3ccc(F)c(Cl)c3)nc[nH]c2c[nH]1,0,data/quantum/erbB_xyz/ERBB2__CHEMBL202424__state02.xyz,-69.688592005345,0.018259714835,GFN2-xTB_single_point_on_RDKit_MMFF_geometry,success
ERBB2__CHEMBL202424__state03,ERBB2__CHEMBL202424,CHEMBL202424,ERBB2,CHEMBL1138126,3,CCCCC#CC(=O)N=c1cc2c(Nc3ccc(F)c(Cl)c3)ncnc2c[nH]1,0,data/quantum/erbB_xyz/ERBB2__CHEMBL202424__state03.xyz,-69.672878213677,0.059590272142,GFN2-xTB_single_point_on_RDKit_MMFF_geometry,success
ERBB2__CHEMBL202425__state00,ERBB2__CHEMBL202425,CHEMBL202425,ERBB2,CHEMBL1138126,0,CCN(CC)CC#CC(=O)Nc1cc2c(Nc3ccc(F)c(Cl)c3)ncnc2cn1,0,data/quantum/erbB_xyz/ERBB2__CHEMBL202425__state00.xyz,-74.533627216191,0.042070872930,GFN2-xTB_single_point_on_RDKit_MMFF_geometry,success
ERBB2__CHEMBL202425__state01,ERBB2__CHEMBL202425,CHEMBL202425,ERBB2,CHEMBL1138126,1,CCN(CC)CC#CC(=O)N=c1cc2c(=Nc3ccc(F)c(Cl)c3)[nH]cnc2c[nH]1,0,data/quantum/erbB_xyz/ERBB2__CHEMBL202425__state01.xyz,-74.552288410974,0.072882681826,GFN2-xTB_single_point_on_RDKit_MMFF_geometry,success
ERBB2__CHEMBL202425__state02,ERBB2__CHEMBL202425,CHEMBL202425,ERBB2,CHEMBL1138126,2,CCN(CC)CC#CC(=O)N=c1cc2c(=Nc3ccc(F)c(Cl)c3)nc[nH]c2c[nH]1,0,data/quantum/erbB_xyz/ERBB2__CHEMBL202425__state02.xyz,-74.554083358608,0.036549217386,GFN2-xTB_single_point_on_RDKit_MMFF_geometry,success
ERBB2__CHEMBL202425__state03,ERBB2__CHEMBL202425,CHEMBL202425,ERBB2,CHEMBL1138126,3,CCN(CC)CC#CC(=O)N=c1cc2c(Nc3ccc(F)c(Cl)c3)ncnc2c[nH]1,0,data/quantum/erbB_xyz/ERBB2__CHEMBL202425__state03.xyz,-74.551157014680,0.036002711933,GFN2-xTB_single_point_on_RDKit_MMFF_geometry,success
ERBB2__CHEMBL202556__state00,ERBB2__CHEMBL202556,CHEMBL202556,ERBB2,CHEMBL1138126,0,O=C(C#CCN1CCOCC1)Nc1cc2c(Nc3ccc(F)c(Cl)c3)ncnc2cn1,0,data/quantum/erbB_xyz/ERBB2__CHEMBL202556__state00.xyz,-78.692993992817,0.040140084588,GFN2-xTB_single_point_on_RDKit_MMFF_geometry,success
ERBB2__CHEMBL202556__state01,ERBB2__CHEMBL202556,CHEMBL202556,ERBB2,CHEMBL1138126,1,O=C(C#CCN1CCOCC1)N=c1cc2c(=Nc3ccc(F)c(Cl)c3)[nH]cnc2c[nH]1,0,data/quantum/erbB_xyz/ERBB2__CHEMBL202556__state01.xyz,-78.713249343548,0.013682819441,GFN2-xTB_single_point_on_RDKit_MMFF_geometry,success
ERBB2__CHEMBL202556__state02,ERBB2__CHEMBL202556,CHEMBL202556,ERBB2,CHEMBL1138126,2,O=C(C#CCN1CCOCC1)N=c1cc2c(=Nc3ccc(F)c(Cl)c3)nc[nH]c2c[nH]1,0,data/quantum/erbB_xyz/ERBB2__CHEMBL202556__state02.xyz,-78.704610059377,0.025161005658,GFN2-xTB_single_point_on_RDKit_MMFF_geometry,success
ERBB2__CHEMBL202556__state03,ERBB2__CHEMBL202556,CHEMBL202556,ERBB2,CHEMBL1138126,3,O=C(C#CCN1CCOCC1)N=c1cc2c(Nc3ccc(F)c(Cl)c3)ncnc2c[nH]1,0,data/quantum/erbB_xyz/ERBB2__CHEMBL202556__state03.xyz,-78.703375350686,0.022426450022,GFN2-xTB_single_point_on_RDKit_MMFF_geometry,success
ERBB2__CHEMBL202621__state00,ERBB2__CHEMBL202621,CHEMBL202621,ERBB2,CHEMBL1138126,0,O=C(C#CCN1CCOCC1)Nc1ccc2ncnc(Nc3ccc(F)c(Cl)c3)c2c1,0,data/quantum/erbB_xyz/ERBB2__CHEMBL202621__state00.xyz,-77.830166785061,0.043549061464,GFN2-xTB_single_point_on_RDKit_MMFF_geometry,success
ERBB2__CHEMBL202621__state01,ERBB2__CHEMBL202621,CHEMBL202621,ERBB2,CHEMBL1138126,1,O=C(C#CCN1CCOCC1)Nc1ccc2[nH]cnc(=Nc3ccc(F)c(Cl)c3)c2c1,0,data/quantum/erbB_xyz/ERBB2__CHEMBL202621__state01.xyz,-77.836523654868,0.025680888148,GFN2-xTB_single_point_on_RDKit_MMFF_geometry,success
ERBB2__CHEMBL202621__state02,ERBB2__CHEMBL202621,CHEMBL202621,ERBB2,CHEMBL1138126,2,O=C(C#CCN1CCOCC1)Nc1ccc2nc[nH]c(=Nc3ccc(F)c(Cl)c3)c2c1,0,data/quantum/erbB_xyz/ERBB2__CHEMBL202621__state02.xyz,-77.829370305987,0.015015934103,GFN2-xTB_single_point_on_RDKit_MMFF_geometry,success
ERBB2__CHEMBL202621__state03,ERBB2__CHEMBL202621,CHEMBL202621,ERBB2,CHEMBL1138126,3,OC(C#CCN1CCOCC1)=Nc1ccc2[nH]cnc(=Nc3ccc(F)c(Cl)c3)c2c1,0,data/quantum/erbB_xyz/ERBB2__CHEMBL202621__state03.xyz,-77.840331810634,0.027100815737,GFN2-xTB_single_point_on_RDKit_MMFF_geometry,success
ERBB2__CHEMBL203599__state00,ERBB2__CHEMBL203599,CHEMBL203599,ERBB2,CHEMBL1138126,0,CN1CCN(CCC#CC(=O)Nc2cc3c(Nc4ccc(F)c(Cl)c4)ncnc3cn2)CC1,0,data/quantum/erbB_xyz/ERBB2__CHEMBL203599__state00.xyz,-81.564647091354,0.039032931590,GFN2-xTB_single_point_on_RDKit_MMFF_geometry,success
ERBB2__CHEMBL203599__state01,ERBB2__CHEMBL203599,CHEMBL203599,ERBB2,CHEMBL1138126,1,CN1CCN(CCC#CC(=O)N=c2cc3c(=Nc4ccc(F)c(Cl)c4)[nH]cnc3c[nH]2)CC1,0,data/quantum/erbB_xyz/ERBB2__CHEMBL203599__state01.xyz,-81.596500948301,0.062394968380,GFN2-xTB_single_point_on_RDKit_MMFF_geometry,success
ERBB2__CHEMBL203599__state02,ERBB2__CHEMBL203599,CHEMBL203599,ERBB2,CHEMBL1138126,2,CN1CCN(CCC#CC(=O)N=c2cc3c(=Nc4ccc(F)c(Cl)c4)nc[nH]c3c[nH]2)CC1,0,data/quantum/erbB_xyz/ERBB2__CHEMBL203599__state02.xyz,-81.605520770638,0.051148613111,GFN2-xTB_single_point_on_RDKit_MMFF_geometry,success
ERBB2__CHEMBL203599__state03,ERBB2__CHEMBL203599,CHEMBL203599,ERBB2,CHEMBL1138126,3,CN1CCN(CCC#CC(=O)N=c2cc3c(Nc4ccc(F)c(Cl)c4)ncnc3c[nH]2)CC1,0,data/quantum/erbB_xyz/ERBB2__CHEMBL203599__state03.xyz,-81.592059640523,0.027748948909,GFN2-xTB_single_point_on_RDKit_MMFF_geometry,success
ERBB2__CHEMBL203644__state00,ERBB2__CHEMBL203644,CHEMBL203644,ERBB2,CHEMBL1138126,0,CC#CC(=O)Nc1cc2c(Nc3ccc(F)c(Cl)c3)ncnc2cn1,0,data/quantum/erbB_xyz/ERBB2__CHEMBL203644__state00.xyz,-63.517599445538,0.156078065008,GFN2-xTB_single_point_on_RDKit_MMFF_geometry,success
ERBB2__CHEMBL203644__state01,ERBB2__CHEMBL203644,CHEMBL203644,ERBB2,CHEMBL1138126,1,CC#CC(=O)N=c1cc2c(=Nc3ccc(F)c(Cl)c3)[nH]cnc2c[nH]1,0,data/quantum/erbB_xyz/ERBB2__CHEMBL203644__state01.xyz,-63.527429602779,0.049853874936,GFN2-xTB_single_point_on_RDKit_MMFF_geometry,success
ERBB2__CHEMBL203644__state02,ERBB2__CHEMBL203644,CHEMBL203644,ERBB2,CHEMBL1138126,2,CC#CC(=O)N=c1cc2c(=Nc3ccc(F)c(Cl)c3)nc[nH]c2c[nH]1,0,data/quantum/erbB_xyz/ERBB2__CHEMBL203644__state02.xyz,-63.536943755730,0.057362893532,GFN2-xTB_single_point_on_RDKit_MMFF_geometry,success
ERBB2__CHEMBL203644__state03,ERBB2__CHEMBL203644,CHEMBL203644,ERBB2,CHEMBL1138126,3,CC#CC(=O)N=c1cc2c(Nc3ccc(F)c(Cl)c3)ncnc2c[nH]1,0,data/quantum/erbB_xyz/ERBB2__CHEMBL203644__state03.xyz,-63.531917980107,0.146863184131,GFN2-xTB_single_point_on_RDKit_MMFF_geometry,success
ERBB2__CHEMBL203645__state00,ERBB2__CHEMBL203645,CHEMBL203645,ERBB2,CHEMBL1138126,0,CCCC#CC(=O)Nc1cc2c(Nc3ccc(F)c(Cl)c3)ncnc2cn1,0,data/quantum/erbB_xyz/ERBB2__CHEMBL203645__state00.xyz,-67.625136071843,0.057421972203,GFN2-xTB_single_point_on_RDKit_MMFF_geometry,success
ERBB2__CHEMBL203645__state01,ERBB2__CHEMBL203645,CHEMBL203645,ERBB2,CHEMBL1138126,1,CCCC#CC(=O)N=c1cc2c(=Nc3ccc(F)c(Cl)c3)[nH]cnc2c[nH]1,0,data/quantum/erbB_xyz/ERBB2__CHEMBL203645__state01.xyz,-67.642294062985,0.021175068776,GFN2-xTB_single_point_on_RDKit_MMFF_geometry,success
ERBB2__CHEMBL203645__state02,ERBB2__CHEMBL203645,CHEMBL203645,ERBB2,CHEMBL1138126,2,CCCC#CC(=O)N=c1cc2c(=Nc3ccc(F)c(Cl)c3)nc[nH]c2c[nH]1,0,data/quantum/erbB_xyz/ERBB2__CHEMBL203645__state02.xyz,-67.642820026695,0.113751268941,GFN2-xTB_single_point_on_RDKit_MMFF_geometry,success
ERBB2__CHEMBL203645__state03,ERBB2__CHEMBL203645,CHEMBL203645,ERBB2,CHEMBL1138126,3,CCCC#CC(=O)N=c1cc2c(Nc3ccc(F)c(Cl)c3)ncnc2c[nH]1,0,data/quantum/erbB_xyz/ERBB2__CHEMBL203645__state03.xyz,-67.640861040350,0.074668469992,GFN2-xTB_single_point_on_RDKit_MMFF_geometry,success
ERBB2__CHEMBL203661__state00,ERBB2__CHEMBL203661,CHEMBL203661,ERBB2,CHEMBL1138126,0,O=C(C#CCCN1CCOCC1)Nc1cc2c(Nc3ccc(F)c(Cl)c3)ncnc2cn1,0,data/quantum/erbB_xyz/ERBB2__CHEMBL203661__state00.xyz,-80.755433950869,0.047535894284,GFN2-xTB_single_point_on_RDKit_MMFF_geometry,success
ERBB2__CHEMBL203661__state01,ERBB2__CHEMBL203661,CHEMBL203661,ERBB2,CHEMBL1138126,1,O=C(C#CCCN1CCOCC1)N=c1cc2c(=Nc3ccc(F)c(Cl)c3)[nH]cnc2c[nH]1,0,data/quantum/erbB_xyz/ERBB2__CHEMBL203661__state01.xyz,-80.759967008702,0.048129256314,GFN2-xTB_single_point_on_RDKit_MMFF_geometry,success
ERBB2__CHEMBL203661__state02,ERBB2__CHEMBL203661,CHEMBL203661,ERBB2,CHEMBL1138126,2,O=C(C#CCCN1CCOCC1)N=c1cc2c(=Nc3ccc(F)c(Cl)c3)nc[nH]c2c[nH]1,0,data/quantum/erbB_xyz/ERBB2__CHEMBL203661__state02.xyz,-80.785941011611,0.050187734191,GFN2-xTB_single_point_on_RDKit_MMFF_geometry,success
ERBB2__CHEMBL203661__state03,ERBB2__CHEMBL203661,CHEMBL203661,ERBB2,CHEMBL1138126,3,O=C(C#CCCN1CCOCC1)N=c1cc2c(Nc3ccc(F)c(Cl)c3)ncnc2c[nH]1,0,data/quantum/erbB_xyz/ERBB2__CHEMBL203661__state03.xyz,-80.766976710403,0.038225039992,GFN2-xTB_single_point_on_RDKit_MMFF_geometry,success
ERBB2__CHEMBL204085__state00,ERBB2__CHEMBL204085,CHEMBL204085,ERBB2,CHEMBL1138126,0,O=C(C#CCCN1CCOCC1)Nc1ccc2ncnc(Nc3ccc(F)c(Cl)c3)c2c1,0,data/quantum/erbB_xyz/ERBB2__CHEMBL204085__state00.xyz,-79.878894374034,0.044453807043,GFN2-xTB_single_point_on_RDKit_MMFF_geometry,success
ERBB2__CHEMBL204085__state01,ERBB2__CHEMBL204085,CHEMBL204085,ERBB2,CHEMBL1138126,1,O=C(C#CCCN1CCOCC1)Nc1ccc2[nH]cnc(=Nc3ccc(F)c(Cl)c3)c2c1,0,data/quantum/erbB_xyz/ERBB2__CHEMBL204085__state01.xyz,-79.867232667941,0.022583695239,GFN2-xTB_single_point_on_RDKit_MMFF_geometry,success
ERBB2__CHEMBL204085__state02,ERBB2__CHEMBL204085,CHEMBL204085,ERBB2,CHEMBL1138126,2,O=C(C#CCCN1CCOCC1)Nc1ccc2nc[nH]c(=Nc3ccc(F)c(Cl)c3)c2c1,0,data/quantum/erbB_xyz/ERBB2__CHEMBL204085__state02.xyz,-79.878112323112,0.018061742598,GFN2-xTB_single_point_on_RDKit_MMFF_geometry,success
ERBB2__CHEMBL204085__state03,ERBB2__CHEMBL204085,CHEMBL204085,ERBB2,CHEMBL1138126,3,OC(C#CCCN1CCOCC1)=Nc1ccc2[nH]cnc(=Nc3ccc(F)c(Cl)c3)c2c1,0,data/quantum/erbB_xyz/ERBB2__CHEMBL204085__state03.xyz,-79.858961215065,0.029664770780,GFN2-xTB_single_point_on_RDKit_MMFF_geometry,success
ERBB2__CHEMBL204638__state00,ERBB2__CHEMBL204638,CHEMBL204638,ERBB2,CHEMBL1138126,0,O=C(C#CCCN1CCOCC1)Nc1cc2c(Nc3ccc(F)c(Br)c3)ncnc2cn1,0,data/quantum/erbB_xyz/ERBB2__CHEMBL204638__state00.xyz,-80.283879515589,0.046364354871,GFN2-xTB_single_point_on_RDKit_MMFF_geometry,success
ERBB2__CHEMBL204638__state01,ERBB2__CHEMBL204638,CHEMBL204638,ERBB2,CHEMBL1138126,1,O=C(C#CCCN1CCOCC1)N=c1cc2c(=Nc3ccc(F)c(Br)c3)[nH]cnc2c[nH]1,0,data/quantum/erbB_xyz/ERBB2__CHEMBL204638__state01.xyz,-80.302081799264,0.032627537066,GFN2-xTB_single_point_on_RDKit_MMFF_geometry,success
ERBB2__CHEMBL204638__state02,ERBB2__CHEMBL204638,CHEMBL204638,ERBB2,CHEMBL1138126,2,O=C(C#CCCN1CCOCC1)N=c1cc2c(=Nc3ccc(F)c(Br)c3)nc[nH]c2c[nH]1,0,data/quantum/erbB_xyz/ERBB2__CHEMBL204638__state02.xyz,-80.301357158504,0.016127145447,GFN2-xTB_single_point_on_RDKit_MMFF_geometry,success
ERBB2__CHEMBL204638__state03,ERBB2__CHEMBL204638,CHEMBL204638,ERBB2,CHEMBL1138126,3,O=C(C#CCCN1CCOCC1)N=c1cc2c(Nc3ccc(F)c(Br)c3)ncnc2c[nH]1,0,data/quantum/erbB_xyz/ERBB2__CHEMBL204638__state03.xyz,-80.290545489996,0.016440221915,GFN2-xTB_single_point_on_RDKit_MMFF_geometry,success
ERBB2__CHEMBL205059__state00,ERBB2__CHEMBL205059,CHEMBL205059,ERBB2,CHEMBL1138126,0,O=C(C#CCCN1CCCCC1)Nc1cc2c(Nc3ccc(F)c(Cl)c3)ncnc2cn1,0,data/quantum/erbB_xyz/ERBB2__CHEMBL205059__state00.xyz,-78.782087517139,0.048050163597,GFN2-xTB_single_point_on_RDKit_MMFF_geometry,success
ERBB2__CHEMBL205059__state01,ERBB2__CHEMBL205059,CHEMBL205059,ERBB2,CHEMBL1138126,1,O=C(C#CCCN1CCCCC1)N=c1cc2c(=Nc3ccc(F)c(Cl)c3)[nH]cnc2c[nH]1,0,data/quantum/erbB_xyz/ERBB2__CHEMBL205059__state01.xyz,-78.820747612960,0.074644369490,GFN2-xTB_single_point_on_RDKit_MMFF_geometry,success
ERBB2__CHEMBL205059__state02,ERBB2__CHEMBL205059,CHEMBL205059,ERBB2,CHEMBL1138126,2,O=C(C#CCCN1CCCCC1)N=c1cc2c(=Nc3ccc(F)c(Cl)c3)nc[nH]c2c[nH]1,0,data/quantum/erbB_xyz/ERBB2__CHEMBL205059__state02.xyz,-78.798650267233,0.059219359448,GFN2-xTB_single_point_on_RDKit_MMFF_geometry,success
ERBB2__CHEMBL205059__state03,ERBB2__CHEMBL205059,CHEMBL205059,ERBB2,CHEMBL1138126,3,O=C(C#CCCN1CCCCC1)N=c1cc2c(Nc3ccc(F)c(Cl)c3)ncnc2c[nH]1,0,data/quantum/erbB_xyz/ERBB2__CHEMBL205059__state03.xyz,-78.742482297330,0.041075925763,GFN2-xTB_single_point_on_RDKit_MMFF_geometry,success
ERBB2__CHEMBL2112990__state00,ERBB2__CHEMBL2112990,CHEMBL2112990,ERBB2,CHEMBL1142663,0,CCOc1cc2ncc(C#N)c(Nc3ccc(OCc4ccccc4)c(Cl)c3)c2cc1NC(=O)/C=C/CN(C)NC[C@H](O)[C@@H](O)[C@H](O)[C@H](O)CO,0,data/quantum/erbB_xyz/ERBB2__CHEMBL2112990__state00.xyz,-129.114433799663,0.004376028790,GFN2-xTB_single_point_on_RDKit_MMFF_geometry,success
ERBB2__CHEMBL2112990__state01,ERBB2__CHEMBL2112990,CHEMBL2112990,ERBB2,CHEMBL1142663,1,CCOc1cc2[nH]cc(C#N)c(=Nc3ccc(OCc4ccccc4)c(Cl)c3)c2cc1N=C(O)/C=C/CN(C)NC[C@H](O)[C@@H](O)[C@H](O)[C@H](O)CO,0,data/quantum/erbB_xyz/ERBB2__CHEMBL2112990__state01.xyz,-129.076168040324,0.014163268145,GFN2-xTB_single_point_on_RDKit_MMFF_geometry,success
ERBB2__CHEMBL2112990__state02,ERBB2__CHEMBL2112990,CHEMBL2112990,ERBB2,CHEMBL1142663,2,CCOc1cc2[nH]cc(C#N)c(=Nc3ccc(OCc4ccccc4)c(Cl)c3)c2cc1NC(=O)/C=C/CN(C)NC[C@H](O)[C@@H](O)[C@H](O)[C@H](O)CO,0,data/quantum/erbB_xyz/ERBB2__CHEMBL2112990__state02.xyz,-129.130306431826,0.052512304264,GFN2-xTB_single_point_on_RDKit_MMFF_geometry,success
ERBB2__CHEMBL2112990__state03,ERBB2__CHEMBL2112990,CHEMBL2112990,ERBB2,CHEMBL1142663,3,CCOc1cc2ncc(C#N)c(Nc3ccc(OCc4ccccc4)c(Cl)c3)c2cc1N=C(O)/C=C/CN(C)NC[C@H](O)[C@@H](O)[C@H](O)[C@H](O)CO,0,data/quantum/erbB_xyz/ERBB2__CHEMBL2112990__state03.xyz,-129.058271987329,0.014846054602,GFN2-xTB_single_point_on_RDKit_MMFF_geometry,success
ERBB2__CHEMBL264382__state00,ERBB2__CHEMBL264382,CHEMBL264382,ERBB2,CHEMBL1134862,0,Cc1cc(C(=O)NCCN2CCOCC2)[nH]c1/C=C1\C(=O)Nc2ncnc(Nc3ccc4c(ccn4Cc4ccccc4)c3)c21,0,data/quantum/erbB_xyz/ERBB2__CHEMBL264382__state00.xyz,-106.200294917852,0.014373840732,GFN2-xTB_single_point_on_RDKit_MMFF_geometry,success
ERBB2__CHEMBL264382__state01,ERBB2__CHEMBL264382,CHEMBL264382,ERBB2,CHEMBL1134862,1,C=c1cc(C(=O)NCCN2CCOCC2)[nH]c1=Cc1c(O)[nH]c2ncnc(Nc3ccc4c(ccn4Cc4ccccc4)c3)c12,0,data/quantum/erbB_xyz/ERBB2__CHEMBL264382__state01.xyz,-106.174232197020,0.010602413285,GFN2-xTB_single_point_on_RDKit_MMFF_geometry,success
ERBB2__CHEMBL264382__state02,ERBB2__CHEMBL264382,CHEMBL264382,ERBB2,CHEMBL1134862,2,CC1=CC(=C(O)NCCN2CCOCC2)N=C1C=C1C(=O)Nc2ncnc(Nc3ccc4c(ccn4Cc4ccccc4)c3)c21,0,data/quantum/erbB_xyz/ERBB2__CHEMBL264382__state02.xyz,-106.168128042451,0.005480026289,GFN2-xTB_single_point_on_RDKit_MMFF_geometry,success
ERBB2__CHEMBL264382__state03,ERBB2__CHEMBL264382,CHEMBL264382,ERBB2,CHEMBL1134862,3,CC1=CC(C(=O)NCCN2CCOCC2)=NC1=CC1C(=O)Nc2ncnc(Nc3ccc4c(ccn4Cc4ccccc4)c3)c21,0,data/quantum/erbB_xyz/ERBB2__CHEMBL264382__state03.xyz,-106.131014756458,0.009834802977,GFN2-xTB_single_point_on_RDKit_MMFF_geometry,success
ERBB2__CHEMBL275762__state00,ERBB2__CHEMBL275762,CHEMBL275762,ERBB2,CHEMBL1141151,0,O=C(CCl)Nc1ccc2ncnc(Nc3cc(Cl)c(Cl)cc3F)c2c1,0,data/quantum/erbB_xyz/ERBB2__CHEMBL275762__state00.xyz,-67.689093391605,0.022501148935,GFN2-xTB_single_point_on_RDKit_MMFF_geometry,success
ERBB2__CHEMBL275762__state01,ERBB2__CHEMBL275762,CHEMBL275762,ERBB2,CHEMBL1141151,1,O=C(CCl)Nc1ccc2[nH]cnc(=Nc3cc(Cl)c(Cl)cc3F)c2c1,0,data/quantum/erbB_xyz/ERBB2__CHEMBL275762__state01.xyz,-67.700976960524,0.024626333600,GFN2-xTB_single_point_on_RDKit_MMFF_geometry,success
ERBB2__CHEMBL275762__state02,ERBB2__CHEMBL275762,CHEMBL275762,ERBB2,CHEMBL1141151,2,O=C(CCl)Nc1ccc2nc[nH]c(=Nc3cc(Cl)c(Cl)cc3F)c2c1,0,data/quantum/erbB_xyz/ERBB2__CHEMBL275762__state02.xyz,-67.697535286747,0.012737226991,GFN2-xTB_single_point_on_RDKit_MMFF_geometry,success
ERBB2__CHEMBL275762__state03,ERBB2__CHEMBL275762,CHEMBL275762,ERBB2,CHEMBL1141151,3,OC(=CCl)Nc1ccc2[nH]cnc(=Nc3cc(Cl)c(Cl)cc3F)c2c1,0,data/quantum/erbB_xyz/ERBB2__CHEMBL275762__state03.xyz,-67.682308612741,0.067972611995,GFN2-xTB_single_point_on_RDKit_MMFF_geometry,success
ERBB2__CHEMBL27685__state00,ERBB2__CHEMBL27685,CHEMBL27685,ERBB2,CHEMBL1133162,0,C=CC(=O)Nc1cc2c(Nc3ccc(F)c(Br)c3)ncnc2cc1OCCCN1CCOCC1,0,data/quantum/erbB_xyz/ERBB2__CHEMBL27685__state00.xyz,-85.443266694698,0.007302523511,GFN2-xTB_single_point_on_RDKit_MMFF_geometry,success
ERBB2__CHEMBL27685__state01,ERBB2__CHEMBL27685,CHEMBL27685,ERBB2,CHEMBL1133162,1,C=CC(=O)Nc1cc2c(=Nc3ccc(F)c(Br)c3)[nH]cnc2cc1OCCCN1CCOCC1,0,data/quantum/erbB_xyz/ERBB2__CHEMBL27685__state01.xyz,-85.462808612851,0.004187381557,GFN2-xTB_single_point_on_RDKit_MMFF_geometry,success
ERBB2__CHEMBL27685__state02,ERBB2__CHEMBL27685,CHEMBL27685,ERBB2,CHEMBL1133162,2,C=CC(=O)Nc1cc2c(=Nc3ccc(F)c(Br)c3)nc[nH]c2cc1OCCCN1CCOCC1,0,data/quantum/erbB_xyz/ERBB2__CHEMBL27685__state02.xyz,-85.441307633879,0.018220189203,GFN2-xTB_single_point_on_RDKit_MMFF_geometry,success
ERBB2__CHEMBL27685__state03,ERBB2__CHEMBL27685,CHEMBL27685,ERBB2,CHEMBL1133162,3,C=CC(O)=Nc1cc2c(=Nc3ccc(F)c(Br)c3)[nH]cnc2cc1OCCCN1CCOCC1,0,data/quantum/erbB_xyz/ERBB2__CHEMBL27685__state03.xyz,-85.436474657550,0.067226528674,GFN2-xTB_single_point_on_RDKit_MMFF_geometry,success
ERBB2__CHEMBL280757__state00,ERBB2__CHEMBL280757,CHEMBL280757,ERBB2,CHEMBL1133162,0,C=CC(=O)Nc1ccc2ncnc(Nc3ccc(F)c(Br)c3)c2c1,0,data/quantum/erbB_xyz/ERBB2__CHEMBL280757__state00.xyz,-60.076875978334,0.055279335054,GFN2-xTB_single_point_on_RDKit_MMFF_geometry,success
ERBB2__CHEMBL280757__state01,ERBB2__CHEMBL280757,CHEMBL280757,ERBB2,CHEMBL1133162,1,C=CC(=O)Nc1ccc2[nH]cnc(=Nc3ccc(F)c(Br)c3)c2c1,0,data/quantum/erbB_xyz/ERBB2__CHEMBL280757__state01.xyz,-60.084322673135,0.028157229198,GFN2-xTB_single_point_on_RDKit_MMFF_geometry,success
ERBB2__CHEMBL280757__state02,ERBB2__CHEMBL280757,CHEMBL280757,ERBB2,CHEMBL1133162,2,C=CC(=O)Nc1ccc2nc[nH]c(=Nc3ccc(F)c(Br)c3)c2c1,0,data/quantum/erbB_xyz/ERBB2__CHEMBL280757__state02.xyz,-60.086555837654,0.013059047806,GFN2-xTB_single_point_on_RDKit_MMFF_geometry,success
ERBB2__CHEMBL280757__state03,ERBB2__CHEMBL280757,CHEMBL280757,ERBB2,CHEMBL1133162,3,C=CC(O)=Nc1ccc2[nH]cnc(=Nc3ccc(F)c(Br)c3)c2c1,0,data/quantum/erbB_xyz/ERBB2__CHEMBL280757__state03.xyz,-60.077826015304,0.046370128692,GFN2-xTB_single_point_on_RDKit_MMFF_geometry,success
ERBB2__CHEMBL28418__state00,ERBB2__CHEMBL28418,CHEMBL28418,ERBB2,CHEMBL1133162,0,C=CC(=O)Nc1ccc2ncnc(Nc3ccc(F)c(Cl)c3)c2n1,0,data/quantum/erbB_xyz/ERBB2__CHEMBL28418__state00.xyz,-61.424269055538,0.016682023775,GFN2-xTB_single_point_on_RDKit_MMFF_geometry,success
ERBB2__CHEMBL28418__state01,ERBB2__CHEMBL28418,CHEMBL28418,ERBB2,CHEMBL1133162,1,C=CC(=O)N=c1ccc2[nH]cnc(=Nc3ccc(F)c(Cl)c3)c2[nH]1,0,data/quantum/erbB_xyz/ERBB2__CHEMBL28418__state01.xyz,-61.436550971155,0.032927034985,GFN2-xTB_single_point_on_RDKit_MMFF_geometry,success
ERBB2__CHEMBL28418__state02,ERBB2__CHEMBL28418,CHEMBL28418,ERBB2,CHEMBL1133162,2,C=CC(=O)N=c1ccc2nc[nH]c(=Nc3ccc(F)c(Cl)c3)c2[nH]1,0,data/quantum/erbB_xyz/ERBB2__CHEMBL28418__state02.xyz,-61.434500645415,0.082623819587,GFN2-xTB_single_point_on_RDKit_MMFF_geometry,success
ERBB2__CHEMBL28418__state03,ERBB2__CHEMBL28418,CHEMBL28418,ERBB2,CHEMBL1133162,3,C=CC(=O)N=c1ccc2ncnc(Nc3ccc(F)c(Cl)c3)c2[nH]1,0,data/quantum/erbB_xyz/ERBB2__CHEMBL28418__state03.xyz,-61.429649209223,0.033724259687,GFN2-xTB_single_point_on_RDKit_MMFF_geometry,success
ERBB2__CHEMBL284326__state00,ERBB2__CHEMBL284326,CHEMBL284326,ERBB2,CHEMBL1133162,0,C=CC(=O)Nc1nc2c(Nc3ccc(F)c(Cl)c3)ncnc2cc1OCCCN1CCN(C)CC1,0,data/quantum/erbB_xyz/ERBB2__CHEMBL284326__state00.xyz,-87.604227392176,0.049038794989,GFN2-xTB_single_point_on_RDKit_MMFF_geometry,success
ERBB2__CHEMBL284326__state01,ERBB2__CHEMBL284326,CHEMBL284326,ERBB2,CHEMBL1133162,1,C=CC(=O)N=c1[nH]c2c(=Nc3ccc(F)c(Cl)c3)[nH]cnc2cc1OCCCN1CCN(C)CC1,0,data/quantum/erbB_xyz/ERBB2__CHEMBL284326__state01.xyz,-87.601178306566,0.029034397206,GFN2-xTB_single_point_on_RDKit_MMFF_geometry,success
ERBB2__CHEMBL284326__state02,ERBB2__CHEMBL284326,CHEMBL284326,ERBB2,CHEMBL1133162,2,C=CC(=O)N=c1[nH]c2c(=Nc3ccc(F)c(Cl)c3)nc[nH]c2cc1OCCCN1CCN(C)CC1,0,data/quantum/erbB_xyz/ERBB2__CHEMBL284326__state02.xyz,-87.646655371028,0.062023755337,GFN2-xTB_single_point_on_RDKit_MMFF_geometry,success
ERBB2__CHEMBL284326__state03,ERBB2__CHEMBL284326,CHEMBL284326,ERBB2,CHEMBL1133162,3,C=CC(=O)N=c1[nH]c2c(Nc3ccc(F)c(Cl)c3)ncnc2cc1OCCCN1CCN(C)CC1,0,data/quantum/erbB_xyz/ERBB2__CHEMBL284326__state03.xyz,-87.619227204428,0.022367128496,GFN2-xTB_single_point_on_RDKit_MMFF_geometry,success
ERBB2__CHEMBL285063__state00,ERBB2__CHEMBL285063,CHEMBL285063,ERBB2,CHEMBL1133162,0,C=CC(=O)Nc1ccc2ncnc(Nc3cccc(Br)c3)c2c1,0,data/quantum/erbB_xyz/ERBB2__CHEMBL285063__state00.xyz,-55.288966411843,0.080600274236,GFN2-xTB_single_point_on_RDKit_MMFF_geometry,success
ERBB2__CHEMBL285063__state01,ERBB2__CHEMBL285063,CHEMBL285063,ERBB2,CHEMBL1133162,1,C=CC(=O)Nc1ccc2[nH]cnc(=Nc3cccc(Br)c3)c2c1,0,data/quantum/erbB_xyz/ERBB2__CHEMBL285063__state01.xyz,-55.313503390040,0.026485401550,GFN2-xTB_single_point_on_RDKit_MMFF_geometry,success
ERBB2__CHEMBL285063__state02,ERBB2__CHEMBL285063,CHEMBL285063,ERBB2,CHEMBL1133162,2,C=CC(=O)Nc1ccc2nc[nH]c(=Nc3cccc(Br)c3)c2c1,0,data/quantum/erbB_xyz/ERBB2__CHEMBL285063__state02.xyz,-55.305523088283,0.038874554687,GFN2-xTB_single_point_on_RDKit_MMFF_geometry,success
ERBB2__CHEMBL285063__state03,ERBB2__CHEMBL285063,CHEMBL285063,ERBB2,CHEMBL1133162,3,C=CC(O)=Nc1ccc2[nH]cnc(=Nc3cccc(Br)c3)c2c1,0,data/quantum/erbB_xyz/ERBB2__CHEMBL285063__state03.xyz,-55.292453680439,0.132037484401,GFN2-xTB_single_point_on_RDKit_MMFF_geometry,success
ERBB2__CHEMBL291986__state00,ERBB2__CHEMBL291986,CHEMBL291986,ERBB2,CHEMBL1125266,0,N#C/C(=C\c1ccc(O)c(O)c1)C(=O)N1CCN(c2ccccc2)CC1,0,data/quantum/erbB_xyz/ERBB2__CHEMBL291986__state00.xyz,-62.448395207821,0.106854544647,GFN2-xTB_single_point_on_RDKit_MMFF_geometry,success
ERBB2__CHEMBL291986__state01,ERBB2__CHEMBL291986,CHEMBL291986,ERBB2,CHEMBL1125266,1,N#CC(=CC1=CC(=O)C(O)C=C1)C(=O)N1CCN(c2ccccc2)CC1,0,data/quantum/erbB_xyz/ERBB2__CHEMBL291986__state01.xyz,-62.468990853214,0.060922012270,GFN2-xTB_single_point_on_RDKit_MMFF_geometry,success
ERBB2__CHEMBL291986__state02,ERBB2__CHEMBL291986,CHEMBL291986,ERBB2,CHEMBL1125266,2,N#CC(=CC1=CC(O)C(=O)C=C1)C(=O)N1CCN(c2ccccc2)CC1,0,data/quantum/erbB_xyz/ERBB2__CHEMBL291986__state02.xyz,-62.462497643308,0.081977613015,GFN2-xTB_single_point_on_RDKit_MMFF_geometry,success
ERBB2__CHEMBL291986__state03,ERBB2__CHEMBL291986,CHEMBL291986,ERBB2,CHEMBL1125266,3,N#CC(=CC1=CCC(=O)C(=O)C1)C(=O)N1CCN(c2ccccc2)CC1,0,data/quantum/erbB_xyz/ERBB2__CHEMBL291986__state03.xyz,-62.488002778434,0.084577716277,GFN2-xTB_single_point_on_RDKit_MMFF_geometry,success
ERBB2__CHEMBL293749__state00,ERBB2__CHEMBL293749,CHEMBL293749,ERBB2,CHEMBL1136802,0,N#C/C(=C\c1ccc(O)c(O)c1)C(=O)NCCc1ccccc1,0,data/quantum/erbB_xyz/ERBB2__CHEMBL293749__state00.xyz,-55.440489255201,0.073749712767,GFN2-xTB_single_point_on_RDKit_MMFF_geometry,success
ERBB2__CHEMBL293749__state01,ERBB2__CHEMBL293749,CHEMBL293749,ERBB2,CHEMBL1136802,1,N#CC(=CC1=CC(=O)C(O)C=C1)C(=O)NCCc1ccccc1,0,data/quantum/erbB_xyz/ERBB2__CHEMBL293749__state01.xyz,-55.435352489925,0.048665494560,GFN2-xTB_single_point_on_RDKit_MMFF_geometry,success
ERBB2__CHEMBL293749__state02,ERBB2__CHEMBL293749,CHEMBL293749,ERBB2,CHEMBL1136802,2,N#CC(=CC1=CC(=O)C(O)C=C1)C(O)=NCCc1ccccc1,0,data/quantum/erbB_xyz/ERBB2__CHEMBL293749__state02.xyz,-55.417949295762,0.030833694257,GFN2-xTB_single_point_on_RDKit_MMFF_geometry,success
ERBB2__CHEMBL293749__state03,ERBB2__CHEMBL293749,CHEMBL293749,ERBB2,CHEMBL1136802,3,N#CC(=CC1=CC(O)C(=O)C=C1)C(=O)NCCc1ccccc1,0,data/quantum/erbB_xyz/ERBB2__CHEMBL293749__state03.xyz,-55.422264488011,0.054471795193,GFN2-xTB_single_point_on_RDKit_MMFF_geometry,success
ERBB2__CHEMBL305194__state00,ERBB2__CHEMBL305194,CHEMBL305194,ERBB2,CHEMBL1134862,0,Cc1cc(C(=O)O)[nH]c1/C=C1\C(=O)Nc2ncnc(Nc3ccc(F)c(Cl)c3)c21,0,data/quantum/erbB_xyz/ERBB2__CHEMBL305194__state00.xyz,-75.870278176624,0.034025334370,GFN2-xTB_single_point_on_RDKit_MMFF_geometry,success
ERBB2__CHEMBL305194__state01,ERBB2__CHEMBL305194,CHEMBL305194,ERBB2,CHEMBL1134862,1,C=c1cc(C(=O)O)[nH]c1=Cc1c(O)[nH]c2ncnc(Nc3ccc(F)c(Cl)c3)c12,0,data/quantum/erbB_xyz/ERBB2__CHEMBL305194__state01.xyz,-75.861998703190,0.090432064521,GFN2-xTB_single_point_on_RDKit_MMFF_geometry,success
ERBB2__CHEMBL305194__state02,ERBB2__CHEMBL305194,CHEMBL305194,ERBB2,CHEMBL1134862,2,CC1=CC(=C(O)O)N=C1C=C1C(=O)Nc2ncnc(Nc3ccc(F)c(Cl)c3)c21,0,data/quantum/erbB_xyz/ERBB2__CHEMBL305194__state02.xyz,-75.837048332696,0.038758519649,GFN2-xTB_single_point_on_RDKit_MMFF_geometry,success
ERBB2__CHEMBL305194__state03,ERBB2__CHEMBL305194,CHEMBL305194,ERBB2,CHEMBL1134862,3,CC1=CC(C(=O)O)=NC1=CC1C(=O)Nc2ncnc(Nc3ccc(F)c(Cl)c3)c21,0,data/quantum/erbB_xyz/ERBB2__CHEMBL305194__state03.xyz,-75.833256821099,0.081154262518,GFN2-xTB_single_point_on_RDKit_MMFF_geometry,success
ERBB2__CHEMBL305246__state00,ERBB2__CHEMBL305246,CHEMBL305246,ERBB2,CHEMBL1134862,0,Cc1cc(C(=O)N2CCN(C)CC2)[nH]c1/C=C1\C(=O)Nc2ncnc(Nc3ccc(F)c(Cl)c3)c21,0,data/quantum/erbB_xyz/ERBB2__CHEMBL305246__state00.xyz,-87.809195353307,0.010479182953,GFN2-xTB_single_point_on_RDKit_MMFF_geometry,success
ERBB2__CHEMBL305246__state01,ERBB2__CHEMBL305246,CHEMBL305246,ERBB2,CHEMBL1134862,1,C=c1cc(C(=O)N2CCN(C)CC2)[nH]c1=Cc1c(O)[nH]c2ncnc(Nc3ccc(F)c(Cl)c3)c12,0,data/quantum/erbB_xyz/ERBB2__CHEMBL305246__state01.xyz,-87.819867302547,0.026556195198,GFN2-xTB_single_point_on_RDKit_MMFF_geometry,success
ERBB2__CHEMBL305246__state02,ERBB2__CHEMBL305246,CHEMBL305246,ERBB2,CHEMBL1134862,2,CC1=CC(=C(O)N2CCN(C)CC2)N=C1C=C1C(=O)Nc2ncnc(Nc3ccc(F)c(Cl)c3)c21,0,data/quantum/erbB_xyz/ERBB2__CHEMBL305246__state02.xyz,-87.789967547084,0.021783689864,GFN2-xTB_single_point_on_RDKit_MMFF_geometry,success
ERBB2__CHEMBL305246__state03,ERBB2__CHEMBL305246,CHEMBL305246,ERBB2,CHEMBL1134862,3,CC1=CC(C(=O)N2CCN(C)CC2)=NC1=CC1C(=O)Nc2ncnc(Nc3ccc(F)c(Cl)c3)c21,0,data/quantum/erbB_xyz/ERBB2__CHEMBL305246__state03.xyz,-87.788320272668,0.021639956780,GFN2-xTB_single_point_on_RDKit_MMFF_geometry,success
ERBB2__CHEMBL31373__state00,ERBB2__CHEMBL31373,CHEMBL31373,ERBB2,CHEMBL1133162,0,C=CC(=O)Nc1ccc2ncnc(Nc3ccc(F)c(Cl)c3)c2c1,0,data/quantum/erbB_xyz/ERBB2__CHEMBL31373__state00.xyz,-60.548806076121,0.055705766341,GFN2-xTB_single_point_on_RDKit_MMFF_geometry,success
ERBB2__CHEMBL31373__state01,ERBB2__CHEMBL31373,CHEMBL31373,ERBB2,CHEMBL1133162,1,C=CC(=O)Nc1ccc2[nH]cnc(=Nc3ccc(F)c(Cl)c3)c2c1,0,data/quantum/erbB_xyz/ERBB2__CHEMBL31373__state01.xyz,-60.559329196747,0.029223531863,GFN2-xTB_single_point_on_RDKit_MMFF_geometry,success
ERBB2__CHEMBL31373__state02,ERBB2__CHEMBL31373,CHEMBL31373,ERBB2,CHEMBL1133162,2,C=CC(=O)Nc1ccc2nc[nH]c(=Nc3ccc(F)c(Cl)c3)c2c1,0,data/quantum/erbB_xyz/ERBB2__CHEMBL31373__state02.xyz,-60.558108614411,0.015424432808,GFN2-xTB_single_point_on_RDKit_MMFF_geometry,success
ERBB2__CHEMBL31373__state03,ERBB2__CHEMBL31373,CHEMBL31373,ERBB2,CHEMBL1133162,3,C=CC(O)=Nc1ccc2[nH]cnc(=Nc3ccc(F)c(Cl)c3)c2c1,0,data/quantum/erbB_xyz/ERBB2__CHEMBL31373__state03.xyz,-60.549387235634,0.047088309414,GFN2-xTB_single_point_on_RDKit_MMFF_geometry,success
ERBB2__CHEMBL314021__state00,ERBB2__CHEMBL314021,CHEMBL314021,ERBB2,CHEMBL1131018,0,CN1C(=O)/C(=C\c2ccc(Br)cc2)c2ccccc21,0,data/quantum/erbB_xyz/ERBB2__CHEMBL314021__state00.xyz,-44.441223725552,0.017911831482,GFN2-xTB_single_point_on_RDKit_MMFF_geometry,success
ERBB2__CHEMBL31419__state00,ERBB2__CHEMBL31419,CHEMBL31419,ERBB2,CHEMBL1133162,0,C=CC(=O)Nc1cc2c(Nc3cccc(Br)c3)ncnc2cc1OCCCN1CCOCC1,0,data/quantum/erbB_xyz/ERBB2__CHEMBL31419__state00.xyz,-80.648138557900,0.005158039198,GFN2-xTB_single_point_on_RDKit_MMFF_geometry,success
ERBB2__CHEMBL31419__state01,ERBB2__CHEMBL31419,CHEMBL31419,ERBB2,CHEMBL1133162,1,C=CC(=O)Nc1cc2c(=Nc3cccc(Br)c3)[nH]cnc2cc1OCCCN1CCOCC1,0,data/quantum/erbB_xyz/ERBB2__CHEMBL31419__state01.xyz,-80.655919229379,0.025839140121,GFN2-xTB_single_point_on_RDKit_MMFF_geometry,success
ERBB2__CHEMBL31419__state02,ERBB2__CHEMBL31419,CHEMBL31419,ERBB2,CHEMBL1133162,2,C=CC(=O)Nc1cc2c(=Nc3cccc(Br)c3)nc[nH]c2cc1OCCCN1CCOCC1,0,data/quantum/erbB_xyz/ERBB2__CHEMBL31419__state02.xyz,-80.664421034297,0.038615711381,GFN2-xTB_single_point_on_RDKit_MMFF_geometry,success
ERBB2__CHEMBL31419__state03,ERBB2__CHEMBL31419,CHEMBL31419,ERBB2,CHEMBL1133162,3,C=CC(O)=Nc1cc2c(=Nc3cccc(Br)c3)[nH]cnc2cc1OCCCN1CCOCC1,0,data/quantum/erbB_xyz/ERBB2__CHEMBL31419__state03.xyz,-80.641045286581,0.051942306355,GFN2-xTB_single_point_on_RDKit_MMFF_geometry,success
ERBB2__CHEMBL315546__state00,ERBB2__CHEMBL315546,CHEMBL315546,ERBB2,CHEMBL1131018,0,O=CN1CCN(c2ccc(/C=C3\C(=O)Nc4ccccc43)cc2)CC1,0,data/quantum/erbB_xyz/ERBB2__CHEMBL315546__state00.xyz,-58.485714996652,0.028769054127,GFN2-xTB_single_point_on_RDKit_MMFF_geometry,success
ERBB2__CHEMBL315546__state01,ERBB2__CHEMBL315546,CHEMBL315546,ERBB2,CHEMBL1131018,1,O=CN1CCN(c2ccc(/C=C3\C(O)=Nc4ccccc43)cc2)CC1,0,data/quantum/erbB_xyz/ERBB2__CHEMBL315546__state01.xyz,-58.466597509905,0.057950187531,GFN2-xTB_single_point_on_RDKit_MMFF_geometry,success
ERBB2__CHEMBL315701__state00,ERBB2__CHEMBL315701,CHEMBL315701,ERBB2,CHEMBL1131018,0,O=C1Nc2ccccc2/C1=C/c1ccc(N2CCCCC2)cc1,0,data/quantum/erbB_xyz/ERBB2__CHEMBL315701__state00.xyz,-51.447799524093,0.028630620517,GFN2-xTB_single_point_on_RDKit_MMFF_geometry,success
ERBB2__CHEMBL315701__state01,ERBB2__CHEMBL315701,CHEMBL315701,ERBB2,CHEMBL1131018,1,OC1=Nc2ccccc2/C1=C/c1ccc(N2CCCCC2)cc1,0,data/quantum/erbB_xyz/ERBB2__CHEMBL315701__state01.xyz,-51.432151655365,0.031073902086,GFN2-xTB_single_point_on_RDKit_MMFF_geometry,success
ERBB2__CHEMBL31656__state00,ERBB2__CHEMBL31656,CHEMBL31656,ERBB2,CHEMBL1133162,0,C=CC(=O)Nc1nc2c(Nc3ccc(F)c(Cl)c3)ncnc2cc1OCCCN1CCOCC1,0,data/quantum/erbB_xyz/ERBB2__CHEMBL31656__state00.xyz,-86.790305477369,0.026474523305,GFN2-xTB_single_point_on_RDKit_MMFF_geometry,success
ERBB2__CHEMBL31656__state01,ERBB2__CHEMBL31656,CHEMBL31656,ERBB2,CHEMBL1133162,1,C=CC(=O)N=c1[nH]c2c(=Nc3ccc(F)c(Cl)c3)[nH]cnc2cc1OCCCN1CCOCC1,0,data/quantum/erbB_xyz/ERBB2__CHEMBL31656__state01.xyz,-86.774636989274,0.026974948605,GFN2-xTB_single_point_on_RDKit_MMFF_geometry,success
ERBB2__CHEMBL31656__state02,ERBB2__CHEMBL31656,CHEMBL31656,ERBB2,CHEMBL1133162,2,C=CC(=O)N=c1[nH]c2c(=Nc3ccc(F)c(Cl)c3)nc[nH]c2cc1OCCCN1CCOCC1,0,data/quantum/erbB_xyz/ERBB2__CHEMBL31656__state02.xyz,-86.784981782043,0.015801822053,GFN2-xTB_single_point_on_RDKit_MMFF_geometry,success
ERBB2__CHEMBL31656__state03,ERBB2__CHEMBL31656,CHEMBL31656,ERBB2,CHEMBL1133162,3,C=CC(=O)N=c1[nH]c2c(Nc3ccc(F)c(Cl)c3)ncnc2cc1OCCCN1CCOCC1,0,data/quantum/erbB_xyz/ERBB2__CHEMBL31656__state03.xyz,-86.786264729611,0.023772174150,GFN2-xTB_single_point_on_RDKit_MMFF_geometry,success
ERBB2__CHEMBL31815__state00,ERBB2__CHEMBL31815,CHEMBL31815,ERBB2,CHEMBL1132213,0,C=CC(=O)Nc1ccc2ncnc(Nc3cccc(C)c3)c2c1,0,data/quantum/erbB_xyz/ERBB2__CHEMBL31815__state00.xyz,-53.153798133199,0.033754896924,GFN2-xTB_single_point_on_RDKit_MMFF_geometry,success
ERBB2__CHEMBL31815__state01,ERBB2__CHEMBL31815,CHEMBL31815,ERBB2,CHEMBL1132213,1,C=CC(=O)Nc1ccc2[nH]cnc(=Nc3cccc(C)c3)c2c1,0,data/quantum/erbB_xyz/ERBB2__CHEMBL31815__state01.xyz,-53.164403370269,0.046031441702,GFN2-xTB_single_point_on_RDKit_MMFF_geometry,success
ERBB2__CHEMBL31815__state02,ERBB2__CHEMBL31815,CHEMBL31815,ERBB2,CHEMBL1132213,2,C=CC(=O)Nc1ccc2nc[nH]c(=Nc3cccc(C)c3)c2c1,0,data/quantum/erbB_xyz/ERBB2__CHEMBL31815__state02.xyz,-53.169755614847,0.051518863510,GFN2-xTB_single_point_on_RDKit_MMFF_geometry,success
ERBB2__CHEMBL31815__state03,ERBB2__CHEMBL31815,CHEMBL31815,ERBB2,CHEMBL1132213,3,C=CC(O)=Nc1ccc2[nH]cnc(=Nc3cccc(C)c3)c2c1,0,data/quantum/erbB_xyz/ERBB2__CHEMBL31815__state03.xyz,-53.143830918422,0.047839572721,GFN2-xTB_single_point_on_RDKit_MMFF_geometry,success
ERBB2__CHEMBL31816__state00,ERBB2__CHEMBL31816,CHEMBL31816,ERBB2,CHEMBL1133162,0,C=CC(=O)Nc1nc2c(Nc3ccc(F)c(Cl)c3)ncnc2cc1OC,0,data/quantum/erbB_xyz/ERBB2__CHEMBL31816__state00.xyz,-67.510569516341,0.040479188979,GFN2-xTB_single_point_on_RDKit_MMFF_geometry,success
ERBB2__CHEMBL31816__state01,ERBB2__CHEMBL31816,CHEMBL31816,ERBB2,CHEMBL1133162,1,C=CC(=O)N=c1[nH]c2c(=Nc3ccc(F)c(Cl)c3)[nH]cnc2cc1OC,0,data/quantum/erbB_xyz/ERBB2__CHEMBL31816__state01.xyz,-67.528450854780,0.026751386751,GFN2-xTB_single_point_on_RDKit_MMFF_geometry,success
ERBB2__CHEMBL31816__state02,ERBB2__CHEMBL31816,CHEMBL31816,ERBB2,CHEMBL1133162,2,C=CC(=O)N=c1[nH]c2c(=Nc3ccc(F)c(Cl)c3)nc[nH]c2cc1OC,0,data/quantum/erbB_xyz/ERBB2__CHEMBL31816__state02.xyz,-67.530495452723,0.023528697851,GFN2-xTB_single_point_on_RDKit_MMFF_geometry,success
ERBB2__CHEMBL31816__state03,ERBB2__CHEMBL31816,CHEMBL31816,ERBB2,CHEMBL1133162,3,C=CC(=O)N=c1[nH]c2c(Nc3ccc(F)c(Cl)c3)ncnc2cc1OC,0,data/quantum/erbB_xyz/ERBB2__CHEMBL31816__state03.xyz,-67.518769661503,0.027833180552,GFN2-xTB_single_point_on_RDKit_MMFF_geometry,success
ERBB2__CHEMBL31965__state00,ERBB2__CHEMBL31965,CHEMBL31965,ERBB2,CHEMBL1154498,0,C=CC(=O)Nc1cc2c(Nc3ccc(F)c(Cl)c3)ncnc2cc1OCCCN1CCOCC1,0,data/quantum/erbB_xyz/ERBB2__CHEMBL31965__state00.xyz,-85.907984844992,0.009544622834,GFN2-xTB_single_point_on_RDKit_MMFF_geometry,success
ERBB2__CHEMBL31965__state01,ERBB2__CHEMBL31965,CHEMBL31965,ERBB2,CHEMBL1154498,1,C=CC(=O)Nc1cc2c(=Nc3ccc(F)c(Cl)c3)[nH]cnc2cc1OCCCN1CCOCC1,0,data/quantum/erbB_xyz/ERBB2__CHEMBL31965__state01.xyz,-85.929832013736,0.009538589729,GFN2-xTB_single_point_on_RDKit_MMFF_geometry,success
ERBB2__CHEMBL31965__state02,ERBB2__CHEMBL31965,CHEMBL31965,ERBB2,CHEMBL1154498,2,C=CC(=O)Nc1cc2c(=Nc3ccc(F)c(Cl)c3)nc[nH]c2cc1OCCCN1CCOCC1,0,data/quantum/erbB_xyz/ERBB2__CHEMBL31965__state02.xyz,-85.912765332026,0.019995932980,GFN2-xTB_single_point_on_RDKit_MMFF_geometry,success
ERBB2__CHEMBL31965__state03,ERBB2__CHEMBL31965,CHEMBL31965,ERBB2,CHEMBL1154498,3,C=CC(O)=Nc1cc2c(=Nc3ccc(F)c(Cl)c3)[nH]cnc2cc1OCCCN1CCOCC1,0,data/quantum/erbB_xyz/ERBB2__CHEMBL31965__state03.xyz,-85.908144776880,0.067138196133,GFN2-xTB_single_point_on_RDKit_MMFF_geometry,success
ERBB2__CHEMBL326100__state00,ERBB2__CHEMBL326100,CHEMBL326100,ERBB2,CHEMBL1136802,0,COc1cc(/C=C(\C#N)C(N)=O)cc(CSCc2ccccc2Cl)c1O,0,data/quantum/erbB_xyz/ERBB2__CHEMBL326100__state00.xyz,-65.263072553555,0.026511524789,GFN2-xTB_single_point_on_RDKit_MMFF_geometry,success
ERBB2__CHEMBL326100__state01,ERBB2__CHEMBL326100,CHEMBL326100,ERBB2,CHEMBL1136802,1,COC1=CC(=CC(C#N)=C(N)O)C=C(CSCc2ccccc2Cl)C1=O,0,data/quantum/erbB_xyz/ERBB2__CHEMBL326100__state01.xyz,-65.272282624769,0.024737481097,GFN2-xTB_single_point_on_RDKit_MMFF_geometry,success
ERBB2__CHEMBL326100__state02,ERBB2__CHEMBL326100,CHEMBL326100,ERBB2,CHEMBL1136802,2,COC1=CC(=CC(C#N)C(=N)O)C=C(CSCc2ccccc2Cl)C1=O,0,data/quantum/erbB_xyz/ERBB2__CHEMBL326100__state02.xyz,-65.271080634472,0.016008022594,GFN2-xTB_single_point_on_RDKit_MMFF_geometry,success
ERBB2__CHEMBL326100__state03,ERBB2__CHEMBL326100,CHEMBL326100,ERBB2,CHEMBL1136802,3,COC1=CC(=CC(C#N)C(N)=O)C=C(CSCc2ccccc2Cl)C1=O,0,data/quantum/erbB_xyz/ERBB2__CHEMBL326100__state03.xyz,-65.260549592234,0.007460812261,GFN2-xTB_single_point_on_RDKit_MMFF_geometry,success
ERBB2__CHEMBL326280__state00,ERBB2__CHEMBL326280,CHEMBL326280,ERBB2,CHEMBL1145020,0,COCC#CC(=O)Nc1cc2c(Nc3cccc(Br)c3)c(C#N)cnc2cc1OC,0,data/quantum/erbB_xyz/ERBB2__CHEMBL326280__state00.xyz,-73.825514007536,0.037685285659,GFN2-xTB_single_point_on_RDKit_MMFF_geometry,success
ERBB2__CHEMBL326280__state01,ERBB2__CHEMBL326280,CHEMBL326280,ERBB2,CHEMBL1145020,1,COCC#CC(=O)Nc1cc2c(=Nc3cccc(Br)c3)c(C#N)c[nH]c2cc1OC,0,data/quantum/erbB_xyz/ERBB2__CHEMBL326280__state01.xyz,-73.841314067473,0.021677700951,GFN2-xTB_single_point_on_RDKit_MMFF_geometry,success
ERBB2__CHEMBL326280__state02,ERBB2__CHEMBL326280,CHEMBL326280,ERBB2,CHEMBL1145020,2,COCC#CC(O)=Nc1cc2c(=Nc3cccc(Br)c3)c(C#N)c[nH]c2cc1OC,0,data/quantum/erbB_xyz/ERBB2__CHEMBL326280__state02.xyz,-73.818956663584,0.019239097391,GFN2-xTB_single_point_on_RDKit_MMFF_geometry,success
ERBB2__CHEMBL326280__state03,ERBB2__CHEMBL326280,CHEMBL326280,ERBB2,CHEMBL1145020,3,COCC#CC(O)=Nc1cc2c(Nc3cccc(Br)c3)c(C#N)cnc2cc1OC,0,data/quantum/erbB_xyz/ERBB2__CHEMBL326280__state03.xyz,-73.805904578904,0.028145889813,GFN2-xTB_single_point_on_RDKit_MMFF_geometry,success
ERBB2__CHEMBL327838__state00,ERBB2__CHEMBL327838,CHEMBL327838,ERBB2,CHEMBL1134561,0,COCCOCC#CC(=O)Nc1ccc2ncnc(Nc3cccc(Br)c3)c2c1,0,data/quantum/erbB_xyz/ERBB2__CHEMBL327838__state00.xyz,-71.587997822243,0.081048028342,GFN2-xTB_single_point_on_RDKit_MMFF_geometry,success
ERBB2__CHEMBL327838__state01,ERBB2__CHEMBL327838,CHEMBL327838,ERBB2,CHEMBL1134561,1,COCCOCC#CC(=O)Nc1ccc2[nH]cnc(=Nc3cccc(Br)c3)c2c1,0,data/quantum/erbB_xyz/ERBB2__CHEMBL327838__state01.xyz,-71.649499268269,0.049211618970,GFN2-xTB_single_point_on_RDKit_MMFF_geometry,success
ERBB2__CHEMBL327838__state02,ERBB2__CHEMBL327838,CHEMBL327838,ERBB2,CHEMBL1134561,2,COCCOCC#CC(=O)Nc1ccc2nc[nH]c(=Nc3cccc(Br)c3)c2c1,0,data/quantum/erbB_xyz/ERBB2__CHEMBL327838__state02.xyz,-71.623735567383,0.041936473705,GFN2-xTB_single_point_on_RDKit_MMFF_geometry,success
ERBB2__CHEMBL327838__state03,ERBB2__CHEMBL327838,CHEMBL327838,ERBB2,CHEMBL1134561,3,COCCOCC#CC(O)=Nc1ccc2[nH]cnc(=Nc3cccc(Br)c3)c2c1,0,data/quantum/erbB_xyz/ERBB2__CHEMBL327838__state03.xyz,-71.617329437792,0.077398517952,GFN2-xTB_single_point_on_RDKit_MMFF_geometry,success
ERBB2__CHEMBL328245__state00,ERBB2__CHEMBL328245,CHEMBL328245,ERBB2,CHEMBL1134561,0,CCCN(CC#CC(=O)Nc1ccc2ncnc(Nc3cccc(Br)c3)c2c1)CCC,0,data/quantum/erbB_xyz/ERBB2__CHEMBL328245__state00.xyz,-72.518038296234,0.035094525691,GFN2-xTB_single_point_on_RDKit_MMFF_geometry,success
ERBB2__CHEMBL328245__state01,ERBB2__CHEMBL328245,CHEMBL328245,ERBB2,CHEMBL1134561,1,CCCN(CC#CC(=O)Nc1ccc2[nH]cnc(=Nc3cccc(Br)c3)c2c1)CCC,0,data/quantum/erbB_xyz/ERBB2__CHEMBL328245__state01.xyz,-72.524231947896,0.043207552355,GFN2-xTB_single_point_on_RDKit_MMFF_geometry,success
ERBB2__CHEMBL328245__state02,ERBB2__CHEMBL328245,CHEMBL328245,ERBB2,CHEMBL1134561,2,CCCN(CC#CC(=O)Nc1ccc2nc[nH]c(=Nc3cccc(Br)c3)c2c1)CCC,0,data/quantum/erbB_xyz/ERBB2__CHEMBL328245__state02.xyz,-72.523172255810,0.035633241880,GFN2-xTB_single_point_on_RDKit_MMFF_geometry,success
ERBB2__CHEMBL328245__state03,ERBB2__CHEMBL328245,CHEMBL328245,ERBB2,CHEMBL1134561,3,CCCN(CC#CC(O)=Nc1ccc2[nH]cnc(=Nc3cccc(Br)c3)c2c1)CCC,0,data/quantum/erbB_xyz/ERBB2__CHEMBL328245__state03.xyz,-72.513891521391,0.045535982484,GFN2-xTB_single_point_on_RDKit_MMFF_geometry,success
ERBB2__CHEMBL328704__state00,ERBB2__CHEMBL328704,CHEMBL328704,ERBB2,CHEMBL1134561,0,CCN(CC)CC#CC(=O)Nc1ccc2ncnc(Nc3cccc(Br)c3)c2c1,0,data/quantum/erbB_xyz/ERBB2__CHEMBL328704__state00.xyz,-68.411470930888,0.023434521102,GFN2-xTB_single_point_on_RDKit_MMFF_geometry,success
ERBB2__CHEMBL328704__state01,ERBB2__CHEMBL328704,CHEMBL328704,ERBB2,CHEMBL1134561,1,CCN(CC)CC#CC(=O)Nc1ccc2[nH]cnc(=Nc3cccc(Br)c3)c2c1,0,data/quantum/erbB_xyz/ERBB2__CHEMBL328704__state01.xyz,-68.431640861454,0.016800001251,GFN2-xTB_single_point_on_RDKit_MMFF_geometry,success
ERBB2__CHEMBL328704__state02,ERBB2__CHEMBL328704,CHEMBL328704,ERBB2,CHEMBL1134561,2,CCN(CC)CC#CC(=O)Nc1ccc2nc[nH]c(=Nc3cccc(Br)c3)c2c1,0,data/quantum/erbB_xyz/ERBB2__CHEMBL328704__state02.xyz,-68.424594416810,0.014633860870,GFN2-xTB_single_point_on_RDKit_MMFF_geometry,success
ERBB2__CHEMBL328704__state03,ERBB2__CHEMBL328704,CHEMBL328704,ERBB2,CHEMBL1134561,3,CCN(CC)CC#CC(O)=Nc1ccc2[nH]cnc(=Nc3cccc(Br)c3)c2c1,0,data/quantum/erbB_xyz/ERBB2__CHEMBL328704__state03.xyz,-68.415144877059,0.046010362813,GFN2-xTB_single_point_on_RDKit_MMFF_geometry,success
ERBB2__CHEMBL328977__state00,ERBB2__CHEMBL328977,CHEMBL328977,ERBB2,CHEMBL1134561,0,O=C(C#CCN1CCSCC1)Nc1ccc2ncnc(Nc3cccc(Br)c3)c2c1,0,data/quantum/erbB_xyz/ERBB2__CHEMBL328977__state00.xyz,-71.786043759507,0.034382172854,GFN2-xTB_single_point_on_RDKit_MMFF_geometry,success
ERBB2__CHEMBL328977__state01,ERBB2__CHEMBL328977,CHEMBL328977,ERBB2,CHEMBL1134561,1,O=C(C#CCN1CCSCC1)Nc1ccc2[nH]cnc(=Nc3cccc(Br)c3)c2c1,0,data/quantum/erbB_xyz/ERBB2__CHEMBL328977__state01.xyz,-71.784517132587,0.071213641582,GFN2-xTB_single_point_on_RDKit_MMFF_geometry,success
ERBB2__CHEMBL328977__state02,ERBB2__CHEMBL328977,CHEMBL328977,ERBB2,CHEMBL1134561,2,O=C(C#CCN1CCSCC1)Nc1ccc2nc[nH]c(=Nc3cccc(Br)c3)c2c1,0,data/quantum/erbB_xyz/ERBB2__CHEMBL328977__state02.xyz,-71.782504682578,0.061647563482,GFN2-xTB_single_point_on_RDKit_MMFF_geometry,success
ERBB2__CHEMBL328977__state03,ERBB2__CHEMBL328977,CHEMBL328977,ERBB2,CHEMBL1134561,3,OC(C#CCN1CCSCC1)=Nc1ccc2[nH]cnc(=Nc3cccc(Br)c3)c2c1,0,data/quantum/erbB_xyz/ERBB2__CHEMBL328977__state03.xyz,-71.788426658817,0.049025771595,GFN2-xTB_single_point_on_RDKit_MMFF_geometry,success
ERBB2__CHEMBL329642__state00,ERBB2__CHEMBL329642,CHEMBL329642,ERBB2,CHEMBL1134561,0,C/C=C\C(=O)Nc1ccc2ncnc(Nc3cccc(Br)c3)c2c1,0,data/quantum/erbB_xyz/ERBB2__CHEMBL329642__state00.xyz,-57.342433962441,0.157929310651,GFN2-xTB_single_point_on_RDKit_MMFF_geometry,success
ERBB2__CHEMBL329642__state01,ERBB2__CHEMBL329642,CHEMBL329642,ERBB2,CHEMBL1134561,1,C/C=C\C(=O)Nc1ccc2[nH]cnc(=Nc3cccc(Br)c3)c2c1,0,data/quantum/erbB_xyz/ERBB2__CHEMBL329642__state01.xyz,-57.359426861323,0.304490286811,GFN2-xTB_single_point_on_RDKit_MMFF_geometry,success
ERBB2__CHEMBL329642__state02,ERBB2__CHEMBL329642,CHEMBL329642,ERBB2,CHEMBL1134561,2,C/C=C\C(=O)Nc1ccc2nc[nH]c(=Nc3cccc(Br)c3)c2c1,0,data/quantum/erbB_xyz/ERBB2__CHEMBL329642__state02.xyz,-57.356467024851,0.168338680237,GFN2-xTB_single_point_on_RDKit_MMFF_geometry,success
ERBB2__CHEMBL329642__state03,ERBB2__CHEMBL329642,CHEMBL329642,ERBB2,CHEMBL1134561,3,C/C=C\C(O)=Nc1ccc2[nH]cnc(=Nc3cccc(Br)c3)c2c1,0,data/quantum/erbB_xyz/ERBB2__CHEMBL329642__state03.xyz,-57.335961707293,0.084705920530,GFN2-xTB_single_point_on_RDKit_MMFF_geometry,success
ERBB2__CHEMBL329856__state00,ERBB2__CHEMBL329856,CHEMBL329856,ERBB2,CHEMBL1134561,0,CN(C)CC#CC(=O)Nc1ccc2ncnc(Nc3cccc(Br)c3)c2c1,0,data/quantum/erbB_xyz/ERBB2__CHEMBL329856__state00.xyz,-64.329258367536,0.036354006039,GFN2-xTB_single_point_on_RDKit_MMFF_geometry,success
ERBB2__CHEMBL329856__state01,ERBB2__CHEMBL329856,CHEMBL329856,ERBB2,CHEMBL1134561,1,CN(C)CC#CC(=O)Nc1ccc2[nH]cnc(=Nc3cccc(Br)c3)c2c1,0,data/quantum/erbB_xyz/ERBB2__CHEMBL329856__state01.xyz,-64.339845375150,0.055922647671,GFN2-xTB_single_point_on_RDKit_MMFF_geometry,success
ERBB2__CHEMBL329856__state02,ERBB2__CHEMBL329856,CHEMBL329856,ERBB2,CHEMBL1134561,2,CN(C)CC#CC(=O)Nc1ccc2nc[nH]c(=Nc3cccc(Br)c3)c2c1,0,data/quantum/erbB_xyz/ERBB2__CHEMBL329856__state02.xyz,-64.331650515899,0.043231499707,GFN2-xTB_single_point_on_RDKit_MMFF_geometry,success
ERBB2__CHEMBL329856__state03,ERBB2__CHEMBL329856,CHEMBL329856,ERBB2,CHEMBL1134561,3,CN(C)CC#CC(O)=Nc1ccc2[nH]cnc(=Nc3cccc(Br)c3)c2c1,0,data/quantum/erbB_xyz/ERBB2__CHEMBL329856__state03.xyz,-64.313197404970,0.022940049874,GFN2-xTB_single_point_on_RDKit_MMFF_geometry,success
ERBB2__CHEMBL332497__state00,ERBB2__CHEMBL332497,CHEMBL332497,ERBB2,CHEMBL1145020,0,COc1cc2ncc(C#N)c(Nc3cccc(Br)c3)c2cc1NC(=O)/C=C/CN1CCOCC1,0,data/quantum/erbB_xyz/ERBB2__CHEMBL332497__state00.xyz,-82.875475023577,0.084982901785,GFN2-xTB_single_point_on_RDKit_MMFF_geometry,success
ERBB2__CHEMBL332497__state01,ERBB2__CHEMBL332497,CHEMBL332497,ERBB2,CHEMBL1145020,1,COc1cc2[nH]cc(C#N)c(=Nc3cccc(Br)c3)c2cc1N=C(O)/C=C/CN1CCOCC1,0,data/quantum/erbB_xyz/ERBB2__CHEMBL332497__state01.xyz,-82.863778120949,0.057690425275,GFN2-xTB_single_point_on_RDKit_MMFF_geometry,success
ERBB2__CHEMBL332497__state02,ERBB2__CHEMBL332497,CHEMBL332497,ERBB2,CHEMBL1145020,2,COc1cc2[nH]cc(C#N)c(=Nc3cccc(Br)c3)c2cc1NC(=O)/C=C/CN1CCOCC1,0,data/quantum/erbB_xyz/ERBB2__CHEMBL332497__state02.xyz,-82.871558914122,0.027557286489,GFN2-xTB_single_point_on_RDKit_MMFF_geometry,success
ERBB2__CHEMBL332497__state03,ERBB2__CHEMBL332497,CHEMBL332497,ERBB2,CHEMBL1145020,3,COc1cc2ncc(C#N)c(Nc3cccc(Br)c3)c2cc1N=C(O)/C=C/CN1CCOCC1,0,data/quantum/erbB_xyz/ERBB2__CHEMBL332497__state03.xyz,-82.835142103567,0.050965235301,GFN2-xTB_single_point_on_RDKit_MMFF_geometry,success
ERBB2__CHEMBL334801__state00,ERBB2__CHEMBL334801,CHEMBL334801,ERBB2,CHEMBL1134843,0,CN(C)CCCNC(=O)/C=C/C(=O)Nc1cc2c(Nc3cccc(Br)c3)ncnc2cn1,0,data/quantum/erbB_xyz/ERBB2__CHEMBL334801__state00.xyz,-78.332207753853,0.021696183278,GFN2-xTB_single_point_on_RDKit_MMFF_geometry,success
ERBB2__CHEMBL334801__state01,ERBB2__CHEMBL334801,CHEMBL334801,ERBB2,CHEMBL1134843,1,CN(C)CCCN=C(O)/C=C/C(=O)N=c1cc2c(Nc3cccc(Br)c3)ncnc2c[nH]1,0,data/quantum/erbB_xyz/ERBB2__CHEMBL334801__state01.xyz,-78.283601567889,0.021840740593,GFN2-xTB_single_point_on_RDKit_MMFF_geometry,success
ERBB2__CHEMBL334801__state02,ERBB2__CHEMBL334801,CHEMBL334801,ERBB2,CHEMBL1134843,2,CN(C)CCCN=C(O)/C=C/C(=O)Nc1cc2c(=Nc3cccc(Br)c3)[nH]cnc2cn1,0,data/quantum/erbB_xyz/ERBB2__CHEMBL334801__state02.xyz,-78.291882839613,0.015353900176,GFN2-xTB_single_point_on_RDKit_MMFF_geometry,success
ERBB2__CHEMBL334801__state03,ERBB2__CHEMBL334801,CHEMBL334801,ERBB2,CHEMBL1134843,3,CN(C)CCCN=C(O)/C=C/C(=O)Nc1cc2c(=Nc3cccc(Br)c3)nc[nH]c2cn1,0,data/quantum/erbB_xyz/ERBB2__CHEMBL334801__state03.xyz,-78.317128534097,0.045101121892,GFN2-xTB_single_point_on_RDKit_MMFF_geometry,success
ERBB2__CHEMBL342828__state00,ERBB2__CHEMBL342828,CHEMBL342828,ERBB2,CHEMBL1134843,0,O=C(/C=C/C(=O)Nc1cc2c(Nc3cccc(Br)c3)ncnc2cn1)NCCCn1ccnc1,0,data/quantum/erbB_xyz/ERBB2__CHEMBL342828__state00.xyz,-83.455200318078,0.065632084746,GFN2-xTB_single_point_on_RDKit_MMFF_geometry,success
ERBB2__CHEMBL342828__state01,ERBB2__CHEMBL342828,CHEMBL342828,ERBB2,CHEMBL1134843,1,O=C(/C=C/C(=O)NCCCn1ccnc1)N=c1cc2c(Nc3cccc(Br)c3)ncnc2c[nH]1,0,data/quantum/erbB_xyz/ERBB2__CHEMBL342828__state01.xyz,-83.467117402506,0.055981236920,GFN2-xTB_single_point_on_RDKit_MMFF_geometry,success
ERBB2__CHEMBL342828__state02,ERBB2__CHEMBL342828,CHEMBL342828,ERBB2,CHEMBL1134843,2,O=C(/C=C/C(=O)Nc1cc2c(=Nc3cccc(Br)c3)[nH]cnc2cn1)NCCCn1ccnc1,0,data/quantum/erbB_xyz/ERBB2__CHEMBL342828__state02.xyz,-83.463041099576,0.094606491584,GFN2-xTB_single_point_on_RDKit_MMFF_geometry,success
ERBB2__CHEMBL342828__state03,ERBB2__CHEMBL342828,CHEMBL342828,ERBB2,CHEMBL1134843,3,O=C(/C=C/C(=O)Nc1cc2c(=Nc3cccc(Br)c3)nc[nH]c2cn1)NCCCn1ccnc1,0,data/quantum/erbB_xyz/ERBB2__CHEMBL342828__state03.xyz,-83.464823613172,0.054830746019,GFN2-xTB_single_point_on_RDKit_MMFF_geometry,success
ERBB2__CHEMBL345109__state00,ERBB2__CHEMBL345109,CHEMBL345109,ERBB2,CHEMBL1134843,0,CN(C)CCCNC(=O)/C=C/C(=O)Nc1ccc2ncnc(Nc3cccc(Br)c3)c2c1,0,data/quantum/erbB_xyz/ERBB2__CHEMBL345109__state00.xyz,-77.440933534345,0.020608339280,GFN2-xTB_single_point_on_RDKit_MMFF_geometry,success
ERBB2__CHEMBL345109__state01,ERBB2__CHEMBL345109,CHEMBL345109,ERBB2,CHEMBL1134843,1,CN(C)CCCN=C(O)/C=C/C(=O)Nc1ccc2[nH]cnc(=Nc3cccc(Br)c3)c2c1,0,data/quantum/erbB_xyz/ERBB2__CHEMBL345109__state01.xyz,-77.426065959000,0.012465112625,GFN2-xTB_single_point_on_RDKit_MMFF_geometry,success
ERBB2__CHEMBL345109__state02,ERBB2__CHEMBL345109,CHEMBL345109,ERBB2,CHEMBL1134843,2,CN(C)CCCN=C(O)/C=C/C(=O)Nc1ccc2nc[nH]c(=Nc3cccc(Br)c3)c2c1,0,data/quantum/erbB_xyz/ERBB2__CHEMBL345109__state02.xyz,-77.416913368077,0.022834301122,GFN2-xTB_single_point_on_RDKit_MMFF_geometry,success
ERBB2__CHEMBL345109__state03,ERBB2__CHEMBL345109,CHEMBL345109,ERBB2,CHEMBL1134843,3,CN(C)CCCN=C(O)/C=C/C(=O)Nc1ccc2ncnc(Nc3cccc(Br)c3)c2c1,0,data/quantum/erbB_xyz/ERBB2__CHEMBL345109__state03.xyz,-77.411025993625,0.018626981680,GFN2-xTB_single_point_on_RDKit_MMFF_geometry,success
ERBB2__CHEMBL359629__state00,ERBB2__CHEMBL359629,CHEMBL359629,ERBB2,CHEMBL1142663,0,CCOc1cc2ncc(C#N)c(Nc3ccc(OCc4cccc5ccccc45)c(Cl)c3)c2cc1NC(=O)/C=C/CN(C)C,0,data/quantum/erbB_xyz/ERBB2__CHEMBL359629__state00.xyz,-104.150704404514,0.046888956647,GFN2-xTB_single_point_on_RDKit_MMFF_geometry,success
ERBB2__CHEMBL359629__state01,ERBB2__CHEMBL359629,CHEMBL359629,ERBB2,CHEMBL1142663,1,CCOc1cc2[nH]cc(C#N)c(=Nc3ccc(OCc4cccc5ccccc45)c(Cl)c3)c2cc1N=C(O)/C=C/CN(C)C,0,data/quantum/erbB_xyz/ERBB2__CHEMBL359629__state01.xyz,-104.119808266710,0.053604380496,GFN2-xTB_single_point_on_RDKit_MMFF_geometry,success
ERBB2__CHEMBL359629__state02,ERBB2__CHEMBL359629,CHEMBL359629,ERBB2,CHEMBL1142663,2,CCOc1cc2[nH]cc(C#N)c(=Nc3ccc(OCc4cccc5ccccc45)c(Cl)c3)c2cc1NC(=O)/C=C/CN(C)C,0,data/quantum/erbB_xyz/ERBB2__CHEMBL359629__state02.xyz,-104.154548409631,0.047981369016,GFN2-xTB_single_point_on_RDKit_MMFF_geometry,success
ERBB2__CHEMBL359629__state03,ERBB2__CHEMBL359629,CHEMBL359629,ERBB2,CHEMBL1142663,3,CCOc1cc2ncc(C#N)c(Nc3ccc(OCc4cccc5ccccc45)c(Cl)c3)c2cc1N=C(O)/C=C/CN(C)C,0,data/quantum/erbB_xyz/ERBB2__CHEMBL359629__state03.xyz,-104.123556910065,0.048803588736,GFN2-xTB_single_point_on_RDKit_MMFF_geometry,success
ERBB2__CHEMBL359630__state00,ERBB2__CHEMBL359630,CHEMBL359630,ERBB2,CHEMBL1142663,0,CCOc1cc2ncc(C#N)c(Nc3ccc(OCc4ccccc4)c(Cl)c3)c2cc1NC(=O)/C=C/Cc1c[nH]cn1,0,data/quantum/erbB_xyz/ERBB2__CHEMBL359630__state00.xyz,-100.891217102566,0.009791983016,GFN2-xTB_single_point_on_RDKit_MMFF_geometry,success
ERBB2__CHEMBL359630__state01,ERBB2__CHEMBL359630,CHEMBL359630,ERBB2,CHEMBL1142663,1,CCOc1cc2[nH]cc(C#N)c(=Nc3ccc(OCc4ccccc4)c(Cl)c3)c2cc1N=C(O)/C=C/Cc1c[nH]cn1,0,data/quantum/erbB_xyz/ERBB2__CHEMBL359630__state01.xyz,-100.868584262225,0.005558363972,GFN2-xTB_single_point_on_RDKit_MMFF_geometry,success
ERBB2__CHEMBL359630__state02,ERBB2__CHEMBL359630,CHEMBL359630,ERBB2,CHEMBL1142663,2,CCOc1cc2[nH]cc(C#N)c(=Nc3ccc(OCc4ccccc4)c(Cl)c3)c2cc1N=C(O)/C=C/Cc1cnc[nH]1,0,data/quantum/erbB_xyz/ERBB2__CHEMBL359630__state02.xyz,-100.886265173411,0.029890737331,GFN2-xTB_single_point_on_RDKit_MMFF_geometry,success
ERBB2__CHEMBL359630__state03,ERBB2__CHEMBL359630,CHEMBL359630,ERBB2,CHEMBL1142663,3,CCOc1cc2[nH]cc(C#N)c(=Nc3ccc(OCc4ccccc4)c(Cl)c3)c2cc1NC(=O)/C=C/Cc1c[nH]cn1,0,data/quantum/erbB_xyz/ERBB2__CHEMBL359630__state03.xyz,-100.889822107783,0.020581873886,GFN2-xTB_single_point_on_RDKit_MMFF_geometry,success
ERBB2__CHEMBL359660__state00,ERBB2__CHEMBL359660,CHEMBL359660,ERBB2,CHEMBL1142663,0,CCOc1cc2ncc(C#N)c(Nc3ccc(OCc4ccccc4)c(Cl)c3)c2cc1NC(=O)/C=C/CN1CC1C(=O)OC,0,data/quantum/erbB_xyz/ERBB2__CHEMBL359660__state00.xyz,-108.090871016761,0.057916423616,GFN2-xTB_single_point_on_RDKit_MMFF_geometry,success
ERBB2__CHEMBL359660__state01,ERBB2__CHEMBL359660,CHEMBL359660,ERBB2,CHEMBL1142663,1,CCOc1cc2[nH]cc(C#N)c(=Nc3ccc(OCc4ccccc4)c(Cl)c3)c2cc1N=C(O)/C=C/CN1CC1=C(O)OC,0,data/quantum/erbB_xyz/ERBB2__CHEMBL359660__state01.xyz,-108.048251531230,0.016198699854,GFN2-xTB_single_point_on_RDKit_MMFF_geometry,success
ERBB2__CHEMBL359660__state02,ERBB2__CHEMBL359660,CHEMBL359660,ERBB2,CHEMBL1142663,2,CCOc1cc2[nH]cc(C#N)c(=Nc3ccc(OCc4ccccc4)c(Cl)c3)c2cc1N=C(O)/C=C/CN1CC1C(=O)OC,0,data/quantum/erbB_xyz/ERBB2__CHEMBL359660__state02.xyz,-108.056786564811,0.022277680610,GFN2-xTB_single_point_on_RDKit_MMFF_geometry,success
ERBB2__CHEMBL359660__state03,ERBB2__CHEMBL359660,CHEMBL359660,ERBB2,CHEMBL1142663,3,CCOc1cc2[nH]cc(C#N)c(=Nc3ccc(OCc4ccccc4)c(Cl)c3)c2cc1NC(=O)/C=C/CN1CC1=C(O)OC,0,data/quantum/erbB_xyz/ERBB2__CHEMBL359660__state03.xyz,-108.100423215040,0.018813822371,GFN2-xTB_single_point_on_RDKit_MMFF_geometry,success
ERBB2__CHEMBL360028__state00,ERBB2__CHEMBL360028,CHEMBL360028,ERBB2,CHEMBL1142663,0,CCOc1cc2ncc(C#N)c(Nc3ccc(OCc4ccc(F)cc4F)c(Cl)c3)c2cc1NC(=O)/C=C/CN(C)C,0,data/quantum/erbB_xyz/ERBB2__CHEMBL360028__state00.xyz,-105.299441740069,0.067770631508,GFN2-xTB_single_point_on_RDKit_MMFF_geometry,success
ERBB2__CHEMBL360028__state01,ERBB2__CHEMBL360028,CHEMBL360028,ERBB2,CHEMBL1142663,1,CCOc1cc2[nH]cc(C#N)c(=Nc3ccc(OCc4ccc(F)cc4F)c(Cl)c3)c2cc1N=C(O)/C=C/CN(C)C,0,data/quantum/erbB_xyz/ERBB2__CHEMBL360028__state01.xyz,-105.256076179181,0.025904170814,GFN2-xTB_single_point_on_RDKit_MMFF_geometry,success
ERBB2__CHEMBL360028__state02,ERBB2__CHEMBL360028,CHEMBL360028,ERBB2,CHEMBL1142663,2,CCOc1cc2[nH]cc(C#N)c(=Nc3ccc(OCc4ccc(F)cc4F)c(Cl)c3)c2cc1NC(=O)/C=C/CN(C)C,0,data/quantum/erbB_xyz/ERBB2__CHEMBL360028__state02.xyz,-105.304429170201,0.039754651995,GFN2-xTB_single_point_on_RDKit_MMFF_geometry,success
ERBB2__CHEMBL360028__state03,ERBB2__CHEMBL360028,CHEMBL360028,ERBB2,CHEMBL1142663,3,CCOc1cc2ncc(C#N)c(Nc3ccc(OCc4ccc(F)cc4F)c(Cl)c3)c2cc1N=C(O)/C=C/CN(C)C,0,data/quantum/erbB_xyz/ERBB2__CHEMBL360028__state03.xyz,-105.265627173488,0.025856657009,GFN2-xTB_single_point_on_RDKit_MMFF_geometry,success
ERBB2__CHEMBL360211__state00,ERBB2__CHEMBL360211,CHEMBL360211,ERBB2,CHEMBL1142663,0,CCOc1cc2ncc(C#N)c(Nc3ccc(OCc4ccccc4)c(Cl)c3)c2cc1NC(=O)/C=C/CN1CCOCCOCCOCC1,0,data/quantum/erbB_xyz/ERBB2__CHEMBL360211__state00.xyz,-120.257695839407,0.011384460801,GFN2-xTB_single_point_on_RDKit_MMFF_geometry,success
ERBB2__CHEMBL360211__state01,ERBB2__CHEMBL360211,CHEMBL360211,ERBB2,CHEMBL1142663,1,CCOc1cc2[nH]cc(C#N)c(=Nc3ccc(OCc4ccccc4)c(Cl)c3)c2cc1N=C(O)/C=C/CN1CCOCCOCCOCC1,0,data/quantum/erbB_xyz/ERBB2__CHEMBL360211__state01.xyz,-120.212836260062,0.016034015013,GFN2-xTB_single_point_on_RDKit_MMFF_geometry,success
ERBB2__CHEMBL360211__state02,ERBB2__CHEMBL360211,CHEMBL360211,ERBB2,CHEMBL1142663,2,CCOc1cc2[nH]cc(C#N)c(=Nc3ccc(OCc4ccccc4)c(Cl)c3)c2cc1NC(=O)/C=C/CN1CCOCCOCCOCC1,0,data/quantum/erbB_xyz/ERBB2__CHEMBL360211__state02.xyz,-120.222886960243,0.006972303354,GFN2-xTB_single_point_on_RDKit_MMFF_geometry,success
ERBB2__CHEMBL360211__state03,ERBB2__CHEMBL360211,CHEMBL360211,ERBB2,CHEMBL1142663,3,CCOc1cc2ncc(C#N)c(Nc3ccc(OCc4ccccc4)c(Cl)c3)c2cc1N=C(O)/C=C/CN1CCOCCOCCOCC1,0,data/quantum/erbB_xyz/ERBB2__CHEMBL360211__state03.xyz,-120.236885260424,0.049122462433,GFN2-xTB_single_point_on_RDKit_MMFF_geometry,success
ERBB2__CHEMBL360519__state00,ERBB2__CHEMBL360519,CHEMBL360519,ERBB2,CHEMBL1142663,0,CCOc1cc2ncc(C#N)c(Nc3ccc(OCc4ccccc4Cl)c(Cl)c3)c2cc1NC(=O)/C=C/CN(C)C,0,data/quantum/erbB_xyz/ERBB2__CHEMBL360519__state00.xyz,-100.344467442677,0.118063499085,GFN2-xTB_single_point_on_RDKit_MMFF_geometry,success
ERBB2__CHEMBL360519__state01,ERBB2__CHEMBL360519,CHEMBL360519,ERBB2,CHEMBL1142663,1,CCOc1cc2[nH]cc(C#N)c(=Nc3ccc(OCc4ccccc4Cl)c(Cl)c3)c2cc1N=C(O)/C=C/CN(C)C,0,data/quantum/erbB_xyz/ERBB2__CHEMBL360519__state01.xyz,-100.309353383081,0.033280039581,GFN2-xTB_single_point_on_RDKit_MMFF_geometry,success
ERBB2__CHEMBL360519__state02,ERBB2__CHEMBL360519,CHEMBL360519,ERBB2,CHEMBL1142663,2,CCOc1cc2[nH]cc(C#N)c(=Nc3ccc(OCc4ccccc4Cl)c(Cl)c3)c2cc1NC(=O)/C=C/CN(C)C,0,data/quantum/erbB_xyz/ERBB2__CHEMBL360519__state02.xyz,-100.369582562486,0.094161772891,GFN2-xTB_single_point_on_RDKit_MMFF_geometry,success
ERBB2__CHEMBL360519__state03,ERBB2__CHEMBL360519,CHEMBL360519,ERBB2,CHEMBL1142663,3,CCOc1cc2ncc(C#N)c(Nc3ccc(OCc4ccccc4Cl)c(Cl)c3)c2cc1N=C(O)/C=C/CN(C)C,0,data/quantum/erbB_xyz/ERBB2__CHEMBL360519__state03.xyz,-100.310112590334,0.022050822835,GFN2-xTB_single_point_on_RDKit_MMFF_geometry,success
ERBB2__CHEMBL360662__state00,ERBB2__CHEMBL360662,CHEMBL360662,ERBB2,CHEMBL1142663,0,CCOc1cc2ncc(C#N)c(Nc3ccc(O[C@H](C)c4ccccc4)c(Cl)c3)c2cc1NC(=O)/C=C/CN(C)C,0,data/quantum/erbB_xyz/ERBB2__CHEMBL360662__state00.xyz,-97.742630588456,0.017858825466,GFN2-xTB_single_point_on_RDKit_MMFF_geometry,success
ERBB2__CHEMBL360662__state01,ERBB2__CHEMBL360662,CHEMBL360662,ERBB2,CHEMBL1142663,1,CCOc1cc2[nH]cc(C#N)c(=Nc3ccc(O[C@H](C)c4ccccc4)c(Cl)c3)c2cc1N=C(O)/C=C/CN(C)C,0,data/quantum/erbB_xyz/ERBB2__CHEMBL360662__state01.xyz,-97.717456236399,0.007092522499,GFN2-xTB_single_point_on_RDKit_MMFF_geometry,success
ERBB2__CHEMBL360662__state02,ERBB2__CHEMBL360662,CHEMBL360662,ERBB2,CHEMBL1142663,2,CCOc1cc2[nH]cc(C#N)c(=Nc3ccc(O[C@H](C)c4ccccc4)c(Cl)c3)c2cc1NC(=O)/C=C/CN(C)C,0,data/quantum/erbB_xyz/ERBB2__CHEMBL360662__state02.xyz,-97.754695041247,0.015275291687,GFN2-xTB_single_point_on_RDKit_MMFF_geometry,success
ERBB2__CHEMBL360662__state03,ERBB2__CHEMBL360662,CHEMBL360662,ERBB2,CHEMBL1142663,3,CCOc1cc2ncc(C#N)c(Nc3ccc(O[C@H](C)c4ccccc4)c(Cl)c3)c2cc1N=C(O)/C=C/CN(C)C,0,data/quantum/erbB_xyz/ERBB2__CHEMBL360662__state03.xyz,-97.707796562941,0.006516127028,GFN2-xTB_single_point_on_RDKit_MMFF_geometry,success
ERBB2__CHEMBL360780__state00,ERBB2__CHEMBL360780,CHEMBL360780,ERBB2,CHEMBL1142663,0,CCOc1cc2ncc(C#N)c(Nc3cc(Cl)c(OCc4ccccc4)c(Cl)c3)c2cc1NC(=O)/C=C/CN(C)C,0,data/quantum/erbB_xyz/ERBB2__CHEMBL360780__state00.xyz,-100.349509003809,0.087296536375,GFN2-xTB_single_point_on_RDKit_MMFF_geometry,success
ERBB2__CHEMBL360780__state01,ERBB2__CHEMBL360780,CHEMBL360780,ERBB2,CHEMBL1142663,1,CCOc1cc2[nH]cc(C#N)c(=Nc3cc(Cl)c(OCc4ccccc4)c(Cl)c3)c2cc1N=C(O)/C=C/CN(C)C,0,data/quantum/erbB_xyz/ERBB2__CHEMBL360780__state01.xyz,-100.330193842464,0.026675286954,GFN2-xTB_single_point_on_RDKit_MMFF_geometry,success
ERBB2__CHEMBL360780__state02,ERBB2__CHEMBL360780,CHEMBL360780,ERBB2,CHEMBL1142663,2,CCOc1cc2[nH]cc(C#N)c(=Nc3cc(Cl)c(OCc4ccccc4)c(Cl)c3)c2cc1NC(=O)/C=C/CN(C)C,0,data/quantum/erbB_xyz/ERBB2__CHEMBL360780__state02.xyz,-100.373911905192,0.052466681709,GFN2-xTB_single_point_on_RDKit_MMFF_geometry,success
ERBB2__CHEMBL360780__state03,ERBB2__CHEMBL360780,CHEMBL360780,ERBB2,CHEMBL1142663,3,CCOc1cc2ncc(C#N)c(Nc3cc(Cl)c(OCc4ccccc4)c(Cl)c3)c2cc1N=C(O)/C=C/CN(C)C,0,data/quantum/erbB_xyz/ERBB2__CHEMBL360780__state03.xyz,-100.325286612130,0.018967359170,GFN2-xTB_single_point_on_RDKit_MMFF_geometry,success
ERBB2__CHEMBL360933__state00,ERBB2__CHEMBL360933,CHEMBL360933,ERBB2,CHEMBL1142663,0,CCOc1cc2ncc(C#N)c(Nc3ccc(OCc4ccccc4)c(Cl)c3)c2cc1NC(=O)/C=C/CN1CCN(C)CC1,0,data/quantum/erbB_xyz/ERBB2__CHEMBL360933__state00.xyz,-104.807868392536,0.036358396412,GFN2-xTB_single_point_on_RDKit_MMFF_geometry,success
ERBB2__CHEMBL360933__state01,ERBB2__CHEMBL360933,CHEMBL360933,ERBB2,CHEMBL1142663,1,CCOc1cc2[nH]cc(C#N)c(=Nc3ccc(OCc4ccccc4)c(Cl)c3)c2cc1N=C(O)/C=C/CN1CCN(C)CC1,0,data/quantum/erbB_xyz/ERBB2__CHEMBL360933__state01.xyz,-104.795843013528,0.003335263319,GFN2-xTB_single_point_on_RDKit_MMFF_geometry,success
ERBB2__CHEMBL360933__state02,ERBB2__CHEMBL360933,CHEMBL360933,ERBB2,CHEMBL1142663,2,CCOc1cc2[nH]cc(C#N)c(=Nc3ccc(OCc4ccccc4)c(Cl)c3)c2cc1NC(=O)/C=C/CN1CCN(C)CC1,0,data/quantum/erbB_xyz/ERBB2__CHEMBL360933__state02.xyz,-104.796936616616,0.007763328029,GFN2-xTB_single_point_on_RDKit_MMFF_geometry,success
ERBB2__CHEMBL360933__state03,ERBB2__CHEMBL360933,CHEMBL360933,ERBB2,CHEMBL1142663,3,CCOc1cc2ncc(C#N)c(Nc3ccc(OCc4ccccc4)c(Cl)c3)c2cc1N=C(O)/C=C/CN1CCN(C)CC1,0,data/quantum/erbB_xyz/ERBB2__CHEMBL360933__state03.xyz,-104.782491324556,0.036829429093,GFN2-xTB_single_point_on_RDKit_MMFF_geometry,success
ERBB2__CHEMBL360958__state00,ERBB2__CHEMBL360958,CHEMBL360958,ERBB2,CHEMBL1142663,0,CCOc1cc2ncc(C#N)c(Nc3ccc(OCc4ccccc4)c(Cl)c3)c2cc1NC(=O)/C=C/CN1CCCCC1,0,data/quantum/erbB_xyz/ERBB2__CHEMBL360958__state00.xyz,-101.968910801419,0.058776100328,GFN2-xTB_single_point_on_RDKit_MMFF_geometry,success
ERBB2__CHEMBL360958__state01,ERBB2__CHEMBL360958,CHEMBL360958,ERBB2,CHEMBL1142663,1,CCOc1cc2[nH]cc(C#N)c(=Nc3ccc(OCc4ccccc4)c(Cl)c3)c2cc1N=C(O)/C=C/CN1CCCCC1,0,data/quantum/erbB_xyz/ERBB2__CHEMBL360958__state01.xyz,-101.914673598122,0.016688209307,GFN2-xTB_single_point_on_RDKit_MMFF_geometry,success
ERBB2__CHEMBL360958__state02,ERBB2__CHEMBL360958,CHEMBL360958,ERBB2,CHEMBL1142663,2,CCOc1cc2[nH]cc(C#N)c(=Nc3ccc(OCc4ccccc4)c(Cl)c3)c2cc1NC(=O)/C=C/CN1CCCCC1,0,data/quantum/erbB_xyz/ERBB2__CHEMBL360958__state02.xyz,-101.986597518844,0.025131196594,GFN2-xTB_single_point_on_RDKit_MMFF_geometry,success
ERBB2__CHEMBL360958__state03,ERBB2__CHEMBL360958,CHEMBL360958,ERBB2,CHEMBL1142663,3,CCOc1cc2ncc(C#N)c(Nc3ccc(OCc4ccccc4)c(Cl)c3)c2cc1N=C(O)/C=C/CN1CCCCC1,0,data/quantum/erbB_xyz/ERBB2__CHEMBL360958__state03.xyz,-101.947954778067,0.019778452962,GFN2-xTB_single_point_on_RDKit_MMFF_geometry,success
ERBB2__CHEMBL360979__state00,ERBB2__CHEMBL360979,CHEMBL360979,ERBB2,CHEMBL1142663,0,COc1cc2ncc(C#N)c(Nc3ccc(Cc4nc(-c5ccccc5)cs4)c(Cl)c3)c2cc1NC(=O)/C=C/CN(C)C,0,data/quantum/erbB_xyz/ERBB2__CHEMBL360979__state00.xyz,-102.083993054887,0.044114644631,GFN2-xTB_single_point_on_RDKit_MMFF_geometry,success
ERBB2__CHEMBL360979__state01,ERBB2__CHEMBL360979,CHEMBL360979,ERBB2,CHEMBL1142663,1,COc1cc2[nH]cc(C#N)c(=Nc3ccc(C=C4NC(c5ccccc5)=CS4)c(Cl)c3)c2cc1N=C(O)/C=C/CN(C)C,0,data/quantum/erbB_xyz/ERBB2__CHEMBL360979__state01.xyz,-102.131426666144,0.053228814037,GFN2-xTB_single_point_on_RDKit_MMFF_geometry,success
ERBB2__CHEMBL360979__state02,ERBB2__CHEMBL360979,CHEMBL360979,ERBB2,CHEMBL1142663,2,COc1cc2[nH]cc(C#N)c(=Nc3ccc(C=C4NC(c5ccccc5)=CS4)c(Cl)c3)c2cc1NC(=O)/C=C/CN(C)C,0,data/quantum/erbB_xyz/ERBB2__CHEMBL360979__state02.xyz,-102.149212871996,0.058766931595,GFN2-xTB_single_point_on_RDKit_MMFF_geometry,success
ERBB2__CHEMBL360979__state03,ERBB2__CHEMBL360979,CHEMBL360979,ERBB2,CHEMBL1142663,3,COc1cc2[nH]cc(C#N)c(=Nc3ccc(Cc4nc(-c5ccccc5)cs4)c(Cl)c3)c2cc1N=C(O)/C=C/CN(C)C,0,data/quantum/erbB_xyz/ERBB2__CHEMBL360979__state03.xyz,-102.116855251975,0.041330267223,GFN2-xTB_single_point_on_RDKit_MMFF_geometry,success
ERBB2__CHEMBL361343__state00,ERBB2__CHEMBL361343,CHEMBL361343,ERBB2,CHEMBL1142663,0,CCOc1cc2ncc(C#N)c(Nc3ccc(OCc4ccccc4)c(Cl)c3)c2cc1NC(=O)/C=C/CN(C)CCO,0,data/quantum/erbB_xyz/ERBB2__CHEMBL361343__state00.xyz,-101.853924399068,0.046090862705,GFN2-xTB_single_point_on_RDKit_MMFF_geometry,success
ERBB2__CHEMBL361343__state01,ERBB2__CHEMBL361343,CHEMBL361343,ERBB2,CHEMBL1142663,1,CCOc1cc2[nH]cc(C#N)c(=Nc3ccc(OCc4ccccc4)c(Cl)c3)c2cc1N=C(O)/C=C/CN(C)CCO,0,data/quantum/erbB_xyz/ERBB2__CHEMBL361343__state01.xyz,-101.843450861756,0.019354394383,GFN2-xTB_single_point_on_RDKit_MMFF_geometry,success
ERBB2__CHEMBL361343__state02,ERBB2__CHEMBL361343,CHEMBL361343,ERBB2,CHEMBL1142663,2,CCOc1cc2[nH]cc(C#N)c(=Nc3ccc(OCc4ccccc4)c(Cl)c3)c2cc1NC(=O)/C=C/CN(C)CCO,0,data/quantum/erbB_xyz/ERBB2__CHEMBL361343__state02.xyz,-101.871092916502,0.051570600345,GFN2-xTB_single_point_on_RDKit_MMFF_geometry,success
ERBB2__CHEMBL361343__state03,ERBB2__CHEMBL361343,CHEMBL361343,ERBB2,CHEMBL1142663,3,CCOc1cc2ncc(C#N)c(Nc3ccc(OCc4ccccc4)c(Cl)c3)c2cc1N=C(O)/C=C/CN(C)CCO,0,data/quantum/erbB_xyz/ERBB2__CHEMBL361343__state03.xyz,-101.846197487295,0.061916923219,GFN2-xTB_single_point_on_RDKit_MMFF_geometry,success
ERBB2__CHEMBL362232__state00,ERBB2__CHEMBL362232,CHEMBL362232,ERBB2,CHEMBL1142663,0,CCOc1cc2ncc(C#N)c(Nc3ccc(OCc4ccccc4OC)c(Cl)c3)c2cc1NC(=O)/C=C/CN(C)C,0,data/quantum/erbB_xyz/ERBB2__CHEMBL362232__state00.xyz,-101.832217745228,0.045649313734,GFN2-xTB_single_point_on_RDKit_MMFF_geometry,success
ERBB2__CHEMBL362232__state01,ERBB2__CHEMBL362232,CHEMBL362232,ERBB2,CHEMBL1142663,1,CCOc1cc2[nH]cc(C#N)c(=Nc3ccc(OCc4ccccc4OC)c(Cl)c3)c2cc1N=C(O)/C=C/CN(C)C,0,data/quantum/erbB_xyz/ERBB2__CHEMBL362232__state01.xyz,-101.777293040952,0.020956195142,GFN2-xTB_single_point_on_RDKit_MMFF_geometry,success
ERBB2__CHEMBL362232__state02,ERBB2__CHEMBL362232,CHEMBL362232,ERBB2,CHEMBL1142663,2,CCOc1cc2[nH]cc(C#N)c(=Nc3ccc(OCc4ccccc4OC)c(Cl)c3)c2cc1NC(=O)/C=C/CN(C)C,0,data/quantum/erbB_xyz/ERBB2__CHEMBL362232__state02.xyz,-101.833568973596,0.030780541098,GFN2-xTB_single_point_on_RDKit_MMFF_geometry,success
ERBB2__CHEMBL362232__state03,ERBB2__CHEMBL362232,CHEMBL362232,ERBB2,CHEMBL1142663,3,CCOc1cc2ncc(C#N)c(Nc3ccc(OCc4ccccc4OC)c(Cl)c3)c2cc1N=C(O)/C=C/CN(C)C,0,data/quantum/erbB_xyz/ERBB2__CHEMBL362232__state03.xyz,-101.803077195621,0.038547529934,GFN2-xTB_single_point_on_RDKit_MMFF_geometry,success
ERBB2__CHEMBL362611__state00,ERBB2__CHEMBL362611,CHEMBL362611,ERBB2,CHEMBL1142663,0,CCOc1cc2ncc(C#N)c(Nc3ccc(OCc4ccccc4)c(Cl)c3)c2cc1NC(=O)/C=C/CN1CCC(O)CC1,0,data/quantum/erbB_xyz/ERBB2__CHEMBL362611__state00.xyz,-106.052961572625,0.013833924104,GFN2-xTB_single_point_on_RDKit_MMFF_geometry,success
ERBB2__CHEMBL362611__state01,ERBB2__CHEMBL362611,CHEMBL362611,ERBB2,CHEMBL1142663,1,CCOc1cc2[nH]cc(C#N)c(=Nc3ccc(OCc4ccccc4)c(Cl)c3)c2cc1N=C(O)/C=C/CN1CCC(O)CC1,0,data/quantum/erbB_xyz/ERBB2__CHEMBL362611__state01.xyz,-105.980607197422,0.020568004811,GFN2-xTB_single_point_on_RDKit_MMFF_geometry,success
ERBB2__CHEMBL362611__state02,ERBB2__CHEMBL362611,CHEMBL362611,ERBB2,CHEMBL1142663,2,CCOc1cc2[nH]cc(C#N)c(=Nc3ccc(OCc4ccccc4)c(Cl)c3)c2cc1NC(=O)/C=C/CN1CCC(O)CC1,0,data/quantum/erbB_xyz/ERBB2__CHEMBL362611__state02.xyz,-106.026882038730,0.022649651518,GFN2-xTB_single_point_on_RDKit_MMFF_geometry,success
ERBB2__CHEMBL362611__state03,ERBB2__CHEMBL362611,CHEMBL362611,ERBB2,CHEMBL1142663,3,CCOc1cc2ncc(C#N)c(Nc3ccc(OCc4ccccc4)c(Cl)c3)c2cc1N=C(O)/C=C/CN1CCC(O)CC1,0,data/quantum/erbB_xyz/ERBB2__CHEMBL362611__state03.xyz,-106.017415109370,0.026578203846,GFN2-xTB_single_point_on_RDKit_MMFF_geometry,success
ERBB2__CHEMBL362824__state00,ERBB2__CHEMBL362824,CHEMBL362824,ERBB2,CHEMBL1142663,0,CCOc1cc2ncc(C#N)c(Nc3ccc(OCc4ccccc4)c(Cl)c3)c2cc1NC(=O)/C=C/CN1CCC(O)(O)CC1,0,data/quantum/erbB_xyz/ERBB2__CHEMBL362824__state00.xyz,-110.013912008378,0.059788929664,GFN2-xTB_single_point_on_RDKit_MMFF_geometry,success
ERBB2__CHEMBL362824__state01,ERBB2__CHEMBL362824,CHEMBL362824,ERBB2,CHEMBL1142663,1,CCOc1cc2[nH]cc(C#N)c(=Nc3ccc(OCc4ccccc4)c(Cl)c3)c2cc1N=C(O)/C=C/CN1CCC(O)(O)CC1,0,data/quantum/erbB_xyz/ERBB2__CHEMBL362824__state01.xyz,-110.001593760917,0.025689684254,GFN2-xTB_single_point_on_RDKit_MMFF_geometry,success
ERBB2__CHEMBL362824__state02,ERBB2__CHEMBL362824,CHEMBL362824,ERBB2,CHEMBL1142663,2,CCOc1cc2[nH]cc(C#N)c(=Nc3ccc(OCc4ccccc4)c(Cl)c3)c2cc1NC(=O)/C=C/CN1CCC(O)(O)CC1,0,data/quantum/erbB_xyz/ERBB2__CHEMBL362824__state02.xyz,-110.013581101740,0.043359655299,GFN2-xTB_single_point_on_RDKit_MMFF_geometry,success
ERBB2__CHEMBL362824__state03,ERBB2__CHEMBL362824,CHEMBL362824,ERBB2,CHEMBL1142663,3,CCOc1cc2ncc(C#N)c(Nc3ccc(OCc4ccccc4)c(Cl)c3)c2cc1N=C(O)/C=C/CN1CCC(O)(O)CC1,0,data/quantum/erbB_xyz/ERBB2__CHEMBL362824__state03.xyz,-109.955777611207,0.015315395006,GFN2-xTB_single_point_on_RDKit_MMFF_geometry,success
ERBB2__CHEMBL367492__state00,ERBB2__CHEMBL367492,CHEMBL367492,ERBB2,CHEMBL1142663,0,CCOc1cc2ncc(C#N)c(Nc3ccc(Sc4nc(-c5ccccc5)cs4)c(Cl)c3)c2cc1NC(=O)/C=C/CN(C)C,0,data/quantum/erbB_xyz/ERBB2__CHEMBL367492__state00.xyz,-105.371321757120,0.032055672308,GFN2-xTB_single_point_on_RDKit_MMFF_geometry,success
ERBB2__CHEMBL367492__state01,ERBB2__CHEMBL367492,CHEMBL367492,ERBB2,CHEMBL1142663,1,CCOc1cc2[nH]cc(C#N)c(=Nc3ccc(Sc4nc(-c5ccccc5)cs4)c(Cl)c3)c2cc1N=C(O)/C=C/CN(C)C,0,data/quantum/erbB_xyz/ERBB2__CHEMBL367492__state01.xyz,-105.349175749333,0.029846977479,GFN2-xTB_single_point_on_RDKit_MMFF_geometry,success
ERBB2__CHEMBL367492__state02,ERBB2__CHEMBL367492,CHEMBL367492,ERBB2,CHEMBL1142663,2,CCOc1cc2[nH]cc(C#N)c(=Nc3ccc(Sc4nc(-c5ccccc5)cs4)c(Cl)c3)c2cc1NC(=O)/C=C/CN(C)C,0,data/quantum/erbB_xyz/ERBB2__CHEMBL367492__state02.xyz,-105.390532140959,0.050094832793,GFN2-xTB_single_point_on_RDKit_MMFF_geometry,success
ERBB2__CHEMBL367492__state03,ERBB2__CHEMBL367492,CHEMBL367492,ERBB2,CHEMBL1142663,3,CCOc1cc2ncc(C#N)c(Nc3ccc(Sc4nc(-c5ccccc5)cs4)c(Cl)c3)c2cc1N=C(O)/C=C/CN(C)C,0,data/quantum/erbB_xyz/ERBB2__CHEMBL367492__state03.xyz,-105.332490512422,0.018349008368,GFN2-xTB_single_point_on_RDKit_MMFF_geometry,success
ERBB2__CHEMBL368234__state00,ERBB2__CHEMBL368234,CHEMBL368234,ERBB2,CHEMBL1142663,0,CCOc1cc2ncc(C#N)c(Nc3ccc(OCc4ccccc4)c(Cl)c3)c2cc1NC(=O)/C=C/c1cn(C)cn1,0,data/quantum/erbB_xyz/ERBB2__CHEMBL368234__state00.xyz,-100.896182703375,0.016935324102,GFN2-xTB_single_point_on_RDKit_MMFF_geometry,success
ERBB2__CHEMBL368234__state01,ERBB2__CHEMBL368234,CHEMBL368234,ERBB2,CHEMBL1142663,1,CCOc1cc2[nH]cc(C#N)c(=Nc3ccc(OCc4ccccc4)c(Cl)c3)c2cc1N=C(O)/C=C/c1cn(C)cn1,0,data/quantum/erbB_xyz/ERBB2__CHEMBL368234__state01.xyz,-100.884065142567,0.002701173313,GFN2-xTB_single_point_on_RDKit_MMFF_geometry,success
ERBB2__CHEMBL368234__state02,ERBB2__CHEMBL368234,CHEMBL368234,ERBB2,CHEMBL1142663,2,CCOc1cc2[nH]cc(C#N)c(=Nc3ccc(OCc4ccccc4)c(Cl)c3)c2cc1NC(=O)/C=C/c1cn(C)cn1,0,data/quantum/erbB_xyz/ERBB2__CHEMBL368234__state02.xyz,-100.882666677641,0.004274665194,GFN2-xTB_single_point_on_RDKit_MMFF_geometry,success
ERBB2__CHEMBL368234__state03,ERBB2__CHEMBL368234,CHEMBL368234,ERBB2,CHEMBL1142663,3,CCOc1cc2ncc(C#N)c(Nc3ccc(OCc4ccccc4)c(Cl)c3)c2cc1N=C(O)/C=C/c1cn(C)cn1,0,data/quantum/erbB_xyz/ERBB2__CHEMBL368234__state03.xyz,-100.855790941967,0.021592606378,GFN2-xTB_single_point_on_RDKit_MMFF_geometry,success
ERBB2__CHEMBL368702__state00,ERBB2__CHEMBL368702,CHEMBL368702,ERBB2,CHEMBL1142663,0,CCOc1cc2ncc(C#N)c(Nc3ccc(OCc4ccccc4)c(Cl)c3)c2cc1NC(=O)/C=C/CN1CCC1,0,data/quantum/erbB_xyz/ERBB2__CHEMBL368702__state00.xyz,-97.864062807118,0.042290480290,GFN2-xTB_single_point_on_RDKit_MMFF_geometry,success
ERBB2__CHEMBL368702__state01,ERBB2__CHEMBL368702,CHEMBL368702,ERBB2,CHEMBL1142663,1,CCOc1cc2[nH]cc(C#N)c(=Nc3ccc(OCc4ccccc4)c(Cl)c3)c2cc1N=C(O)/C=C/CN1CCC1,0,data/quantum/erbB_xyz/ERBB2__CHEMBL368702__state01.xyz,-97.833491986056,0.025638018808,GFN2-xTB_single_point_on_RDKit_MMFF_geometry,success
ERBB2__CHEMBL368702__state02,ERBB2__CHEMBL368702,CHEMBL368702,ERBB2,CHEMBL1142663,2,CCOc1cc2[nH]cc(C#N)c(=Nc3ccc(OCc4ccccc4)c(Cl)c3)c2cc1NC(=O)/C=C/CN1CCC1,0,data/quantum/erbB_xyz/ERBB2__CHEMBL368702__state02.xyz,-97.846039988111,0.017818868159,GFN2-xTB_single_point_on_RDKit_MMFF_geometry,success
ERBB2__CHEMBL368702__state03,ERBB2__CHEMBL368702,CHEMBL368702,ERBB2,CHEMBL1142663,3,CCOc1cc2ncc(C#N)c(Nc3ccc(OCc4ccccc4)c(Cl)c3)c2cc1N=C(O)/C=C/CN1CCC1,0,data/quantum/erbB_xyz/ERBB2__CHEMBL368702__state03.xyz,-97.820035579569,0.016745536571,GFN2-xTB_single_point_on_RDKit_MMFF_geometry,success
ERBB2__CHEMBL369088__state00,ERBB2__CHEMBL369088,CHEMBL369088,ERBB2,CHEMBL1142663,0,CCOc1cc2ncc(C#N)c(Nc3ccc(OCc4ccccc4)c(Cl)c3)c2cc1NC(=O)/C=C/CN(CC(C)O)CC(C)O,0,data/quantum/erbB_xyz/ERBB2__CHEMBL369088__state00.xyz,-111.957974338628,0.049307755883,GFN2-xTB_single_point_on_RDKit_MMFF_geometry,success
ERBB2__CHEMBL369088__state01,ERBB2__CHEMBL369088,CHEMBL369088,ERBB2,CHEMBL1142663,1,CCOc1cc2[nH]cc(C#N)c(=Nc3ccc(OCc4ccccc4)c(Cl)c3)c2cc1N=C(O)/C=C/CN(CC(C)O)CC(C)O,0,data/quantum/erbB_xyz/ERBB2__CHEMBL369088__state01.xyz,-111.945369979940,0.043149855739,GFN2-xTB_single_point_on_RDKit_MMFF_geometry,success
ERBB2__CHEMBL369088__state02,ERBB2__CHEMBL369088,CHEMBL369088,ERBB2,CHEMBL1142663,2,CCOc1cc2[nH]cc(C#N)c(=Nc3ccc(OCc4ccccc4)c(Cl)c3)c2cc1NC(=O)/C=C/CN(CC(C)O)CC(C)O,0,data/quantum/erbB_xyz/ERBB2__CHEMBL369088__state02.xyz,-111.957454023275,0.019384792264,GFN2-xTB_single_point_on_RDKit_MMFF_geometry,success
ERBB2__CHEMBL369088__state03,ERBB2__CHEMBL369088,CHEMBL369088,ERBB2,CHEMBL1142663,3,CCOc1cc2ncc(C#N)c(Nc3ccc(OCc4ccccc4)c(Cl)c3)c2cc1N=C(O)/C=C/CN(CC(C)O)CC(C)O,0,data/quantum/erbB_xyz/ERBB2__CHEMBL369088__state03.xyz,-111.954842857042,0.024598500546,GFN2-xTB_single_point_on_RDKit_MMFF_geometry,success
ERBB2__CHEMBL369299__state00,ERBB2__CHEMBL369299,CHEMBL369299,ERBB2,CHEMBL1142663,0,CCOc1cc2ncc(C#N)c(Nc3ccc(OCc4ccccc4)cc3)c2cc1NC(=O)/C=C/CN(C)C,0,data/quantum/erbB_xyz/ERBB2__CHEMBL369299__state00.xyz,-91.083068157803,0.002888124558,GFN2-xTB_single_point_on_RDKit_MMFF_geometry,success
ERBB2__CHEMBL369299__state01,ERBB2__CHEMBL369299,CHEMBL369299,ERBB2,CHEMBL1142663,1,CCOc1cc2[nH]cc(C#N)c(=Nc3ccc(OCc4ccccc4)cc3)c2cc1N=C(O)/C=C/CN(C)C,0,data/quantum/erbB_xyz/ERBB2__CHEMBL369299__state01.xyz,-91.050665207348,0.009736045360,GFN2-xTB_single_point_on_RDKit_MMFF_geometry,success
ERBB2__CHEMBL369299__state02,ERBB2__CHEMBL369299,CHEMBL369299,ERBB2,CHEMBL1142663,2,CCOc1cc2[nH]cc(C#N)c(=Nc3ccc(OCc4ccccc4)cc3)c2cc1NC(=O)/C=C/CN(C)C,0,data/quantum/erbB_xyz/ERBB2__CHEMBL369299__state02.xyz,-91.055487343412,0.035451149768,GFN2-xTB_single_point_on_RDKit_MMFF_geometry,success
ERBB2__CHEMBL369299__state03,ERBB2__CHEMBL369299,CHEMBL369299,ERBB2,CHEMBL1142663,3,CCOc1cc2ncc(C#N)c(Nc3ccc(OCc4ccccc4)cc3)c2cc1N=C(O)/C=C/CN(C)C,0,data/quantum/erbB_xyz/ERBB2__CHEMBL369299__state03.xyz,-91.057073674470,0.011123642530,GFN2-xTB_single_point_on_RDKit_MMFF_geometry,success
ERBB2__CHEMBL373207__state00,ERBB2__CHEMBL373207,CHEMBL373207,ERBB2,CHEMBL1138126,0,CCN(CC)CC#CC(=O)Nc1ccc2ncnc(Nc3ccc(F)c(Cl)c3)c2c1,0,data/quantum/erbB_xyz/ERBB2__CHEMBL373207__state00.xyz,-73.671471803780,0.051686225052,GFN2-xTB_single_point_on_RDKit_MMFF_geometry,success
ERBB2__CHEMBL373207__state01,ERBB2__CHEMBL373207,CHEMBL373207,ERBB2,CHEMBL1138126,1,CCN(CC)CC#CC(=O)Nc1ccc2[nH]cnc(=Nc3ccc(F)c(Cl)c3)c2c1,0,data/quantum/erbB_xyz/ERBB2__CHEMBL373207__state01.xyz,-73.670918288638,0.023499445192,GFN2-xTB_single_point_on_RDKit_MMFF_geometry,success
ERBB2__CHEMBL373207__state02,ERBB2__CHEMBL373207,CHEMBL373207,ERBB2,CHEMBL1138126,2,CCN(CC)CC#CC(=O)Nc1ccc2nc[nH]c(=Nc3ccc(F)c(Cl)c3)c2c1,0,data/quantum/erbB_xyz/ERBB2__CHEMBL373207__state02.xyz,-73.672433202449,0.021701890415,GFN2-xTB_single_point_on_RDKit_MMFF_geometry,success
ERBB2__CHEMBL373207__state03,ERBB2__CHEMBL373207,CHEMBL373207,ERBB2,CHEMBL1138126,3,CCN(CC)CC#CC(O)=Nc1ccc2[nH]cnc(=Nc3ccc(F)c(Cl)c3)c2c1,0,data/quantum/erbB_xyz/ERBB2__CHEMBL373207__state03.xyz,-73.653247006266,0.080355906887,GFN2-xTB_single_point_on_RDKit_MMFF_geometry,success
ERBB2__CHEMBL378144__state00,ERBB2__CHEMBL378144,CHEMBL378144,ERBB2,CHEMBL1138126,0,C#CC(=O)Nc1cc2c(Nc3cccc(Br)c3)ncnc2cn1,0,data/quantum/erbB_xyz/ERBB2__CHEMBL378144__state00.xyz,-56.208096539708,0.050058205451,GFN2-xTB_single_point_on_RDKit_MMFF_geometry,success
ERBB2__CHEMBL378144__state01,ERBB2__CHEMBL378144,CHEMBL378144,ERBB2,CHEMBL1138126,1,C#CC(=O)N=c1cc2c(=Nc3cccc(Br)c3)[nH]cnc2c[nH]1,0,data/quantum/erbB_xyz/ERBB2__CHEMBL378144__state01.xyz,-56.232993693408,0.159435518266,GFN2-xTB_single_point_on_RDKit_MMFF_geometry,success
ERBB2__CHEMBL378144__state02,ERBB2__CHEMBL378144,CHEMBL378144,ERBB2,CHEMBL1138126,2,C#CC(=O)N=c1cc2c(=Nc3cccc(Br)c3)nc[nH]c2c[nH]1,0,data/quantum/erbB_xyz/ERBB2__CHEMBL378144__state02.xyz,-56.233703966158,0.164738668130,GFN2-xTB_single_point_on_RDKit_MMFF_geometry,success
ERBB2__CHEMBL378144__state03,ERBB2__CHEMBL378144,CHEMBL378144,ERBB2,CHEMBL1138126,3,C#CC(=O)N=c1cc2c(Nc3cccc(Br)c3)ncnc2c[nH]1,0,data/quantum/erbB_xyz/ERBB2__CHEMBL378144__state03.xyz,-56.210750837805,0.066426104890,GFN2-xTB_single_point_on_RDKit_MMFF_geometry,success
ERBB2__CHEMBL380669__state00,ERBB2__CHEMBL380669,CHEMBL380669,ERBB2,CHEMBL1138126,0,CC(C)N(CC#CC(=O)Nc1ccc2ncnc(Nc3ccc(F)c(Cl)c3)c2c1)C(C)C,0,data/quantum/erbB_xyz/ERBB2__CHEMBL380669__state00.xyz,-77.669029852715,0.045154610592,GFN2-xTB_single_point_on_RDKit_MMFF_geometry,success
ERBB2__CHEMBL380669__state01,ERBB2__CHEMBL380669,CHEMBL380669,ERBB2,CHEMBL1138126,1,CC(C)N(CC#CC(=O)Nc1ccc2[nH]cnc(=Nc3ccc(F)c(Cl)c3)c2c1)C(C)C,0,data/quantum/erbB_xyz/ERBB2__CHEMBL380669__state01.xyz,-77.691845487018,0.040916467540,GFN2-xTB_single_point_on_RDKit_MMFF_geometry,success
ERBB2__CHEMBL380669__state02,ERBB2__CHEMBL380669,CHEMBL380669,ERBB2,CHEMBL1138126,2,CC(C)N(CC#CC(=O)Nc1ccc2nc[nH]c(=Nc3ccc(F)c(Cl)c3)c2c1)C(C)C,0,data/quantum/erbB_xyz/ERBB2__CHEMBL380669__state02.xyz,-77.690271588911,0.026882029096,GFN2-xTB_single_point_on_RDKit_MMFF_geometry,success
ERBB2__CHEMBL380669__state03,ERBB2__CHEMBL380669,CHEMBL380669,ERBB2,CHEMBL1138126,3,CC(C)N(CC#CC(O)=Nc1ccc2[nH]cnc(=Nc3ccc(F)c(Cl)c3)c2c1)C(C)C,0,data/quantum/erbB_xyz/ERBB2__CHEMBL380669__state03.xyz,-77.666446858448,0.037407203292,GFN2-xTB_single_point_on_RDKit_MMFF_geometry,success
ERBB2__CHEMBL382073__state00,ERBB2__CHEMBL382073,CHEMBL382073,ERBB2,CHEMBL1138126,0,CCN(CC)CCC#CC(=O)Nc1ccc2ncnc(Nc3ccc(F)c(Cl)c3)c2c1,0,data/quantum/erbB_xyz/ERBB2__CHEMBL382073__state00.xyz,-75.698543134127,0.066711753140,GFN2-xTB_single_point_on_RDKit_MMFF_geometry,success
ERBB2__CHEMBL382073__state01,ERBB2__CHEMBL382073,CHEMBL382073,ERBB2,CHEMBL1138126,1,CCN(CC)CCC#CC(=O)Nc1ccc2[nH]cnc(=Nc3ccc(F)c(Cl)c3)c2c1,0,data/quantum/erbB_xyz/ERBB2__CHEMBL382073__state01.xyz,-75.727694879525,0.082974005636,GFN2-xTB_single_point_on_RDKit_MMFF_geometry,success
ERBB2__CHEMBL382073__state02,ERBB2__CHEMBL382073,CHEMBL382073,ERBB2,CHEMBL1138126,2,CCN(CC)CCC#CC(=O)Nc1ccc2nc[nH]c(=Nc3ccc(F)c(Cl)c3)c2c1,0,data/quantum/erbB_xyz/ERBB2__CHEMBL382073__state02.xyz,-75.713626109397,0.031019228934,GFN2-xTB_single_point_on_RDKit_MMFF_geometry,success
ERBB2__CHEMBL382073__state03,ERBB2__CHEMBL382073,CHEMBL382073,ERBB2,CHEMBL1138126,3,CCN(CC)CCC#CC(O)=Nc1ccc2[nH]cnc(=Nc3ccc(F)c(Cl)c3)c2c1,0,data/quantum/erbB_xyz/ERBB2__CHEMBL382073__state03.xyz,-75.697338290110,0.032779968674,GFN2-xTB_single_point_on_RDKit_MMFF_geometry,success
ERBB2__CHEMBL383499__state00,ERBB2__CHEMBL383499,CHEMBL383499,ERBB2,CHEMBL1138126,0,CC(C)N(CC#CC(=O)Nc1cc2c(Nc3ccc(F)c(Cl)c3)ncnc2cn1)C(C)C,0,data/quantum/erbB_xyz/ERBB2__CHEMBL383499__state00.xyz,-78.544977790341,0.019547287411,GFN2-xTB_single_point_on_RDKit_MMFF_geometry,success
ERBB2__CHEMBL383499__state01,ERBB2__CHEMBL383499,CHEMBL383499,ERBB2,CHEMBL1138126,1,CC(C)N(CC#CC(=O)N=c1cc2c(=Nc3ccc(F)c(Cl)c3)[nH]cnc2c[nH]1)C(C)C,0,data/quantum/erbB_xyz/ERBB2__CHEMBL383499__state01.xyz,-78.565922486181,0.056528347581,GFN2-xTB_single_point_on_RDKit_MMFF_geometry,success
ERBB2__CHEMBL383499__state02,ERBB2__CHEMBL383499,CHEMBL383499,ERBB2,CHEMBL1138126,2,CC(C)N(CC#CC(=O)N=c1cc2c(=Nc3ccc(F)c(Cl)c3)nc[nH]c2c[nH]1)C(C)C,0,data/quantum/erbB_xyz/ERBB2__CHEMBL383499__state02.xyz,-78.565140335074,0.075111513454,GFN2-xTB_single_point_on_RDKit_MMFF_geometry,success
ERBB2__CHEMBL383499__state03,ERBB2__CHEMBL383499,CHEMBL383499,ERBB2,CHEMBL1138126,3,CC(C)N(CC#CC(=O)N=c1cc2c(Nc3ccc(F)c(Cl)c3)ncnc2c[nH]1)C(C)C,0,data/quantum/erbB_xyz/ERBB2__CHEMBL383499__state03.xyz,-78.549074857924,0.034179996252,GFN2-xTB_single_point_on_RDKit_MMFF_geometry,success
ERBB2__CHEMBL414220__state00,ERBB2__CHEMBL414220,CHEMBL414220,ERBB2,CHEMBL1134561,0,C=CCN(C)CC#CC(=O)Nc1ccc2ncnc(Nc3cccc(Br)c3)c2c1,0,data/quantum/erbB_xyz/ERBB2__CHEMBL414220__state00.xyz,-68.459409395606,0.012024410038,GFN2-xTB_single_point_on_RDKit_MMFF_geometry,success
ERBB2__CHEMBL414220__state01,ERBB2__CHEMBL414220,CHEMBL414220,ERBB2,CHEMBL1134561,1,C=CCN(C)CC#CC(=O)Nc1ccc2[nH]cnc(=Nc3cccc(Br)c3)c2c1,0,data/quantum/erbB_xyz/ERBB2__CHEMBL414220__state01.xyz,-68.498494796917,0.026036344466,GFN2-xTB_single_point_on_RDKit_MMFF_geometry,success
ERBB2__CHEMBL414220__state02,ERBB2__CHEMBL414220,CHEMBL414220,ERBB2,CHEMBL1134561,2,C=CCN(C)CC#CC(=O)Nc1ccc2nc[nH]c(=Nc3cccc(Br)c3)c2c1,0,data/quantum/erbB_xyz/ERBB2__CHEMBL414220__state02.xyz,-68.487841377696,0.008774075239,GFN2-xTB_single_point_on_RDKit_MMFF_geometry,success
ERBB2__CHEMBL414220__state03,ERBB2__CHEMBL414220,CHEMBL414220,ERBB2,CHEMBL1134561,3,C=CCN(C)CC#CC(O)=Nc1ccc2[nH]cnc(=Nc3cccc(Br)c3)c2c1,0,data/quantum/erbB_xyz/ERBB2__CHEMBL414220__state03.xyz,-68.457871140594,0.091484798419,GFN2-xTB_single_point_on_RDKit_MMFF_geometry,success
ERBB2__CHEMBL414631__state00,ERBB2__CHEMBL414631,CHEMBL414631,ERBB2,CHEMBL1145020,0,COCOC#CC(=O)Nc1ccc2ncc(C#N)c(Nc3cccc(Br)c3)c2c1,0,data/quantum/erbB_xyz/ERBB2__CHEMBL414631__state00.xyz,-71.781466478489,0.031774441892,GFN2-xTB_single_point_on_RDKit_MMFF_geometry,success
ERBB2__CHEMBL414631__state01,ERBB2__CHEMBL414631,CHEMBL414631,ERBB2,CHEMBL1145020,1,COCOC#CC(=O)Nc1ccc2[nH]cc(C#N)c(=Nc3cccc(Br)c3)c2c1,0,data/quantum/erbB_xyz/ERBB2__CHEMBL414631__state01.xyz,-71.801215038160,0.015242119347,GFN2-xTB_single_point_on_RDKit_MMFF_geometry,success
ERBB2__CHEMBL414631__state02,ERBB2__CHEMBL414631,CHEMBL414631,ERBB2,CHEMBL1145020,2,COCOC#CC(O)=Nc1ccc2[nH]cc(C#N)c(=Nc3cccc(Br)c3)c2c1,0,data/quantum/erbB_xyz/ERBB2__CHEMBL414631__state02.xyz,-71.788312498906,0.038333275438,GFN2-xTB_single_point_on_RDKit_MMFF_geometry,success
ERBB2__CHEMBL414631__state03,ERBB2__CHEMBL414631,CHEMBL414631,ERBB2,CHEMBL1145020,3,COCOC#CC(O)=Nc1ccc2ncc(C#N)c(Nc3cccc(Br)c3)c2c1,0,data/quantum/erbB_xyz/ERBB2__CHEMBL414631__state03.xyz,-71.785852420381,0.038272163614,GFN2-xTB_single_point_on_RDKit_MMFF_geometry,success
ERBB2__CHEMBL417478__state00,ERBB2__CHEMBL417478,CHEMBL417478,ERBB2,CHEMBL1133162,0,C=CC(=O)Nc1nc2c(Nc3ccc(F)c(Cl)c3)ncnc2cc1/C=C/CCN1CCOCC1,0,data/quantum/erbB_xyz/ERBB2__CHEMBL417478__state00.xyz,-84.815852637972,0.016504197234,GFN2-xTB_single_point_on_RDKit_MMFF_geometry,success
ERBB2__CHEMBL417478__state01,ERBB2__CHEMBL417478,CHEMBL417478,ERBB2,CHEMBL1133162,1,C=CC(=O)N=C1N=c2c(=Nc3ccc(F)c(Cl)c3)nc[nH]c2=CC1=CCCCN1CCOCC1,0,data/quantum/erbB_xyz/ERBB2__CHEMBL417478__state01.xyz,-84.809128263710,0.006158864806,GFN2-xTB_single_point_on_RDKit_MMFF_geometry,success
ERBB2__CHEMBL417478__state02,ERBB2__CHEMBL417478,CHEMBL417478,ERBB2,CHEMBL1133162,2,C=CC(=O)N=C1N=c2c(Nc3ccc(F)c(Cl)c3)ncnc2=CC1=CCCCN1CCOCC1,0,data/quantum/erbB_xyz/ERBB2__CHEMBL417478__state02.xyz,-84.834135170276,0.042475263440,GFN2-xTB_single_point_on_RDKit_MMFF_geometry,success
ERBB2__CHEMBL417478__state03,ERBB2__CHEMBL417478,CHEMBL417478,ERBB2,CHEMBL1133162,3,C=CC(=O)N=C1N=c2c(nc[nH]c2=Nc2ccc(F)c(Cl)c2)=CC1=CCCCN1CCOCC1,0,data/quantum/erbB_xyz/ERBB2__CHEMBL417478__state03.xyz,-84.831019912999,0.042562260164,GFN2-xTB_single_point_on_RDKit_MMFF_geometry,success
ERBB2__CHEMBL417941__state00,ERBB2__CHEMBL417941,CHEMBL417941,ERBB2,CHEMBL1136802,0,N#C/C(=C\c1ccc(O)c(O)c1)C(=O)NC1CCCCC1,0,data/quantum/erbB_xyz/ERBB2__CHEMBL417941__state00.xyz,-51.134088153885,0.081113621683,GFN2-xTB_single_point_on_RDKit_MMFF_geometry,success
ERBB2__CHEMBL417941__state01,ERBB2__CHEMBL417941,CHEMBL417941,ERBB2,CHEMBL1136802,1,N#CC(=CC1=CC(=O)C(O)C=C1)C(=O)NC1CCCCC1,0,data/quantum/erbB_xyz/ERBB2__CHEMBL417941__state01.xyz,-51.172885017431,0.082718841291,GFN2-xTB_single_point_on_RDKit_MMFF_geometry,success
ERBB2__CHEMBL417941__state02,ERBB2__CHEMBL417941,CHEMBL417941,ERBB2,CHEMBL1136802,2,N#CC(=CC1=CC(=O)C(O)C=C1)C(O)=NC1CCCCC1,0,data/quantum/erbB_xyz/ERBB2__CHEMBL417941__state02.xyz,-51.162598229608,0.019492845955,GFN2-xTB_single_point_on_RDKit_MMFF_geometry,success
ERBB2__CHEMBL417941__state03,ERBB2__CHEMBL417941,CHEMBL417941,ERBB2,CHEMBL1136802,3,N#CC(=CC1=CC(O)C(=O)C=C1)C(=O)NC1CCCCC1,0,data/quantum/erbB_xyz/ERBB2__CHEMBL417941__state03.xyz,-51.137663660658,0.109926974326,GFN2-xTB_single_point_on_RDKit_MMFF_geometry,success
ERBB2__CHEMBL419501__state00,ERBB2__CHEMBL419501,CHEMBL419501,ERBB2,CHEMBL1134561,0,COC[C@H]1CCCN1C/C=C/C(=O)Nc1ccc2ncnc(Nc3cccc(Br)c3)c2c1,0,data/quantum/erbB_xyz/ERBB2__CHEMBL419501__state00.xyz,-76.608784791672,0.032623392969,GFN2-xTB_single_point_on_RDKit_MMFF_geometry,success
ERBB2__CHEMBL419501__state01,ERBB2__CHEMBL419501,CHEMBL419501,ERBB2,CHEMBL1134561,1,COC[C@H]1CCCN1C/C=C/C(=O)Nc1ccc2[nH]cnc(=Nc3cccc(Br)c3)c2c1,0,data/quantum/erbB_xyz/ERBB2__CHEMBL419501__state01.xyz,-76.585624336322,0.043601790116,GFN2-xTB_single_point_on_RDKit_MMFF_geometry,success
ERBB2__CHEMBL419501__state02,ERBB2__CHEMBL419501,CHEMBL419501,ERBB2,CHEMBL1134561,2,COC[C@H]1CCCN1C/C=C/C(=O)Nc1ccc2nc[nH]c(=Nc3cccc(Br)c3)c2c1,0,data/quantum/erbB_xyz/ERBB2__CHEMBL419501__state02.xyz,-76.558605599653,0.017035632714,GFN2-xTB_single_point_on_RDKit_MMFF_geometry,success
ERBB2__CHEMBL419501__state03,ERBB2__CHEMBL419501,CHEMBL419501,ERBB2,CHEMBL1134561,3,COC[C@H]1CCCN1C/C=C/C(O)=Nc1ccc2[nH]cnc(=Nc3cccc(Br)c3)c2c1,0,data/quantum/erbB_xyz/ERBB2__CHEMBL419501__state03.xyz,-76.551603892832,0.043285782120,GFN2-xTB_single_point_on_RDKit_MMFF_geometry,success
ERBB2__CHEMBL424959__state00,ERBB2__CHEMBL424959,CHEMBL424959,ERBB2,CHEMBL1142663,0,COc1cc2ncc(C#N)c(Nc3ccc(OCc4ccccc4)cc3)c2cc1NC(=O)/C=C/CN(C)C,0,data/quantum/erbB_xyz/ERBB2__CHEMBL424959__state00.xyz,-89.047196597898,0.016700454304,GFN2-xTB_single_point_on_RDKit_MMFF_geometry,success
ERBB2__CHEMBL424959__state01,ERBB2__CHEMBL424959,CHEMBL424959,ERBB2,CHEMBL1142663,1,COc1cc2[nH]cc(C#N)c(=Nc3ccc(OCc4ccccc4)cc3)c2cc1N=C(O)/C=C/CN(C)C,0,data/quantum/erbB_xyz/ERBB2__CHEMBL424959__state01.xyz,-89.017515771244,0.035840162407,GFN2-xTB_single_point_on_RDKit_MMFF_geometry,success
ERBB2__CHEMBL424959__state02,ERBB2__CHEMBL424959,CHEMBL424959,ERBB2,CHEMBL1142663,2,COc1cc2[nH]cc(C#N)c(=Nc3ccc(OCc4ccccc4)cc3)c2cc1NC(=O)/C=C/CN(C)C,0,data/quantum/erbB_xyz/ERBB2__CHEMBL424959__state02.xyz,-89.055150869611,0.035287712155,GFN2-xTB_single_point_on_RDKit_MMFF_geometry,success
ERBB2__CHEMBL424959__state03,ERBB2__CHEMBL424959,CHEMBL424959,ERBB2,CHEMBL1142663,3,COc1cc2ncc(C#N)c(Nc3ccc(OCc4ccccc4)cc3)c2cc1N=C(O)/C=C/CN(C)C,0,data/quantum/erbB_xyz/ERBB2__CHEMBL424959__state03.xyz,-89.042011582279,0.013600026851,GFN2-xTB_single_point_on_RDKit_MMFF_geometry,success
ERBB2__CHEMBL426051__state00,ERBB2__CHEMBL426051,CHEMBL426051,ERBB2,CHEMBL1142663,0,CCOc1cc2ncc(C#N)c(Nc3ccc(OCc4cccs4)c(Cl)c3)c2cc1NC(=O)/C=C/CN(C)C,0,data/quantum/erbB_xyz/ERBB2__CHEMBL426051__state00.xyz,-94.783569162319,0.049947543431,GFN2-xTB_single_point_on_RDKit_MMFF_geometry,success
ERBB2__CHEMBL426051__state01,ERBB2__CHEMBL426051,CHEMBL426051,ERBB2,CHEMBL1142663,1,CCOc1cc2[nH]cc(C#N)c(=Nc3ccc(OCc4cccs4)c(Cl)c3)c2cc1N=C(O)/C=C/CN(C)C,0,data/quantum/erbB_xyz/ERBB2__CHEMBL426051__state01.xyz,-94.775865106219,0.044169609070,GFN2-xTB_single_point_on_RDKit_MMFF_geometry,success
ERBB2__CHEMBL426051__state02,ERBB2__CHEMBL426051,CHEMBL426051,ERBB2,CHEMBL1142663,2,CCOc1cc2[nH]cc(C#N)c(=Nc3ccc(OCc4cccs4)c(Cl)c3)c2cc1NC(=O)/C=C/CN(C)C,0,data/quantum/erbB_xyz/ERBB2__CHEMBL426051__state02.xyz,-94.793305080461,0.054130792968,GFN2-xTB_single_point_on_RDKit_MMFF_geometry,success
ERBB2__CHEMBL426051__state03,ERBB2__CHEMBL426051,CHEMBL426051,ERBB2,CHEMBL1142663,3,CCOc1cc2ncc(C#N)c(Nc3ccc(OCc4cccs4)c(Cl)c3)c2cc1N=C(O)/C=C/CN(C)C,0,data/quantum/erbB_xyz/ERBB2__CHEMBL426051__state03.xyz,-94.749695108130,0.030906769671,GFN2-xTB_single_point_on_RDKit_MMFF_geometry,success
ERBB2__CHEMBL427314__state00,ERBB2__CHEMBL427314,CHEMBL427314,ERBB2,CHEMBL1142663,0,CCOc1cc2ncc(C#N)c(Nc3cccc(OCc4ccccc4)c3)c2cc1NC(=O)/C=C/CN(C)C,0,data/quantum/erbB_xyz/ERBB2__CHEMBL427314__state00.xyz,-91.110509863980,0.063518318855,GFN2-xTB_single_point_on_RDKit_MMFF_geometry,success
ERBB2__CHEMBL427314__state01,ERBB2__CHEMBL427314,CHEMBL427314,ERBB2,CHEMBL1142663,1,CCOc1cc2[nH]cc(C#N)c(=Nc3cccc(OCc4ccccc4)c3)c2cc1N=C(O)/C=C/CN(C)C,0,data/quantum/erbB_xyz/ERBB2__CHEMBL427314__state01.xyz,-91.104612470271,0.021989411093,GFN2-xTB_single_point_on_RDKit_MMFF_geometry,success
ERBB2__CHEMBL427314__state02,ERBB2__CHEMBL427314,CHEMBL427314,ERBB2,CHEMBL1142663,2,CCOc1cc2[nH]cc(C#N)c(=Nc3cccc(OCc4ccccc4)c3)c2cc1NC(=O)/C=C/CN(C)C,0,data/quantum/erbB_xyz/ERBB2__CHEMBL427314__state02.xyz,-91.117491457701,0.051335088728,GFN2-xTB_single_point_on_RDKit_MMFF_geometry,success
ERBB2__CHEMBL427314__state03,ERBB2__CHEMBL427314,CHEMBL427314,ERBB2,CHEMBL1142663,3,CCOc1cc2ncc(C#N)c(Nc3cccc(OCc4ccccc4)c3)c2cc1N=C(O)/C=C/CN(C)C,0,data/quantum/erbB_xyz/ERBB2__CHEMBL427314__state03.xyz,-91.077897907765,0.033093432140,GFN2-xTB_single_point_on_RDKit_MMFF_geometry,success
ERBB2__CHEMBL427315__state00,ERBB2__CHEMBL427315,CHEMBL427315,ERBB2,CHEMBL1142663,0,CCOc1cc2ncc(C#N)c(Nc3ccc(O[C@@H](C)c4ccccc4)c(Cl)c3)c2cc1NC(=O)/C=C/CN(C)C,0,data/quantum/erbB_xyz/ERBB2__CHEMBL427315__state00.xyz,-97.745079361955,0.018400392778,GFN2-xTB_single_point_on_RDKit_MMFF_geometry,success
ERBB2__CHEMBL427315__state01,ERBB2__CHEMBL427315,CHEMBL427315,ERBB2,CHEMBL1142663,1,CCOc1cc2[nH]cc(C#N)c(=Nc3ccc(O[C@@H](C)c4ccccc4)c(Cl)c3)c2cc1N=C(O)/C=C/CN(C)C,0,data/quantum/erbB_xyz/ERBB2__CHEMBL427315__state01.xyz,-97.704161560340,0.017045606506,GFN2-xTB_single_point_on_RDKit_MMFF_geometry,success
ERBB2__CHEMBL427315__state02,ERBB2__CHEMBL427315,CHEMBL427315,ERBB2,CHEMBL1142663,2,CCOc1cc2[nH]cc(C#N)c(=Nc3ccc(O[C@@H](C)c4ccccc4)c(Cl)c3)c2cc1NC(=O)/C=C/CN(C)C,0,data/quantum/erbB_xyz/ERBB2__CHEMBL427315__state02.xyz,-97.736464476317,0.019226513754,GFN2-xTB_single_point_on_RDKit_MMFF_geometry,success
ERBB2__CHEMBL427315__state03,ERBB2__CHEMBL427315,CHEMBL427315,ERBB2,CHEMBL1142663,3,CCOc1cc2ncc(C#N)c(Nc3ccc(O[C@@H](C)c4ccccc4)c(Cl)c3)c2cc1N=C(O)/C=C/CN(C)C,0,data/quantum/erbB_xyz/ERBB2__CHEMBL427315__state03.xyz,-97.717100943570,0.011744751078,GFN2-xTB_single_point_on_RDKit_MMFF_geometry,success
ERBB2__CHEMBL430571__state00,ERBB2__CHEMBL430571,CHEMBL430571,ERBB2,CHEMBL1132213,0,C=CC(=O)Nc1ccc2ncnc(Nc3ccc(OCc4ccccc4)cc3)c2c1,0,data/quantum/erbB_xyz/ERBB2__CHEMBL430571__state00.xyz,-69.738495424787,0.028406138218,GFN2-xTB_single_point_on_RDKit_MMFF_geometry,success
ERBB2__CHEMBL430571__state01,ERBB2__CHEMBL430571,CHEMBL430571,ERBB2,CHEMBL1132213,1,C=CC(=O)Nc1ccc2[nH]cnc(=Nc3ccc(OCc4ccccc4)cc3)c2c1,0,data/quantum/erbB_xyz/ERBB2__CHEMBL430571__state01.xyz,-69.754838929570,0.035437086132,GFN2-xTB_single_point_on_RDKit_MMFF_geometry,success
ERBB2__CHEMBL430571__state02,ERBB2__CHEMBL430571,CHEMBL430571,ERBB2,CHEMBL1132213,2,C=CC(=O)Nc1ccc2nc[nH]c(=Nc3ccc(OCc4ccccc4)cc3)c2c1,0,data/quantum/erbB_xyz/ERBB2__CHEMBL430571__state02.xyz,-69.718410443049,0.019349694082,GFN2-xTB_single_point_on_RDKit_MMFF_geometry,success
ERBB2__CHEMBL430571__state03,ERBB2__CHEMBL430571,CHEMBL430571,ERBB2,CHEMBL1132213,3,C=CC(O)=Nc1ccc2[nH]cnc(=Nc3ccc(OCc4ccccc4)cc3)c2c1,0,data/quantum/erbB_xyz/ERBB2__CHEMBL430571__state03.xyz,-69.727274876760,0.039406620343,GFN2-xTB_single_point_on_RDKit_MMFF_geometry,success
ERBB2__CHEMBL434720__state00,ERBB2__CHEMBL434720,CHEMBL434720,ERBB2,CHEMBL1142663,0,CCOc1cc2ncc(C#N)c(Nc3ccc(OCc4ccccc4)c(Cl)c3)c2cc1NC(=O)/C=C/CN(C)C,0,data/quantum/erbB_xyz/ERBB2__CHEMBL434720__state00.xyz,-95.722406522578,0.040053635655,GFN2-xTB_single_point_on_RDKit_MMFF_geometry,success
ERBB2__CHEMBL434720__state01,ERBB2__CHEMBL434720,CHEMBL434720,ERBB2,CHEMBL1142663,1,CCOc1cc2[nH]cc(C#N)c(=Nc3ccc(OCc4ccccc4)c(Cl)c3)c2cc1N=C(O)/C=C/CN(C)C,0,data/quantum/erbB_xyz/ERBB2__CHEMBL434720__state01.xyz,-95.691859148081,0.011903069919,GFN2-xTB_single_point_on_RDKit_MMFF_geometry,success
ERBB2__CHEMBL434720__state02,ERBB2__CHEMBL434720,CHEMBL434720,ERBB2,CHEMBL1142663,2,CCOc1cc2[nH]cc(C#N)c(=Nc3ccc(OCc4ccccc4)c(Cl)c3)c2cc1NC(=O)/C=C/CN(C)C,0,data/quantum/erbB_xyz/ERBB2__CHEMBL434720__state02.xyz,-95.699589659129,0.030033885650,GFN2-xTB_single_point_on_RDKit_MMFF_geometry,success
ERBB2__CHEMBL434720__state03,ERBB2__CHEMBL434720,CHEMBL434720,ERBB2,CHEMBL1142663,3,CCOc1cc2ncc(C#N)c(Nc3ccc(OCc4ccccc4)c(Cl)c3)c2cc1N=C(O)/C=C/CN(C)C,0,data/quantum/erbB_xyz/ERBB2__CHEMBL434720__state03.xyz,-95.694834877842,0.040377697686,GFN2-xTB_single_point_on_RDKit_MMFF_geometry,success
ERBB2__CHEMBL434827__state00,ERBB2__CHEMBL434827,CHEMBL434827,ERBB2,CHEMBL1134843,0,CCN(CC)CCCNC(=O)/C=C/C(=O)Nc1cc2c(Nc3cccc(Br)c3)ncnc2cn1,0,data/quantum/erbB_xyz/ERBB2__CHEMBL434827__state00.xyz,-82.404123889119,0.015486806392,GFN2-xTB_single_point_on_RDKit_MMFF_geometry,success
ERBB2__CHEMBL434827__state01,ERBB2__CHEMBL434827,CHEMBL434827,ERBB2,CHEMBL1134843,1,CCN(CC)CCCN=C(O)/C=C/C(=O)N=c1cc2c(Nc3cccc(Br)c3)ncnc2c[nH]1,0,data/quantum/erbB_xyz/ERBB2__CHEMBL434827__state01.xyz,-82.395689267863,0.010201272586,GFN2-xTB_single_point_on_RDKit_MMFF_geometry,success
ERBB2__CHEMBL434827__state02,ERBB2__CHEMBL434827,CHEMBL434827,ERBB2,CHEMBL1134843,2,CCN(CC)CCCN=C(O)/C=C/C(=O)Nc1cc2c(=Nc3cccc(Br)c3)[nH]cnc2cn1,0,data/quantum/erbB_xyz/ERBB2__CHEMBL434827__state02.xyz,-82.380622464930,0.033761678504,GFN2-xTB_single_point_on_RDKit_MMFF_geometry,success
ERBB2__CHEMBL434827__state03,ERBB2__CHEMBL434827,CHEMBL434827,ERBB2,CHEMBL1134843,3,CCN(CC)CCCN=C(O)/C=C/C(=O)Nc1cc2c(=Nc3cccc(Br)c3)nc[nH]c2cn1,0,data/quantum/erbB_xyz/ERBB2__CHEMBL434827__state03.xyz,-82.387092796029,0.012009307665,GFN2-xTB_single_point_on_RDKit_MMFF_geometry,success
ERBB2__CHEMBL437890__state00,ERBB2__CHEMBL437890,CHEMBL437890,ERBB2,CHEMBL1138126,0,CN1CCN(CCC#CC(=O)Nc2cc3c(Nc4ccc(F)c(Br)c4)ncnc3cn2)CC1,0,data/quantum/erbB_xyz/ERBB2__CHEMBL437890__state00.xyz,-81.093130741224,0.038694653833,GFN2-xTB_single_point_on_RDKit_MMFF_geometry,success
ERBB2__CHEMBL437890__state01,ERBB2__CHEMBL437890,CHEMBL437890,ERBB2,CHEMBL1138126,1,CN1CCN(CCC#CC(=O)N=c2cc3c(=Nc4ccc(F)c(Br)c4)[nH]cnc3c[nH]2)CC1,0,data/quantum/erbB_xyz/ERBB2__CHEMBL437890__state01.xyz,-81.123057532697,0.023820474473,GFN2-xTB_single_point_on_RDKit_MMFF_geometry,success
ERBB2__CHEMBL437890__state02,ERBB2__CHEMBL437890,CHEMBL437890,ERBB2,CHEMBL1138126,2,CN1CCN(CCC#CC(=O)N=c2cc3c(=Nc4ccc(F)c(Br)c4)nc[nH]c3c[nH]2)CC1,0,data/quantum/erbB_xyz/ERBB2__CHEMBL437890__state02.xyz,-81.131218672160,0.058810836685,GFN2-xTB_single_point_on_RDKit_MMFF_geometry,success
ERBB2__CHEMBL437890__state03,ERBB2__CHEMBL437890,CHEMBL437890,ERBB2,CHEMBL1138126,3,CN1CCN(CCC#CC(=O)N=c2cc3c(Nc4ccc(F)c(Br)c4)ncnc3c[nH]2)CC1,0,data/quantum/erbB_xyz/ERBB2__CHEMBL437890__state03.xyz,-81.120373435069,0.010799437962,GFN2-xTB_single_point_on_RDKit_MMFF_geometry,success
ERBB2__CHEMBL440298__state00,ERBB2__CHEMBL440298,CHEMBL440298,ERBB2,CHEMBL1136802,0,N#C/C(=C\c1ccc(O)c(O)c1)C(=O)NCCCCc1ccccc1,0,data/quantum/erbB_xyz/ERBB2__CHEMBL440298__state00.xyz,-59.517676127487,0.093945678302,GFN2-xTB_single_point_on_RDKit_MMFF_geometry,success
ERBB2__CHEMBL440298__state01,ERBB2__CHEMBL440298,CHEMBL440298,ERBB2,CHEMBL1136802,1,N#CC(=CC1=CC(=O)C(O)C=C1)C(=O)NCCCCc1ccccc1,0,data/quantum/erbB_xyz/ERBB2__CHEMBL440298__state01.xyz,-59.524240730291,0.040614424253,GFN2-xTB_single_point_on_RDKit_MMFF_geometry,success
ERBB2__CHEMBL440298__state02,ERBB2__CHEMBL440298,CHEMBL440298,ERBB2,CHEMBL1136802,2,N#CC(=CC1=CC(=O)C(O)C=C1)C(O)=NCCCCc1ccccc1,0,data/quantum/erbB_xyz/ERBB2__CHEMBL440298__state02.xyz,-59.517867750821,0.060179240104,GFN2-xTB_single_point_on_RDKit_MMFF_geometry,success
ERBB2__CHEMBL440298__state03,ERBB2__CHEMBL440298,CHEMBL440298,ERBB2,CHEMBL1136802,3,N#CC(=CC1=CC(O)C(=O)C=C1)C(=O)NCCCCc1ccccc1,0,data/quantum/erbB_xyz/ERBB2__CHEMBL440298__state03.xyz,-59.523142083307,0.049970401026,GFN2-xTB_single_point_on_RDKit_MMFF_geometry,success
ERBB2__CHEMBL442754__state00,ERBB2__CHEMBL442754,CHEMBL442754,ERBB2,CHEMBL1134561,0,COCCN(C)C/C=C/C(=O)Nc1ccc2ncnc(Nc3cccc(Br)c3)c2c1,0,data/quantum/erbB_xyz/ERBB2__CHEMBL442754__state00.xyz,-72.420260301996,0.022475546125,GFN2-xTB_single_point_on_RDKit_MMFF_geometry,success
ERBB2__CHEMBL442754__state01,ERBB2__CHEMBL442754,CHEMBL442754,ERBB2,CHEMBL1134561,1,COCCN(C)C/C=C/C(=O)Nc1ccc2[nH]cnc(=Nc3cccc(Br)c3)c2c1,0,data/quantum/erbB_xyz/ERBB2__CHEMBL442754__state01.xyz,-72.401340590764,0.060969850602,GFN2-xTB_single_point_on_RDKit_MMFF_geometry,success
ERBB2__CHEMBL442754__state02,ERBB2__CHEMBL442754,CHEMBL442754,ERBB2,CHEMBL1134561,2,COCCN(C)C/C=C/C(=O)Nc1ccc2nc[nH]c(=Nc3cccc(Br)c3)c2c1,0,data/quantum/erbB_xyz/ERBB2__CHEMBL442754__state02.xyz,-72.406526479696,0.019904739749,GFN2-xTB_single_point_on_RDKit_MMFF_geometry,success
ERBB2__CHEMBL442754__state03,ERBB2__CHEMBL442754,CHEMBL442754,ERBB2,CHEMBL1134561,3,COCCN(C)C/C=C/C(O)=Nc1ccc2[nH]cnc(=Nc3cccc(Br)c3)c2c1,0,data/quantum/erbB_xyz/ERBB2__CHEMBL442754__state03.xyz,-72.378051252953,0.044793669738,GFN2-xTB_single_point_on_RDKit_MMFF_geometry,success
ERBB2__CHEMBL443523__state00,ERBB2__CHEMBL443523,CHEMBL443523,ERBB2,CHEMBL1132213,0,C=CC(=O)Nc1ccc2c(Nc3cccc(Br)c3)ncnc2c1,0,data/quantum/erbB_xyz/ERBB2__CHEMBL443523__state00.xyz,-55.285648434113,0.130052374990,GFN2-xTB_single_point_on_RDKit_MMFF_geometry,success
ERBB2__CHEMBL443523__state01,ERBB2__CHEMBL443523,CHEMBL443523,ERBB2,CHEMBL1132213,1,C=CC(=O)N=c1ccc2c(Nc3cccc(Br)c3)[nH]cnc-2c1,0,data/quantum/erbB_xyz/ERBB2__CHEMBL443523__state01.xyz,-55.297557553084,0.023542966001,GFN2-xTB_single_point_on_RDKit_MMFF_geometry,success
ERBB2__CHEMBL443523__state02,ERBB2__CHEMBL443523,CHEMBL443523,ERBB2,CHEMBL1132213,2,C=CC(=O)N=c1ccc2c(Nc3cccc(Br)c3)nc[nH]c-2c1,0,data/quantum/erbB_xyz/ERBB2__CHEMBL443523__state02.xyz,-55.291585768602,0.066554937607,GFN2-xTB_single_point_on_RDKit_MMFF_geometry,success
ERBB2__CHEMBL443523__state03,ERBB2__CHEMBL443523,CHEMBL443523,ERBB2,CHEMBL1132213,3,C=CC(=O)Nc1ccc2c(=Nc3cccc(Br)c3)[nH]cnc2c1,0,data/quantum/erbB_xyz/ERBB2__CHEMBL443523__state03.xyz,-55.295118874593,0.116080408460,GFN2-xTB_single_point_on_RDKit_MMFF_geometry,success
ERBB2__CHEMBL453336__state00,ERBB2__CHEMBL453336,CHEMBL453336,ERBB2,CHEMBL1157465,0,COc1cc(C2=C(c3cn(COCc4ccccc4)c4ccccc34)CNC2=O)cc(OC)c1OC,0,data/quantum/erbB_xyz/ERBB2__CHEMBL453336__state00.xyz,-86.359830995947,0.016461502794,GFN2-xTB_single_point_on_RDKit_MMFF_geometry,success
ERBB2__CHEMBL453336__state01,ERBB2__CHEMBL453336,CHEMBL453336,ERBB2,CHEMBL1157465,1,COc1cc(C2=C(c3cn(COCc4ccccc4)c4ccccc34)CN=C2O)cc(OC)c1OC,0,data/quantum/erbB_xyz/ERBB2__CHEMBL453336__state01.xyz,-86.290042452242,0.040833064343,GFN2-xTB_single_point_on_RDKit_MMFF_geometry,success
ERBB2__CHEMBL483085__state00,ERBB2__CHEMBL483085,CHEMBL483085,ERBB2,CHEMBL1150417,0,N#C/C(=C\c1ccc(O)c(O)c1)C(=O)Nc1cccc(C(F)(F)F)c1,0,data/quantum/erbB_xyz/ERBB2__CHEMBL483085__state00.xyz,-67.759821152345,0.166206377375,GFN2-xTB_single_point_on_RDKit_MMFF_geometry,success
ERBB2__CHEMBL483085__state01,ERBB2__CHEMBL483085,CHEMBL483085,ERBB2,CHEMBL1150417,1,N#CC(=CC1=CC(=O)C(O)C=C1)C(=O)Nc1cccc(C(F)(F)F)c1,0,data/quantum/erbB_xyz/ERBB2__CHEMBL483085__state01.xyz,-67.774908066194,0.347400849530,GFN2-xTB_single_point_on_RDKit_MMFF_geometry,success
ERBB2__CHEMBL483085__state02,ERBB2__CHEMBL483085,CHEMBL483085,ERBB2,CHEMBL1150417,2,N#CC(=CC1=CC(=O)C(O)C=C1)C(O)=Nc1cccc(C(F)(F)F)c1,0,data/quantum/erbB_xyz/ERBB2__CHEMBL483085__state02.xyz,-67.747922325840,0.359776845065,GFN2-xTB_single_point_on_RDKit_MMFF_geometry,success
ERBB2__CHEMBL483085__state03,ERBB2__CHEMBL483085,CHEMBL483085,ERBB2,CHEMBL1150417,3,N#CC(=CC1=CC(O)C(=O)C=C1)C(=O)Nc1cccc(C(F)(F)F)c1,0,data/quantum/erbB_xyz/ERBB2__CHEMBL483085__state03.xyz,-67.769700117347,0.307556396153,GFN2-xTB_single_point_on_RDKit_MMFF_geometry,success
ERBB2__CHEMBL48760__state00,ERBB2__CHEMBL48760,CHEMBL48760,ERBB2,CHEMBL1131018,0,CC(C)c1ccc(/C=C2/C(=O)Nc3ccccc32)cc1,0,data/quantum/erbB_xyz/ERBB2__CHEMBL48760__state00.xyz,-44.353390676832,0.089678125094,GFN2-xTB_single_point_on_RDKit_MMFF_geometry,success
ERBB2__CHEMBL48760__state01,ERBB2__CHEMBL48760,CHEMBL48760,ERBB2,CHEMBL1131018,1,CC(C)c1ccc(/C=C2/C(O)=Nc3ccccc32)cc1,0,data/quantum/erbB_xyz/ERBB2__CHEMBL48760__state01.xyz,-44.335370880797,0.090313804176,GFN2-xTB_single_point_on_RDKit_MMFF_geometry,success
ERBB2__CHEMBL488646__state00,ERBB2__CHEMBL488646,CHEMBL488646,ERBB2,CHEMBL1157465,0,COc1cc(C2=C(c3cn(COC(C)(C)C)c4ccccc34)CNC2=O)cc(OC)c1OC,0,data/quantum/erbB_xyz/ERBB2__CHEMBL488646__state00.xyz,-79.796796182171,0.023846952854,GFN2-xTB_single_point_on_RDKit_MMFF_geometry,success
ERBB2__CHEMBL488646__state01,ERBB2__CHEMBL488646,CHEMBL488646,ERBB2,CHEMBL1157465,1,COc1cc(C2=C(c3cn(COC(C)(C)C)c4ccccc34)CN=C2O)cc(OC)c1OC,0,data/quantum/erbB_xyz/ERBB2__CHEMBL488646__state01.xyz,-79.753317084192,0.027698028804,GFN2-xTB_single_point_on_RDKit_MMFF_geometry,success
ERBB2__CHEMBL488811__state00,ERBB2__CHEMBL488811,CHEMBL488811,ERBB2,CHEMBL1157465,0,COc1cc(C2=C(c3cn(COc4ccccc4)c4ccccc34)CNC2=O)cc(OC)c1OC,0,data/quantum/erbB_xyz/ERBB2__CHEMBL488811__state00.xyz,-84.343536688574,0.022388467109,GFN2-xTB_single_point_on_RDKit_MMFF_geometry,success
ERBB2__CHEMBL488811__state01,ERBB2__CHEMBL488811,CHEMBL488811,ERBB2,CHEMBL1157465,1,COc1cc(C2=C(c3cn(COc4ccccc4)c4ccccc34)CN=C2O)cc(OC)c1OC,0,data/quantum/erbB_xyz/ERBB2__CHEMBL488811__state01.xyz,-84.286982005631,0.014758191994,GFN2-xTB_single_point_on_RDKit_MMFF_geometry,success
ERBB2__CHEMBL51659__state00,ERBB2__CHEMBL51659,CHEMBL51659,ERBB2,CHEMBL1132213,0,C=CC(=O)Nc1cc2c(Nc3cccc(Br)c3)ncnc2cn1,0,data/quantum/erbB_xyz/ERBB2__CHEMBL51659__state00.xyz,-56.163197170042,0.025181485203,GFN2-xTB_single_point_on_RDKit_MMFF_geometry,success
ERBB2__CHEMBL51659__state01,ERBB2__CHEMBL51659,CHEMBL51659,ERBB2,CHEMBL1132213,1,C=CC(=O)N=c1cc2c(=Nc3cccc(Br)c3)[nH]cnc2c[nH]1,0,data/quantum/erbB_xyz/ERBB2__CHEMBL51659__state01.xyz,-56.184111751664,0.023618965972,GFN2-xTB_single_point_on_RDKit_MMFF_geometry,success
ERBB2__CHEMBL51659__state02,ERBB2__CHEMBL51659,CHEMBL51659,ERBB2,CHEMBL1132213,2,C=CC(=O)N=c1cc2c(=Nc3cccc(Br)c3)nc[nH]c2c[nH]1,0,data/quantum/erbB_xyz/ERBB2__CHEMBL51659__state02.xyz,-56.192882020258,0.152634635861,GFN2-xTB_single_point_on_RDKit_MMFF_geometry,success
ERBB2__CHEMBL51659__state03,ERBB2__CHEMBL51659,CHEMBL51659,ERBB2,CHEMBL1132213,3,C=CC(=O)N=c1cc2c(Nc3cccc(Br)c3)ncnc2c[nH]1,0,data/quantum/erbB_xyz/ERBB2__CHEMBL51659__state03.xyz,-56.185552420124,0.022492654416,GFN2-xTB_single_point_on_RDKit_MMFF_geometry,success
ERBB2__CHEMBL53203__state00,ERBB2__CHEMBL53203,CHEMBL53203,ERBB2,CHEMBL1132213,0,C=CC(=O)Nc1ccc2ncnc(Nc3ccc(Oc4ccccc4)cc3)c2c1,0,data/quantum/erbB_xyz/ERBB2__CHEMBL53203__state00.xyz,-67.706712705117,0.034002372006,GFN2-xTB_single_point_on_RDKit_MMFF_geometry,success
ERBB2__CHEMBL53203__state01,ERBB2__CHEMBL53203,CHEMBL53203,ERBB2,CHEMBL1132213,1,C=CC(=O)Nc1ccc2[nH]cnc(=Nc3ccc(Oc4ccccc4)cc3)c2c1,0,data/quantum/erbB_xyz/ERBB2__CHEMBL53203__state01.xyz,-67.712264564786,0.006060508450,GFN2-xTB_single_point_on_RDKit_MMFF_geometry,success
ERBB2__CHEMBL53203__state02,ERBB2__CHEMBL53203,CHEMBL53203,ERBB2,CHEMBL1132213,2,C=CC(=O)Nc1ccc2nc[nH]c(=Nc3ccc(Oc4ccccc4)cc3)c2c1,0,data/quantum/erbB_xyz/ERBB2__CHEMBL53203__state02.xyz,-67.708224479245,0.026264366299,GFN2-xTB_single_point_on_RDKit_MMFF_geometry,success
ERBB2__CHEMBL53203__state03,ERBB2__CHEMBL53203,CHEMBL53203,ERBB2,CHEMBL1132213,3,C=CC(O)=Nc1ccc2[nH]cnc(=Nc3ccc(Oc4ccccc4)cc3)c2c1,0,data/quantum/erbB_xyz/ERBB2__CHEMBL53203__state03.xyz,-67.705991228425,0.017576175501,GFN2-xTB_single_point_on_RDKit_MMFF_geometry,success
ERBB2__CHEMBL53555__state00,ERBB2__CHEMBL53555,CHEMBL53555,ERBB2,CHEMBL1132213,0,C=CC(=O)Nc1cc2c(Nc3ccc(F)c(Cl)c3)ncnc2cn1,0,data/quantum/erbB_xyz/ERBB2__CHEMBL53555__state00.xyz,-61.413671101763,0.004129487416,GFN2-xTB_single_point_on_RDKit_MMFF_geometry,success
ERBB2__CHEMBL53555__state01,ERBB2__CHEMBL53555,CHEMBL53555,ERBB2,CHEMBL1132213,1,C=CC(=O)N=c1cc2c(=Nc3ccc(F)c(Cl)c3)[nH]cnc2c[nH]1,0,data/quantum/erbB_xyz/ERBB2__CHEMBL53555__state01.xyz,-61.442911950840,0.245710064252,GFN2-xTB_single_point_on_RDKit_MMFF_geometry,success
ERBB2__CHEMBL53555__state02,ERBB2__CHEMBL53555,CHEMBL53555,ERBB2,CHEMBL1132213,2,C=CC(=O)N=c1cc2c(=Nc3ccc(F)c(Cl)c3)nc[nH]c2c[nH]1,0,data/quantum/erbB_xyz/ERBB2__CHEMBL53555__state02.xyz,-61.442102467036,0.203603617170,GFN2-xTB_single_point_on_RDKit_MMFF_geometry,success
ERBB2__CHEMBL53555__state03,ERBB2__CHEMBL53555,CHEMBL53555,ERBB2,CHEMBL1132213,3,C=CC(=O)N=c1cc2c(Nc3ccc(F)c(Cl)c3)ncnc2c[nH]1,0,data/quantum/erbB_xyz/ERBB2__CHEMBL53555__state03.xyz,-61.435114640694,0.132975617265,GFN2-xTB_single_point_on_RDKit_MMFF_geometry,success
ERBB2__CHEMBL53665__state00,ERBB2__CHEMBL53665,CHEMBL53665,ERBB2,CHEMBL1132213,0,C=CC(=O)Nc1ccc2ncnc(Nc3ccc(F)c(Br)c3)c2n1,0,data/quantum/erbB_xyz/ERBB2__CHEMBL53665__state00.xyz,-60.952412829767,0.018798023196,GFN2-xTB_single_point_on_RDKit_MMFF_geometry,success
ERBB2__CHEMBL53665__state01,ERBB2__CHEMBL53665,CHEMBL53665,ERBB2,CHEMBL1132213,1,C=CC(=O)N=c1ccc2[nH]cnc(=Nc3ccc(F)c(Br)c3)c2[nH]1,0,data/quantum/erbB_xyz/ERBB2__CHEMBL53665__state01.xyz,-60.964977549789,0.082609864083,GFN2-xTB_single_point_on_RDKit_MMFF_geometry,success
ERBB2__CHEMBL53665__state02,ERBB2__CHEMBL53665,CHEMBL53665,ERBB2,CHEMBL1132213,2,C=CC(=O)N=c1ccc2nc[nH]c(=Nc3ccc(F)c(Br)c3)c2[nH]1,0,data/quantum/erbB_xyz/ERBB2__CHEMBL53665__state02.xyz,-60.960372321175,0.026686523971,GFN2-xTB_single_point_on_RDKit_MMFF_geometry,success
ERBB2__CHEMBL53665__state03,ERBB2__CHEMBL53665,CHEMBL53665,ERBB2,CHEMBL1132213,3,C=CC(=O)N=c1ccc2ncnc(Nc3ccc(F)c(Br)c3)c2[nH]1,0,data/quantum/erbB_xyz/ERBB2__CHEMBL53665__state03.xyz,-60.954621354722,0.019322943436,GFN2-xTB_single_point_on_RDKit_MMFF_geometry,success
ERBB2__CHEMBL53898__state00,ERBB2__CHEMBL53898,CHEMBL53898,ERBB2,CHEMBL1136802,0,N#C/C(=C\c1ccc(O)c(O)c1)C(=O)NCCCc1ccccc1,0,data/quantum/erbB_xyz/ERBB2__CHEMBL53898__state00.xyz,-57.477022272131,0.067877499958,GFN2-xTB_single_point_on_RDKit_MMFF_geometry,success
ERBB2__CHEMBL53898__state01,ERBB2__CHEMBL53898,CHEMBL53898,ERBB2,CHEMBL1136802,1,N#CC(=CC1=CC(=O)C(O)C=C1)C(=O)NCCCc1ccccc1,0,data/quantum/erbB_xyz/ERBB2__CHEMBL53898__state01.xyz,-57.484185071425,0.070671602025,GFN2-xTB_single_point_on_RDKit_MMFF_geometry,success
ERBB2__CHEMBL53898__state02,ERBB2__CHEMBL53898,CHEMBL53898,ERBB2,CHEMBL1136802,2,N#CC(=CC1=CC(=O)C(O)C=C1)C(O)=NCCCc1ccccc1,0,data/quantum/erbB_xyz/ERBB2__CHEMBL53898__state02.xyz,-57.454067560025,0.063183507969,GFN2-xTB_single_point_on_RDKit_MMFF_geometry,success
ERBB2__CHEMBL53898__state03,ERBB2__CHEMBL53898,CHEMBL53898,ERBB2,CHEMBL1136802,3,N#CC(=CC1=CC(O)C(=O)C=C1)C(=O)NCCCc1ccccc1,0,data/quantum/erbB_xyz/ERBB2__CHEMBL53898__state03.xyz,-57.485965481869,0.071972453628,GFN2-xTB_single_point_on_RDKit_MMFF_geometry,success
ERBB2__CHEMBL54088__state00,ERBB2__CHEMBL54088,CHEMBL54088,ERBB2,CHEMBL1132213,0,C=CC(=O)Nc1cc2c(Nc3cccc(C)c3)ncnc2cn1,0,data/quantum/erbB_xyz/ERBB2__CHEMBL54088__state00.xyz,-54.018930544243,0.011029903883,GFN2-xTB_single_point_on_RDKit_MMFF_geometry,success
ERBB2__CHEMBL54088__state01,ERBB2__CHEMBL54088,CHEMBL54088,ERBB2,CHEMBL1132213,1,C=CC(=O)N=c1cc2c(=Nc3cccc(C)c3)[nH]cnc2c[nH]1,0,data/quantum/erbB_xyz/ERBB2__CHEMBL54088__state01.xyz,-54.052384158580,0.049430450120,GFN2-xTB_single_point_on_RDKit_MMFF_geometry,success
ERBB2__CHEMBL54088__state02,ERBB2__CHEMBL54088,CHEMBL54088,ERBB2,CHEMBL1132213,2,C=CC(=O)N=c1cc2c(=Nc3cccc(C)c3)nc[nH]c2c[nH]1,0,data/quantum/erbB_xyz/ERBB2__CHEMBL54088__state02.xyz,-54.056053678293,0.038561535928,GFN2-xTB_single_point_on_RDKit_MMFF_geometry,success
ERBB2__CHEMBL54088__state03,ERBB2__CHEMBL54088,CHEMBL54088,ERBB2,CHEMBL1132213,3,C=CC(=O)N=c1cc2c(Nc3cccc(C)c3)ncnc2c[nH]1,0,data/quantum/erbB_xyz/ERBB2__CHEMBL54088__state03.xyz,-54.040934786379,0.023773568067,GFN2-xTB_single_point_on_RDKit_MMFF_geometry,success
ERBB2__CHEMBL54091__state00,ERBB2__CHEMBL54091,CHEMBL54091,ERBB2,CHEMBL1132213,0,C=CC(=O)Nc1cc2c(Nc3ccc(F)c(Br)c3)ncnc2cn1,0,data/quantum/erbB_xyz/ERBB2__CHEMBL54091__state00.xyz,-60.941799830732,0.003701422709,GFN2-xTB_single_point_on_RDKit_MMFF_geometry,success
ERBB2__CHEMBL54091__state01,ERBB2__CHEMBL54091,CHEMBL54091,ERBB2,CHEMBL1132213,1,C=CC(=O)N=c1cc2c(=Nc3ccc(F)c(Br)c3)[nH]cnc2c[nH]1,0,data/quantum/erbB_xyz/ERBB2__CHEMBL54091__state01.xyz,-60.965199370845,0.010181769893,GFN2-xTB_single_point_on_RDKit_MMFF_geometry,success
ERBB2__CHEMBL54091__state02,ERBB2__CHEMBL54091,CHEMBL54091,ERBB2,CHEMBL1132213,2,C=CC(=O)N=c1cc2c(=Nc3ccc(F)c(Br)c3)nc[nH]c2c[nH]1,0,data/quantum/erbB_xyz/ERBB2__CHEMBL54091__state02.xyz,-60.976420625959,0.276321498428,GFN2-xTB_single_point_on_RDKit_MMFF_geometry,success
ERBB2__CHEMBL54091__state03,ERBB2__CHEMBL54091,CHEMBL54091,ERBB2,CHEMBL1132213,3,C=CC(=O)N=c1cc2c(Nc3ccc(F)c(Br)c3)ncnc2c[nH]1,0,data/quantum/erbB_xyz/ERBB2__CHEMBL54091__state03.xyz,-60.962712893694,0.140138176041,GFN2-xTB_single_point_on_RDKit_MMFF_geometry,success
ERBB2__CHEMBL545315__state00,ERBB2__CHEMBL545315,CHEMBL545315,ERBB2,CHEMBL1134843,0,C=CC(=O)Nc1cc2c(Nc3ccc(F)c(Cl)c3)ncnc2cc1OCCCN1CCOCC1.Cl.Cl,0,data/quantum/erbB_xyz/ERBB2__CHEMBL545315__state00.xyz,,,GFN2-xTB_single_point_on_RDKit_MMFF_geometry,failed
ERBB2__CHEMBL545315__state01,ERBB2__CHEMBL545315,CHEMBL545315,ERBB2,CHEMBL1134843,1,C=CC(=O)Nc1cc2c(=Nc3ccc(F)c(Cl)c3)[nH]cnc2cc1OCCCN1CCOCC1.Cl.Cl,0,data/quantum/erbB_xyz/ERBB2__CHEMBL545315__state01.xyz,,,GFN2-xTB_single_point_on_RDKit_MMFF_geometry,failed
ERBB2__CHEMBL545315__state02,ERBB2__CHEMBL545315,CHEMBL545315,ERBB2,CHEMBL1134843,2,C=CC(=O)Nc1cc2c(=Nc3ccc(F)c(Cl)c3)nc[nH]c2cc1OCCCN1CCOCC1.Cl.Cl,0,data/quantum/erbB_xyz/ERBB2__CHEMBL545315__state02.xyz,,,GFN2-xTB_single_point_on_RDKit_MMFF_geometry,failed
ERBB2__CHEMBL545315__state03,ERBB2__CHEMBL545315,CHEMBL545315,ERBB2,CHEMBL1134843,3,C=CC(O)=Nc1cc2c(=Nc3ccc(F)c(Cl)c3)[nH]cnc2cc1OCCCN1CCOCC1.Cl.Cl,0,data/quantum/erbB_xyz/ERBB2__CHEMBL545315__state03.xyz,,,GFN2-xTB_single_point_on_RDKit_MMFF_geometry,failed
ERBB2__CHEMBL55360__state00,ERBB2__CHEMBL55360,CHEMBL55360,ERBB2,CHEMBL1136802,0,Cc1cccc(C)c1NC(=O)/C(C#N)=C/c1ccc(O)c(O)c1,0,data/quantum/erbB_xyz/ERBB2__CHEMBL55360__state00.xyz,-55.395288512303,0.103185436811,GFN2-xTB_single_point_on_RDKit_MMFF_geometry,success
ERBB2__CHEMBL55360__state01,ERBB2__CHEMBL55360,CHEMBL55360,ERBB2,CHEMBL1136802,1,Cc1cccc(C)c1N=C(O)C(C#N)=Cc1ccc(O)c(O)c1,0,data/quantum/erbB_xyz/ERBB2__CHEMBL55360__state01.xyz,-55.372916286030,0.156599965381,GFN2-xTB_single_point_on_RDKit_MMFF_geometry,success
ERBB2__CHEMBL55360__state02,ERBB2__CHEMBL55360,CHEMBL55360,ERBB2,CHEMBL1136802,2,Cc1cccc(C)c1N=C(O)C(C#N)C=C1C=CC(=O)C(O)=C1,0,data/quantum/erbB_xyz/ERBB2__CHEMBL55360__state02.xyz,-55.352208158238,0.030049024081,GFN2-xTB_single_point_on_RDKit_MMFF_geometry,success
ERBB2__CHEMBL55360__state03,ERBB2__CHEMBL55360,CHEMBL55360,ERBB2,CHEMBL1136802,3,Cc1cccc(C)c1N=C(O)C(C#N)CC1=CC(=O)C(=O)C=C1,0,data/quantum/erbB_xyz/ERBB2__CHEMBL55360__state03.xyz,-55.379373317701,0.109850914789,GFN2-xTB_single_point_on_RDKit_MMFF_geometry,success
ERBB2__CHEMBL55979__state00,ERBB2__CHEMBL55979,CHEMBL55979,ERBB2,CHEMBL1136802,0,CC(NC(=O)/C(C#N)=C/c1ccc(O)c(O)c1)c1ccccc1,0,data/quantum/erbB_xyz/ERBB2__CHEMBL55979__state00.xyz,-55.398585481486,0.042588745906,GFN2-xTB_single_point_on_RDKit_MMFF_geometry,success
ERBB2__CHEMBL55979__state01,ERBB2__CHEMBL55979,CHEMBL55979,ERBB2,CHEMBL1136802,1,CC(N=C(O)C(C#N)=Cc1ccc(O)c(O)c1)c1ccccc1,0,data/quantum/erbB_xyz/ERBB2__CHEMBL55979__state01.xyz,-55.392358498630,0.033982904854,GFN2-xTB_single_point_on_RDKit_MMFF_geometry,success
ERBB2__CHEMBL55979__state02,ERBB2__CHEMBL55979,CHEMBL55979,ERBB2,CHEMBL1136802,2,CC(N=C(O)C(C#N)C=C1C=CC(=O)C(O)=C1)c1ccccc1,0,data/quantum/erbB_xyz/ERBB2__CHEMBL55979__state02.xyz,-55.383052849495,0.011561869805,GFN2-xTB_single_point_on_RDKit_MMFF_geometry,success
ERBB2__CHEMBL55979__state03,ERBB2__CHEMBL55979,CHEMBL55979,ERBB2,CHEMBL1136802,3,CC(N=C(O)C(C#N)CC1=CC(=O)C(=O)C=C1)c1ccccc1,0,data/quantum/erbB_xyz/ERBB2__CHEMBL55979__state03.xyz,-55.397776112587,0.031466395062,GFN2-xTB_single_point_on_RDKit_MMFF_geometry,success
ERBB2__CHEMBL56219__state00,ERBB2__CHEMBL56219,CHEMBL56219,ERBB2,CHEMBL1136802,0,N#C/C(=C\c1ccc(O)c(O)c1)C(=O)Nc1ccccc1Cl,0,data/quantum/erbB_xyz/ERBB2__CHEMBL56219__state00.xyz,-55.978674211318,0.173357615607,GFN2-xTB_single_point_on_RDKit_MMFF_geometry,success
ERBB2__CHEMBL56219__state01,ERBB2__CHEMBL56219,CHEMBL56219,ERBB2,CHEMBL1136802,1,N#CC(=CC1=CC(=O)C(O)C=C1)C(=O)Nc1ccccc1Cl,0,data/quantum/erbB_xyz/ERBB2__CHEMBL56219__state01.xyz,-55.980998301017,0.179707944754,GFN2-xTB_single_point_on_RDKit_MMFF_geometry,success
ERBB2__CHEMBL56219__state02,ERBB2__CHEMBL56219,CHEMBL56219,ERBB2,CHEMBL1136802,2,N#CC(=CC1=CC(=O)C(O)C=C1)C(O)=Nc1ccccc1Cl,0,data/quantum/erbB_xyz/ERBB2__CHEMBL56219__state02.xyz,-55.962436471830,0.470061128139,GFN2-xTB_single_point_on_RDKit_MMFF_geometry,success
ERBB2__CHEMBL56219__state03,ERBB2__CHEMBL56219,CHEMBL56219,ERBB2,CHEMBL1136802,3,N#CC(=CC1=CC(O)C(=O)C=C1)C(=O)Nc1ccccc1Cl,0,data/quantum/erbB_xyz/ERBB2__CHEMBL56219__state03.xyz,-55.988276084340,0.334845619117,GFN2-xTB_single_point_on_RDKit_MMFF_geometry,success
ERBB2__CHEMBL56319__state00,ERBB2__CHEMBL56319,CHEMBL56319,ERBB2,CHEMBL1136802,0,CCOC(=O)C(Cc1ccccc1)NC(=O)/C(C#N)=C/c1ccc(O)c(O)c1,0,data/quantum/erbB_xyz/ERBB2__CHEMBL56319__state00.xyz,-69.715703710645,0.014953421158,GFN2-xTB_single_point_on_RDKit_MMFF_geometry,success
ERBB2__CHEMBL56319__state01,ERBB2__CHEMBL56319,CHEMBL56319,ERBB2,CHEMBL1136802,1,CCOC(=O)C(Cc1ccccc1)N=C(O)C(C#N)=Cc1ccc(O)c(O)c1,0,data/quantum/erbB_xyz/ERBB2__CHEMBL56319__state01.xyz,-69.697680468841,0.004976697786,GFN2-xTB_single_point_on_RDKit_MMFF_geometry,success
ERBB2__CHEMBL56319__state02,ERBB2__CHEMBL56319,CHEMBL56319,ERBB2,CHEMBL1136802,2,CCOC(=O)C(Cc1ccccc1)N=C(O)C(C#N)C=C1C=CC(=O)C(O)=C1,0,data/quantum/erbB_xyz/ERBB2__CHEMBL56319__state02.xyz,-69.690901565883,0.016589334333,GFN2-xTB_single_point_on_RDKit_MMFF_geometry,success
ERBB2__CHEMBL56319__state03,ERBB2__CHEMBL56319,CHEMBL56319,ERBB2,CHEMBL1136802,3,CCOC(=O)C(Cc1ccccc1)NC(=O)/C(C#N)=C/C1=CC(O)C(=O)C=C1,0,data/quantum/erbB_xyz/ERBB2__CHEMBL56319__state03.xyz,-69.730463695101,0.020993870902,GFN2-xTB_single_point_on_RDKit_MMFF_geometry,success
ERBB2__CHEMBL56543__state00,ERBB2__CHEMBL56543,CHEMBL56543,ERBB2,CHEMBL1136802,0,N#C/C(=C\c1ccc(O)c(O)c1)C(=O)NCc1ccccc1,0,data/quantum/erbB_xyz/ERBB2__CHEMBL56543__state00.xyz,-53.381028818029,0.028846365530,GFN2-xTB_single_point_on_RDKit_MMFF_geometry,success
ERBB2__CHEMBL56543__state01,ERBB2__CHEMBL56543,CHEMBL56543,ERBB2,CHEMBL1136802,1,N#CC(=CC1=CC(=O)C(O)C=C1)C(=O)NCc1ccccc1,0,data/quantum/erbB_xyz/ERBB2__CHEMBL56543__state01.xyz,-53.397583572868,0.062647046595,GFN2-xTB_single_point_on_RDKit_MMFF_geometry,success
ERBB2__CHEMBL56543__state02,ERBB2__CHEMBL56543,CHEMBL56543,ERBB2,CHEMBL1136802,2,N#CC(=CC1=CC(=O)C(O)C=C1)C(O)=NCc1ccccc1,0,data/quantum/erbB_xyz/ERBB2__CHEMBL56543__state02.xyz,-53.377265243070,0.077765419700,GFN2-xTB_single_point_on_RDKit_MMFF_geometry,success
ERBB2__CHEMBL56543__state03,ERBB2__CHEMBL56543,CHEMBL56543,ERBB2,CHEMBL1136802,3,N#CC(=CC1=CC(O)C(=O)C=C1)C(=O)NCc1ccccc1,0,data/quantum/erbB_xyz/ERBB2__CHEMBL56543__state03.xyz,-53.383398487404,0.044969339562,GFN2-xTB_single_point_on_RDKit_MMFF_geometry,success
ERBB2__CHEMBL56731__state00,ERBB2__CHEMBL56731,CHEMBL56731,ERBB2,CHEMBL1136802,0,N#C/C(=C\c1ccc(O)c(O)c1)C(=O)Nc1ccccc1,0,data/quantum/erbB_xyz/ERBB2__CHEMBL56731__state00.xyz,-51.337440529193,0.037267055090,GFN2-xTB_single_point_on_RDKit_MMFF_geometry,success
ERBB2__CHEMBL56731__state01,ERBB2__CHEMBL56731,CHEMBL56731,ERBB2,CHEMBL1136802,1,N#CC(=CC1=CC(=O)C(O)C=C1)C(=O)Nc1ccccc1,0,data/quantum/erbB_xyz/ERBB2__CHEMBL56731__state01.xyz,-51.342362345715,0.027643012993,GFN2-xTB_single_point_on_RDKit_MMFF_geometry,success
ERBB2__CHEMBL56731__state02,ERBB2__CHEMBL56731,CHEMBL56731,ERBB2,CHEMBL1136802,2,N#CC(=CC1=CC(=O)C(O)C=C1)C(O)=Nc1ccccc1,0,data/quantum/erbB_xyz/ERBB2__CHEMBL56731__state02.xyz,-51.335744084541,0.023103700753,GFN2-xTB_single_point_on_RDKit_MMFF_geometry,success
ERBB2__CHEMBL56731__state03,ERBB2__CHEMBL56731,CHEMBL56731,ERBB2,CHEMBL1136802,3,N#CC(=CC1=CC(O)C(=O)C=C1)C(=O)Nc1ccccc1,0,data/quantum/erbB_xyz/ERBB2__CHEMBL56731__state03.xyz,-51.344471578273,0.038969235947,GFN2-xTB_single_point_on_RDKit_MMFF_geometry,success
ERBB2__CHEMBL569880__state00,ERBB2__CHEMBL569880,CHEMBL569880,ERBB2,CHEMBL1154692,0,C=CC(=O)N1CCC[C@H]1C(=O)Nc1cc2c(Nc3ccc(F)c(Cl)c3F)ncnc2cc1OCCOC,0,data/quantum/erbB_xyz/ERBB2__CHEMBL569880__state00.xyz,-96.901052923998,0.029336578862,GFN2-xTB_single_point_on_RDKit_MMFF_geometry,success
ERBB2__CHEMBL569880__state01,ERBB2__CHEMBL569880,CHEMBL569880,ERBB2,CHEMBL1154692,1,C=CC(=O)N1CCCC1=C(O)Nc1cc2c(=Nc3ccc(F)c(Cl)c3F)[nH]cnc2cc1OCCOC,0,data/quantum/erbB_xyz/ERBB2__CHEMBL569880__state01.xyz,-96.898043367601,0.040946708880,GFN2-xTB_single_point_on_RDKit_MMFF_geometry,success
ERBB2__CHEMBL569880__state02,ERBB2__CHEMBL569880,CHEMBL569880,ERBB2,CHEMBL1154692,2,C=CC(=O)N1CCCC1=C(O)Nc1cc2c(=Nc3ccc(F)c(Cl)c3F)nc[nH]c2cc1OCCOC,0,data/quantum/erbB_xyz/ERBB2__CHEMBL569880__state02.xyz,-96.928968287649,0.102108813648,GFN2-xTB_single_point_on_RDKit_MMFF_geometry,success
ERBB2__CHEMBL569880__state03,ERBB2__CHEMBL569880,CHEMBL569880,ERBB2,CHEMBL1154692,3,C=CC(=O)N1CCCC1=C(O)Nc1cc2c(Nc3ccc(F)c(Cl)c3F)ncnc2cc1OCCOC,0,data/quantum/erbB_xyz/ERBB2__CHEMBL569880__state03.xyz,-96.916871605692,0.039982698451,GFN2-xTB_single_point_on_RDKit_MMFF_geometry,success
ERBB2__CHEMBL571040__state00,ERBB2__CHEMBL571040,CHEMBL571040,ERBB2,CHEMBL1154692,0,C=CC(=O)N1CCC[C@H]1C(=O)Nc1cc2c(Nc3cccc(Cl)c3F)ncnc2cc1OCCOC,0,data/quantum/erbB_xyz/ERBB2__CHEMBL571040__state00.xyz,-92.100622367065,0.017293209910,GFN2-xTB_single_point_on_RDKit_MMFF_geometry,success
ERBB2__CHEMBL571040__state01,ERBB2__CHEMBL571040,CHEMBL571040,ERBB2,CHEMBL1154692,1,C=CC(=O)N1CCCC1=C(O)Nc1cc2c(=Nc3cccc(Cl)c3F)[nH]cnc2cc1OCCOC,0,data/quantum/erbB_xyz/ERBB2__CHEMBL571040__state01.xyz,-92.136710447216,0.027150764068,GFN2-xTB_single_point_on_RDKit_MMFF_geometry,success
ERBB2__CHEMBL571040__state02,ERBB2__CHEMBL571040,CHEMBL571040,ERBB2,CHEMBL1154692,2,C=CC(=O)N1CCCC1=C(O)Nc1cc2c(=Nc3cccc(Cl)c3F)nc[nH]c2cc1OCCOC,0,data/quantum/erbB_xyz/ERBB2__CHEMBL571040__state02.xyz,-92.128359857629,0.043609315564,GFN2-xTB_single_point_on_RDKit_MMFF_geometry,success
ERBB2__CHEMBL571040__state03,ERBB2__CHEMBL571040,CHEMBL571040,ERBB2,CHEMBL1154692,3,C=CC(=O)N1CCCC1=C(O)Nc1cc2c(Nc3cccc(Cl)c3F)ncnc2cc1OCCOC,0,data/quantum/erbB_xyz/ERBB2__CHEMBL571040__state03.xyz,-92.104201706731,0.027600461642,GFN2-xTB_single_point_on_RDKit_MMFF_geometry,success
ERBB2__CHEMBL57251__state00,ERBB2__CHEMBL57251,CHEMBL57251,ERBB2,CHEMBL1136802,0,COc1ccc(NC(=O)/C(C#N)=C/c2ccc(O)c(O)c2)c(OC)c1,0,data/quantum/erbB_xyz/ERBB2__CHEMBL57251__state00.xyz,-63.534858002199,0.118206193963,GFN2-xTB_single_point_on_RDKit_MMFF_geometry,success
ERBB2__CHEMBL57251__state01,ERBB2__CHEMBL57251,CHEMBL57251,ERBB2,CHEMBL1136802,1,COc1ccc(N=C(O)C(C#N)=Cc2ccc(O)c(O)c2)c(OC)c1,0,data/quantum/erbB_xyz/ERBB2__CHEMBL57251__state01.xyz,-63.522507862734,0.063930234969,GFN2-xTB_single_point_on_RDKit_MMFF_geometry,success
ERBB2__CHEMBL57251__state02,ERBB2__CHEMBL57251,CHEMBL57251,ERBB2,CHEMBL1136802,2,COc1ccc(N=C(O)C(C#N)C=C2C=CC(=O)C(O)=C2)c(OC)c1,0,data/quantum/erbB_xyz/ERBB2__CHEMBL57251__state02.xyz,-63.507952078516,0.047644608336,GFN2-xTB_single_point_on_RDKit_MMFF_geometry,success
ERBB2__CHEMBL57251__state03,ERBB2__CHEMBL57251,CHEMBL57251,ERBB2,CHEMBL1136802,3,COc1ccc(N=C(O)C(C#N)CC2=CC(=O)C(=O)C=C2)c(OC)c1,0,data/quantum/erbB_xyz/ERBB2__CHEMBL57251__state03.xyz,-63.522718817849,0.068790460849,GFN2-xTB_single_point_on_RDKit_MMFF_geometry,success
ERBB2__CHEMBL597492__state00,ERBB2__CHEMBL597492,CHEMBL597492,ERBB2,CHEMBL1158526,0,COc1cc(C2=C(c3c[nH]c4ccc(I)cc34)C(=O)NC2=O)cc(OC)c1OC,0,data/quantum/erbB_xyz/ERBB2__CHEMBL597492__state00.xyz,-73.746165831526,0.014012851421,GFN2-xTB_single_point_on_RDKit_MMFF_geometry,success
ERBB2__CHEMBL597492__state01,ERBB2__CHEMBL597492,CHEMBL597492,ERBB2,CHEMBL1158526,1,COc1cc(C2=C(C3C=Nc4ccc(I)cc43)C(=O)N=C2O)cc(OC)c1OC,0,data/quantum/erbB_xyz/ERBB2__CHEMBL597492__state01.xyz,-73.701585011024,0.115823138265,GFN2-xTB_single_point_on_RDKit_MMFF_geometry,success
ERBB2__CHEMBL597492__state02,ERBB2__CHEMBL597492,CHEMBL597492,ERBB2,CHEMBL1158526,2,COc1cc(C2=C(C3C=Nc4ccc(I)cc43)C(=O)NC2=O)cc(OC)c1OC,0,data/quantum/erbB_xyz/ERBB2__CHEMBL597492__state02.xyz,-73.726979333738,0.113752311702,GFN2-xTB_single_point_on_RDKit_MMFF_geometry,success
ERBB2__CHEMBL597492__state03,ERBB2__CHEMBL597492,CHEMBL597492,ERBB2,CHEMBL1158526,3,COc1cc(C2=C(C3C=Nc4ccc(I)cc43)C(O)=NC2=O)cc(OC)c1OC,0,data/quantum/erbB_xyz/ERBB2__CHEMBL597492__state03.xyz,-73.694663233513,0.003925725227,GFN2-xTB_single_point_on_RDKit_MMFF_geometry,success
ERBB2__CHEMBL605957__state00,ERBB2__CHEMBL605957,CHEMBL605957,ERBB2,CHEMBL1158526,0,COc1cc(C2=C(c3c[nH]c4ccc(Br)cc34)C(=O)NC2=O)cc(OC)c1OC,0,data/quantum/erbB_xyz/ERBB2__CHEMBL605957__state00.xyz,-74.016876048690,0.013571319901,GFN2-xTB_single_point_on_RDKit_MMFF_geometry,success
ERBB2__CHEMBL605957__state01,ERBB2__CHEMBL605957,CHEMBL605957,ERBB2,CHEMBL1158526,1,COc1cc(C2=C(C3C=Nc4ccc(Br)cc43)C(=O)N=C2O)cc(OC)c1OC,0,data/quantum/erbB_xyz/ERBB2__CHEMBL605957__state01.xyz,-73.972192172923,0.114916852356,GFN2-xTB_single_point_on_RDKit_MMFF_geometry,success
ERBB2__CHEMBL605957__state02,ERBB2__CHEMBL605957,CHEMBL605957,ERBB2,CHEMBL1158526,2,COc1cc(C2=C(C3C=Nc4ccc(Br)cc43)C(=O)NC2=O)cc(OC)c1OC,0,data/quantum/erbB_xyz/ERBB2__CHEMBL605957__state02.xyz,-73.997617037303,0.115329350498,GFN2-xTB_single_point_on_RDKit_MMFF_geometry,success
ERBB2__CHEMBL605957__state03,ERBB2__CHEMBL605957,CHEMBL605957,ERBB2,CHEMBL1158526,3,COc1cc(C2=C(C3C=Nc4ccc(Br)cc43)C(O)=NC2=O)cc(OC)c1OC,0,data/quantum/erbB_xyz/ERBB2__CHEMBL605957__state03.xyz,-73.972302326790,0.024437142540,GFN2-xTB_single_point_on_RDKit_MMFF_geometry,success
ERBB2__CHEMBL66570__state00,ERBB2__CHEMBL66570,CHEMBL66570,ERBB2,CHEMBL1134862,0,CCN1CCN(C(=O)c2cc(C)c(/C=C3\C(=O)Nc4ncnc(Nc5ccc(F)c(Cl)c5)c43)[nH]2)CC1,0,data/quantum/erbB_xyz/ERBB2__CHEMBL66570__state00.xyz,-89.867222162236,0.023782262747,GFN2-xTB_single_point_on_RDKit_MMFF_geometry,success
ERBB2__CHEMBL66570__state01,ERBB2__CHEMBL66570,CHEMBL66570,ERBB2,CHEMBL1134862,1,C=c1cc(C(=O)N2CCN(CC)CC2)[nH]c1=CC1C(=O)Nc2ncnc(Nc3ccc(F)c(Cl)c3)c21,0,data/quantum/erbB_xyz/ERBB2__CHEMBL66570__state01.xyz,-89.830064943809,0.040057177638,GFN2-xTB_single_point_on_RDKit_MMFF_geometry,success
ERBB2__CHEMBL66570__state02,ERBB2__CHEMBL66570,CHEMBL66570,ERBB2,CHEMBL1134862,2,C=c1cc(C(=O)N2CCN(CC)CC2)[nH]c1=Cc1c(O)[nH]c2ncnc(Nc3ccc(F)c(Cl)c3)c12,0,data/quantum/erbB_xyz/ERBB2__CHEMBL66570__state02.xyz,-89.856428688637,0.023677984743,GFN2-xTB_single_point_on_RDKit_MMFF_geometry,success
ERBB2__CHEMBL66570__state03,ERBB2__CHEMBL66570,CHEMBL66570,ERBB2,CHEMBL1134862,3,CCN1CCN(C(=O)C2=NC(=CC3C(=O)Nc4ncnc(Nc5ccc(F)c(Cl)c5)c43)C(C)=C2)CC1,0,data/quantum/erbB_xyz/ERBB2__CHEMBL66570__state03.xyz,-89.827331009600,0.024042100955,GFN2-xTB_single_point_on_RDKit_MMFF_geometry,success
ERBB2__CHEMBL67003__state00,ERBB2__CHEMBL67003,CHEMBL67003,ERBB2,CHEMBL1134862,0,Cc1cc(C(=O)N2CCOCC2)[nH]c1/C=C1\C(=O)Nc2ncnc(Nc3ccc4c(cnn4Cc4ccccc4)c3)c21,0,data/quantum/erbB_xyz/ERBB2__CHEMBL67003__state00.xyz,-100.084251448695,0.031350074407,GFN2-xTB_single_point_on_RDKit_MMFF_geometry,success
ERBB2__CHEMBL67003__state01,ERBB2__CHEMBL67003,CHEMBL67003,ERBB2,CHEMBL1134862,1,C=c1cc(C(=O)N2CCOCC2)[nH]c1=Cc1c(O)[nH]c2ncnc(Nc3ccc4c(cnn4Cc4ccccc4)c3)c12,0,data/quantum/erbB_xyz/ERBB2__CHEMBL67003__state01.xyz,-100.093115124123,0.044052044902,GFN2-xTB_single_point_on_RDKit_MMFF_geometry,success
ERBB2__CHEMBL67003__state02,ERBB2__CHEMBL67003,CHEMBL67003,ERBB2,CHEMBL1134862,2,CC1=CC(=C(O)N2CCOCC2)N=C1C=C1C(=O)Nc2ncnc(Nc3ccc4c(cnn4Cc4ccccc4)c3)c21,0,data/quantum/erbB_xyz/ERBB2__CHEMBL67003__state02.xyz,-100.063979962325,0.023120228671,GFN2-xTB_single_point_on_RDKit_MMFF_geometry,success
ERBB2__CHEMBL67003__state03,ERBB2__CHEMBL67003,CHEMBL67003,ERBB2,CHEMBL1134862,3,CC1=CC(C(=O)N2CCOCC2)=NC1=CC1C(=O)Nc2ncnc(Nc3ccc4c(cnn4Cc4ccccc4)c3)c21,0,data/quantum/erbB_xyz/ERBB2__CHEMBL67003__state03.xyz,-100.052954072595,0.035417876913,GFN2-xTB_single_point_on_RDKit_MMFF_geometry,success
ERBB2__CHEMBL67057__state00,ERBB2__CHEMBL67057,CHEMBL67057,ERBB2,CHEMBL1134862,0,Cc1cc(C(=O)N2CCOCC2)[nH]c1/C=C1\C(=O)Nc2ncnc(Nc3ccc4c(ccn4Cc4ccccc4)c3)c21,0,data/quantum/erbB_xyz/ERBB2__CHEMBL67057__state00.xyz,-99.239874397530,0.040806289326,GFN2-xTB_single_point_on_RDKit_MMFF_geometry,success
ERBB2__CHEMBL67057__state01,ERBB2__CHEMBL67057,CHEMBL67057,ERBB2,CHEMBL1134862,1,C=c1cc(C(=O)N2CCOCC2)[nH]c1=Cc1c(O)[nH]c2ncnc(Nc3ccc4c(ccn4Cc4ccccc4)c3)c12,0,data/quantum/erbB_xyz/ERBB2__CHEMBL67057__state01.xyz,-99.239581653376,0.024439723635,GFN2-xTB_single_point_on_RDKit_MMFF_geometry,success
ERBB2__CHEMBL67057__state02,ERBB2__CHEMBL67057,CHEMBL67057,ERBB2,CHEMBL1134862,2,CC1=CC(=C(O)N2CCOCC2)N=C1C=C1C(=O)Nc2ncnc(Nc3ccc4c(ccn4Cc4ccccc4)c3)c21,0,data/quantum/erbB_xyz/ERBB2__CHEMBL67057__state02.xyz,-99.170229204054,0.033377036759,GFN2-xTB_single_point_on_RDKit_MMFF_geometry,success
ERBB2__CHEMBL67057__state03,ERBB2__CHEMBL67057,CHEMBL67057,ERBB2,CHEMBL1134862,3,CC1=CC(C(=O)N2CCOCC2)=NC1=CC1C(=O)Nc2ncnc(Nc3ccc4c(ccn4Cc4ccccc4)c3)c21,0,data/quantum/erbB_xyz/ERBB2__CHEMBL67057__state03.xyz,-99.184323178762,0.030109042797,GFN2-xTB_single_point_on_RDKit_MMFF_geometry,success
ERBB2__CHEMBL68920__state00,ERBB2__CHEMBL68920,CHEMBL68920,ERBB2,CHEMBL1134862,0,Cc1cc(C)c(/C=C2\C(=O)Nc3ncnc(Nc4ccc(F)c(Cl)c4)c32)[nH]1,0,data/quantum/erbB_xyz/ERBB2__CHEMBL68920__state00.xyz,-67.636879310889,0.055500798279,GFN2-xTB_single_point_on_RDKit_MMFF_geometry,success
ERBB2__CHEMBL68920__state01,ERBB2__CHEMBL68920,CHEMBL68920,ERBB2,CHEMBL1134862,1,C=c1cc(C)[nH]c1=Cc1c(O)[nH]c2ncnc(Nc3ccc(F)c(Cl)c3)c12,0,data/quantum/erbB_xyz/ERBB2__CHEMBL68920__state01.xyz,-67.622667963591,0.056081229035,GFN2-xTB_single_point_on_RDKit_MMFF_geometry,success
ERBB2__CHEMBL68920__state02,ERBB2__CHEMBL68920,CHEMBL68920,ERBB2,CHEMBL1134862,2,CC1=CC(C)=NC1=CC1C(=O)Nc2ncnc(Nc3ccc(F)c(Cl)c3)c21,0,data/quantum/erbB_xyz/ERBB2__CHEMBL68920__state02.xyz,-67.597527139097,0.073917532624,GFN2-xTB_single_point_on_RDKit_MMFF_geometry,success
ERBB2__CHEMBL68920__state03,ERBB2__CHEMBL68920,CHEMBL68920,ERBB2,CHEMBL1134862,3,CC1=CC(C)=NC1=Cc1c(O)[nH]c2ncnc(Nc3ccc(F)c(Cl)c3)c12,0,data/quantum/erbB_xyz/ERBB2__CHEMBL68920__state03.xyz,-67.594735331114,0.061626490870,GFN2-xTB_single_point_on_RDKit_MMFF_geometry,success
ERBB2__CHEMBL69071__state00,ERBB2__CHEMBL69071,CHEMBL69071,ERBB2,CHEMBL1134862,0,Cc1cc(C(=O)N2CC(C)NC(C)C2)[nH]c1/C=C1\C(=O)Nc2ncnc(Nc3ccc(F)c(Cl)c3)c21,0,data/quantum/erbB_xyz/ERBB2__CHEMBL69071__state00.xyz,-89.884847079350,0.017649247096,GFN2-xTB_single_point_on_RDKit_MMFF_geometry,success
ERBB2__CHEMBL69071__state01,ERBB2__CHEMBL69071,CHEMBL69071,ERBB2,CHEMBL1134862,1,C=c1cc(C(=O)N2CC(C)NC(C)C2)[nH]c1=Cc1c(O)[nH]c2ncnc(Nc3ccc(F)c(Cl)c3)c12,0,data/quantum/erbB_xyz/ERBB2__CHEMBL69071__state01.xyz,-89.866326189979,0.020130646802,GFN2-xTB_single_point_on_RDKit_MMFF_geometry,success
ERBB2__CHEMBL69071__state02,ERBB2__CHEMBL69071,CHEMBL69071,ERBB2,CHEMBL1134862,2,CC1=CC(=C(O)N2CC(C)NC(C)C2)N=C1C=C1C(=O)Nc2ncnc(Nc3ccc(F)c(Cl)c3)c21,0,data/quantum/erbB_xyz/ERBB2__CHEMBL69071__state02.xyz,-89.808058099827,0.046785451703,GFN2-xTB_single_point_on_RDKit_MMFF_geometry,success
ERBB2__CHEMBL69071__state03,ERBB2__CHEMBL69071,CHEMBL69071,ERBB2,CHEMBL1134862,3,CC1=CC(C(=O)N2CC(C)NC(C)C2)=NC1=CC1C(=O)Nc2ncnc(Nc3ccc(F)c(Cl)c3)c21,0,data/quantum/erbB_xyz/ERBB2__CHEMBL69071__state03.xyz,-89.829757116703,0.023520172058,GFN2-xTB_single_point_on_RDKit_MMFF_geometry,success
ERBB2__CHEMBL69358__state00,ERBB2__CHEMBL69358,CHEMBL69358,ERBB2,CHEMBL1134862,0,CCN(CC)CCNC(=O)c1cc(C)c(/C=C2\C(=O)Nc3ncnc(Nc4ccc(F)c(Cl)c4)c32)[nH]1,0,data/quantum/erbB_xyz/ERBB2__CHEMBL69358__state00.xyz,-89.783476361908,0.018758772242,GFN2-xTB_single_point_on_RDKit_MMFF_geometry,success
ERBB2__CHEMBL69358__state01,ERBB2__CHEMBL69358,CHEMBL69358,ERBB2,CHEMBL1134862,1,C=c1cc(C(=O)NCCN(CC)CC)[nH]c1=CC1C(=O)Nc2ncnc(Nc3ccc(F)c(Cl)c3)c21,0,data/quantum/erbB_xyz/ERBB2__CHEMBL69358__state01.xyz,-89.778963627043,0.020286781833,GFN2-xTB_single_point_on_RDKit_MMFF_geometry,success
ERBB2__CHEMBL69358__state02,ERBB2__CHEMBL69358,CHEMBL69358,ERBB2,CHEMBL1134862,2,C=c1cc(C(=O)NCCN(CC)CC)[nH]c1=Cc1c(O)[nH]c2ncnc(Nc3ccc(F)c(Cl)c3)c12,0,data/quantum/erbB_xyz/ERBB2__CHEMBL69358__state02.xyz,-89.765421467048,0.035717774070,GFN2-xTB_single_point_on_RDKit_MMFF_geometry,success
ERBB2__CHEMBL69358__state03,ERBB2__CHEMBL69358,CHEMBL69358,ERBB2,CHEMBL1134862,3,CCN(CC)CCN=C(O)c1cc(C)c(C=C2C(=O)Nc3ncnc(Nc4ccc(F)c(Cl)c4)c32)[nH]1,0,data/quantum/erbB_xyz/ERBB2__CHEMBL69358__state03.xyz,-89.744212838182,0.036570570532,GFN2-xTB_single_point_on_RDKit_MMFF_geometry,success
ERBB2__CHEMBL69629__state00,ERBB2__CHEMBL69629,CHEMBL69629,ERBB2,CHEMBL1134862,0,Cc1cc(C(=O)NCCN2CCOCC2)[nH]c1/C=C1\C(=O)Nc2ncnc(Nc3ccc(F)c(Cl)c3)c21,0,data/quantum/erbB_xyz/ERBB2__CHEMBL69629__state00.xyz,-93.960124696570,0.047766786148,GFN2-xTB_single_point_on_RDKit_MMFF_geometry,success
ERBB2__CHEMBL69629__state01,ERBB2__CHEMBL69629,CHEMBL69629,ERBB2,CHEMBL1134862,1,C=c1cc(C(=O)NCCN2CCOCC2)[nH]c1=Cc1c(O)[nH]c2ncnc(Nc3ccc(F)c(Cl)c3)c12,0,data/quantum/erbB_xyz/ERBB2__CHEMBL69629__state01.xyz,-93.936084137381,0.057027866590,GFN2-xTB_single_point_on_RDKit_MMFF_geometry,success
ERBB2__CHEMBL69629__state02,ERBB2__CHEMBL69629,CHEMBL69629,ERBB2,CHEMBL1134862,2,CC1=CC(=C(O)NCCN2CCOCC2)N=C1C=C1C(=O)Nc2ncnc(Nc3ccc(F)c(Cl)c3)c21,0,data/quantum/erbB_xyz/ERBB2__CHEMBL69629__state02.xyz,-93.932535242031,0.021024238092,GFN2-xTB_single_point_on_RDKit_MMFF_geometry,success
ERBB2__CHEMBL69629__state03,ERBB2__CHEMBL69629,CHEMBL69629,ERBB2,CHEMBL1134862,3,CC1=CC(C(=O)NCCN2CCOCC2)=NC1=CC1C(=O)Nc2ncnc(Nc3ccc(F)c(Cl)c3)c21,0,data/quantum/erbB_xyz/ERBB2__CHEMBL69629__state03.xyz,-93.905308924709,0.028299232271,GFN2-xTB_single_point_on_RDKit_MMFF_geometry,success
ERBB2__CHEMBL69960__state00,ERBB2__CHEMBL69960,CHEMBL69960,ERBB2,CHEMBL1134862,0,Cc1cc(C(=O)N2CCOCC2)[nH]c1/C=C1\C(=O)Nc2ncnc(Nc3ccc(F)c(Cl)c3)c21,0,data/quantum/erbB_xyz/ERBB2__CHEMBL69960__state00.xyz,-86.992802828291,0.009464748087,GFN2-xTB_single_point_on_RDKit_MMFF_geometry,success
ERBB2__CHEMBL69960__state01,ERBB2__CHEMBL69960,CHEMBL69960,ERBB2,CHEMBL1134862,1,C=c1cc(C(=O)N2CCOCC2)[nH]c1=Cc1c(O)[nH]c2ncnc(Nc3ccc(F)c(Cl)c3)c12,0,data/quantum/erbB_xyz/ERBB2__CHEMBL69960__state01.xyz,-86.985575826904,0.028648233703,GFN2-xTB_single_point_on_RDKit_MMFF_geometry,success
ERBB2__CHEMBL69960__state02,ERBB2__CHEMBL69960,CHEMBL69960,ERBB2,CHEMBL1134862,2,CC1=CC(=C(O)N2CCOCC2)N=C1C=C1C(=O)Nc2ncnc(Nc3ccc(F)c(Cl)c3)c21,0,data/quantum/erbB_xyz/ERBB2__CHEMBL69960__state02.xyz,-86.957136337824,0.024445406589,GFN2-xTB_single_point_on_RDKit_MMFF_geometry,success
ERBB2__CHEMBL69960__state03,ERBB2__CHEMBL69960,CHEMBL69960,ERBB2,CHEMBL1134862,3,CC1=CC(C(=O)N2CCOCC2)=NC1=CC1C(=O)Nc2ncnc(Nc3ccc(F)c(Cl)c3)c21,0,data/quantum/erbB_xyz/ERBB2__CHEMBL69960__state03.xyz,-86.928725018359,0.013069452245,GFN2-xTB_single_point_on_RDKit_MMFF_geometry,success
ERBB2__CHEMBL69966__state00,ERBB2__CHEMBL69966,CHEMBL69966,ERBB2,CHEMBL1134862,0,C#Cc1cccc(Nc2ncnc3c2/C(=C/c2[nH]c(C(=O)NCCN4CCOCC4)cc2C)C(=O)N3)c1,0,data/quantum/erbB_xyz/ERBB2__CHEMBL69966__state00.xyz,-88.707944279925,0.012263387745,GFN2-xTB_single_point_on_RDKit_MMFF_geometry,success
ERBB2__CHEMBL69966__state01,ERBB2__CHEMBL69966,CHEMBL69966,ERBB2,CHEMBL1134862,1,C#Cc1cccc(N=c2[nH]cnc3c2C(=Cc2[nH]c(C(=O)NCCN4CCOCC4)cc2C)C(=O)N3)c1,0,data/quantum/erbB_xyz/ERBB2__CHEMBL69966__state01.xyz,-88.719198431018,0.018121645792,GFN2-xTB_single_point_on_RDKit_MMFF_geometry,success
ERBB2__CHEMBL69966__state02,ERBB2__CHEMBL69966,CHEMBL69966,ERBB2,CHEMBL1134862,2,C#Cc1cccc(N=c2[nH]cnc3c2C(=Cc2[nH]c(C(=O)NCCN4CCOCC4)cc2C)C(O)=N3)c1,0,data/quantum/erbB_xyz/ERBB2__CHEMBL69966__state02.xyz,-88.719636090394,0.017619846662,GFN2-xTB_single_point_on_RDKit_MMFF_geometry,success
ERBB2__CHEMBL69966__state03,ERBB2__CHEMBL69966,CHEMBL69966,ERBB2,CHEMBL1134862,3,C#Cc1cccc(N=c2nc[nH]c3c2C(=Cc2[nH]c(C(=O)NCCN4CCOCC4)cc2C)C(=O)N3)c1,0,data/quantum/erbB_xyz/ERBB2__CHEMBL69966__state03.xyz,-88.724913994008,0.007545954126,GFN2-xTB_single_point_on_RDKit_MMFF_geometry,success
ERBB2__CHEMBL86326__state00,ERBB2__CHEMBL86326,CHEMBL86326,ERBB2,CHEMBL1131018,0,COc1ccc(/C=C2\C(=O)Nc3ccc(Cl)cc32)cc1C(C)(C)C,0,data/quantum/erbB_xyz/ERBB2__CHEMBL86326__state00.xyz,-57.014707074883,0.013138175569,GFN2-xTB_single_point_on_RDKit_MMFF_geometry,success
ERBB2__CHEMBL86326__state01,ERBB2__CHEMBL86326,CHEMBL86326,ERBB2,CHEMBL1131018,1,COc1ccc(C=C2C(=O)Nc3ccc(Cl)cc32)cc1C(C)(C)C,0,data/quantum/erbB_xyz/ERBB2__CHEMBL86326__state01.xyz,-56.999556782501,0.004714999794,GFN2-xTB_single_point_on_RDKit_MMFF_geometry,success
ERBB2__CHEMBL86326__state02,ERBB2__CHEMBL86326,CHEMBL86326,ERBB2,CHEMBL1131018,2,COc1ccc(C=C2C(O)=Nc3ccc(Cl)cc32)cc1C(C)(C)C,0,data/quantum/erbB_xyz/ERBB2__CHEMBL86326__state02.xyz,-56.980808293390,0.001294387162,GFN2-xTB_single_point_on_RDKit_MMFF_geometry,success
ERBB2__CHEMBL86326__state03,ERBB2__CHEMBL86326,CHEMBL86326,ERBB2,CHEMBL1131018,3,COc1ccc(CC2=c3cc(Cl)ccc3=NC2=O)cc1C(C)(C)C,0,data/quantum/erbB_xyz/ERBB2__CHEMBL86326__state03.xyz,-56.965946692651,0.046875121336,GFN2-xTB_single_point_on_RDKit_MMFF_geometry,success
ERBB2__CHEMBL86432__state00,ERBB2__CHEMBL86432,CHEMBL86432,ERBB2,CHEMBL1131018,0,CSc1ccc(/C=C2\C(=O)Nc3cccc(C)c32)s1,0,data/quantum/erbB_xyz/ERBB2__CHEMBL86432__state00.xyz,-44.645338646785,0.066216845877,GFN2-xTB_single_point_on_RDKit_MMFF_geometry,success
ERBB2__CHEMBL86432__state01,ERBB2__CHEMBL86432,CHEMBL86432,ERBB2,CHEMBL1131018,1,CSc1ccc(/C=C2\C(O)=Nc3cccc(C)c32)s1,0,data/quantum/erbB_xyz/ERBB2__CHEMBL86432__state01.xyz,-44.629379905331,0.087409740578,GFN2-xTB_single_point_on_RDKit_MMFF_geometry,success
ERBB2__CHEMBL86944__state00,ERBB2__CHEMBL86944,CHEMBL86944,ERBB2,CHEMBL1131018,0,COc1c(Br)cc(/C=C2\C(=O)Nc3ccc(Cl)cc32)cc1C(C)(C)C,0,data/quantum/erbB_xyz/ERBB2__CHEMBL86944__state00.xyz,-61.158387600673,0.046628694141,GFN2-xTB_single_point_on_RDKit_MMFF_geometry,success
ERBB2__CHEMBL86944__state01,ERBB2__CHEMBL86944,CHEMBL86944,ERBB2,CHEMBL1131018,1,COc1c(Br)cc(C=C2C(=O)Nc3ccc(Cl)cc32)cc1C(C)(C)C,0,data/quantum/erbB_xyz/ERBB2__CHEMBL86944__state01.xyz,-61.139279051438,0.035289720436,GFN2-xTB_single_point_on_RDKit_MMFF_geometry,success
ERBB2__CHEMBL86944__state02,ERBB2__CHEMBL86944,CHEMBL86944,ERBB2,CHEMBL1131018,2,COc1c(Br)cc(C=C2C(O)=Nc3ccc(Cl)cc32)cc1C(C)(C)C,0,data/quantum/erbB_xyz/ERBB2__CHEMBL86944__state02.xyz,-61.140522596983,0.051229623194,GFN2-xTB_single_point_on_RDKit_MMFF_geometry,success
ERBB2__CHEMBL86944__state03,ERBB2__CHEMBL86944,CHEMBL86944,ERBB2,CHEMBL1131018,3,COc1c(Br)cc(CC2=c3cc(Cl)ccc3=NC2=O)cc1C(C)(C)C,0,data/quantum/erbB_xyz/ERBB2__CHEMBL86944__state03.xyz,-61.109501218199,0.084529884614,GFN2-xTB_single_point_on_RDKit_MMFF_geometry,success
ERBB2__CHEMBL86945__state00,ERBB2__CHEMBL86945,CHEMBL86945,ERBB2,CHEMBL1131018,0,COc1ccc(/C=C2\C(=O)Nc3ccccc32)cc1C(C)(C)C,0,data/quantum/erbB_xyz/ERBB2__CHEMBL86945__state00.xyz,-52.417323533293,0.099627687323,GFN2-xTB_single_point_on_RDKit_MMFF_geometry,success
ERBB2__CHEMBL86945__state01,ERBB2__CHEMBL86945,CHEMBL86945,ERBB2,CHEMBL1131018,1,COc1ccc(/C=C2\C(O)=Nc3ccccc32)cc1C(C)(C)C,0,data/quantum/erbB_xyz/ERBB2__CHEMBL86945__state01.xyz,-52.400742534726,0.108049155555,GFN2-xTB_single_point_on_RDKit_MMFF_geometry,success
ERBB2__CHEMBL87746__state00,ERBB2__CHEMBL87746,CHEMBL87746,ERBB2,CHEMBL1131018,0,COc1c(Br)cc(/C=C2\C(=O)Nc3ccccc32)cc1C(C)(C)C,0,data/quantum/erbB_xyz/ERBB2__CHEMBL87746__state00.xyz,-56.561528851002,0.033117175102,GFN2-xTB_single_point_on_RDKit_MMFF_geometry,success
ERBB2__CHEMBL87746__state01,ERBB2__CHEMBL87746,CHEMBL87746,ERBB2,CHEMBL1131018,1,COc1c(Br)cc(/C=C2\C(O)=Nc3ccccc32)cc1C(C)(C)C,0,data/quantum/erbB_xyz/ERBB2__CHEMBL87746__state01.xyz,-56.544286963530,0.041942249746,GFN2-xTB_single_point_on_RDKit_MMFF_geometry,success
ERBB2__CHEMBL89505__state00,ERBB2__CHEMBL89505,CHEMBL89505,ERBB2,CHEMBL1131018,0,CC(C)(C)c1cc(/C=C2\C(=O)Nc3ccccc32)cc(C(C)(C)C)c1O,0,data/quantum/erbB_xyz/ERBB2__CHEMBL89505__state00.xyz,-58.435852544772,0.012126814584,GFN2-xTB_single_point_on_RDKit_MMFF_geometry,success
ERBB2__CHEMBL89505__state01,ERBB2__CHEMBL89505,CHEMBL89505,ERBB2,CHEMBL1131018,1,CC(C)(C)C1=CC(=CC2C(=O)Nc3ccccc32)C=C(C(C)(C)C)C1=O,0,data/quantum/erbB_xyz/ERBB2__CHEMBL89505__state01.xyz,-58.417029344722,0.028746491652,GFN2-xTB_single_point_on_RDKit_MMFF_geometry,success
ERBB2__CHEMBL89505__state02,ERBB2__CHEMBL89505,CHEMBL89505,ERBB2,CHEMBL1131018,2,CC(C)(C)C1=CC(=CC2C(O)=Nc3ccccc32)C=C(C(C)(C)C)C1=O,0,data/quantum/erbB_xyz/ERBB2__CHEMBL89505__state02.xyz,-58.393119965307,0.030775591187,GFN2-xTB_single_point_on_RDKit_MMFF_geometry,success
ERBB2__CHEMBL89505__state03,ERBB2__CHEMBL89505,CHEMBL89505,ERBB2,CHEMBL1131018,3,CC(C)(C)C1=CC(=Cc2c(O)[nH]c3ccccc23)C=C(C(C)(C)C)C1=O,0,data/quantum/erbB_xyz/ERBB2__CHEMBL89505__state03.xyz,-58.421830561941,0.027007408858,GFN2-xTB_single_point_on_RDKit_MMFF_geometry,success
ERBB2__CHEMBL90277__state00,ERBB2__CHEMBL90277,CHEMBL90277,ERBB2,CHEMBL1131018,0,Cc1cccc2c1/C(=C/c1ccc(N3CCOCC3)cc1)C(=O)N2,0,data/quantum/erbB_xyz/ERBB2__CHEMBL90277__state00.xyz,-55.464484487066,0.025563690077,GFN2-xTB_single_point_on_RDKit_MMFF_geometry,success
ERBB2__CHEMBL90277__state01,ERBB2__CHEMBL90277,CHEMBL90277,ERBB2,CHEMBL1131018,1,Cc1cccc2c1/C(=C/c1ccc(N3CCOCC3)cc1)C(O)=N2,0,data/quantum/erbB_xyz/ERBB2__CHEMBL90277__state01.xyz,-55.451403514975,0.007033804280,GFN2-xTB_single_point_on_RDKit_MMFF_geometry,success
ERBB2__CHEMBL90595__state00,ERBB2__CHEMBL90595,CHEMBL90595,ERBB2,CHEMBL1134561,0,O=C(C#CCN1CCCCC1)Nc1ccc2ncnc(Nc3cccc(Br)c3)c2c1,0,data/quantum/erbB_xyz/ERBB2__CHEMBL90595__state00.xyz,-70.573008861639,0.044053921406,GFN2-xTB_single_point_on_RDKit_MMFF_geometry,success
ERBB2__CHEMBL90595__state01,ERBB2__CHEMBL90595,CHEMBL90595,ERBB2,CHEMBL1134561,1,O=C(C#CCN1CCCCC1)Nc1ccc2[nH]cnc(=Nc3cccc(Br)c3)c2c1,0,data/quantum/erbB_xyz/ERBB2__CHEMBL90595__state01.xyz,-70.617657059641,0.040259311306,GFN2-xTB_single_point_on_RDKit_MMFF_geometry,success
ERBB2__CHEMBL90595__state02,ERBB2__CHEMBL90595,CHEMBL90595,ERBB2,CHEMBL1134561,2,O=C(C#CCN1CCCCC1)Nc1ccc2nc[nH]c(=Nc3cccc(Br)c3)c2c1,0,data/quantum/erbB_xyz/ERBB2__CHEMBL90595__state02.xyz,-70.570575240012,0.014640170253,GFN2-xTB_single_point_on_RDKit_MMFF_geometry,success
ERBB2__CHEMBL90595__state03,ERBB2__CHEMBL90595,CHEMBL90595,ERBB2,CHEMBL1134561,3,OC(C#CCN1CCCCC1)=Nc1ccc2[nH]cnc(=Nc3cccc(Br)c3)c2c1,0,data/quantum/erbB_xyz/ERBB2__CHEMBL90595__state03.xyz,-70.556561543071,0.052043062546,GFN2-xTB_single_point_on_RDKit_MMFF_geometry,success
ERBB2__CHEMBL91009__state00,ERBB2__CHEMBL91009,CHEMBL91009,ERBB2,CHEMBL1134561,0,COCC#CC(=O)Nc1ccc2ncnc(Nc3cccc(Br)c3)c2c1,0,data/quantum/erbB_xyz/ERBB2__CHEMBL91009__state00.xyz,-63.489884817499,0.040387925800,GFN2-xTB_single_point_on_RDKit_MMFF_geometry,success
ERBB2__CHEMBL91009__state01,ERBB2__CHEMBL91009,CHEMBL91009,ERBB2,CHEMBL1134561,1,COCC#CC(=O)Nc1ccc2[nH]cnc(=Nc3cccc(Br)c3)c2c1,0,data/quantum/erbB_xyz/ERBB2__CHEMBL91009__state01.xyz,-63.513758533331,0.047051276589,GFN2-xTB_single_point_on_RDKit_MMFF_geometry,success
ERBB2__CHEMBL91009__state02,ERBB2__CHEMBL91009,CHEMBL91009,ERBB2,CHEMBL1134561,2,COCC#CC(=O)Nc1ccc2nc[nH]c(=Nc3cccc(Br)c3)c2c1,0,data/quantum/erbB_xyz/ERBB2__CHEMBL91009__state02.xyz,-63.503525489384,0.060984997967,GFN2-xTB_single_point_on_RDKit_MMFF_geometry,success
ERBB2__CHEMBL91009__state03,ERBB2__CHEMBL91009,CHEMBL91009,ERBB2,CHEMBL1134561,3,COCC#CC(O)=Nc1ccc2[nH]cnc(=Nc3cccc(Br)c3)c2c1,0,data/quantum/erbB_xyz/ERBB2__CHEMBL91009__state03.xyz,-63.487962475714,0.032931834721,GFN2-xTB_single_point_on_RDKit_MMFF_geometry,success
ERBB2__CHEMBL91748__state00,ERBB2__CHEMBL91748,CHEMBL91748,ERBB2,CHEMBL1134561,0,CN(C)/C=C/C(=O)Nc1ccc2ncnc(Nc3cccc(Br)c3)c2c1,0,data/quantum/erbB_xyz/ERBB2__CHEMBL91748__state00.xyz,-62.251259771642,0.035250658060,GFN2-xTB_single_point_on_RDKit_MMFF_geometry,success
ERBB2__CHEMBL91748__state01,ERBB2__CHEMBL91748,CHEMBL91748,ERBB2,CHEMBL1134561,1,CN(C)/C=C/C(=O)Nc1ccc2[nH]cnc(=Nc3cccc(Br)c3)c2c1,0,data/quantum/erbB_xyz/ERBB2__CHEMBL91748__state01.xyz,-62.257816330929,0.079557354374,GFN2-xTB_single_point_on_RDKit_MMFF_geometry,success
ERBB2__CHEMBL91748__state02,ERBB2__CHEMBL91748,CHEMBL91748,ERBB2,CHEMBL1134561,2,CN(C)/C=C/C(=O)Nc1ccc2nc[nH]c(=Nc3cccc(Br)c3)c2c1,0,data/quantum/erbB_xyz/ERBB2__CHEMBL91748__state02.xyz,-62.253524219356,0.037566884215,GFN2-xTB_single_point_on_RDKit_MMFF_geometry,success
ERBB2__CHEMBL91748__state03,ERBB2__CHEMBL91748,CHEMBL91748,ERBB2,CHEMBL1134561,3,CN(C)/C=C/C(O)=Nc1ccc2[nH]cnc(=Nc3cccc(Br)c3)c2c1,0,data/quantum/erbB_xyz/ERBB2__CHEMBL91748__state03.xyz,-62.241929096952,0.042454982178,GFN2-xTB_single_point_on_RDKit_MMFF_geometry,success
ERBB2__CHEMBL91811__state00,ERBB2__CHEMBL91811,CHEMBL91811,ERBB2,CHEMBL1134561,0,CC(C)N(C)CC#CC(=O)Nc1ccc2ncnc(Nc3cccc(Br)c3)c2c1,0,data/quantum/erbB_xyz/ERBB2__CHEMBL91811__state00.xyz,-68.370506259285,0.029831129670,GFN2-xTB_single_point_on_RDKit_MMFF_geometry,success
ERBB2__CHEMBL91811__state01,ERBB2__CHEMBL91811,CHEMBL91811,ERBB2,CHEMBL1134561,1,CC(C)N(C)CC#CC(=O)Nc1ccc2[nH]cnc(=Nc3cccc(Br)c3)c2c1,0,data/quantum/erbB_xyz/ERBB2__CHEMBL91811__state01.xyz,-68.402449642130,0.032786322653,GFN2-xTB_single_point_on_RDKit_MMFF_geometry,success
ERBB2__CHEMBL91811__state02,ERBB2__CHEMBL91811,CHEMBL91811,ERBB2,CHEMBL1134561,2,CC(C)N(C)CC#CC(=O)Nc1ccc2nc[nH]c(=Nc3cccc(Br)c3)c2c1,0,data/quantum/erbB_xyz/ERBB2__CHEMBL91811__state02.xyz,-68.379810020807,0.025079611018,GFN2-xTB_single_point_on_RDKit_MMFF_geometry,success
ERBB2__CHEMBL91811__state03,ERBB2__CHEMBL91811,CHEMBL91811,ERBB2,CHEMBL1134561,3,CC(C)N(C)CC#CC(O)=Nc1ccc2[nH]cnc(=Nc3cccc(Br)c3)c2c1,0,data/quantum/erbB_xyz/ERBB2__CHEMBL91811__state03.xyz,-68.385936405107,0.054942472265,GFN2-xTB_single_point_on_RDKit_MMFF_geometry,success
ERBB2__CHEMBL91867__state00,ERBB2__CHEMBL91867,CHEMBL91867,ERBB2,CHEMBL1138126,0,CC#CC(=O)Nc1ccc2ncnc(Nc3cccc(Br)c3)c2c1,0,data/quantum/erbB_xyz/ERBB2__CHEMBL91867__state00.xyz,-57.402980386304,0.174461566280,GFN2-xTB_single_point_on_RDKit_MMFF_geometry,success
ERBB2__CHEMBL91867__state01,ERBB2__CHEMBL91867,CHEMBL91867,ERBB2,CHEMBL1138126,1,CC#CC(=O)Nc1ccc2[nH]cnc(=Nc3cccc(Br)c3)c2c1,0,data/quantum/erbB_xyz/ERBB2__CHEMBL91867__state01.xyz,-57.408825103738,0.194710279522,GFN2-xTB_single_point_on_RDKit_MMFF_geometry,success
ERBB2__CHEMBL91867__state02,ERBB2__CHEMBL91867,CHEMBL91867,ERBB2,CHEMBL1138126,2,CC#CC(=O)Nc1ccc2nc[nH]c(=Nc3cccc(Br)c3)c2c1,0,data/quantum/erbB_xyz/ERBB2__CHEMBL91867__state02.xyz,-57.410218396940,0.182608054287,GFN2-xTB_single_point_on_RDKit_MMFF_geometry,success
ERBB2__CHEMBL91867__state03,ERBB2__CHEMBL91867,CHEMBL91867,ERBB2,CHEMBL1138126,3,CC#CC(O)=Nc1ccc2[nH]cnc(=Nc3cccc(Br)c3)c2c1,0,data/quantum/erbB_xyz/ERBB2__CHEMBL91867__state03.xyz,-57.388370123503,0.024184725441,GFN2-xTB_single_point_on_RDKit_MMFF_geometry,success
ERBB2__CHEMBL92086__state00,ERBB2__CHEMBL92086,CHEMBL92086,ERBB2,CHEMBL1134561,0,C=C(C)C(=O)Nc1ccc2ncnc(Nc3cccc(Br)c3)c2c1,0,data/quantum/erbB_xyz/ERBB2__CHEMBL92086__state00.xyz,-57.306705743749,0.046576080556,GFN2-xTB_single_point_on_RDKit_MMFF_geometry,success
ERBB2__CHEMBL92086__state01,ERBB2__CHEMBL92086,CHEMBL92086,ERBB2,CHEMBL1134561,1,C=C(C)C(=O)Nc1ccc2[nH]cnc(=Nc3cccc(Br)c3)c2c1,0,data/quantum/erbB_xyz/ERBB2__CHEMBL92086__state01.xyz,-57.317434969951,0.033420158050,GFN2-xTB_single_point_on_RDKit_MMFF_geometry,success
ERBB2__CHEMBL92086__state02,ERBB2__CHEMBL92086,CHEMBL92086,ERBB2,CHEMBL1134561,2,C=C(C)C(=O)Nc1ccc2nc[nH]c(=Nc3cccc(Br)c3)c2c1,0,data/quantum/erbB_xyz/ERBB2__CHEMBL92086__state02.xyz,-57.313013297868,0.049048951632,GFN2-xTB_single_point_on_RDKit_MMFF_geometry,success
ERBB2__CHEMBL92086__state03,ERBB2__CHEMBL92086,CHEMBL92086,ERBB2,CHEMBL1134561,3,C=C(C)C(O)=Nc1ccc2[nH]cnc(=Nc3cccc(Br)c3)c2c1,0,data/quantum/erbB_xyz/ERBB2__CHEMBL92086__state03.xyz,-57.312280059541,0.117233949270,GFN2-xTB_single_point_on_RDKit_MMFF_geometry,success
ERBB2__CHEMBL92356__state00,ERBB2__CHEMBL92356,CHEMBL92356,ERBB2,CHEMBL1134561,0,CCN1CCN(CC#CC(=O)Nc2ccc3ncnc(Nc4cccc(Br)c4)c3c2)CC1,0,data/quantum/erbB_xyz/ERBB2__CHEMBL92356__state00.xyz,-75.459045556903,0.049293968130,GFN2-xTB_single_point_on_RDKit_MMFF_geometry,success
ERBB2__CHEMBL92356__state01,ERBB2__CHEMBL92356,CHEMBL92356,ERBB2,CHEMBL1134561,1,CCN1CCN(CC#CC(=O)Nc2ccc3[nH]cnc(=Nc4cccc(Br)c4)c3c2)CC1,0,data/quantum/erbB_xyz/ERBB2__CHEMBL92356__state01.xyz,-75.467021106238,0.057727008225,GFN2-xTB_single_point_on_RDKit_MMFF_geometry,success
ERBB2__CHEMBL92356__state02,ERBB2__CHEMBL92356,CHEMBL92356,ERBB2,CHEMBL1134561,2,CCN1CCN(CC#CC(=O)Nc2ccc3nc[nH]c(=Nc4cccc(Br)c4)c3c2)CC1,0,data/quantum/erbB_xyz/ERBB2__CHEMBL92356__state02.xyz,-75.464219099514,0.061806063628,GFN2-xTB_single_point_on_RDKit_MMFF_geometry,success
ERBB2__CHEMBL92356__state03,ERBB2__CHEMBL92356,CHEMBL92356,ERBB2,CHEMBL1134561,3,CCN1CCN(CC#CC(O)=Nc2ccc3[nH]cnc(=Nc4cccc(Br)c4)c3c2)CC1,0,data/quantum/erbB_xyz/ERBB2__CHEMBL92356__state03.xyz,-75.451488662775,0.024132382333,GFN2-xTB_single_point_on_RDKit_MMFF_geometry,success
ERBB2__CHEMBL92961__state00,ERBB2__CHEMBL92961,CHEMBL92961,ERBB2,CHEMBL1134561,0,CC(C)N(CC#CC(=O)Nc1ccc2ncnc(Nc3cccc(Br)c3)c2c1)C(C)C,0,data/quantum/erbB_xyz/ERBB2__CHEMBL92961__state00.xyz,-72.422511086826,0.032220305075,GFN2-xTB_single_point_on_RDKit_MMFF_geometry,success
ERBB2__CHEMBL92961__state01,ERBB2__CHEMBL92961,CHEMBL92961,ERBB2,CHEMBL1134561,1,CC(C)N(CC#CC(=O)Nc1ccc2[nH]cnc(=Nc3cccc(Br)c3)c2c1)C(C)C,0,data/quantum/erbB_xyz/ERBB2__CHEMBL92961__state01.xyz,-72.436050160473,0.045309921551,GFN2-xTB_single_point_on_RDKit_MMFF_geometry,success
ERBB2__CHEMBL92961__state02,ERBB2__CHEMBL92961,CHEMBL92961,ERBB2,CHEMBL1134561,2,CC(C)N(CC#CC(=O)Nc1ccc2nc[nH]c(=Nc3cccc(Br)c3)c2c1)C(C)C,0,data/quantum/erbB_xyz/ERBB2__CHEMBL92961__state02.xyz,-72.437290641219,0.024901796842,GFN2-xTB_single_point_on_RDKit_MMFF_geometry,success
ERBB2__CHEMBL92961__state03,ERBB2__CHEMBL92961,CHEMBL92961,ERBB2,CHEMBL1134561,3,CC(C)N(CC#CC(O)=Nc1ccc2[nH]cnc(=Nc3cccc(Br)c3)c2c1)C(C)C,0,data/quantum/erbB_xyz/ERBB2__CHEMBL92961__state03.xyz,-72.425264357992,0.052296102413,GFN2-xTB_single_point_on_RDKit_MMFF_geometry,success
ERBB2__CHEMBL93049__state00,ERBB2__CHEMBL93049,CHEMBL93049,ERBB2,CHEMBL1150417,0,COCOCC#CC(=O)Nc1ccc2ncnc(Nc3cccc(Br)c3)c2c1,0,data/quantum/erbB_xyz/ERBB2__CHEMBL93049__state00.xyz,-69.598279164828,0.040420761234,GFN2-xTB_single_point_on_RDKit_MMFF_geometry,success
ERBB2__CHEMBL93049__state01,ERBB2__CHEMBL93049,CHEMBL93049,ERBB2,CHEMBL1150417,1,COCOCC#CC(=O)Nc1ccc2[nH]cnc(=Nc3cccc(Br)c3)c2c1,0,data/quantum/erbB_xyz/ERBB2__CHEMBL93049__state01.xyz,-69.590710129707,0.019981192437,GFN2-xTB_single_point_on_RDKit_MMFF_geometry,success
ERBB2__CHEMBL93049__state02,ERBB2__CHEMBL93049,CHEMBL93049,ERBB2,CHEMBL1150417,2,COCOCC#CC(=O)Nc1ccc2nc[nH]c(=Nc3cccc(Br)c3)c2c1,0,data/quantum/erbB_xyz/ERBB2__CHEMBL93049__state02.xyz,-69.599218996367,0.033704953682,GFN2-xTB_single_point_on_RDKit_MMFF_geometry,success
ERBB2__CHEMBL93049__state03,ERBB2__CHEMBL93049,CHEMBL93049,ERBB2,CHEMBL1150417,3,COCOCC#CC(O)=Nc1ccc2[nH]cnc(=Nc3cccc(Br)c3)c2c1,0,data/quantum/erbB_xyz/ERBB2__CHEMBL93049__state03.xyz,-69.574131880947,0.036735814493,GFN2-xTB_single_point_on_RDKit_MMFF_geometry,success
ERBB2__CHEMBL93386__state00,ERBB2__CHEMBL93386,CHEMBL93386,ERBB2,CHEMBL1134561,0,O=C(C#CCN1CCOCC1)Nc1ccc2ncnc(Nc3cccc(Br)c3)c2c1,0,data/quantum/erbB_xyz/ERBB2__CHEMBL93386__state00.xyz,-72.593761655369,0.029247540897,GFN2-xTB_single_point_on_RDKit_MMFF_geometry,success
ERBB2__CHEMBL93386__state01,ERBB2__CHEMBL93386,CHEMBL93386,ERBB2,CHEMBL1134561,1,O=C(C#CCN1CCOCC1)Nc1ccc2[nH]cnc(=Nc3cccc(Br)c3)c2c1,0,data/quantum/erbB_xyz/ERBB2__CHEMBL93386__state01.xyz,-72.583471229071,0.048408020720,GFN2-xTB_single_point_on_RDKit_MMFF_geometry,success
ERBB2__CHEMBL93386__state02,ERBB2__CHEMBL93386,CHEMBL93386,ERBB2,CHEMBL1134561,2,O=C(C#CCN1CCOCC1)Nc1ccc2nc[nH]c(=Nc3cccc(Br)c3)c2c1,0,data/quantum/erbB_xyz/ERBB2__CHEMBL93386__state02.xyz,-72.583612416245,0.009204145441,GFN2-xTB_single_point_on_RDKit_MMFF_geometry,success
ERBB2__CHEMBL93386__state03,ERBB2__CHEMBL93386,CHEMBL93386,ERBB2,CHEMBL1134561,3,OC(C#CCN1CCOCC1)=Nc1ccc2[nH]cnc(=Nc3cccc(Br)c3)c2c1,0,data/quantum/erbB_xyz/ERBB2__CHEMBL93386__state03.xyz,-72.586345700604,0.041847126538,GFN2-xTB_single_point_on_RDKit_MMFF_geometry,success
ERBB2__CHEMBL93464__state00,ERBB2__CHEMBL93464,CHEMBL93464,ERBB2,CHEMBL1134561,0,C/C=C/C(=O)Nc1ccc2ncnc(Nc3cccc(Br)c3)c2c1,0,data/quantum/erbB_xyz/ERBB2__CHEMBL93464__state00.xyz,-57.362594538160,0.203088768928,GFN2-xTB_single_point_on_RDKit_MMFF_geometry,success
ERBB2__CHEMBL93464__state01,ERBB2__CHEMBL93464,CHEMBL93464,ERBB2,CHEMBL1134561,1,C/C=C/C(=O)Nc1ccc2[nH]cnc(=Nc3cccc(Br)c3)c2c1,0,data/quantum/erbB_xyz/ERBB2__CHEMBL93464__state01.xyz,-57.369658972010,0.252466282203,GFN2-xTB_single_point_on_RDKit_MMFF_geometry,success
ERBB2__CHEMBL93464__state02,ERBB2__CHEMBL93464,CHEMBL93464,ERBB2,CHEMBL1134561,2,C/C=C/C(=O)Nc1ccc2nc[nH]c(=Nc3cccc(Br)c3)c2c1,0,data/quantum/erbB_xyz/ERBB2__CHEMBL93464__state02.xyz,-57.370705959444,0.244380966895,GFN2-xTB_single_point_on_RDKit_MMFF_geometry,success
ERBB2__CHEMBL93464__state03,ERBB2__CHEMBL93464,CHEMBL93464,ERBB2,CHEMBL1134561,3,C/C=C/C(O)=Nc1ccc2[nH]cnc(=Nc3cccc(Br)c3)c2c1,0,data/quantum/erbB_xyz/ERBB2__CHEMBL93464__state03.xyz,-57.356652641059,0.331475078571,GFN2-xTB_single_point_on_RDKit_MMFF_geometry,success
ERBB2__CHEMBL93754__state00,ERBB2__CHEMBL93754,CHEMBL93754,ERBB2,CHEMBL1134561,0,O=C(/C=C/Cn1cccn1)Nc1ccc2ncnc(Nc3cccc(Br)c3)c2c1,0,data/quantum/erbB_xyz/ERBB2__CHEMBL93754__state00.xyz,-69.380436663464,0.045970906090,GFN2-xTB_single_point_on_RDKit_MMFF_geometry,success
ERBB2__CHEMBL93754__state01,ERBB2__CHEMBL93754,CHEMBL93754,ERBB2,CHEMBL1134561,1,O=C(/C=C/Cn1cccn1)Nc1ccc2[nH]cnc(=Nc3cccc(Br)c3)c2c1,0,data/quantum/erbB_xyz/ERBB2__CHEMBL93754__state01.xyz,-69.401695578365,0.052451491559,GFN2-xTB_single_point_on_RDKit_MMFF_geometry,success
ERBB2__CHEMBL93754__state02,ERBB2__CHEMBL93754,CHEMBL93754,ERBB2,CHEMBL1134561,2,O=C(/C=C/Cn1cccn1)Nc1ccc2nc[nH]c(=Nc3cccc(Br)c3)c2c1,0,data/quantum/erbB_xyz/ERBB2__CHEMBL93754__state02.xyz,-69.394882162707,0.052814218108,GFN2-xTB_single_point_on_RDKit_MMFF_geometry,success
ERBB2__CHEMBL93754__state03,ERBB2__CHEMBL93754,CHEMBL93754,ERBB2,CHEMBL1134561,3,OC(/C=C/Cn1cccn1)=Nc1ccc2[nH]cnc(=Nc3cccc(Br)c3)c2c1,0,data/quantum/erbB_xyz/ERBB2__CHEMBL93754__state03.xyz,-69.374971026310,0.167603168752,GFN2-xTB_single_point_on_RDKit_MMFF_geometry,success
ERBB2__CHEMBL93783__state00,ERBB2__CHEMBL93783,CHEMBL93783,ERBB2,CHEMBL1134561,0,CN(C/C=C/C(=O)Nc1ccc2ncnc(Nc3cccc(Br)c3)c2c1)CCO,0,data/quantum/erbB_xyz/ERBB2__CHEMBL93783__state00.xyz,-70.394930762850,0.022163019902,GFN2-xTB_single_point_on_RDKit_MMFF_geometry,success
ERBB2__CHEMBL93783__state01,ERBB2__CHEMBL93783,CHEMBL93783,ERBB2,CHEMBL1134561,1,CN(C/C=C/C(=O)Nc1ccc2[nH]cnc(=Nc3cccc(Br)c3)c2c1)CCO,0,data/quantum/erbB_xyz/ERBB2__CHEMBL93783__state01.xyz,-70.427842333191,0.033246024531,GFN2-xTB_single_point_on_RDKit_MMFF_geometry,success
ERBB2__CHEMBL93783__state02,ERBB2__CHEMBL93783,CHEMBL93783,ERBB2,CHEMBL1134561,2,CN(C/C=C/C(=O)Nc1ccc2nc[nH]c(=Nc3cccc(Br)c3)c2c1)CCO,0,data/quantum/erbB_xyz/ERBB2__CHEMBL93783__state02.xyz,-70.423313437603,0.027530160618,GFN2-xTB_single_point_on_RDKit_MMFF_geometry,success
ERBB2__CHEMBL93783__state03,ERBB2__CHEMBL93783,CHEMBL93783,ERBB2,CHEMBL1134561,3,CN(C/C=C/C(O)=Nc1ccc2[nH]cnc(=Nc3cccc(Br)c3)c2c1)CCO,0,data/quantum/erbB_xyz/ERBB2__CHEMBL93783__state03.xyz,-70.404066632064,0.045153827559,GFN2-xTB_single_point_on_RDKit_MMFF_geometry,success
ERBB2__CHEMBL93784__state00,ERBB2__CHEMBL93784,CHEMBL93784,ERBB2,CHEMBL1134561,0,COCC1CCCN1CC#CC(=O)Nc1ccc2ncnc(Nc3cccc(Br)c3)c2c1,0,data/quantum/erbB_xyz/ERBB2__CHEMBL93784__state00.xyz,-76.646343223770,0.025594186332,GFN2-xTB_single_point_on_RDKit_MMFF_geometry,success
ERBB2__CHEMBL93784__state01,ERBB2__CHEMBL93784,CHEMBL93784,ERBB2,CHEMBL1134561,1,COCC1CCCN1CC#CC(=O)Nc1ccc2[nH]cnc(=Nc3cccc(Br)c3)c2c1,0,data/quantum/erbB_xyz/ERBB2__CHEMBL93784__state01.xyz,-76.651423202584,0.051078868724,GFN2-xTB_single_point_on_RDKit_MMFF_geometry,success
ERBB2__CHEMBL93784__state02,ERBB2__CHEMBL93784,CHEMBL93784,ERBB2,CHEMBL1134561,2,COCC1CCCN1CC#CC(=O)Nc1ccc2nc[nH]c(=Nc3cccc(Br)c3)c2c1,0,data/quantum/erbB_xyz/ERBB2__CHEMBL93784__state02.xyz,-76.637712621860,0.028313320151,GFN2-xTB_single_point_on_RDKit_MMFF_geometry,success
ERBB2__CHEMBL93784__state03,ERBB2__CHEMBL93784,CHEMBL93784,ERBB2,CHEMBL1134561,3,COCC1CCCN1CC#CC(O)=Nc1ccc2[nH]cnc(=Nc3cccc(Br)c3)c2c1,0,data/quantum/erbB_xyz/ERBB2__CHEMBL93784__state03.xyz,-76.636899976029,0.059827849030,GFN2-xTB_single_point_on_RDKit_MMFF_geometry,success
ERBB2__CHEMBL94061__state00,ERBB2__CHEMBL94061,CHEMBL94061,ERBB2,CHEMBL1134561,0,CN(C)C/C=C/C(=O)Nc1ccc2ncnc(Nc3cccc(Br)c3)c2c1,0,data/quantum/erbB_xyz/ERBB2__CHEMBL94061__state00.xyz,-64.279759580229,0.046835108743,GFN2-xTB_single_point_on_RDKit_MMFF_geometry,success
ERBB2__CHEMBL94061__state01,ERBB2__CHEMBL94061,CHEMBL94061,ERBB2,CHEMBL1134561,1,CN(C)C/C=C/C(=O)Nc1ccc2[nH]cnc(=Nc3cccc(Br)c3)c2c1,0,data/quantum/erbB_xyz/ERBB2__CHEMBL94061__state01.xyz,-64.295721496706,0.028804202634,GFN2-xTB_single_point_on_RDKit_MMFF_geometry,success
ERBB2__CHEMBL94061__state02,ERBB2__CHEMBL94061,CHEMBL94061,ERBB2,CHEMBL1134561,2,CN(C)C/C=C/C(=O)Nc1ccc2nc[nH]c(=Nc3cccc(Br)c3)c2c1,0,data/quantum/erbB_xyz/ERBB2__CHEMBL94061__state02.xyz,-64.268959447814,0.030145975987,GFN2-xTB_single_point_on_RDKit_MMFF_geometry,success
ERBB2__CHEMBL94061__state03,ERBB2__CHEMBL94061,CHEMBL94061,ERBB2,CHEMBL1134561,3,CN(C)C/C=C/C(O)=Nc1ccc2[nH]cnc(=Nc3cccc(Br)c3)c2c1,0,data/quantum/erbB_xyz/ERBB2__CHEMBL94061__state03.xyz,-64.249530609304,0.065001286053,GFN2-xTB_single_point_on_RDKit_MMFF_geometry,success
ERBB2__CHEMBL94062__state00,ERBB2__CHEMBL94062,CHEMBL94062,ERBB2,CHEMBL1134561,0,O=C(C#CCO)Nc1ccc2ncnc(Nc3cccc(Br)c3)c2c1,0,data/quantum/erbB_xyz/ERBB2__CHEMBL94062__state00.xyz,-61.506509362492,0.082707439708,GFN2-xTB_single_point_on_RDKit_MMFF_geometry,success
ERBB2__CHEMBL94062__state01,ERBB2__CHEMBL94062,CHEMBL94062,ERBB2,CHEMBL1134561,1,O=C(C#CCO)Nc1ccc2[nH]cnc(=Nc3cccc(Br)c3)c2c1,0,data/quantum/erbB_xyz/ERBB2__CHEMBL94062__state01.xyz,-61.515622680357,0.134083987492,GFN2-xTB_single_point_on_RDKit_MMFF_geometry,success
ERBB2__CHEMBL94062__state02,ERBB2__CHEMBL94062,CHEMBL94062,ERBB2,CHEMBL1134561,2,O=C(C#CCO)Nc1ccc2nc[nH]c(=Nc3cccc(Br)c3)c2c1,0,data/quantum/erbB_xyz/ERBB2__CHEMBL94062__state02.xyz,-61.515211218596,0.075793648522,GFN2-xTB_single_point_on_RDKit_MMFF_geometry,success
ERBB2__CHEMBL94062__state03,ERBB2__CHEMBL94062,CHEMBL94062,ERBB2,CHEMBL1134561,3,OCC#CC(O)=Nc1ccc2[nH]cnc(=Nc3cccc(Br)c3)c2c1,0,data/quantum/erbB_xyz/ERBB2__CHEMBL94062__state03.xyz,-61.501686111386,0.217364193103,GFN2-xTB_single_point_on_RDKit_MMFF_geometry,success
ERBB2__CHEMBL94066__state00,ERBB2__CHEMBL94066,CHEMBL94066,ERBB2,CHEMBL1134561,0,C=C(CN1CCOCC1)C(=O)Nc1ccc2ncnc(Nc3cccc(Br)c3)c2c1,0,data/quantum/erbB_xyz/ERBB2__CHEMBL94066__state00.xyz,-72.495792791017,0.018278987402,GFN2-xTB_single_point_on_RDKit_MMFF_geometry,success
ERBB2__CHEMBL94066__state01,ERBB2__CHEMBL94066,CHEMBL94066,ERBB2,CHEMBL1134561,1,C=C(CN1CCOCC1)C(=O)Nc1ccc2[nH]cnc(=Nc3cccc(Br)c3)c2c1,0,data/quantum/erbB_xyz/ERBB2__CHEMBL94066__state01.xyz,-72.505909874907,0.052477517732,GFN2-xTB_single_point_on_RDKit_MMFF_geometry,success
ERBB2__CHEMBL94066__state02,ERBB2__CHEMBL94066,CHEMBL94066,ERBB2,CHEMBL1134561,2,C=C(CN1CCOCC1)C(=O)Nc1ccc2nc[nH]c(=Nc3cccc(Br)c3)c2c1,0,data/quantum/erbB_xyz/ERBB2__CHEMBL94066__state02.xyz,-72.494637849209,0.022454329613,GFN2-xTB_single_point_on_RDKit_MMFF_geometry,success
ERBB2__CHEMBL94066__state03,ERBB2__CHEMBL94066,CHEMBL94066,ERBB2,CHEMBL1134561,3,C=C(CN1CCOCC1)C(O)=Nc1ccc2[nH]cnc(=Nc3cccc(Br)c3)c2c1,0,data/quantum/erbB_xyz/ERBB2__CHEMBL94066__state03.xyz,-72.464903469492,0.034785689347,GFN2-xTB_single_point_on_RDKit_MMFF_geometry,success
