state_id,record_id,molecule_chembl_id,target_label,document_chembl_id,state_index,state_smiles,formal_charge,xyz_path
EGFR__CHEMBL113900__state00,EGFR__CHEMBL113900,CHEMBL113900,EGFR,CHEMBL1145020,0,CC(C)N(CC#CC(=O)Nc1ccc2ncc(C#N)c(Nc3cccc(Br)c3)c2c1)C(C)C,0,data/quantum/erbB_xyz/EGFR__CHEMBL113900__state00.xyz
EGFR__CHEMBL113900__state01,EGFR__CHEMBL113900,CHEMBL113900,EGFR,CHEMBL1145020,1,CC(C)N(CC#CC(=O)Nc1ccc2[nH]cc(C#N)c(=Nc3cccc(Br)c3)c2c1)C(C)C,0,data/quantum/erbB_xyz/EGFR__CHEMBL113900__state01.xyz
EGFR__CHEMBL113900__state02,EGFR__CHEMBL113900,CHEMBL113900,EGFR,CHEMBL1145020,2,CC(C)N(CC#CC(O)=Nc1ccc2[nH]cc(C#N)c(=Nc3cccc(Br)c3)c2c1)C(C)C,0,data/quantum/erbB_xyz/EGFR__CHEMBL113900__state02.xyz
EGFR__CHEMBL113900__state03,EGFR__CHEMBL113900,CHEMBL113900,EGFR,CHEMBL1145020,3,CC(C)N(CC#CC(O)=Nc1ccc2ncc(C#N)c(Nc3cccc(Br)c3)c2c1)C(C)C,0,data/quantum/erbB_xyz/EGFR__CHEMBL113900__state03.xyz
EGFR__CHEMBL113996__state00,EGFR__CHEMBL113996,CHEMBL113996,EGFR,CHEMBL1145020,0,COc1cc2ncc(C#N)c(Nc3ccc(F)c(Cl)c3)c2cc1NC(=O)/C=C/CN1CCOCC1,0,data/quantum/erbB_xyz/EGFR__CHEMBL113996__state00.xyz
EGFR__CHEMBL113996__state01,EGFR__CHEMBL113996,CHEMBL113996,EGFR,CHEMBL1145020,1,COc1cc2[nH]cc(C#N)c(=Nc3ccc(F)c(Cl)c3)c2cc1N=C(O)/C=C/CN1CCOCC1,0,data/quantum/erbB_xyz/EGFR__CHEMBL113996__state01.xyz
EGFR__CHEMBL113996__state02,EGFR__CHEMBL113996,CHEMBL113996,EGFR,CHEMBL1145020,2,COc1cc2[nH]cc(C#N)c(=Nc3ccc(F)c(Cl)c3)c2cc1NC(=O)/C=C/CN1CCOCC1,0,data/quantum/erbB_xyz/EGFR__CHEMBL113996__state02.xyz
EGFR__CHEMBL113996__state03,EGFR__CHEMBL113996,CHEMBL113996,EGFR,CHEMBL1145020,3,COc1cc2ncc(C#N)c(Nc3ccc(F)c(Cl)c3)c2cc1N=C(O)/C=C/CN1CCOCC1,0,data/quantum/erbB_xyz/EGFR__CHEMBL113996__state03.xyz
EGFR__CHEMBL114073__state00,EGFR__CHEMBL114073,CHEMBL114073,EGFR,CHEMBL1145020,0,COc1cc2ncc(C#N)c(Nc3ccc(F)c(Cl)c3)c2cc1NC(=O)/C=C/C(C)N1CCOCC1,0,data/quantum/erbB_xyz/EGFR__CHEMBL114073__state00.xyz
EGFR__CHEMBL114073__state01,EGFR__CHEMBL114073,CHEMBL114073,EGFR,CHEMBL1145020,1,COc1cc2[nH]cc(C#N)c(=Nc3ccc(F)c(Cl)c3)c2cc1N=C(O)/C=C/C(C)N1CCOCC1,0,data/quantum/erbB_xyz/EGFR__CHEMBL114073__state01.xyz
EGFR__CHEMBL114073__state02,EGFR__CHEMBL114073,CHEMBL114073,EGFR,CHEMBL1145020,2,COc1cc2[nH]cc(C#N)c(=Nc3ccc(F)c(Cl)c3)c2cc1NC(=O)/C=C/C(C)N1CCOCC1,0,data/quantum/erbB_xyz/EGFR__CHEMBL114073__state02.xyz
EGFR__CHEMBL114073__state03,EGFR__CHEMBL114073,CHEMBL114073,EGFR,CHEMBL1145020,3,COc1cc2ncc(C#N)c(Nc3ccc(F)c(Cl)c3)c2cc1N=C(O)/C=C/C(C)N1CCOCC1,0,data/quantum/erbB_xyz/EGFR__CHEMBL114073__state03.xyz
EGFR__CHEMBL114593__state00,EGFR__CHEMBL114593,CHEMBL114593,EGFR,CHEMBL1145020,0,COCC#CC(=O)Nc1ccc2ncc(C#N)c(Nc3cccc(Br)c3)c2c1,0,data/quantum/erbB_xyz/EGFR__CHEMBL114593__state00.xyz
EGFR__CHEMBL114593__state01,EGFR__CHEMBL114593,CHEMBL114593,EGFR,CHEMBL1145020,1,COCC#CC(=O)Nc1ccc2[nH]cc(C#N)c(=Nc3cccc(Br)c3)c2c1,0,data/quantum/erbB_xyz/EGFR__CHEMBL114593__state01.xyz
EGFR__CHEMBL114593__state02,EGFR__CHEMBL114593,CHEMBL114593,EGFR,CHEMBL1145020,2,COCC#CC(O)=Nc1ccc2[nH]cc(C#N)c(=Nc3cccc(Br)c3)c2c1,0,data/quantum/erbB_xyz/EGFR__CHEMBL114593__state02.xyz
EGFR__CHEMBL114593__state03,EGFR__CHEMBL114593,CHEMBL114593,EGFR,CHEMBL1145020,3,COCC#CC(O)=Nc1ccc2ncc(C#N)c(Nc3cccc(Br)c3)c2c1,0,data/quantum/erbB_xyz/EGFR__CHEMBL114593__state03.xyz
EGFR__CHEMBL115187__state00,EGFR__CHEMBL115187,CHEMBL115187,EGFR,CHEMBL1145020,0,CCCN(CC#CC(=O)Nc1ccc2ncc(C#N)c(Nc3cccc(Br)c3)c2c1)CCC,0,data/quantum/erbB_xyz/EGFR__CHEMBL115187__state00.xyz
EGFR__CHEMBL115187__state01,EGFR__CHEMBL115187,CHEMBL115187,EGFR,CHEMBL1145020,1,CCCN(CC#CC(=O)Nc1ccc2[nH]cc(C#N)c(=Nc3cccc(Br)c3)c2c1)CCC,0,data/quantum/erbB_xyz/EGFR__CHEMBL115187__state01.xyz
EGFR__CHEMBL115187__state02,EGFR__CHEMBL115187,CHEMBL115187,EGFR,CHEMBL1145020,2,CCCN(CC#CC(O)=Nc1ccc2[nH]cc(C#N)c(=Nc3cccc(Br)c3)c2c1)CCC,0,data/quantum/erbB_xyz/EGFR__CHEMBL115187__state02.xyz
EGFR__CHEMBL115187__state03,EGFR__CHEMBL115187,CHEMBL115187,EGFR,CHEMBL1145020,3,CCCN(CC#CC(O)=Nc1ccc2ncc(C#N)c(Nc3cccc(Br)c3)c2c1)CCC,0,data/quantum/erbB_xyz/EGFR__CHEMBL115187__state03.xyz
EGFR__CHEMBL115440__state00,EGFR__CHEMBL115440,CHEMBL115440,EGFR,CHEMBL1145020,0,COCCOCC#CC(=O)Nc1ccc2ncc(C#N)c(Nc3cccc(Br)c3)c2c1,0,data/quantum/erbB_xyz/EGFR__CHEMBL115440__state00.xyz
EGFR__CHEMBL115440__state01,EGFR__CHEMBL115440,CHEMBL115440,EGFR,CHEMBL1145020,1,COCCOCC#CC(=O)Nc1ccc2[nH]cc(C#N)c(=Nc3cccc(Br)c3)c2c1,0,data/quantum/erbB_xyz/EGFR__CHEMBL115440__state01.xyz
EGFR__CHEMBL115440__state02,EGFR__CHEMBL115440,CHEMBL115440,EGFR,CHEMBL1145020,2,COCCOCC#CC(O)=Nc1ccc2[nH]cc(C#N)c(=Nc3cccc(Br)c3)c2c1,0,data/quantum/erbB_xyz/EGFR__CHEMBL115440__state02.xyz
EGFR__CHEMBL115440__state03,EGFR__CHEMBL115440,CHEMBL115440,EGFR,CHEMBL1145020,3,COCCOCC#CC(O)=Nc1ccc2ncc(C#N)c(Nc3cccc(Br)c3)c2c1,0,data/quantum/erbB_xyz/EGFR__CHEMBL115440__state03.xyz
EGFR__CHEMBL115519__state00,EGFR__CHEMBL115519,CHEMBL115519,EGFR,CHEMBL1136802,0,COc1cc(/C=C(\C#N)C(N)=O)cc(CSc2nc3cc(Cl)ccc3s2)c1O,0,data/quantum/erbB_xyz/EGFR__CHEMBL115519__state00.xyz
EGFR__CHEMBL115519__state01,EGFR__CHEMBL115519,CHEMBL115519,EGFR,CHEMBL1136802,1,COC1=CC(=CC(C#N)=C(N)O)C=C(CSc2nc3cc(Cl)ccc3s2)C1=O,0,data/quantum/erbB_xyz/EGFR__CHEMBL115519__state01.xyz
EGFR__CHEMBL115519__state02,EGFR__CHEMBL115519,CHEMBL115519,EGFR,CHEMBL1136802,2,COC1=CC(=CC(C#N)C(=N)O)C=C(CSc2nc3cc(Cl)ccc3s2)C1=O,0,data/quantum/erbB_xyz/EGFR__CHEMBL115519__state02.xyz
EGFR__CHEMBL115519__state03,EGFR__CHEMBL115519,CHEMBL115519,EGFR,CHEMBL1136802,3,COC1=CC(=CC(C#N)C(N)=O)C=C(CSc2nc3cc(Cl)ccc3s2)C1=O,0,data/quantum/erbB_xyz/EGFR__CHEMBL115519__state03.xyz
EGFR__CHEMBL115895__state00,EGFR__CHEMBL115895,CHEMBL115895,EGFR,CHEMBL1136802,0,COc1cc(/C=C(\C#N)C(N)=O)cc(CSc2ccccc2NC(C)=O)c1O,0,data/quantum/erbB_xyz/EGFR__CHEMBL115895__state00.xyz
EGFR__CHEMBL115895__state01,EGFR__CHEMBL115895,CHEMBL115895,EGFR,CHEMBL1136802,1,C=C(O)Nc1ccccc1SCC1=CC(=CC(C#N)=C(N)O)C=C(OC)C1=O,0,data/quantum/erbB_xyz/EGFR__CHEMBL115895__state01.xyz
EGFR__CHEMBL115895__state02,EGFR__CHEMBL115895,CHEMBL115895,EGFR,CHEMBL1136802,2,C=C(O)Nc1ccccc1SCC1=CC(=CC(C#N)C(N)=O)C=C(OC)C1=O,0,data/quantum/erbB_xyz/EGFR__CHEMBL115895__state02.xyz
EGFR__CHEMBL115895__state03,EGFR__CHEMBL115895,CHEMBL115895,EGFR,CHEMBL1136802,3,C=C(O)Nc1ccccc1SCC1C=C(C=C(C#N)C(N)=O)C=C(OC)C1=O,0,data/quantum/erbB_xyz/EGFR__CHEMBL115895__state03.xyz
EGFR__CHEMBL116012__state00,EGFR__CHEMBL116012,CHEMBL116012,EGFR,CHEMBL1145020,0,CCOc1cc2ncc(C#N)c(Nc3cccc(Br)c3)c2cc1NC(=O)/C=C/CN1CCOCC1,0,data/quantum/erbB_xyz/EGFR__CHEMBL116012__state00.xyz
EGFR__CHEMBL116012__state01,EGFR__CHEMBL116012,CHEMBL116012,EGFR,CHEMBL1145020,1,CCOc1cc2[nH]cc(C#N)c(=Nc3cccc(Br)c3)c2cc1N=C(O)/C=C/CN1CCOCC1,0,data/quantum/erbB_xyz/EGFR__CHEMBL116012__state01.xyz
EGFR__CHEMBL116012__state02,EGFR__CHEMBL116012,CHEMBL116012,EGFR,CHEMBL1145020,2,CCOc1cc2[nH]cc(C#N)c(=Nc3cccc(Br)c3)c2cc1NC(=O)/C=C/CN1CCOCC1,0,data/quantum/erbB_xyz/EGFR__CHEMBL116012__state02.xyz
EGFR__CHEMBL116012__state03,EGFR__CHEMBL116012,CHEMBL116012,EGFR,CHEMBL1145020,3,CCOc1cc2ncc(C#N)c(Nc3cccc(Br)c3)c2cc1N=C(O)/C=C/CN1CCOCC1,0,data/quantum/erbB_xyz/EGFR__CHEMBL116012__state03.xyz
EGFR__CHEMBL1161234__state00,EGFR__CHEMBL1161234,CHEMBL1161234,EGFR,CHEMBL1136802,0,COc1cc(/C=C(\C#N)C(N)=O)cc(SCCCC(=O)O)c1O,0,data/quantum/erbB_xyz/EGFR__CHEMBL1161234__state00.xyz
EGFR__CHEMBL1161234__state01,EGFR__CHEMBL1161234,CHEMBL1161234,EGFR,CHEMBL1136802,1,COC1=CC(=CC(C#N)=C(N)O)C=C(SCCC=C(O)O)C1=O,0,data/quantum/erbB_xyz/EGFR__CHEMBL1161234__state01.xyz
EGFR__CHEMBL1161234__state02,EGFR__CHEMBL1161234,CHEMBL1161234,EGFR,CHEMBL1136802,2,COC1=CC(=CC(C#N)=C(N)O)C=C(SCCCC(=O)O)C1=O,0,data/quantum/erbB_xyz/EGFR__CHEMBL1161234__state02.xyz
EGFR__CHEMBL1161234__state03,EGFR__CHEMBL1161234,CHEMBL1161234,EGFR,CHEMBL1136802,3,COC1=CC(=CC(C#N)C(=N)O)C=C(SCCC=C(O)O)C1=O,0,data/quantum/erbB_xyz/EGFR__CHEMBL1161234__state03.xyz
EGFR__CHEMBL116525__state00,EGFR__CHEMBL116525,CHEMBL116525,EGFR,CHEMBL1145020,0,CC#CC(=O)Nc1cc2c(Nc3cccc(Br)c3)c(C#N)cnc2cc1OC,0,data/quantum/erbB_xyz/EGFR__CHEMBL116525__state00.xyz
EGFR__CHEMBL116525__state01,EGFR__CHEMBL116525,CHEMBL116525,EGFR,CHEMBL1145020,1,CC#CC(=O)Nc1cc2c(=Nc3cccc(Br)c3)c(C#N)c[nH]c2cc1OC,0,data/quantum/erbB_xyz/EGFR__CHEMBL116525__state01.xyz
EGFR__CHEMBL116525__state02,EGFR__CHEMBL116525,CHEMBL116525,EGFR,CHEMBL1145020,2,CC#CC(O)=Nc1cc2c(=Nc3cccc(Br)c3)c(C#N)c[nH]c2cc1OC,0,data/quantum/erbB_xyz/EGFR__CHEMBL116525__state02.xyz
EGFR__CHEMBL116525__state03,EGFR__CHEMBL116525,CHEMBL116525,EGFR,CHEMBL1145020,3,CC#CC(O)=Nc1cc2c(Nc3cccc(Br)c3)c(C#N)cnc2cc1OC,0,data/quantum/erbB_xyz/EGFR__CHEMBL116525__state03.xyz
EGFR__CHEMBL116853__state00,EGFR__CHEMBL116853,CHEMBL116853,EGFR,CHEMBL1145020,0,COc1cc2ncc(C#N)c(Nc3cccc(Br)c3)c2cc1NC(=O)C#CCN(C)C,0,data/quantum/erbB_xyz/EGFR__CHEMBL116853__state00.xyz
EGFR__CHEMBL116853__state01,EGFR__CHEMBL116853,CHEMBL116853,EGFR,CHEMBL1145020,1,COc1cc2[nH]cc(C#N)c(=Nc3cccc(Br)c3)c2cc1N=C(O)C#CCN(C)C,0,data/quantum/erbB_xyz/EGFR__CHEMBL116853__state01.xyz
EGFR__CHEMBL116853__state02,EGFR__CHEMBL116853,CHEMBL116853,EGFR,CHEMBL1145020,2,COc1cc2[nH]cc(C#N)c(=Nc3cccc(Br)c3)c2cc1NC(=O)C#CCN(C)C,0,data/quantum/erbB_xyz/EGFR__CHEMBL116853__state02.xyz
EGFR__CHEMBL116853__state03,EGFR__CHEMBL116853,CHEMBL116853,EGFR,CHEMBL1145020,3,COc1cc2ncc(C#N)c(Nc3cccc(Br)c3)c2cc1N=C(O)C#CCN(C)C,0,data/quantum/erbB_xyz/EGFR__CHEMBL116853__state03.xyz
EGFR__CHEMBL117324__state00,EGFR__CHEMBL117324,CHEMBL117324,EGFR,CHEMBL1147456,0,COC[C@@H]1CCCN1CC#CC(=O)Nc1ccc2ncc(C#N)c(Nc3cccc(Br)c3)c2c1,0,data/quantum/erbB_xyz/EGFR__CHEMBL117324__state00.xyz
EGFR__CHEMBL117324__state01,EGFR__CHEMBL117324,CHEMBL117324,EGFR,CHEMBL1147456,1,COC[C@@H]1CCCN1CC#CC(=O)Nc1ccc2[nH]cc(C#N)c(=Nc3cccc(Br)c3)c2c1,0,data/quantum/erbB_xyz/EGFR__CHEMBL117324__state01.xyz
EGFR__CHEMBL117324__state02,EGFR__CHEMBL117324,CHEMBL117324,EGFR,CHEMBL1147456,2,COC[C@@H]1CCCN1CC#CC(O)=Nc1ccc2[nH]cc(C#N)c(=Nc3cccc(Br)c3)c2c1,0,data/quantum/erbB_xyz/EGFR__CHEMBL117324__state02.xyz
EGFR__CHEMBL117324__state03,EGFR__CHEMBL117324,CHEMBL117324,EGFR,CHEMBL1147456,3,COC[C@@H]1CCCN1CC#CC(O)=Nc1ccc2ncc(C#N)c(Nc3cccc(Br)c3)c2c1,0,data/quantum/erbB_xyz/EGFR__CHEMBL117324__state03.xyz
EGFR__CHEMBL117326__state00,EGFR__CHEMBL117326,CHEMBL117326,EGFR,CHEMBL1145020,0,C=C(CN(C)C)C(=O)Nc1cc2c(Nc3ccc(F)c(Cl)c3)c(C#N)cnc2cc1OCC,0,data/quantum/erbB_xyz/EGFR__CHEMBL117326__state00.xyz
EGFR__CHEMBL117326__state01,EGFR__CHEMBL117326,CHEMBL117326,EGFR,CHEMBL1145020,1,C=C(CN(C)C)C(=O)Nc1cc2c(=Nc3ccc(F)c(Cl)c3)c(C#N)c[nH]c2cc1OCC,0,data/quantum/erbB_xyz/EGFR__CHEMBL117326__state01.xyz
EGFR__CHEMBL117326__state02,EGFR__CHEMBL117326,CHEMBL117326,EGFR,CHEMBL1145020,2,C=C(CN(C)C)C(O)=Nc1cc2c(=Nc3ccc(F)c(Cl)c3)c(C#N)c[nH]c2cc1OCC,0,data/quantum/erbB_xyz/EGFR__CHEMBL117326__state02.xyz
EGFR__CHEMBL117326__state03,EGFR__CHEMBL117326,CHEMBL117326,EGFR,CHEMBL1145020,3,C=C(CN(C)C)C(O)=Nc1cc2c(Nc3ccc(F)c(Cl)c3)c(C#N)cnc2cc1OCC,0,data/quantum/erbB_xyz/EGFR__CHEMBL117326__state03.xyz
EGFR__CHEMBL118109__state00,EGFR__CHEMBL118109,CHEMBL118109,EGFR,CHEMBL1136802,0,COc1cc(/C=C(\C#N)C(N)=O)cc(CSc2nc3ccccc3s2)c1O,0,data/quantum/erbB_xyz/EGFR__CHEMBL118109__state00.xyz
EGFR__CHEMBL118109__state01,EGFR__CHEMBL118109,CHEMBL118109,EGFR,CHEMBL1136802,1,COC1=CC(=CC(C#N)=C(N)O)C=C(CSc2nc3ccccc3s2)C1=O,0,data/quantum/erbB_xyz/EGFR__CHEMBL118109__state01.xyz
EGFR__CHEMBL118109__state02,EGFR__CHEMBL118109,CHEMBL118109,EGFR,CHEMBL1136802,2,COC1=CC(=CC(C#N)C(=N)O)C=C(CSc2nc3ccccc3s2)C1=O,0,data/quantum/erbB_xyz/EGFR__CHEMBL118109__state02.xyz
EGFR__CHEMBL118109__state03,EGFR__CHEMBL118109,CHEMBL118109,EGFR,CHEMBL1136802,3,COC1=CC(=CC(C#N)C(N)=O)C=C(CSc2nc3ccccc3s2)C1=O,0,data/quantum/erbB_xyz/EGFR__CHEMBL118109__state03.xyz
EGFR__CHEMBL118205__state00,EGFR__CHEMBL118205,CHEMBL118205,EGFR,CHEMBL1126897,0,COc1cc(/C=C(\C#N)C(N)=O)cc(CSc2nc3ccccc3o2)c1O,0,data/quantum/erbB_xyz/EGFR__CHEMBL118205__state00.xyz
EGFR__CHEMBL118205__state01,EGFR__CHEMBL118205,CHEMBL118205,EGFR,CHEMBL1126897,1,COC1=CC(=CC(C#N)=C(N)O)C=C(CSc2nc3ccccc3o2)C1=O,0,data/quantum/erbB_xyz/EGFR__CHEMBL118205__state01.xyz
EGFR__CHEMBL118205__state02,EGFR__CHEMBL118205,CHEMBL118205,EGFR,CHEMBL1126897,2,COC1=CC(=CC(C#N)C(=N)O)C=C(CSc2nc3ccccc3o2)C1=O,0,data/quantum/erbB_xyz/EGFR__CHEMBL118205__state02.xyz
EGFR__CHEMBL118205__state03,EGFR__CHEMBL118205,CHEMBL118205,EGFR,CHEMBL1126897,3,COC1=CC(=CC(C#N)C(N)=O)C=C(CSc2nc3ccccc3o2)C1=O,0,data/quantum/erbB_xyz/EGFR__CHEMBL118205__state03.xyz
EGFR__CHEMBL119156__state00,EGFR__CHEMBL119156,CHEMBL119156,EGFR,CHEMBL1126897,0,COc1cc(/C=C(\C#N)C(N)=O)cc(CSc2ccccn2)c1O,0,data/quantum/erbB_xyz/EGFR__CHEMBL119156__state00.xyz
EGFR__CHEMBL119156__state01,EGFR__CHEMBL119156,CHEMBL119156,EGFR,CHEMBL1126897,1,COC1=CC(=CC(C#N)=C(N)O)C=C(CSc2ccccn2)C1=O,0,data/quantum/erbB_xyz/EGFR__CHEMBL119156__state01.xyz
EGFR__CHEMBL119156__state02,EGFR__CHEMBL119156,CHEMBL119156,EGFR,CHEMBL1126897,2,COC1=CC(=CC(C#N)C(=N)O)C=C(CSc2ccccn2)C1=O,0,data/quantum/erbB_xyz/EGFR__CHEMBL119156__state02.xyz
EGFR__CHEMBL119156__state03,EGFR__CHEMBL119156,CHEMBL119156,EGFR,CHEMBL1126897,3,COC1=CC(=CC(C#N)C(N)=O)C=C(CSc2ccccn2)C1=O,0,data/quantum/erbB_xyz/EGFR__CHEMBL119156__state03.xyz
EGFR__CHEMBL119923__state00,EGFR__CHEMBL119923,CHEMBL119923,EGFR,CHEMBL1126897,0,COc1cc(/C=C(\C#N)C(N)=O)cc(CSCc2ccc(Cl)cc2)c1O,0,data/quantum/erbB_xyz/EGFR__CHEMBL119923__state00.xyz
EGFR__CHEMBL119923__state01,EGFR__CHEMBL119923,CHEMBL119923,EGFR,CHEMBL1126897,1,COC1=CC(=CC(C#N)=C(N)O)C=C(CSCc2ccc(Cl)cc2)C1=O,0,data/quantum/erbB_xyz/EGFR__CHEMBL119923__state01.xyz
EGFR__CHEMBL119923__state02,EGFR__CHEMBL119923,CHEMBL119923,EGFR,CHEMBL1126897,2,COC1=CC(=CC(C#N)C(=N)O)C=C(CSCc2ccc(Cl)cc2)C1=O,0,data/quantum/erbB_xyz/EGFR__CHEMBL119923__state02.xyz
EGFR__CHEMBL119923__state03,EGFR__CHEMBL119923,CHEMBL119923,EGFR,CHEMBL1126897,3,COC1=CC(=CC(C#N)C(N)=O)C=C(CSCc2ccc(Cl)cc2)C1=O,0,data/quantum/erbB_xyz/EGFR__CHEMBL119923__state03.xyz
EGFR__CHEMBL134371__state00,EGFR__CHEMBL134371,CHEMBL134371,EGFR,CHEMBL1134843,0,O=C(O)/C=C/C(=O)Nc1ccc2ncnc(Nc3cccc(Br)c3)c2c1,0,data/quantum/erbB_xyz/EGFR__CHEMBL134371__state00.xyz
EGFR__CHEMBL134371__state01,EGFR__CHEMBL134371,CHEMBL134371,EGFR,CHEMBL1134843,1,O=C(O)/C=C/C(=O)Nc1ccc2[nH]cnc(=Nc3cccc(Br)c3)c2c1,0,data/quantum/erbB_xyz/EGFR__CHEMBL134371__state01.xyz
EGFR__CHEMBL134371__state02,EGFR__CHEMBL134371,CHEMBL134371,EGFR,CHEMBL1134843,2,O=C(O)/C=C/C(=O)Nc1ccc2nc[nH]c(=Nc3cccc(Br)c3)c2c1,0,data/quantum/erbB_xyz/EGFR__CHEMBL134371__state02.xyz
EGFR__CHEMBL134371__state03,EGFR__CHEMBL134371,CHEMBL134371,EGFR,CHEMBL1134843,3,O=C(O)/C=C/C(O)=Nc1ccc2[nH]cnc(=Nc3cccc(Br)c3)c2c1,0,data/quantum/erbB_xyz/EGFR__CHEMBL134371__state03.xyz
EGFR__CHEMBL135142__state00,EGFR__CHEMBL135142,CHEMBL135142,EGFR,CHEMBL1134843,0,O=C(/C=C/C(F)(F)F)Nc1ccc2ncnc(Nc3cccc(Br)c3)c2c1,0,data/quantum/erbB_xyz/EGFR__CHEMBL135142__state00.xyz
EGFR__CHEMBL135142__state01,EGFR__CHEMBL135142,CHEMBL135142,EGFR,CHEMBL1134843,1,O=C(/C=C/C(F)(F)F)Nc1ccc2[nH]cnc(=Nc3cccc(Br)c3)c2c1,0,data/quantum/erbB_xyz/EGFR__CHEMBL135142__state01.xyz
EGFR__CHEMBL135142__state02,EGFR__CHEMBL135142,CHEMBL135142,EGFR,CHEMBL1134843,2,O=C(/C=C/C(F)(F)F)Nc1ccc2nc[nH]c(=Nc3cccc(Br)c3)c2c1,0,data/quantum/erbB_xyz/EGFR__CHEMBL135142__state02.xyz
EGFR__CHEMBL135142__state03,EGFR__CHEMBL135142,CHEMBL135142,EGFR,CHEMBL1134843,3,OC(/C=C/C(F)(F)F)=Nc1ccc2[nH]cnc(=Nc3cccc(Br)c3)c2c1,0,data/quantum/erbB_xyz/EGFR__CHEMBL135142__state03.xyz
EGFR__CHEMBL136058__state00,EGFR__CHEMBL136058,CHEMBL136058,EGFR,CHEMBL1134843,0,O=C(/C=C/C(=O)Nc1cc2c(Nc3cccc(Br)c3)ncnc2cn1)NCCCN1CCOCC1,0,data/quantum/erbB_xyz/EGFR__CHEMBL136058__state00.xyz
EGFR__CHEMBL136058__state01,EGFR__CHEMBL136058,CHEMBL136058,EGFR,CHEMBL1134843,1,O=C(/C=C/C(=O)NCCCN1CCOCC1)N=c1cc2c(Nc3cccc(Br)c3)ncnc2c[nH]1,0,data/quantum/erbB_xyz/EGFR__CHEMBL136058__state01.xyz
EGFR__CHEMBL136058__state02,EGFR__CHEMBL136058,CHEMBL136058,EGFR,CHEMBL1134843,2,O=C(/C=C/C(=O)Nc1cc2c(=Nc3cccc(Br)c3)[nH]cnc2cn1)NCCCN1CCOCC1,0,data/quantum/erbB_xyz/EGFR__CHEMBL136058__state02.xyz
EGFR__CHEMBL136058__state03,EGFR__CHEMBL136058,CHEMBL136058,EGFR,CHEMBL1134843,3,O=C(/C=C/C(=O)Nc1cc2c(=Nc3cccc(Br)c3)nc[nH]c2cn1)NCCCN1CCOCC1,0,data/quantum/erbB_xyz/EGFR__CHEMBL136058__state03.xyz
EGFR__CHEMBL136102__state00,EGFR__CHEMBL136102,CHEMBL136102,EGFR,CHEMBL1134843,0,CN(C)CCCNC(=O)/C=C/C(=O)N(C)c1cc2c(Nc3cccc(Br)c3)ncnc2cn1,0,data/quantum/erbB_xyz/EGFR__CHEMBL136102__state00.xyz
EGFR__CHEMBL136102__state01,EGFR__CHEMBL136102,CHEMBL136102,EGFR,CHEMBL1134843,1,CN(C)CCCN=C(O)/C=C/C(=O)N(C)c1cc2c(=Nc3cccc(Br)c3)[nH]cnc2cn1,0,data/quantum/erbB_xyz/EGFR__CHEMBL136102__state01.xyz
EGFR__CHEMBL136102__state02,EGFR__CHEMBL136102,CHEMBL136102,EGFR,CHEMBL1134843,2,CN(C)CCCN=C(O)/C=C/C(=O)N(C)c1cc2c(=Nc3cccc(Br)c3)nc[nH]c2cn1,0,data/quantum/erbB_xyz/EGFR__CHEMBL136102__state02.xyz
EGFR__CHEMBL136102__state03,EGFR__CHEMBL136102,CHEMBL136102,EGFR,CHEMBL1134843,3,CN(C)CCCN=C(O)/C=C/C(=O)N(C)c1cc2c(Nc3cccc(Br)c3)ncnc2cn1,0,data/quantum/erbB_xyz/EGFR__CHEMBL136102__state03.xyz
EGFR__CHEMBL136178__state00,EGFR__CHEMBL136178,CHEMBL136178,EGFR,CHEMBL1134843,0,CC(=O)/C=C/C(=O)Nc1ccc2ncnc(Nc3cccc(Br)c3)c2c1,0,data/quantum/erbB_xyz/EGFR__CHEMBL136178__state00.xyz
EGFR__CHEMBL136178__state01,EGFR__CHEMBL136178,CHEMBL136178,EGFR,CHEMBL1134843,1,C=C(O)/C=C/C(=O)Nc1ccc2[nH]cnc(=Nc3cccc(Br)c3)c2c1,0,data/quantum/erbB_xyz/EGFR__CHEMBL136178__state01.xyz
EGFR__CHEMBL136178__state02,EGFR__CHEMBL136178,CHEMBL136178,EGFR,CHEMBL1134843,2,C=C(O)/C=C/C(=O)Nc1ccc2nc[nH]c(=Nc3cccc(Br)c3)c2c1,0,data/quantum/erbB_xyz/EGFR__CHEMBL136178__state02.xyz
EGFR__CHEMBL136178__state03,EGFR__CHEMBL136178,CHEMBL136178,EGFR,CHEMBL1134843,3,C=C(O)/C=C/C(=O)Nc1ccc2ncnc(Nc3cccc(Br)c3)c2c1,0,data/quantum/erbB_xyz/EGFR__CHEMBL136178__state03.xyz
EGFR__CHEMBL136404__state00,EGFR__CHEMBL136404,CHEMBL136404,EGFR,CHEMBL1134843,0,C/C=C/C(=O)Nc1cc2c(Nc3cccc(Br)c3)ncnc2cn1,0,data/quantum/erbB_xyz/EGFR__CHEMBL136404__state00.xyz
EGFR__CHEMBL136404__state01,EGFR__CHEMBL136404,CHEMBL136404,EGFR,CHEMBL1134843,1,C/C=C/C(=O)N=c1cc2c(=Nc3cccc(Br)c3)[nH]cnc2c[nH]1,0,data/quantum/erbB_xyz/EGFR__CHEMBL136404__state01.xyz
EGFR__CHEMBL136404__state02,EGFR__CHEMBL136404,CHEMBL136404,EGFR,CHEMBL1134843,2,C/C=C/C(=O)N=c1cc2c(=Nc3cccc(Br)c3)nc[nH]c2c[nH]1,0,data/quantum/erbB_xyz/EGFR__CHEMBL136404__state02.xyz
EGFR__CHEMBL136404__state03,EGFR__CHEMBL136404,CHEMBL136404,EGFR,CHEMBL1134843,3,C/C=C/C(=O)N=c1cc2c(Nc3cccc(Br)c3)ncnc2c[nH]1,0,data/quantum/erbB_xyz/EGFR__CHEMBL136404__state03.xyz
EGFR__CHEMBL136511__state00,EGFR__CHEMBL136511,CHEMBL136511,EGFR,CHEMBL1134843,0,C=CS(=O)(=O)Nc1ccc2ncnc(Nc3cccc(Br)c3)c2c1,0,data/quantum/erbB_xyz/EGFR__CHEMBL136511__state00.xyz
EGFR__CHEMBL136511__state01,EGFR__CHEMBL136511,CHEMBL136511,EGFR,CHEMBL1134843,1,C=CS(=O)(=O)Nc1ccc2[nH]cnc(=Nc3cccc(Br)c3)c2c1,0,data/quantum/erbB_xyz/EGFR__CHEMBL136511__state01.xyz
EGFR__CHEMBL136511__state02,EGFR__CHEMBL136511,CHEMBL136511,EGFR,CHEMBL1134843,2,C=CS(=O)(=O)Nc1ccc2nc[nH]c(=Nc3cccc(Br)c3)c2c1,0,data/quantum/erbB_xyz/EGFR__CHEMBL136511__state02.xyz
EGFR__CHEMBL137082__state00,EGFR__CHEMBL137082,CHEMBL137082,EGFR,CHEMBL1134843,0,C=CC(=O)N(CCCN1CCOCC1)c1cc2c(Nc3cccc(Br)c3)ncnc2cn1,0,data/quantum/erbB_xyz/EGFR__CHEMBL137082__state00.xyz
EGFR__CHEMBL137082__state01,EGFR__CHEMBL137082,CHEMBL137082,EGFR,CHEMBL1134843,1,C=CC(=O)N(CCCN1CCOCC1)c1cc2c(=Nc3cccc(Br)c3)[nH]cnc2cn1,0,data/quantum/erbB_xyz/EGFR__CHEMBL137082__state01.xyz
EGFR__CHEMBL137082__state02,EGFR__CHEMBL137082,CHEMBL137082,EGFR,CHEMBL1134843,2,C=CC(=O)N(CCCN1CCOCC1)c1cc2c(=Nc3cccc(Br)c3)nc[nH]c2cn1,0,data/quantum/erbB_xyz/EGFR__CHEMBL137082__state02.xyz
EGFR__CHEMBL138363__state00,EGFR__CHEMBL138363,CHEMBL138363,EGFR,CHEMBL1134843,0,C=C(C)C(=O)Nc1cc2c(Nc3cccc(Br)c3)ncnc2cn1,0,data/quantum/erbB_xyz/EGFR__CHEMBL138363__state00.xyz
EGFR__CHEMBL138363__state01,EGFR__CHEMBL138363,CHEMBL138363,EGFR,CHEMBL1134843,1,C=C(C)C(=O)N=c1cc2c(=Nc3cccc(Br)c3)[nH]cnc2c[nH]1,0,data/quantum/erbB_xyz/EGFR__CHEMBL138363__state01.xyz
EGFR__CHEMBL138363__state02,EGFR__CHEMBL138363,CHEMBL138363,EGFR,CHEMBL1134843,2,C=C(C)C(=O)N=c1cc2c(=Nc3cccc(Br)c3)nc[nH]c2c[nH]1,0,data/quantum/erbB_xyz/EGFR__CHEMBL138363__state02.xyz
EGFR__CHEMBL138363__state03,EGFR__CHEMBL138363,CHEMBL138363,EGFR,CHEMBL1134843,3,C=C(C)C(=O)N=c1cc2c(Nc3cccc(Br)c3)ncnc2c[nH]1,0,data/quantum/erbB_xyz/EGFR__CHEMBL138363__state03.xyz
EGFR__CHEMBL138691__state00,EGFR__CHEMBL138691,CHEMBL138691,EGFR,CHEMBL1134843,0,C=CC(=O)N(CCN(C)C)c1cc2c(Nc3cccc(Br)c3)ncnc2cn1,0,data/quantum/erbB_xyz/EGFR__CHEMBL138691__state00.xyz
EGFR__CHEMBL138691__state01,EGFR__CHEMBL138691,CHEMBL138691,EGFR,CHEMBL1134843,1,C=CC(=O)N(CCN(C)C)c1cc2c(=Nc3cccc(Br)c3)[nH]cnc2cn1,0,data/quantum/erbB_xyz/EGFR__CHEMBL138691__state01.xyz
EGFR__CHEMBL138691__state02,EGFR__CHEMBL138691,CHEMBL138691,EGFR,CHEMBL1134843,2,C=CC(=O)N(CCN(C)C)c1cc2c(=Nc3cccc(Br)c3)nc[nH]c2cn1,0,data/quantum/erbB_xyz/EGFR__CHEMBL138691__state02.xyz
EGFR__CHEMBL138940__state00,EGFR__CHEMBL138940,CHEMBL138940,EGFR,CHEMBL1134843,0,O=C(/C=C/C(=O)Nc1cc2c(Nc3ccc(F)c(Cl)c3)ncnc2cn1)NCCCN1CCOCC1,0,data/quantum/erbB_xyz/EGFR__CHEMBL138940__state00.xyz
EGFR__CHEMBL138940__state01,EGFR__CHEMBL138940,CHEMBL138940,EGFR,CHEMBL1134843,1,O=C(/C=C/C(=O)NCCCN1CCOCC1)N=c1cc2c(Nc3ccc(F)c(Cl)c3)ncnc2c[nH]1,0,data/quantum/erbB_xyz/EGFR__CHEMBL138940__state01.xyz
EGFR__CHEMBL138940__state02,EGFR__CHEMBL138940,CHEMBL138940,EGFR,CHEMBL1134843,2,O=C(/C=C/C(=O)Nc1cc2c(=Nc3ccc(F)c(Cl)c3)[nH]cnc2cn1)NCCCN1CCOCC1,0,data/quantum/erbB_xyz/EGFR__CHEMBL138940__state02.xyz
EGFR__CHEMBL138940__state03,EGFR__CHEMBL138940,CHEMBL138940,EGFR,CHEMBL1134843,3,O=C(/C=C/C(=O)Nc1cc2c(=Nc3ccc(F)c(Cl)c3)nc[nH]c2cn1)NCCCN1CCOCC1,0,data/quantum/erbB_xyz/EGFR__CHEMBL138940__state03.xyz
EGFR__CHEMBL139044__state00,EGFR__CHEMBL139044,CHEMBL139044,EGFR,CHEMBL1134843,0,C=C/C=C/C(=O)Nc1cc2c(Nc3cccc(Br)c3)ncnc2cn1,0,data/quantum/erbB_xyz/EGFR__CHEMBL139044__state00.xyz
EGFR__CHEMBL139044__state01,EGFR__CHEMBL139044,CHEMBL139044,EGFR,CHEMBL1134843,1,C=C/C=C/C(=O)N=c1cc2c(=Nc3cccc(Br)c3)[nH]cnc2c[nH]1,0,data/quantum/erbB_xyz/EGFR__CHEMBL139044__state01.xyz
EGFR__CHEMBL139044__state02,EGFR__CHEMBL139044,CHEMBL139044,EGFR,CHEMBL1134843,2,C=C/C=C/C(=O)N=c1cc2c(=Nc3cccc(Br)c3)nc[nH]c2c[nH]1,0,data/quantum/erbB_xyz/EGFR__CHEMBL139044__state02.xyz
EGFR__CHEMBL139044__state03,EGFR__CHEMBL139044,CHEMBL139044,EGFR,CHEMBL1134843,3,C=C/C=C/C(=O)N=c1cc2c(Nc3cccc(Br)c3)ncnc2c[nH]1,0,data/quantum/erbB_xyz/EGFR__CHEMBL139044__state03.xyz
EGFR__CHEMBL139095__state00,EGFR__CHEMBL139095,CHEMBL139095,EGFR,CHEMBL1134843,0,C=CS(=O)(=O)Nc1cc2c(Nc3cccc(Br)c3)ncnc2cn1,0,data/quantum/erbB_xyz/EGFR__CHEMBL139095__state00.xyz
EGFR__CHEMBL139095__state01,EGFR__CHEMBL139095,CHEMBL139095,EGFR,CHEMBL1134843,1,C=CS(=O)(=O)N=c1cc2c(=Nc3cccc(Br)c3)[nH]cnc2c[nH]1,0,data/quantum/erbB_xyz/EGFR__CHEMBL139095__state01.xyz
EGFR__CHEMBL139095__state02,EGFR__CHEMBL139095,CHEMBL139095,EGFR,CHEMBL1134843,2,C=CS(=O)(=O)N=c1cc2c(=Nc3cccc(Br)c3)nc[nH]c2c[nH]1,0,data/quantum/erbB_xyz/EGFR__CHEMBL139095__state02.xyz
EGFR__CHEMBL139095__state03,EGFR__CHEMBL139095,CHEMBL139095,EGFR,CHEMBL1134843,3,C=CS(=O)(=O)N=c1cc2c(Nc3cccc(Br)c3)ncnc2c[nH]1,0,data/quantum/erbB_xyz/EGFR__CHEMBL139095__state03.xyz
EGFR__CHEMBL139307__state00,EGFR__CHEMBL139307,CHEMBL139307,EGFR,CHEMBL1134843,0,C=CC(=O)N(CCCN1CCOCC1)c1ccc2ncnc(Nc3cccc(Br)c3)c2c1,0,data/quantum/erbB_xyz/EGFR__CHEMBL139307__state00.xyz
EGFR__CHEMBL139307__state01,EGFR__CHEMBL139307,CHEMBL139307,EGFR,CHEMBL1134843,1,C=CC(=O)N(CCCN1CCOCC1)c1ccc2[nH]cnc(=Nc3cccc(Br)c3)c2c1,0,data/quantum/erbB_xyz/EGFR__CHEMBL139307__state01.xyz
EGFR__CHEMBL139307__state02,EGFR__CHEMBL139307,CHEMBL139307,EGFR,CHEMBL1134843,2,C=CC(=O)N(CCCN1CCOCC1)c1ccc2nc[nH]c(=Nc3cccc(Br)c3)c2c1,0,data/quantum/erbB_xyz/EGFR__CHEMBL139307__state02.xyz
EGFR__CHEMBL140561__state00,EGFR__CHEMBL140561,CHEMBL140561,EGFR,CHEMBL1134843,0,CN(C)CCCOC(=O)/C=C/C(=O)Nc1ccc2ncnc(Nc3cccc(Br)c3)c2c1,0,data/quantum/erbB_xyz/EGFR__CHEMBL140561__state00.xyz
EGFR__CHEMBL140561__state01,EGFR__CHEMBL140561,CHEMBL140561,EGFR,CHEMBL1134843,1,CN(C)CCCOC(=O)/C=C/C(=O)Nc1ccc2[nH]cnc(=Nc3cccc(Br)c3)c2c1,0,data/quantum/erbB_xyz/EGFR__CHEMBL140561__state01.xyz
EGFR__CHEMBL140561__state02,EGFR__CHEMBL140561,CHEMBL140561,EGFR,CHEMBL1134843,2,CN(C)CCCOC(=O)/C=C/C(=O)Nc1ccc2nc[nH]c(=Nc3cccc(Br)c3)c2c1,0,data/quantum/erbB_xyz/EGFR__CHEMBL140561__state02.xyz
EGFR__CHEMBL140561__state03,EGFR__CHEMBL140561,CHEMBL140561,EGFR,CHEMBL1134843,3,CN(C)CCCOC(=O)/C=C/C(O)=Nc1ccc2[nH]cnc(=Nc3cccc(Br)c3)c2c1,0,data/quantum/erbB_xyz/EGFR__CHEMBL140561__state03.xyz
EGFR__CHEMBL141175__state00,EGFR__CHEMBL141175,CHEMBL141175,EGFR,CHEMBL1136802,0,COc1cc(/C=C(/C#N)C(N)=O)cc(CSCc2ccc(Cl)cc2)c1O,0,data/quantum/erbB_xyz/EGFR__CHEMBL141175__state00.xyz
EGFR__CHEMBL141175__state01,EGFR__CHEMBL141175,CHEMBL141175,EGFR,CHEMBL1136802,1,COC1=CC(=CC(C#N)=C(N)O)C=C(CSCc2ccc(Cl)cc2)C1=O,0,data/quantum/erbB_xyz/EGFR__CHEMBL141175__state01.xyz
EGFR__CHEMBL141175__state02,EGFR__CHEMBL141175,CHEMBL141175,EGFR,CHEMBL1136802,2,COC1=CC(=CC(C#N)C(=N)O)C=C(CSCc2ccc(Cl)cc2)C1=O,0,data/quantum/erbB_xyz/EGFR__CHEMBL141175__state02.xyz
EGFR__CHEMBL141175__state03,EGFR__CHEMBL141175,CHEMBL141175,EGFR,CHEMBL1136802,3,COC1=CC(=CC(C#N)C(N)=O)C=C(CSCc2ccc(Cl)cc2)C1=O,0,data/quantum/erbB_xyz/EGFR__CHEMBL141175__state03.xyz
EGFR__CHEMBL141238__state00,EGFR__CHEMBL141238,CHEMBL141238,EGFR,CHEMBL1136802,0,Cc1cc(C)c(NC(=O)/C(C#N)=C/c2ccc(O)c(O)c2)c(C)c1,0,data/quantum/erbB_xyz/EGFR__CHEMBL141238__state00.xyz
EGFR__CHEMBL141238__state01,EGFR__CHEMBL141238,CHEMBL141238,EGFR,CHEMBL1136802,1,Cc1cc(C)c(N=C(O)C(C#N)=Cc2ccc(O)c(O)c2)c(C)c1,0,data/quantum/erbB_xyz/EGFR__CHEMBL141238__state01.xyz
EGFR__CHEMBL141238__state02,EGFR__CHEMBL141238,CHEMBL141238,EGFR,CHEMBL1136802,2,Cc1cc(C)c(N=C(O)C(C#N)C=C2C=CC(=O)C(O)=C2)c(C)c1,0,data/quantum/erbB_xyz/EGFR__CHEMBL141238__state02.xyz
EGFR__CHEMBL141238__state03,EGFR__CHEMBL141238,CHEMBL141238,EGFR,CHEMBL1136802,3,Cc1cc(C)c(N=C(O)C(C#N)CC2=CC(=O)C(=O)C=C2)c(C)c1,0,data/quantum/erbB_xyz/EGFR__CHEMBL141238__state03.xyz
EGFR__CHEMBL144159__state00,EGFR__CHEMBL144159,CHEMBL144159,EGFR,CHEMBL1129590,0,N#C/C(=C\c1ccc(O)c(O)c1)C(=O)NCc1cccc(CNC(=O)/C(C#N)=C/c2ccc(O)c(O)c2)c1,0,data/quantum/erbB_xyz/EGFR__CHEMBL144159__state00.xyz
EGFR__CHEMBL144159__state01,EGFR__CHEMBL144159,CHEMBL144159,EGFR,CHEMBL1129590,1,N#C/C(=C\C1=CC(O)C(=O)C=C1)C(=O)NCc1cccc(CNC(=O)/C(C#N)=C/c2ccc(O)c(O)c2)c1,0,data/quantum/erbB_xyz/EGFR__CHEMBL144159__state01.xyz
EGFR__CHEMBL144159__state02,EGFR__CHEMBL144159,CHEMBL144159,EGFR,CHEMBL1129590,2,N#C/C(=C\c1ccc(O)c(O)c1)C(=O)NCc1cccc(CN=C(O)/C(C#N)=C/c2ccc(O)c(O)c2)c1,0,data/quantum/erbB_xyz/EGFR__CHEMBL144159__state02.xyz
EGFR__CHEMBL144159__state03,EGFR__CHEMBL144159,CHEMBL144159,EGFR,CHEMBL1129590,3,N#C/C(=C\c1ccc(O)c(O)c1)C(=O)NCc1cccc(CNC(=O)C(C#N)C=C2C=CC(=O)C(O)=C2)c1,0,data/quantum/erbB_xyz/EGFR__CHEMBL144159__state03.xyz
EGFR__CHEMBL144589__state00,EGFR__CHEMBL144589,CHEMBL144589,EGFR,CHEMBL1129590,0,N#C/C(=C\c1ccc(O)c(O)c1)C(=O)NCCCCNC(=O)/C(C#N)=C/c1ccc(O)c(O)c1,0,data/quantum/erbB_xyz/EGFR__CHEMBL144589__state00.xyz
EGFR__CHEMBL144589__state01,EGFR__CHEMBL144589,CHEMBL144589,EGFR,CHEMBL1129590,1,N#C/C(=C\C1=CC(O)C(=O)C=C1)C(=O)NCCCCNC(=O)/C(C#N)=C/c1ccc(O)c(O)c1,0,data/quantum/erbB_xyz/EGFR__CHEMBL144589__state01.xyz
EGFR__CHEMBL144589__state02,EGFR__CHEMBL144589,CHEMBL144589,EGFR,CHEMBL1129590,2,N#C/C(=C\c1ccc(O)c(O)c1)C(=O)NCCCCN=C(O)/C(C#N)=C/c1ccc(O)c(O)c1,0,data/quantum/erbB_xyz/EGFR__CHEMBL144589__state02.xyz
EGFR__CHEMBL144589__state03,EGFR__CHEMBL144589,CHEMBL144589,EGFR,CHEMBL1129590,3,N#C/C(=C\c1ccc(O)c(O)c1)C(=O)NCCCCNC(=O)C(C#N)C=C1C=CC(=O)C(O)=C1,0,data/quantum/erbB_xyz/EGFR__CHEMBL144589__state03.xyz
EGFR__CHEMBL144632__state00,EGFR__CHEMBL144632,CHEMBL144632,EGFR,CHEMBL1129590,0,N#C/C(=C\c1cc(O)c(O)c([N+](=O)[O-])c1)C(=O)NCCCNC(=O)/C(C#N)=C/c1cc(O)c(O)c([N+](=O)[O-])c1,0,data/quantum/erbB_xyz/EGFR__CHEMBL144632__state00.xyz
EGFR__CHEMBL144632__state01,EGFR__CHEMBL144632,CHEMBL144632,EGFR,CHEMBL1129590,1,N#C/C(=C\C1=CC(O)C(=O)C([N+](=O)[O-])=C1)C(=O)NCCCNC(=O)/C(C#N)=C/c1cc(O)c(O)c([N+](=O)[O-])c1,0,data/quantum/erbB_xyz/EGFR__CHEMBL144632__state01.xyz
EGFR__CHEMBL144632__state02,EGFR__CHEMBL144632,CHEMBL144632,EGFR,CHEMBL1129590,2,N#C/C(=C\c1cc(O)c(O)c([N+](=O)[O-])c1)C(=O)NCCCN=C(O)/C(C#N)=C/c1cc(O)c(O)c([N+](=O)[O-])c1,0,data/quantum/erbB_xyz/EGFR__CHEMBL144632__state02.xyz
EGFR__CHEMBL144632__state03,EGFR__CHEMBL144632,CHEMBL144632,EGFR,CHEMBL1129590,3,N#C/C(=C\c1cc(O)c(O)c([N+](=O)[O-])c1)C(=O)NCCCNC(=O)C(C#N)C=C1C=C(O)C(=O)C([N+](=O)[O-])=C1,0,data/quantum/erbB_xyz/EGFR__CHEMBL144632__state03.xyz
EGFR__CHEMBL144770__state00,EGFR__CHEMBL144770,CHEMBL144770,EGFR,CHEMBL1129590,0,N#C/C(=C\c1cc(O)c(O)c(Br)c1)C(=O)NCCCNC(=O)/C(C#N)=C/c1cc(O)c(O)c(Br)c1,0,data/quantum/erbB_xyz/EGFR__CHEMBL144770__state00.xyz
EGFR__CHEMBL144770__state01,EGFR__CHEMBL144770,CHEMBL144770,EGFR,CHEMBL1129590,1,N#C/C(=C\C1=CC(O)C(=O)C(Br)=C1)C(=O)NCCCNC(=O)/C(C#N)=C/c1cc(O)c(O)c(Br)c1,0,data/quantum/erbB_xyz/EGFR__CHEMBL144770__state01.xyz
EGFR__CHEMBL144770__state02,EGFR__CHEMBL144770,CHEMBL144770,EGFR,CHEMBL1129590,2,N#C/C(=C\c1cc(O)c(O)c(Br)c1)C(=O)NCCCN=C(O)/C(C#N)=C/c1cc(O)c(O)c(Br)c1,0,data/quantum/erbB_xyz/EGFR__CHEMBL144770__state02.xyz
EGFR__CHEMBL144770__state03,EGFR__CHEMBL144770,CHEMBL144770,EGFR,CHEMBL1129590,3,N#C/C(=C\c1cc(O)c(O)c(Br)c1)C(=O)NCCCNC(=O)C(C#N)C=C1C=C(O)C(=O)C(Br)=C1,0,data/quantum/erbB_xyz/EGFR__CHEMBL144770__state03.xyz
EGFR__CHEMBL144778__state00,EGFR__CHEMBL144778,CHEMBL144778,EGFR,CHEMBL1129590,0,N#C/C(=C\c1ccc(O)c(O)c1)C(=O)NC1CCCC[C@@H]1NC(=O)/C(C#N)=C/c1ccc(O)c(O)c1,0,data/quantum/erbB_xyz/EGFR__CHEMBL144778__state00.xyz
EGFR__CHEMBL144778__state01,EGFR__CHEMBL144778,CHEMBL144778,EGFR,CHEMBL1129590,1,N#C/C(=C\C1=CC(O)C(=O)C=C1)C(=O)NC1CCCC[C@@H]1NC(=O)/C(C#N)=C/c1ccc(O)c(O)c1,0,data/quantum/erbB_xyz/EGFR__CHEMBL144778__state01.xyz
EGFR__CHEMBL144778__state02,EGFR__CHEMBL144778,CHEMBL144778,EGFR,CHEMBL1129590,2,N#C/C(=C\c1ccc(O)c(O)c1)C(=O)NC1CCCC[C@@H]1N=C(O)/C(C#N)=C/c1ccc(O)c(O)c1,0,data/quantum/erbB_xyz/EGFR__CHEMBL144778__state02.xyz
EGFR__CHEMBL144778__state03,EGFR__CHEMBL144778,CHEMBL144778,EGFR,CHEMBL1129590,3,N#C/C(=C\c1ccc(O)c(O)c1)C(=O)NC1CCCC[C@@H]1NC(=O)/C(C#N)=C/C1=CC(=O)C(O)C=C1,0,data/quantum/erbB_xyz/EGFR__CHEMBL144778__state03.xyz
EGFR__CHEMBL145266__state00,EGFR__CHEMBL145266,CHEMBL145266,EGFR,CHEMBL1129590,0,COc1cc(/C=C(\C#N)C(=O)NCCCCNC(=O)/C(C#N)=C/c2cc(OC)c(O)c([N+](=O)[O-])c2)cc([N+](=O)[O-])c1O,0,data/quantum/erbB_xyz/EGFR__CHEMBL145266__state00.xyz
EGFR__CHEMBL145266__state01,EGFR__CHEMBL145266,CHEMBL145266,EGFR,CHEMBL1129590,1,COC1=CC(=CC(C#N)=C(O)NCCCCN=C(O)C(C#N)=Cc2cc(OC)c(O)c([N+](=O)[O-])c2)C=C([N+](=O)[O-])C1=O,0,data/quantum/erbB_xyz/EGFR__CHEMBL145266__state01.xyz
EGFR__CHEMBL145266__state02,EGFR__CHEMBL145266,CHEMBL145266,EGFR,CHEMBL1129590,2,COC1=CC(=CC(C#N)=C(O)NCCCCNC(=O)C(C#N)=CC2=CC(OC)C(=O)C([N+](=O)[O-])=C2)C=C([N+](=O)[O-])C1=O,0,data/quantum/erbB_xyz/EGFR__CHEMBL145266__state02.xyz
EGFR__CHEMBL145266__state03,EGFR__CHEMBL145266,CHEMBL145266,EGFR,CHEMBL1129590,3,COC1=CC(=CC(C#N)=C(O)NCCCCNC(=O)C(C#N)=Cc2cc(OC)c(O)c([N+](=O)[O-])c2)C=C([N+](=O)[O-])C1=O,0,data/quantum/erbB_xyz/EGFR__CHEMBL145266__state03.xyz
EGFR__CHEMBL146694__state00,EGFR__CHEMBL146694,CHEMBL146694,EGFR,CHEMBL1132535,0,COc1ccccc1-c1ccc2c(c1)NC(=O)/C2=C\c1[nH]c(C)c(CCC(=O)O)c1C,0,data/quantum/erbB_xyz/EGFR__CHEMBL146694__state00.xyz
EGFR__CHEMBL146694__state01,EGFR__CHEMBL146694,CHEMBL146694,EGFR,CHEMBL1132535,1,C=c1c(CC=C(O)O)c(C)[nH]c1=CC1C(=O)Nc2cc(-c3ccccc3OC)ccc21,0,data/quantum/erbB_xyz/EGFR__CHEMBL146694__state01.xyz
EGFR__CHEMBL146694__state02,EGFR__CHEMBL146694,CHEMBL146694,EGFR,CHEMBL1132535,2,C=c1c(CC=C(O)O)c(C)[nH]c1=Cc1c(O)[nH]c2cc(-c3ccccc3OC)ccc12,0,data/quantum/erbB_xyz/EGFR__CHEMBL146694__state02.xyz
EGFR__CHEMBL146694__state03,EGFR__CHEMBL146694,CHEMBL146694,EGFR,CHEMBL1132535,3,C=c1c(CCC(=O)O)c(C)[nH]c1=CC1C(=O)Nc2cc(-c3ccccc3OC)ccc21,0,data/quantum/erbB_xyz/EGFR__CHEMBL146694__state03.xyz
EGFR__CHEMBL147112__state00,EGFR__CHEMBL147112,CHEMBL147112,EGFR,CHEMBL1132535,0,COc1ccccc1-c1ccc2c(c1)NC(=O)/C2=C\c1[nH]cc(CCC(=O)O)c1C,0,data/quantum/erbB_xyz/EGFR__CHEMBL147112__state00.xyz
EGFR__CHEMBL147112__state01,EGFR__CHEMBL147112,CHEMBL147112,EGFR,CHEMBL1132535,1,C=c1c(CC=C(O)O)c[nH]c1=CC1C(=O)Nc2cc(-c3ccccc3OC)ccc21,0,data/quantum/erbB_xyz/EGFR__CHEMBL147112__state01.xyz
EGFR__CHEMBL147112__state02,EGFR__CHEMBL147112,CHEMBL147112,EGFR,CHEMBL1132535,2,C=c1c(CC=C(O)O)c[nH]c1=Cc1c(O)[nH]c2cc(-c3ccccc3OC)ccc12,0,data/quantum/erbB_xyz/EGFR__CHEMBL147112__state02.xyz
EGFR__CHEMBL147112__state03,EGFR__CHEMBL147112,CHEMBL147112,EGFR,CHEMBL1132535,3,C=c1c(CCC(=O)O)c[nH]c1=CC1C(=O)Nc2cc(-c3ccccc3OC)ccc21,0,data/quantum/erbB_xyz/EGFR__CHEMBL147112__state03.xyz
EGFR__CHEMBL147761__state00,EGFR__CHEMBL147761,CHEMBL147761,EGFR,CHEMBL1132535,0,Cc1c[nH]c(/C=C2\C(=O)Nc3cccc(C)c32)c1CCC(=O)O,0,data/quantum/erbB_xyz/EGFR__CHEMBL147761__state00.xyz
EGFR__CHEMBL147761__state01,EGFR__CHEMBL147761,CHEMBL147761,EGFR,CHEMBL1132535,1,CC1=C(CCC(=O)O)C(=CC2C(=O)Nc3cccc(C)c32)N=C1,0,data/quantum/erbB_xyz/EGFR__CHEMBL147761__state01.xyz
EGFR__CHEMBL147761__state02,EGFR__CHEMBL147761,CHEMBL147761,EGFR,CHEMBL1132535,2,CC1=C(CCC(=O)O)C(=CC2C(O)=Nc3cccc(C)c32)N=C1,0,data/quantum/erbB_xyz/EGFR__CHEMBL147761__state02.xyz
EGFR__CHEMBL147761__state03,EGFR__CHEMBL147761,CHEMBL147761,EGFR,CHEMBL1132535,3,CC1=C(CCC(=O)O)C(=Cc2c(O)[nH]c3cccc(C)c23)N=C1,0,data/quantum/erbB_xyz/EGFR__CHEMBL147761__state03.xyz
EGFR__CHEMBL147880__state00,EGFR__CHEMBL147880,CHEMBL147880,EGFR,CHEMBL1129590,0,N#C/C(=C\c1ccc(O)c(O)c1)C(=O)NC1CCC(CC2CCC(NC(=O)/C(C#N)=C/c3ccc(O)c(O)c3)CC2)CC1,0,data/quantum/erbB_xyz/EGFR__CHEMBL147880__state00.xyz
EGFR__CHEMBL147880__state01,EGFR__CHEMBL147880,CHEMBL147880,EGFR,CHEMBL1129590,1,N#C/C(=C\C1=CC(O)C(=O)C=C1)C(=O)NC1CCC(CC2CCC(NC(=O)/C(C#N)=C/c3ccc(O)c(O)c3)CC2)CC1,0,data/quantum/erbB_xyz/EGFR__CHEMBL147880__state01.xyz
EGFR__CHEMBL147880__state02,EGFR__CHEMBL147880,CHEMBL147880,EGFR,CHEMBL1129590,2,N#C/C(=C\c1ccc(O)c(O)c1)C(=O)NC1CCC(CC2CCC(N=C(O)/C(C#N)=C/c3ccc(O)c(O)c3)CC2)CC1,0,data/quantum/erbB_xyz/EGFR__CHEMBL147880__state02.xyz
EGFR__CHEMBL147880__state03,EGFR__CHEMBL147880,CHEMBL147880,EGFR,CHEMBL1129590,3,N#C/C(=C\c1ccc(O)c(O)c1)C(=O)NC1CCC(CC2CCC(NC(=O)C(C#N)C=C3C=CC(=O)C(O)=C3)CC2)CC1,0,data/quantum/erbB_xyz/EGFR__CHEMBL147880__state03.xyz
EGFR__CHEMBL148514__state00,EGFR__CHEMBL148514,CHEMBL148514,EGFR,CHEMBL1132535,0,COc1cccc(-c2ccc3c(c2)NC(=O)/C3=C\c2[nH]cc(CCC(=O)O)c2C)c1,0,data/quantum/erbB_xyz/EGFR__CHEMBL148514__state00.xyz
EGFR__CHEMBL148514__state01,EGFR__CHEMBL148514,CHEMBL148514,EGFR,CHEMBL1132535,1,C=c1c(CC=C(O)O)c[nH]c1=CC1C(=O)Nc2cc(-c3cccc(OC)c3)ccc21,0,data/quantum/erbB_xyz/EGFR__CHEMBL148514__state01.xyz
EGFR__CHEMBL148514__state02,EGFR__CHEMBL148514,CHEMBL148514,EGFR,CHEMBL1132535,2,C=c1c(CC=C(O)O)c[nH]c1=Cc1c(O)[nH]c2cc(-c3cccc(OC)c3)ccc12,0,data/quantum/erbB_xyz/EGFR__CHEMBL148514__state02.xyz
EGFR__CHEMBL148514__state03,EGFR__CHEMBL148514,CHEMBL148514,EGFR,CHEMBL1132535,3,C=c1c(CCC(=O)O)c[nH]c1=CC1C(=O)Nc2cc(-c3cccc(OC)c3)ccc21,0,data/quantum/erbB_xyz/EGFR__CHEMBL148514__state03.xyz
EGFR__CHEMBL148984__state00,EGFR__CHEMBL148984,CHEMBL148984,EGFR,CHEMBL1132535,0,COc1ccc(-c2ccc3c(c2)NC(=O)/C3=C\c2[nH]cc(CCC(=O)O)c2C)cc1,0,data/quantum/erbB_xyz/EGFR__CHEMBL148984__state00.xyz
EGFR__CHEMBL148984__state01,EGFR__CHEMBL148984,CHEMBL148984,EGFR,CHEMBL1132535,1,C=c1c(CC=C(O)O)c[nH]c1=CC1C(=O)Nc2cc(-c3ccc(OC)cc3)ccc21,0,data/quantum/erbB_xyz/EGFR__CHEMBL148984__state01.xyz
EGFR__CHEMBL148984__state02,EGFR__CHEMBL148984,CHEMBL148984,EGFR,CHEMBL1132535,2,C=c1c(CC=C(O)O)c[nH]c1=Cc1c(O)[nH]c2cc(-c3ccc(OC)cc3)ccc12,0,data/quantum/erbB_xyz/EGFR__CHEMBL148984__state02.xyz
EGFR__CHEMBL148984__state03,EGFR__CHEMBL148984,CHEMBL148984,EGFR,CHEMBL1132535,3,C=c1c(CCC(=O)O)c[nH]c1=CC1C(=O)Nc2cc(-c3ccc(OC)cc3)ccc21,0,data/quantum/erbB_xyz/EGFR__CHEMBL148984__state03.xyz
EGFR__CHEMBL149201__state00,EGFR__CHEMBL149201,CHEMBL149201,EGFR,CHEMBL1132535,0,Cc1[nH]c(/C=C2\C(=O)Nc3cc(-c4ccccc4)ccc32)c(C)c1CCC(=O)O,0,data/quantum/erbB_xyz/EGFR__CHEMBL149201__state00.xyz
EGFR__CHEMBL149201__state01,EGFR__CHEMBL149201,CHEMBL149201,EGFR,CHEMBL1132535,1,C=c1c(CC=C(O)O)c(C)[nH]c1=Cc1c(O)[nH]c2cc(-c3ccccc3)ccc12,0,data/quantum/erbB_xyz/EGFR__CHEMBL149201__state01.xyz
EGFR__CHEMBL149201__state02,EGFR__CHEMBL149201,CHEMBL149201,EGFR,CHEMBL1132535,2,C=c1c(CCC(=O)O)c(C)[nH]c1=CC1C(=O)Nc2cc(-c3ccccc3)ccc21,0,data/quantum/erbB_xyz/EGFR__CHEMBL149201__state02.xyz
EGFR__CHEMBL149201__state03,EGFR__CHEMBL149201,CHEMBL149201,EGFR,CHEMBL1132535,3,C=c1c(CCC(=O)O)c(C)[nH]c1=Cc1c(O)[nH]c2cc(-c3ccccc3)ccc12,0,data/quantum/erbB_xyz/EGFR__CHEMBL149201__state03.xyz
EGFR__CHEMBL150177__state00,EGFR__CHEMBL150177,CHEMBL150177,EGFR,CHEMBL1132535,0,Cc1[nH]c(/C=C2\C(=O)Nc3ccc(S(N)(=O)=O)cc32)c(C)c1CCC(=O)O,0,data/quantum/erbB_xyz/EGFR__CHEMBL150177__state00.xyz
EGFR__CHEMBL150177__state01,EGFR__CHEMBL150177,CHEMBL150177,EGFR,CHEMBL1132535,1,C=c1c(CC=C(O)O)c(C)[nH]c1=Cc1c(O)[nH]c2ccc(S(N)(=O)=O)cc12,0,data/quantum/erbB_xyz/EGFR__CHEMBL150177__state01.xyz
EGFR__CHEMBL150177__state02,EGFR__CHEMBL150177,CHEMBL150177,EGFR,CHEMBL1132535,2,C=c1c(CCC(=O)O)c(C)[nH]c1=CC1C(=O)Nc2ccc(S(N)(=O)=O)cc21,0,data/quantum/erbB_xyz/EGFR__CHEMBL150177__state02.xyz
EGFR__CHEMBL150177__state03,EGFR__CHEMBL150177,CHEMBL150177,EGFR,CHEMBL1132535,3,C=c1c(CCC(=O)O)c(C)[nH]c1=Cc1c(O)[nH]c2ccc(S(N)(=O)=O)cc12,0,data/quantum/erbB_xyz/EGFR__CHEMBL150177__state03.xyz
EGFR__CHEMBL157128__state00,EGFR__CHEMBL157128,CHEMBL157128,EGFR,CHEMBL1145020,0,COCC1CCCN1CC#CC(=O)Nc1ccc2ncc(C#N)c(Nc3cccc(Br)c3)c2c1,0,data/quantum/erbB_xyz/EGFR__CHEMBL157128__state00.xyz
EGFR__CHEMBL157128__state01,EGFR__CHEMBL157128,CHEMBL157128,EGFR,CHEMBL1145020,1,COCC1CCCN1CC#CC(=O)Nc1ccc2[nH]cc(C#N)c(=Nc3cccc(Br)c3)c2c1,0,data/quantum/erbB_xyz/EGFR__CHEMBL157128__state01.xyz
EGFR__CHEMBL157128__state02,EGFR__CHEMBL157128,CHEMBL157128,EGFR,CHEMBL1145020,2,COCC1CCCN1CC#CC(O)=Nc1ccc2[nH]cc(C#N)c(=Nc3cccc(Br)c3)c2c1,0,data/quantum/erbB_xyz/EGFR__CHEMBL157128__state02.xyz
EGFR__CHEMBL157128__state03,EGFR__CHEMBL157128,CHEMBL157128,EGFR,CHEMBL1145020,3,COCC1CCCN1CC#CC(O)=Nc1ccc2ncc(C#N)c(Nc3cccc(Br)c3)c2c1,0,data/quantum/erbB_xyz/EGFR__CHEMBL157128__state03.xyz
EGFR__CHEMBL2112369__state00,EGFR__CHEMBL2112369,CHEMBL2112369,EGFR,CHEMBL1134561,0,COC[C@@H]1CCCN1C/C=C\C(=O)Nc1ccc2ncnc(Nc3cccc(Br)c3)c2c1,0,data/quantum/erbB_xyz/EGFR__CHEMBL2112369__state00.xyz
EGFR__CHEMBL2112369__state01,EGFR__CHEMBL2112369,CHEMBL2112369,EGFR,CHEMBL1134561,1,COC[C@@H]1CCCN1C/C=C\C(=O)Nc1ccc2[nH]cnc(=Nc3cccc(Br)c3)c2c1,0,data/quantum/erbB_xyz/EGFR__CHEMBL2112369__state01.xyz
EGFR__CHEMBL2112369__state02,EGFR__CHEMBL2112369,CHEMBL2112369,EGFR,CHEMBL1134561,2,COC[C@@H]1CCCN1C/C=C\C(=O)Nc1ccc2nc[nH]c(=Nc3cccc(Br)c3)c2c1,0,data/quantum/erbB_xyz/EGFR__CHEMBL2112369__state02.xyz
EGFR__CHEMBL2112369__state03,EGFR__CHEMBL2112369,CHEMBL2112369,EGFR,CHEMBL1134561,3,COC[C@@H]1CCCN1C/C=C\C(O)=Nc1ccc2[nH]cnc(=Nc3cccc(Br)c3)c2c1,0,data/quantum/erbB_xyz/EGFR__CHEMBL2112369__state03.xyz
EGFR__CHEMBL2112370__state00,EGFR__CHEMBL2112370,CHEMBL2112370,EGFR,CHEMBL1134561,0,COC[C@@H]1CCCN1C/C=C/C(=O)Nc1ccc2ncnc(Nc3cccc(Br)c3)c2c1,0,data/quantum/erbB_xyz/EGFR__CHEMBL2112370__state00.xyz
EGFR__CHEMBL2112370__state01,EGFR__CHEMBL2112370,CHEMBL2112370,EGFR,CHEMBL1134561,1,COC[C@@H]1CCCN1C/C=C/C(=O)Nc1ccc2[nH]cnc(=Nc3cccc(Br)c3)c2c1,0,data/quantum/erbB_xyz/EGFR__CHEMBL2112370__state01.xyz
EGFR__CHEMBL2112370__state02,EGFR__CHEMBL2112370,CHEMBL2112370,EGFR,CHEMBL1134561,2,COC[C@@H]1CCCN1C/C=C/C(=O)Nc1ccc2nc[nH]c(=Nc3cccc(Br)c3)c2c1,0,data/quantum/erbB_xyz/EGFR__CHEMBL2112370__state02.xyz
EGFR__CHEMBL2112370__state03,EGFR__CHEMBL2112370,CHEMBL2112370,EGFR,CHEMBL1134561,3,COC[C@@H]1CCCN1C/C=C/C(O)=Nc1ccc2[nH]cnc(=Nc3cccc(Br)c3)c2c1,0,data/quantum/erbB_xyz/EGFR__CHEMBL2112370__state03.xyz
EGFR__CHEMBL263788__state00,EGFR__CHEMBL263788,CHEMBL263788,EGFR,CHEMBL1145020,0,COc1cc2ncc(C#N)c(Nc3cccc(Br)c3)c2cc1NC(=O)/C=C/CN(C)C,0,data/quantum/erbB_xyz/EGFR__CHEMBL263788__state00.xyz
EGFR__CHEMBL263788__state01,EGFR__CHEMBL263788,CHEMBL263788,EGFR,CHEMBL1145020,1,COc1cc2[nH]cc(C#N)c(=Nc3cccc(Br)c3)c2cc1N=C(O)/C=C/CN(C)C,0,data/quantum/erbB_xyz/EGFR__CHEMBL263788__state01.xyz
EGFR__CHEMBL263788__state02,EGFR__CHEMBL263788,CHEMBL263788,EGFR,CHEMBL1145020,2,COc1cc2[nH]cc(C#N)c(=Nc3cccc(Br)c3)c2cc1NC(=O)/C=C/CN(C)C,0,data/quantum/erbB_xyz/EGFR__CHEMBL263788__state02.xyz
EGFR__CHEMBL263788__state03,EGFR__CHEMBL263788,CHEMBL263788,EGFR,CHEMBL1145020,3,COc1cc2ncc(C#N)c(Nc3cccc(Br)c3)c2cc1N=C(O)/C=C/CN(C)C,0,data/quantum/erbB_xyz/EGFR__CHEMBL263788__state03.xyz
EGFR__CHEMBL264382__state00,EGFR__CHEMBL264382,CHEMBL264382,EGFR,CHEMBL1134862,0,Cc1cc(C(=O)NCCN2CCOCC2)[nH]c1/C=C1\C(=O)Nc2ncnc(Nc3ccc4c(ccn4Cc4ccccc4)c3)c21,0,data/quantum/erbB_xyz/EGFR__CHEMBL264382__state00.xyz
EGFR__CHEMBL264382__state01,EGFR__CHEMBL264382,CHEMBL264382,EGFR,CHEMBL1134862,1,C=c1cc(C(=O)NCCN2CCOCC2)[nH]c1=Cc1c(O)[nH]c2ncnc(Nc3ccc4c(ccn4Cc4ccccc4)c3)c12,0,data/quantum/erbB_xyz/EGFR__CHEMBL264382__state01.xyz
EGFR__CHEMBL264382__state02,EGFR__CHEMBL264382,CHEMBL264382,EGFR,CHEMBL1134862,2,CC1=CC(=C(O)NCCN2CCOCC2)N=C1C=C1C(=O)Nc2ncnc(Nc3ccc4c(ccn4Cc4ccccc4)c3)c21,0,data/quantum/erbB_xyz/EGFR__CHEMBL264382__state02.xyz
EGFR__CHEMBL264382__state03,EGFR__CHEMBL264382,CHEMBL264382,EGFR,CHEMBL1134862,3,CC1=CC(C(=O)NCCN2CCOCC2)=NC1=CC1C(=O)Nc2ncnc(Nc3ccc4c(ccn4Cc4ccccc4)c3)c21,0,data/quantum/erbB_xyz/EGFR__CHEMBL264382__state03.xyz
EGFR__CHEMBL27685__state00,EGFR__CHEMBL27685,CHEMBL27685,EGFR,CHEMBL1133162,0,C=CC(=O)Nc1cc2c(Nc3ccc(F)c(Br)c3)ncnc2cc1OCCCN1CCOCC1,0,data/quantum/erbB_xyz/EGFR__CHEMBL27685__state00.xyz
EGFR__CHEMBL27685__state01,EGFR__CHEMBL27685,CHEMBL27685,EGFR,CHEMBL1133162,1,C=CC(=O)Nc1cc2c(=Nc3ccc(F)c(Br)c3)[nH]cnc2cc1OCCCN1CCOCC1,0,data/quantum/erbB_xyz/EGFR__CHEMBL27685__state01.xyz
EGFR__CHEMBL27685__state02,EGFR__CHEMBL27685,CHEMBL27685,EGFR,CHEMBL1133162,2,C=CC(=O)Nc1cc2c(=Nc3ccc(F)c(Br)c3)nc[nH]c2cc1OCCCN1CCOCC1,0,data/quantum/erbB_xyz/EGFR__CHEMBL27685__state02.xyz
EGFR__CHEMBL27685__state03,EGFR__CHEMBL27685,CHEMBL27685,EGFR,CHEMBL1133162,3,C=CC(O)=Nc1cc2c(=Nc3ccc(F)c(Br)c3)[nH]cnc2cc1OCCCN1CCOCC1,0,data/quantum/erbB_xyz/EGFR__CHEMBL27685__state03.xyz
EGFR__CHEMBL27688__state00,EGFR__CHEMBL27688,CHEMBL27688,EGFR,CHEMBL1133162,0,C=CC(=O)Nc1cc2c(Nc3cccc(C)c3)ncnc2cc1OCCCN1CCOCC1,0,data/quantum/erbB_xyz/EGFR__CHEMBL27688__state00.xyz
EGFR__CHEMBL27688__state01,EGFR__CHEMBL27688,CHEMBL27688,EGFR,CHEMBL1133162,1,C=CC(=O)Nc1cc2c(=Nc3cccc(C)c3)[nH]cnc2cc1OCCCN1CCOCC1,0,data/quantum/erbB_xyz/EGFR__CHEMBL27688__state01.xyz
EGFR__CHEMBL27688__state02,EGFR__CHEMBL27688,CHEMBL27688,EGFR,CHEMBL1133162,2,C=CC(=O)Nc1cc2c(=Nc3cccc(C)c3)nc[nH]c2cc1OCCCN1CCOCC1,0,data/quantum/erbB_xyz/EGFR__CHEMBL27688__state02.xyz
EGFR__CHEMBL27688__state03,EGFR__CHEMBL27688,CHEMBL27688,EGFR,CHEMBL1133162,3,C=CC(O)=Nc1cc2c(=Nc3cccc(C)c3)[nH]cnc2cc1OCCCN1CCOCC1,0,data/quantum/erbB_xyz/EGFR__CHEMBL27688__state03.xyz
EGFR__CHEMBL279138__state00,EGFR__CHEMBL279138,CHEMBL279138,EGFR,CHEMBL1129590,0,N#C/C(=C\c1ccc(O)c(O)c1)C(=O)NCCCCCCCCNC(=O)/C(C#N)=C/c1ccc(O)c(O)c1,0,data/quantum/erbB_xyz/EGFR__CHEMBL279138__state00.xyz
EGFR__CHEMBL279138__state01,EGFR__CHEMBL279138,CHEMBL279138,EGFR,CHEMBL1129590,1,N#C/C(=C\C1=CC(O)C(=O)C=C1)C(=O)NCCCCCCCCNC(=O)/C(C#N)=C/c1ccc(O)c(O)c1,0,data/quantum/erbB_xyz/EGFR__CHEMBL279138__state01.xyz
EGFR__CHEMBL279138__state02,EGFR__CHEMBL279138,CHEMBL279138,EGFR,CHEMBL1129590,2,N#C/C(=C\c1ccc(O)c(O)c1)C(=O)NCCCCCCCCN=C(O)/C(C#N)=C/c1ccc(O)c(O)c1,0,data/quantum/erbB_xyz/EGFR__CHEMBL279138__state02.xyz
EGFR__CHEMBL279138__state03,EGFR__CHEMBL279138,CHEMBL279138,EGFR,CHEMBL1129590,3,N#C/C(=C\c1ccc(O)c(O)c1)C(=O)NCCCCCCCCNC(=O)C(C#N)C=C1C=CC(=O)C(O)=C1,0,data/quantum/erbB_xyz/EGFR__CHEMBL279138__state03.xyz
EGFR__CHEMBL280757__state00,EGFR__CHEMBL280757,CHEMBL280757,EGFR,CHEMBL1133162,0,C=CC(=O)Nc1ccc2ncnc(Nc3ccc(F)c(Br)c3)c2c1,0,data/quantum/erbB_xyz/EGFR__CHEMBL280757__state00.xyz
EGFR__CHEMBL280757__state01,EGFR__CHEMBL280757,CHEMBL280757,EGFR,CHEMBL1133162,1,C=CC(=O)Nc1ccc2[nH]cnc(=Nc3ccc(F)c(Br)c3)c2c1,0,data/quantum/erbB_xyz/EGFR__CHEMBL280757__state01.xyz
EGFR__CHEMBL280757__state02,EGFR__CHEMBL280757,CHEMBL280757,EGFR,CHEMBL1133162,2,C=CC(=O)Nc1ccc2nc[nH]c(=Nc3ccc(F)c(Br)c3)c2c1,0,data/quantum/erbB_xyz/EGFR__CHEMBL280757__state02.xyz
EGFR__CHEMBL280757__state03,EGFR__CHEMBL280757,CHEMBL280757,EGFR,CHEMBL1133162,3,C=CC(O)=Nc1ccc2[nH]cnc(=Nc3ccc(F)c(Br)c3)c2c1,0,data/quantum/erbB_xyz/EGFR__CHEMBL280757__state03.xyz
EGFR__CHEMBL281300__state00,EGFR__CHEMBL281300,CHEMBL281300,EGFR,CHEMBL1147619,0,C=CC(=O)Nc1ccc2ncc(C#N)c(Nc3cccc(Br)c3)c2c1,0,data/quantum/erbB_xyz/EGFR__CHEMBL281300__state00.xyz
EGFR__CHEMBL281300__state01,EGFR__CHEMBL281300,CHEMBL281300,EGFR,CHEMBL1147619,1,C=CC(=O)Nc1ccc2[nH]cc(C#N)c(=Nc3cccc(Br)c3)c2c1,0,data/quantum/erbB_xyz/EGFR__CHEMBL281300__state01.xyz
EGFR__CHEMBL281300__state02,EGFR__CHEMBL281300,CHEMBL281300,EGFR,CHEMBL1147619,2,C=CC(O)=Nc1ccc2[nH]cc(C#N)c(=Nc3cccc(Br)c3)c2c1,0,data/quantum/erbB_xyz/EGFR__CHEMBL281300__state02.xyz
EGFR__CHEMBL281300__state03,EGFR__CHEMBL281300,CHEMBL281300,EGFR,CHEMBL1147619,3,C=CC(O)=Nc1ccc2ncc(C#N)c(Nc3cccc(Br)c3)c2c1,0,data/quantum/erbB_xyz/EGFR__CHEMBL281300__state03.xyz
EGFR__CHEMBL281467__state00,EGFR__CHEMBL281467,CHEMBL281467,EGFR,CHEMBL1147619,0,C=CC(=O)Nc1cnc2ncc(C#N)c(Nc3cccc(Br)c3)c2c1,0,data/quantum/erbB_xyz/EGFR__CHEMBL281467__state00.xyz
EGFR__CHEMBL281467__state01,EGFR__CHEMBL281467,CHEMBL281467,EGFR,CHEMBL1147619,1,C=CC(=O)Nc1c[nH]c2ncc(C#N)c(=Nc3cccc(Br)c3)c-2c1,0,data/quantum/erbB_xyz/EGFR__CHEMBL281467__state01.xyz
EGFR__CHEMBL281467__state02,EGFR__CHEMBL281467,CHEMBL281467,EGFR,CHEMBL1147619,2,C=CC(=O)Nc1cnc2[nH]cc(C#N)c(=Nc3cccc(Br)c3)c2c1,0,data/quantum/erbB_xyz/EGFR__CHEMBL281467__state02.xyz
EGFR__CHEMBL281467__state03,EGFR__CHEMBL281467,CHEMBL281467,EGFR,CHEMBL1147619,3,C=CC(O)=Nc1c[nH]c2ncc(C#N)c(=Nc3cccc(Br)c3)c-2c1,0,data/quantum/erbB_xyz/EGFR__CHEMBL281467__state03.xyz
EGFR__CHEMBL281543__state00,EGFR__CHEMBL281543,CHEMBL281543,EGFR,CHEMBL1133162,0,C=CC(=O)Nc1nc2c(Nc3ccc(F)c(Cl)c3)ncnc2cc1CCCCN1CCOCC1,0,data/quantum/erbB_xyz/EGFR__CHEMBL281543__state00.xyz
EGFR__CHEMBL281543__state01,EGFR__CHEMBL281543,CHEMBL281543,EGFR,CHEMBL1133162,1,C=CC(=O)N=c1[nH]c2c(=Nc3ccc(F)c(Cl)c3)[nH]cnc2cc1CCCCN1CCOCC1,0,data/quantum/erbB_xyz/EGFR__CHEMBL281543__state01.xyz
EGFR__CHEMBL281543__state02,EGFR__CHEMBL281543,CHEMBL281543,EGFR,CHEMBL1133162,2,C=CC(=O)N=c1[nH]c2c(=Nc3ccc(F)c(Cl)c3)nc[nH]c2cc1CCCCN1CCOCC1,0,data/quantum/erbB_xyz/EGFR__CHEMBL281543__state02.xyz
EGFR__CHEMBL281543__state03,EGFR__CHEMBL281543,CHEMBL281543,EGFR,CHEMBL1133162,3,C=CC(=O)N=c1[nH]c2c(Nc3ccc(F)c(Cl)c3)ncnc2cc1CCCCN1CCOCC1,0,data/quantum/erbB_xyz/EGFR__CHEMBL281543__state03.xyz
EGFR__CHEMBL283201__state00,EGFR__CHEMBL283201,CHEMBL283201,EGFR,CHEMBL1133162,0,C=CC(=O)Nc1ccc2ncnc(Nc3ccc(CN(C)C)c(Br)c3)c2c1,0,data/quantum/erbB_xyz/EGFR__CHEMBL283201__state00.xyz
EGFR__CHEMBL283201__state01,EGFR__CHEMBL283201,CHEMBL283201,EGFR,CHEMBL1133162,1,C=CC(=O)Nc1ccc2[nH]cnc(=Nc3ccc(CN(C)C)c(Br)c3)c2c1,0,data/quantum/erbB_xyz/EGFR__CHEMBL283201__state01.xyz
EGFR__CHEMBL283201__state02,EGFR__CHEMBL283201,CHEMBL283201,EGFR,CHEMBL1133162,2,C=CC(=O)Nc1ccc2nc[nH]c(=Nc3ccc(CN(C)C)c(Br)c3)c2c1,0,data/quantum/erbB_xyz/EGFR__CHEMBL283201__state02.xyz
EGFR__CHEMBL283201__state03,EGFR__CHEMBL283201,CHEMBL283201,EGFR,CHEMBL1133162,3,C=CC(O)=Nc1ccc2[nH]cnc(=Nc3ccc(CN(C)C)c(Br)c3)c2c1,0,data/quantum/erbB_xyz/EGFR__CHEMBL283201__state03.xyz
EGFR__CHEMBL283682__state00,EGFR__CHEMBL283682,CHEMBL283682,EGFR,CHEMBL1145020,0,CC#CC(=O)Nc1ccc2ncc(C#N)c(Nc3cccc(Br)c3)c2c1,0,data/quantum/erbB_xyz/EGFR__CHEMBL283682__state00.xyz
EGFR__CHEMBL283682__state01,EGFR__CHEMBL283682,CHEMBL283682,EGFR,CHEMBL1145020,1,CC#CC(=O)Nc1ccc2[nH]cc(C#N)c(=Nc3cccc(Br)c3)c2c1,0,data/quantum/erbB_xyz/EGFR__CHEMBL283682__state01.xyz
EGFR__CHEMBL283682__state02,EGFR__CHEMBL283682,CHEMBL283682,EGFR,CHEMBL1145020,2,CC#CC(O)=Nc1ccc2[nH]cc(C#N)c(=Nc3cccc(Br)c3)c2c1,0,data/quantum/erbB_xyz/EGFR__CHEMBL283682__state02.xyz
EGFR__CHEMBL283682__state03,EGFR__CHEMBL283682,CHEMBL283682,EGFR,CHEMBL1145020,3,CC#CC(O)=Nc1ccc2ncc(C#N)c(Nc3cccc(Br)c3)c2c1,0,data/quantum/erbB_xyz/EGFR__CHEMBL283682__state03.xyz
EGFR__CHEMBL28418__state00,EGFR__CHEMBL28418,CHEMBL28418,EGFR,CHEMBL1133162,0,C=CC(=O)Nc1ccc2ncnc(Nc3ccc(F)c(Cl)c3)c2n1,0,data/quantum/erbB_xyz/EGFR__CHEMBL28418__state00.xyz
EGFR__CHEMBL28418__state01,EGFR__CHEMBL28418,CHEMBL28418,EGFR,CHEMBL1133162,1,C=CC(=O)N=c1ccc2[nH]cnc(=Nc3ccc(F)c(Cl)c3)c2[nH]1,0,data/quantum/erbB_xyz/EGFR__CHEMBL28418__state01.xyz
EGFR__CHEMBL28418__state02,EGFR__CHEMBL28418,CHEMBL28418,EGFR,CHEMBL1133162,2,C=CC(=O)N=c1ccc2nc[nH]c(=Nc3ccc(F)c(Cl)c3)c2[nH]1,0,data/quantum/erbB_xyz/EGFR__CHEMBL28418__state02.xyz
EGFR__CHEMBL28418__state03,EGFR__CHEMBL28418,CHEMBL28418,EGFR,CHEMBL1133162,3,C=CC(=O)N=c1ccc2ncnc(Nc3ccc(F)c(Cl)c3)c2[nH]1,0,data/quantum/erbB_xyz/EGFR__CHEMBL28418__state03.xyz
EGFR__CHEMBL284326__state00,EGFR__CHEMBL284326,CHEMBL284326,EGFR,CHEMBL1133162,0,C=CC(=O)Nc1nc2c(Nc3ccc(F)c(Cl)c3)ncnc2cc1OCCCN1CCN(C)CC1,0,data/quantum/erbB_xyz/EGFR__CHEMBL284326__state00.xyz
EGFR__CHEMBL284326__state01,EGFR__CHEMBL284326,CHEMBL284326,EGFR,CHEMBL1133162,1,C=CC(=O)N=c1[nH]c2c(=Nc3ccc(F)c(Cl)c3)[nH]cnc2cc1OCCCN1CCN(C)CC1,0,data/quantum/erbB_xyz/EGFR__CHEMBL284326__state01.xyz
EGFR__CHEMBL284326__state02,EGFR__CHEMBL284326,CHEMBL284326,EGFR,CHEMBL1133162,2,C=CC(=O)N=c1[nH]c2c(=Nc3ccc(F)c(Cl)c3)nc[nH]c2cc1OCCCN1CCN(C)CC1,0,data/quantum/erbB_xyz/EGFR__CHEMBL284326__state02.xyz
EGFR__CHEMBL284326__state03,EGFR__CHEMBL284326,CHEMBL284326,EGFR,CHEMBL1133162,3,C=CC(=O)N=c1[nH]c2c(Nc3ccc(F)c(Cl)c3)ncnc2cc1OCCCN1CCN(C)CC1,0,data/quantum/erbB_xyz/EGFR__CHEMBL284326__state03.xyz
EGFR__CHEMBL285063__state00,EGFR__CHEMBL285063,CHEMBL285063,EGFR,CHEMBL1145020,0,C=CC(=O)Nc1ccc2ncnc(Nc3cccc(Br)c3)c2c1,0,data/quantum/erbB_xyz/EGFR__CHEMBL285063__state00.xyz
EGFR__CHEMBL285063__state01,EGFR__CHEMBL285063,CHEMBL285063,EGFR,CHEMBL1145020,1,C=CC(=O)Nc1ccc2[nH]cnc(=Nc3cccc(Br)c3)c2c1,0,data/quantum/erbB_xyz/EGFR__CHEMBL285063__state01.xyz
EGFR__CHEMBL285063__state02,EGFR__CHEMBL285063,CHEMBL285063,EGFR,CHEMBL1145020,2,C=CC(=O)Nc1ccc2nc[nH]c(=Nc3cccc(Br)c3)c2c1,0,data/quantum/erbB_xyz/EGFR__CHEMBL285063__state02.xyz
EGFR__CHEMBL285063__state03,EGFR__CHEMBL285063,CHEMBL285063,EGFR,CHEMBL1145020,3,C=CC(O)=Nc1ccc2[nH]cnc(=Nc3cccc(Br)c3)c2c1,0,data/quantum/erbB_xyz/EGFR__CHEMBL285063__state03.xyz
EGFR__CHEMBL286343__state00,EGFR__CHEMBL286343,CHEMBL286343,EGFR,CHEMBL1133162,0,C=CC(=O)Nc1cc2c(Nc3cccc(Br)c3)ncnc2cc1OCCCn1ccnc1,0,data/quantum/erbB_xyz/EGFR__CHEMBL286343__state00.xyz
EGFR__CHEMBL286343__state01,EGFR__CHEMBL286343,CHEMBL286343,EGFR,CHEMBL1133162,1,C=CC(=O)Nc1cc2c(=Nc3cccc(Br)c3)[nH]cnc2cc1OCCCn1ccnc1,0,data/quantum/erbB_xyz/EGFR__CHEMBL286343__state01.xyz
EGFR__CHEMBL286343__state02,EGFR__CHEMBL286343,CHEMBL286343,EGFR,CHEMBL1133162,2,C=CC(=O)Nc1cc2c(=Nc3cccc(Br)c3)nc[nH]c2cc1OCCCn1ccnc1,0,data/quantum/erbB_xyz/EGFR__CHEMBL286343__state02.xyz
EGFR__CHEMBL286343__state03,EGFR__CHEMBL286343,CHEMBL286343,EGFR,CHEMBL1133162,3,C=CC(O)=Nc1cc2c(=Nc3cccc(Br)c3)[nH]cnc2cc1OCCCn1ccnc1,0,data/quantum/erbB_xyz/EGFR__CHEMBL286343__state03.xyz
EGFR__CHEMBL290389__state00,EGFR__CHEMBL290389,CHEMBL290389,EGFR,CHEMBL1133720,0,COc1cc(/C=C(\C#N)C(N)=O)cc(Sc2nc3ccccc3s2)c1O,0,data/quantum/erbB_xyz/EGFR__CHEMBL290389__state00.xyz
EGFR__CHEMBL290389__state01,EGFR__CHEMBL290389,CHEMBL290389,EGFR,CHEMBL1133720,1,COC1=CC(=CC(C#N)=C(N)O)C=C(Sc2nc3ccccc3s2)C1=O,0,data/quantum/erbB_xyz/EGFR__CHEMBL290389__state01.xyz
EGFR__CHEMBL290389__state02,EGFR__CHEMBL290389,CHEMBL290389,EGFR,CHEMBL1133720,2,COC1=CC(=CC(C#N)C(=N)O)C=C(Sc2nc3ccccc3s2)C1=O,0,data/quantum/erbB_xyz/EGFR__CHEMBL290389__state02.xyz
EGFR__CHEMBL290389__state03,EGFR__CHEMBL290389,CHEMBL290389,EGFR,CHEMBL1133720,3,COC1=CC(=CC(C#N)C(N)=O)C=C(Sc2nc3ccccc3s2)C1=O,0,data/quantum/erbB_xyz/EGFR__CHEMBL290389__state03.xyz
EGFR__CHEMBL291313__state00,EGFR__CHEMBL291313,CHEMBL291313,EGFR,CHEMBL1125266,0,N#CC(C#N)=C1C(=O)Nc2ccc([N+](=O)[O-])cc21,0,data/quantum/erbB_xyz/EGFR__CHEMBL291313__state00.xyz
EGFR__CHEMBL291313__state01,EGFR__CHEMBL291313,CHEMBL291313,EGFR,CHEMBL1125266,1,N#CC(C#N)=C1C(O)=Nc2ccc([N+](=O)[O-])cc21,0,data/quantum/erbB_xyz/EGFR__CHEMBL291313__state01.xyz
EGFR__CHEMBL291313__state02,EGFR__CHEMBL291313,CHEMBL291313,EGFR,CHEMBL1125266,2,N#CC(C#N)C1=c2cc([N+](=O)[O-])ccc2=NC1=O,0,data/quantum/erbB_xyz/EGFR__CHEMBL291313__state02.xyz
EGFR__CHEMBL291986__state00,EGFR__CHEMBL291986,CHEMBL291986,EGFR,CHEMBL1125266,0,N#C/C(=C\c1ccc(O)c(O)c1)C(=O)N1CCN(c2ccccc2)CC1,0,data/quantum/erbB_xyz/EGFR__CHEMBL291986__state00.xyz
EGFR__CHEMBL291986__state01,EGFR__CHEMBL291986,CHEMBL291986,EGFR,CHEMBL1125266,1,N#CC(=CC1=CC(=O)C(O)C=C1)C(=O)N1CCN(c2ccccc2)CC1,0,data/quantum/erbB_xyz/EGFR__CHEMBL291986__state01.xyz
EGFR__CHEMBL291986__state02,EGFR__CHEMBL291986,CHEMBL291986,EGFR,CHEMBL1125266,2,N#CC(=CC1=CC(O)C(=O)C=C1)C(=O)N1CCN(c2ccccc2)CC1,0,data/quantum/erbB_xyz/EGFR__CHEMBL291986__state02.xyz
EGFR__CHEMBL291986__state03,EGFR__CHEMBL291986,CHEMBL291986,EGFR,CHEMBL1125266,3,N#CC(=CC1=CCC(=O)C(=O)C1)C(=O)N1CCN(c2ccccc2)CC1,0,data/quantum/erbB_xyz/EGFR__CHEMBL291986__state03.xyz
EGFR__CHEMBL293749__state00,EGFR__CHEMBL293749,CHEMBL293749,EGFR,CHEMBL1136802,0,N#C/C(=C\c1ccc(O)c(O)c1)C(=O)NCCc1ccccc1,0,data/quantum/erbB_xyz/EGFR__CHEMBL293749__state00.xyz
EGFR__CHEMBL293749__state01,EGFR__CHEMBL293749,CHEMBL293749,EGFR,CHEMBL1136802,1,N#CC(=CC1=CC(=O)C(O)C=C1)C(=O)NCCc1ccccc1,0,data/quantum/erbB_xyz/EGFR__CHEMBL293749__state01.xyz
EGFR__CHEMBL293749__state02,EGFR__CHEMBL293749,CHEMBL293749,EGFR,CHEMBL1136802,2,N#CC(=CC1=CC(=O)C(O)C=C1)C(O)=NCCc1ccccc1,0,data/quantum/erbB_xyz/EGFR__CHEMBL293749__state02.xyz
EGFR__CHEMBL293749__state03,EGFR__CHEMBL293749,CHEMBL293749,EGFR,CHEMBL1136802,3,N#CC(=CC1=CC(O)C(=O)C=C1)C(=O)NCCc1ccccc1,0,data/quantum/erbB_xyz/EGFR__CHEMBL293749__state03.xyz
EGFR__CHEMBL296168__state00,EGFR__CHEMBL296168,CHEMBL296168,EGFR,CHEMBL1132213,0,C=CC(=O)Nc1ccc2ncnc(Nc3cccc(Br)c3)c2n1,0,data/quantum/erbB_xyz/EGFR__CHEMBL296168__state00.xyz
EGFR__CHEMBL296168__state01,EGFR__CHEMBL296168,CHEMBL296168,EGFR,CHEMBL1132213,1,C=CC(=O)N=c1ccc2[nH]cnc(=Nc3cccc(Br)c3)c2[nH]1,0,data/quantum/erbB_xyz/EGFR__CHEMBL296168__state01.xyz
EGFR__CHEMBL296168__state02,EGFR__CHEMBL296168,CHEMBL296168,EGFR,CHEMBL1132213,2,C=CC(=O)N=c1ccc2nc[nH]c(=Nc3cccc(Br)c3)c2[nH]1,0,data/quantum/erbB_xyz/EGFR__CHEMBL296168__state02.xyz
EGFR__CHEMBL296168__state03,EGFR__CHEMBL296168,CHEMBL296168,EGFR,CHEMBL1132213,3,C=CC(=O)N=c1ccc2ncnc(Nc3cccc(Br)c3)c2[nH]1,0,data/quantum/erbB_xyz/EGFR__CHEMBL296168__state03.xyz
EGFR__CHEMBL296407__state00,EGFR__CHEMBL296407,CHEMBL296407,EGFR,CHEMBL1125266,0,N#C/C(=C\c1ccc(O)c(O)c1)C(N)=O,0,data/quantum/erbB_xyz/EGFR__CHEMBL296407__state00.xyz
EGFR__CHEMBL296407__state01,EGFR__CHEMBL296407,CHEMBL296407,EGFR,CHEMBL1125266,1,N#C/C(=C\C1=CC(O)C(=O)C=C1)C(N)=O,0,data/quantum/erbB_xyz/EGFR__CHEMBL296407__state01.xyz
EGFR__CHEMBL296407__state02,EGFR__CHEMBL296407,CHEMBL296407,EGFR,CHEMBL1125266,2,N#C/C(=C\c1ccc(O)c(O)c1)C(=N)O,0,data/quantum/erbB_xyz/EGFR__CHEMBL296407__state02.xyz
EGFR__CHEMBL296407__state03,EGFR__CHEMBL296407,CHEMBL296407,EGFR,CHEMBL1125266,3,N#CC(=CC1=CC(=O)C(O)C=C1)C(N)=O,0,data/quantum/erbB_xyz/EGFR__CHEMBL296407__state03.xyz
EGFR__CHEMBL297968__state00,EGFR__CHEMBL297968,CHEMBL297968,EGFR,CHEMBL1132213,0,C=CC(=O)Nc1ccc2c(Nc3cccc(C)c3)ncnc2c1,0,data/quantum/erbB_xyz/EGFR__CHEMBL297968__state00.xyz
EGFR__CHEMBL297968__state01,EGFR__CHEMBL297968,CHEMBL297968,EGFR,CHEMBL1132213,1,C=CC(=O)N=c1ccc2c(Nc3cccc(C)c3)[nH]cnc-2c1,0,data/quantum/erbB_xyz/EGFR__CHEMBL297968__state01.xyz
EGFR__CHEMBL297968__state02,EGFR__CHEMBL297968,CHEMBL297968,EGFR,CHEMBL1132213,2,C=CC(=O)N=c1ccc2c(Nc3cccc(C)c3)nc[nH]c-2c1,0,data/quantum/erbB_xyz/EGFR__CHEMBL297968__state02.xyz
EGFR__CHEMBL297968__state03,EGFR__CHEMBL297968,CHEMBL297968,EGFR,CHEMBL1132213,3,C=CC(=O)Nc1ccc2c(=Nc3cccc(C)c3)[nH]cnc2c1,0,data/quantum/erbB_xyz/EGFR__CHEMBL297968__state03.xyz
EGFR__CHEMBL302552__state00,EGFR__CHEMBL302552,CHEMBL302552,EGFR,CHEMBL1134862,0,O=C1Nc2ncnc(Nc3ccc(F)c(Cl)c3)c2/C1=C/c1ccc(C(=O)NCCN2CCOCC2)[nH]1,0,data/quantum/erbB_xyz/EGFR__CHEMBL302552__state00.xyz
EGFR__CHEMBL302552__state01,EGFR__CHEMBL302552,CHEMBL302552,EGFR,CHEMBL1134862,1,O=C(NCCN1CCOCC1)C1=NC(=CC2C(=O)Nc3ncnc(Nc4ccc(F)c(Cl)c4)c32)C=C1,0,data/quantum/erbB_xyz/EGFR__CHEMBL302552__state01.xyz
EGFR__CHEMBL302552__state02,EGFR__CHEMBL302552,CHEMBL302552,EGFR,CHEMBL1134862,2,O=C(NCCN1CCOCC1)C1=NC(=Cc2c(O)[nH]c3ncnc(Nc4ccc(F)c(Cl)c4)c23)C=C1,0,data/quantum/erbB_xyz/EGFR__CHEMBL302552__state02.xyz
EGFR__CHEMBL302552__state03,EGFR__CHEMBL302552,CHEMBL302552,EGFR,CHEMBL1134862,3,O=C(NCCN1CCOCC1)c1ccc(C=C2C(O)=Nc3ncnc(Nc4ccc(F)c(Cl)c4)c32)[nH]1,0,data/quantum/erbB_xyz/EGFR__CHEMBL302552__state03.xyz
EGFR__CHEMBL304271__state00,EGFR__CHEMBL304271,CHEMBL304271,EGFR,CHEMBL1134862,0,CCN(CC)CC(O)CNC(=O)c1cc(C)c(/C=C2\C(=O)Nc3ncnc(Nc4ccc(F)c(Cl)c4)c32)[nH]1,0,data/quantum/erbB_xyz/EGFR__CHEMBL304271__state00.xyz
EGFR__CHEMBL304271__state01,EGFR__CHEMBL304271,CHEMBL304271,EGFR,CHEMBL1134862,1,C=c1cc(C(=O)NCC(O)CN(CC)CC)[nH]c1=CC1C(=O)Nc2ncnc(Nc3ccc(F)c(Cl)c3)c21,0,data/quantum/erbB_xyz/EGFR__CHEMBL304271__state01.xyz
EGFR__CHEMBL304271__state02,EGFR__CHEMBL304271,CHEMBL304271,EGFR,CHEMBL1134862,2,C=c1cc(C(=O)NCC(O)CN(CC)CC)[nH]c1=Cc1c(O)[nH]c2ncnc(Nc3ccc(F)c(Cl)c3)c12,0,data/quantum/erbB_xyz/EGFR__CHEMBL304271__state02.xyz
EGFR__CHEMBL304271__state03,EGFR__CHEMBL304271,CHEMBL304271,EGFR,CHEMBL1134862,3,CCN(CC)CC(O)CN=C(O)c1cc(C)c(C=C2C(=O)Nc3ncnc(Nc4ccc(F)c(Cl)c4)c32)[nH]1,0,data/quantum/erbB_xyz/EGFR__CHEMBL304271__state03.xyz
EGFR__CHEMBL304971__state00,EGFR__CHEMBL304971,CHEMBL304971,EGFR,CHEMBL1134862,0,Cc1c(C(=O)N2CCN(C)CC2)c[nH]c1/C=C1\C(=O)Nc2ncnc(Nc3ccc(F)c(Cl)c3)c21,0,data/quantum/erbB_xyz/EGFR__CHEMBL304971__state00.xyz
EGFR__CHEMBL304971__state01,EGFR__CHEMBL304971,CHEMBL304971,EGFR,CHEMBL1134862,1,C=c1c(C(=O)N2CCN(C)CC2)c[nH]c1=Cc1c(O)[nH]c2ncnc(Nc3ccc(F)c(Cl)c3)c12,0,data/quantum/erbB_xyz/EGFR__CHEMBL304971__state01.xyz
EGFR__CHEMBL304971__state02,EGFR__CHEMBL304971,CHEMBL304971,EGFR,CHEMBL1134862,2,CC1=C(C(=O)N2CCN(C)CC2)C=NC1=CC1C(=O)Nc2ncnc(Nc3ccc(F)c(Cl)c3)c21,0,data/quantum/erbB_xyz/EGFR__CHEMBL304971__state02.xyz
EGFR__CHEMBL304971__state03,EGFR__CHEMBL304971,CHEMBL304971,EGFR,CHEMBL1134862,3,CC1=C(C(=O)N2CCN(C)CC2)C=NC1=Cc1c(O)[nH]c2ncnc(Nc3ccc(F)c(Cl)c3)c12,0,data/quantum/erbB_xyz/EGFR__CHEMBL304971__state03.xyz
EGFR__CHEMBL305194__state00,EGFR__CHEMBL305194,CHEMBL305194,EGFR,CHEMBL1134862,0,Cc1cc(C(=O)O)[nH]c1/C=C1\C(=O)Nc2ncnc(Nc3ccc(F)c(Cl)c3)c21,0,data/quantum/erbB_xyz/EGFR__CHEMBL305194__state00.xyz
EGFR__CHEMBL305194__state01,EGFR__CHEMBL305194,CHEMBL305194,EGFR,CHEMBL1134862,1,C=c1cc(C(=O)O)[nH]c1=Cc1c(O)[nH]c2ncnc(Nc3ccc(F)c(Cl)c3)c12,0,data/quantum/erbB_xyz/EGFR__CHEMBL305194__state01.xyz
EGFR__CHEMBL305194__state02,EGFR__CHEMBL305194,CHEMBL305194,EGFR,CHEMBL1134862,2,CC1=CC(=C(O)O)N=C1C=C1C(=O)Nc2ncnc(Nc3ccc(F)c(Cl)c3)c21,0,data/quantum/erbB_xyz/EGFR__CHEMBL305194__state02.xyz
EGFR__CHEMBL305194__state03,EGFR__CHEMBL305194,CHEMBL305194,EGFR,CHEMBL1134862,3,CC1=CC(C(=O)O)=NC1=CC1C(=O)Nc2ncnc(Nc3ccc(F)c(Cl)c3)c21,0,data/quantum/erbB_xyz/EGFR__CHEMBL305194__state03.xyz
EGFR__CHEMBL305246__state00,EGFR__CHEMBL305246,CHEMBL305246,EGFR,CHEMBL1134862,0,Cc1cc(C(=O)N2CCN(C)CC2)[nH]c1/C=C1\C(=O)Nc2ncnc(Nc3ccc(F)c(Cl)c3)c21,0,data/quantum/erbB_xyz/EGFR__CHEMBL305246__state00.xyz
EGFR__CHEMBL305246__state01,EGFR__CHEMBL305246,CHEMBL305246,EGFR,CHEMBL1134862,1,C=c1cc(C(=O)N2CCN(C)CC2)[nH]c1=Cc1c(O)[nH]c2ncnc(Nc3ccc(F)c(Cl)c3)c12,0,data/quantum/erbB_xyz/EGFR__CHEMBL305246__state01.xyz
EGFR__CHEMBL305246__state02,EGFR__CHEMBL305246,CHEMBL305246,EGFR,CHEMBL1134862,2,CC1=CC(=C(O)N2CCN(C)CC2)N=C1C=C1C(=O)Nc2ncnc(Nc3ccc(F)c(Cl)c3)c21,0,data/quantum/erbB_xyz/EGFR__CHEMBL305246__state02.xyz
EGFR__CHEMBL305246__state03,EGFR__CHEMBL305246,CHEMBL305246,EGFR,CHEMBL1134862,3,CC1=CC(C(=O)N2CCN(C)CC2)=NC1=CC1C(=O)Nc2ncnc(Nc3ccc(F)c(Cl)c3)c21,0,data/quantum/erbB_xyz/EGFR__CHEMBL305246__state03.xyz
EGFR__CHEMBL305782__state00,EGFR__CHEMBL305782,CHEMBL305782,EGFR,CHEMBL1134862,0,Cc1[nH]c(/C=C2\C(=O)Nc3ncnc(Nc4ccc(F)c(Cl)c4)c32)c(C)c1CCC(=O)O,0,data/quantum/erbB_xyz/EGFR__CHEMBL305782__state00.xyz
EGFR__CHEMBL305782__state01,EGFR__CHEMBL305782,CHEMBL305782,EGFR,CHEMBL1134862,1,C=c1c(CCC(=O)O)c(C)[nH]c1=Cc1c(O)[nH]c2ncnc(Nc3ccc(F)c(Cl)c3)c12,0,data/quantum/erbB_xyz/EGFR__CHEMBL305782__state01.xyz
EGFR__CHEMBL305782__state02,EGFR__CHEMBL305782,CHEMBL305782,EGFR,CHEMBL1134862,2,CC1=NC(=CC2C(=O)Nc3ncnc(Nc4ccc(F)c(Cl)c4)c32)C(C)=C1CCC(=O)O,0,data/quantum/erbB_xyz/EGFR__CHEMBL305782__state02.xyz
EGFR__CHEMBL305782__state03,EGFR__CHEMBL305782,CHEMBL305782,EGFR,CHEMBL1134862,3,CC1=NC(=Cc2c(O)[nH]c3ncnc(Nc4ccc(F)c(Cl)c4)c23)C(C)=C1CCC(=O)O,0,data/quantum/erbB_xyz/EGFR__CHEMBL305782__state03.xyz
EGFR__CHEMBL308048__state00,EGFR__CHEMBL308048,CHEMBL308048,EGFR,CHEMBL1124610,0,N#C/C(=C\c1ccc(O)cc1)C(N)=O,0,data/quantum/erbB_xyz/EGFR__CHEMBL308048__state00.xyz
EGFR__CHEMBL308048__state01,EGFR__CHEMBL308048,CHEMBL308048,EGFR,CHEMBL1124610,1,N#CC(=CC1=CCC(=O)C=C1)C(=N)O,0,data/quantum/erbB_xyz/EGFR__CHEMBL308048__state01.xyz
EGFR__CHEMBL308048__state02,EGFR__CHEMBL308048,CHEMBL308048,EGFR,CHEMBL1124610,2,N#CC(=CC1=CCC(=O)C=C1)C(N)=O,0,data/quantum/erbB_xyz/EGFR__CHEMBL308048__state02.xyz
EGFR__CHEMBL308048__state03,EGFR__CHEMBL308048,CHEMBL308048,EGFR,CHEMBL1124610,3,N#CC(=Cc1ccc(O)cc1)C(=N)O,0,data/quantum/erbB_xyz/EGFR__CHEMBL308048__state03.xyz
EGFR__CHEMBL308339__state00,EGFR__CHEMBL308339,CHEMBL308339,EGFR,CHEMBL1124610,0,N#CC(C#N)=C1C(=O)NC(=O)NC1=O,0,data/quantum/erbB_xyz/EGFR__CHEMBL308339__state00.xyz
EGFR__CHEMBL308339__state01,EGFR__CHEMBL308339,CHEMBL308339,EGFR,CHEMBL1124610,1,N#CC(C#N)=C1C(=O)N=C(O)N=C1O,0,data/quantum/erbB_xyz/EGFR__CHEMBL308339__state01.xyz
EGFR__CHEMBL308339__state02,EGFR__CHEMBL308339,CHEMBL308339,EGFR,CHEMBL1124610,2,N#CC(C#N)=C1C(=O)N=C(O)NC1=O,0,data/quantum/erbB_xyz/EGFR__CHEMBL308339__state02.xyz
EGFR__CHEMBL308339__state03,EGFR__CHEMBL308339,CHEMBL308339,EGFR,CHEMBL1124610,3,N#CC(C#N)=C1C(=O)NC(=O)N=C1O,0,data/quantum/erbB_xyz/EGFR__CHEMBL308339__state03.xyz
EGFR__CHEMBL308645__state00,EGFR__CHEMBL308645,CHEMBL308645,EGFR,CHEMBL1134862,0,Cc1cc(CCC(=O)O)[nH]c1/C=C1\C(=O)Nc2ncnc(Nc3ccc(F)c(Cl)c3)c21,0,data/quantum/erbB_xyz/EGFR__CHEMBL308645__state00.xyz
EGFR__CHEMBL308645__state01,EGFR__CHEMBL308645,CHEMBL308645,EGFR,CHEMBL1134862,1,C=c1cc(CCC(=O)O)[nH]c1=Cc1c(O)[nH]c2ncnc(Nc3ccc(F)c(Cl)c3)c12,0,data/quantum/erbB_xyz/EGFR__CHEMBL308645__state01.xyz
EGFR__CHEMBL308645__state02,EGFR__CHEMBL308645,CHEMBL308645,EGFR,CHEMBL1134862,2,CC1=CC(CCC(=O)O)=NC1=CC1C(=O)Nc2ncnc(Nc3ccc(F)c(Cl)c3)c21,0,data/quantum/erbB_xyz/EGFR__CHEMBL308645__state02.xyz
EGFR__CHEMBL308645__state03,EGFR__CHEMBL308645,CHEMBL308645,EGFR,CHEMBL1134862,3,CC1=CC(CCC(=O)O)=NC1=Cc1c(O)[nH]c2ncnc(Nc3ccc(F)c(Cl)c3)c12,0,data/quantum/erbB_xyz/EGFR__CHEMBL308645__state03.xyz
EGFR__CHEMBL308672__state00,EGFR__CHEMBL308672,CHEMBL308672,EGFR,CHEMBL1134862,0,CCN(CC)CCNC(=O)c1cc(C)c(/C=C2\C(=O)Nc3ncnc(Nc4ccc(Cl)cc4F)c32)[nH]1,0,data/quantum/erbB_xyz/EGFR__CHEMBL308672__state00.xyz
EGFR__CHEMBL308672__state01,EGFR__CHEMBL308672,CHEMBL308672,EGFR,CHEMBL1134862,1,C=c1cc(C(=O)NCCN(CC)CC)[nH]c1=CC1C(=O)Nc2ncnc(Nc3ccc(Cl)cc3F)c21,0,data/quantum/erbB_xyz/EGFR__CHEMBL308672__state01.xyz
EGFR__CHEMBL308672__state02,EGFR__CHEMBL308672,CHEMBL308672,EGFR,CHEMBL1134862,2,C=c1cc(C(=O)NCCN(CC)CC)[nH]c1=Cc1c(O)[nH]c2ncnc(Nc3ccc(Cl)cc3F)c12,0,data/quantum/erbB_xyz/EGFR__CHEMBL308672__state02.xyz
EGFR__CHEMBL308672__state03,EGFR__CHEMBL308672,CHEMBL308672,EGFR,CHEMBL1134862,3,CCN(CC)CCN=C(O)c1cc(C)c(C=C2C(=O)Nc3ncnc(Nc4ccc(Cl)cc4F)c32)[nH]1,0,data/quantum/erbB_xyz/EGFR__CHEMBL308672__state03.xyz
EGFR__CHEMBL30973__state00,EGFR__CHEMBL30973,CHEMBL30973,EGFR,CHEMBL1147619,0,CN(C)C/C=C/C(=O)Nc1ccc2ncc(C#N)c(Nc3cccc(Br)c3)c2c1,0,data/quantum/erbB_xyz/EGFR__CHEMBL30973__state00.xyz
EGFR__CHEMBL30973__state01,EGFR__CHEMBL30973,CHEMBL30973,EGFR,CHEMBL1147619,1,CN(C)C/C=C/C(=O)Nc1ccc2[nH]cc(C#N)c(=Nc3cccc(Br)c3)c2c1,0,data/quantum/erbB_xyz/EGFR__CHEMBL30973__state01.xyz
EGFR__CHEMBL30973__state02,EGFR__CHEMBL30973,CHEMBL30973,EGFR,CHEMBL1147619,2,CN(C)C/C=C/C(O)=Nc1ccc2[nH]cc(C#N)c(=Nc3cccc(Br)c3)c2c1,0,data/quantum/erbB_xyz/EGFR__CHEMBL30973__state02.xyz
EGFR__CHEMBL30973__state03,EGFR__CHEMBL30973,CHEMBL30973,EGFR,CHEMBL1147619,3,CN(C)C/C=C/C(O)=Nc1ccc2ncc(C#N)c(Nc3cccc(Br)c3)c2c1,0,data/quantum/erbB_xyz/EGFR__CHEMBL30973__state03.xyz
EGFR__CHEMBL31276__state00,EGFR__CHEMBL31276,CHEMBL31276,EGFR,CHEMBL1147619,0,CN(C)C/C=C/C(=O)Nc1cc2c(Nc3cccc(Br)c3)c(C#N)cnc2cn1,0,data/quantum/erbB_xyz/EGFR__CHEMBL31276__state00.xyz
EGFR__CHEMBL31276__state01,EGFR__CHEMBL31276,CHEMBL31276,EGFR,CHEMBL1147619,1,CN(C)C/C=C/C(=O)N=c1cc2c(=Nc3cccc(Br)c3)c(C#N)c[nH]c2c[nH]1,0,data/quantum/erbB_xyz/EGFR__CHEMBL31276__state01.xyz
EGFR__CHEMBL31276__state02,EGFR__CHEMBL31276,CHEMBL31276,EGFR,CHEMBL1147619,2,CN(C)C/C=C/C(=O)N=c1cc2c(Nc3cccc(Br)c3)c(C#N)cnc2c[nH]1,0,data/quantum/erbB_xyz/EGFR__CHEMBL31276__state02.xyz
EGFR__CHEMBL31276__state03,EGFR__CHEMBL31276,CHEMBL31276,EGFR,CHEMBL1147619,3,CN(C)C/C=C/C(=O)Nc1cc2c(=Nc3cccc(Br)c3)c(C#N)c[nH]c2cn1,0,data/quantum/erbB_xyz/EGFR__CHEMBL31276__state03.xyz
EGFR__CHEMBL31326__state00,EGFR__CHEMBL31326,CHEMBL31326,EGFR,CHEMBL1133162,0,C=CC(=O)Nc1cc2c(Nc3cccc(Br)c3)ncnc2cc1SCCCN(CC)CC,0,data/quantum/erbB_xyz/EGFR__CHEMBL31326__state00.xyz
EGFR__CHEMBL31326__state01,EGFR__CHEMBL31326,CHEMBL31326,EGFR,CHEMBL1133162,1,C=CC(=O)Nc1cc2c(=Nc3cccc(Br)c3)[nH]cnc2cc1SCCCN(CC)CC,0,data/quantum/erbB_xyz/EGFR__CHEMBL31326__state01.xyz
EGFR__CHEMBL31326__state02,EGFR__CHEMBL31326,CHEMBL31326,EGFR,CHEMBL1133162,2,C=CC(=O)Nc1cc2c(=Nc3cccc(Br)c3)nc[nH]c2cc1SCCCN(CC)CC,0,data/quantum/erbB_xyz/EGFR__CHEMBL31326__state02.xyz
EGFR__CHEMBL31326__state03,EGFR__CHEMBL31326,CHEMBL31326,EGFR,CHEMBL1133162,3,C=CC(O)=Nc1cc2c(=Nc3cccc(Br)c3)[nH]cnc2cc1SCCCN(CC)CC,0,data/quantum/erbB_xyz/EGFR__CHEMBL31326__state03.xyz
EGFR__CHEMBL31369__state00,EGFR__CHEMBL31369,CHEMBL31369,EGFR,CHEMBL1133162,0,C=CC(=O)Nc1ccc2ncnc(Nc3ccc(OCCN(C)C)c(Br)c3)c2c1,0,data/quantum/erbB_xyz/EGFR__CHEMBL31369__state00.xyz
EGFR__CHEMBL31369__state01,EGFR__CHEMBL31369,CHEMBL31369,EGFR,CHEMBL1133162,1,C=CC(=O)Nc1ccc2[nH]cnc(=Nc3ccc(OCCN(C)C)c(Br)c3)c2c1,0,data/quantum/erbB_xyz/EGFR__CHEMBL31369__state01.xyz
EGFR__CHEMBL31369__state02,EGFR__CHEMBL31369,CHEMBL31369,EGFR,CHEMBL1133162,2,C=CC(=O)Nc1ccc2nc[nH]c(=Nc3ccc(OCCN(C)C)c(Br)c3)c2c1,0,data/quantum/erbB_xyz/EGFR__CHEMBL31369__state02.xyz
EGFR__CHEMBL31369__state03,EGFR__CHEMBL31369,CHEMBL31369,EGFR,CHEMBL1133162,3,C=CC(O)=Nc1ccc2[nH]cnc(=Nc3ccc(OCCN(C)C)c(Br)c3)c2c1,0,data/quantum/erbB_xyz/EGFR__CHEMBL31369__state03.xyz
EGFR__CHEMBL31373__state00,EGFR__CHEMBL31373,CHEMBL31373,EGFR,CHEMBL1133162,0,C=CC(=O)Nc1ccc2ncnc(Nc3ccc(F)c(Cl)c3)c2c1,0,data/quantum/erbB_xyz/EGFR__CHEMBL31373__state00.xyz
EGFR__CHEMBL31373__state01,EGFR__CHEMBL31373,CHEMBL31373,EGFR,CHEMBL1133162,1,C=CC(=O)Nc1ccc2[nH]cnc(=Nc3ccc(F)c(Cl)c3)c2c1,0,data/quantum/erbB_xyz/EGFR__CHEMBL31373__state01.xyz
EGFR__CHEMBL31373__state02,EGFR__CHEMBL31373,CHEMBL31373,EGFR,CHEMBL1133162,2,C=CC(=O)Nc1ccc2nc[nH]c(=Nc3ccc(F)c(Cl)c3)c2c1,0,data/quantum/erbB_xyz/EGFR__CHEMBL31373__state02.xyz
EGFR__CHEMBL31373__state03,EGFR__CHEMBL31373,CHEMBL31373,EGFR,CHEMBL1133162,3,C=CC(O)=Nc1ccc2[nH]cnc(=Nc3ccc(F)c(Cl)c3)c2c1,0,data/quantum/erbB_xyz/EGFR__CHEMBL31373__state03.xyz
EGFR__CHEMBL314146__state00,EGFR__CHEMBL314146,CHEMBL314146,EGFR,CHEMBL1131018,0,CCc1ccc(/C=C2\C(=O)Nc3ccccc32)s1,0,data/quantum/erbB_xyz/EGFR__CHEMBL314146__state00.xyz
EGFR__CHEMBL314146__state01,EGFR__CHEMBL314146,CHEMBL314146,EGFR,CHEMBL1131018,1,CCc1ccc(/C=C2\C(O)=Nc3ccccc32)s1,0,data/quantum/erbB_xyz/EGFR__CHEMBL314146__state01.xyz
EGFR__CHEMBL31419__state00,EGFR__CHEMBL31419,CHEMBL31419,EGFR,CHEMBL1133162,0,C=CC(=O)Nc1cc2c(Nc3cccc(Br)c3)ncnc2cc1OCCCN1CCOCC1,0,data/quantum/erbB_xyz/EGFR__CHEMBL31419__state00.xyz
EGFR__CHEMBL31419__state01,EGFR__CHEMBL31419,CHEMBL31419,EGFR,CHEMBL1133162,1,C=CC(=O)Nc1cc2c(=Nc3cccc(Br)c3)[nH]cnc2cc1OCCCN1CCOCC1,0,data/quantum/erbB_xyz/EGFR__CHEMBL31419__state01.xyz
EGFR__CHEMBL31419__state02,EGFR__CHEMBL31419,CHEMBL31419,EGFR,CHEMBL1133162,2,C=CC(=O)Nc1cc2c(=Nc3cccc(Br)c3)nc[nH]c2cc1OCCCN1CCOCC1,0,data/quantum/erbB_xyz/EGFR__CHEMBL31419__state02.xyz
EGFR__CHEMBL31419__state03,EGFR__CHEMBL31419,CHEMBL31419,EGFR,CHEMBL1133162,3,C=CC(O)=Nc1cc2c(=Nc3cccc(Br)c3)[nH]cnc2cc1OCCCN1CCOCC1,0,data/quantum/erbB_xyz/EGFR__CHEMBL31419__state03.xyz
EGFR__CHEMBL31570__state00,EGFR__CHEMBL31570,CHEMBL31570,EGFR,CHEMBL1133162,0,C=CC(=O)Nc1nc2c(Nc3ccc(F)c(Cl)c3)ncnc2cc1OCCOC,0,data/quantum/erbB_xyz/EGFR__CHEMBL31570__state00.xyz
EGFR__CHEMBL31570__state01,EGFR__CHEMBL31570,CHEMBL31570,EGFR,CHEMBL1133162,1,C=CC(=O)N=c1[nH]c2c(=Nc3ccc(F)c(Cl)c3)[nH]cnc2cc1OCCOC,0,data/quantum/erbB_xyz/EGFR__CHEMBL31570__state01.xyz
EGFR__CHEMBL31570__state02,EGFR__CHEMBL31570,CHEMBL31570,EGFR,CHEMBL1133162,2,C=CC(=O)N=c1[nH]c2c(=Nc3ccc(F)c(Cl)c3)nc[nH]c2cc1OCCOC,0,data/quantum/erbB_xyz/EGFR__CHEMBL31570__state02.xyz
EGFR__CHEMBL31570__state03,EGFR__CHEMBL31570,CHEMBL31570,EGFR,CHEMBL1133162,3,C=CC(=O)N=c1[nH]c2c(Nc3ccc(F)c(Cl)c3)ncnc2cc1OCCOC,0,data/quantum/erbB_xyz/EGFR__CHEMBL31570__state03.xyz
EGFR__CHEMBL31588__state00,EGFR__CHEMBL31588,CHEMBL31588,EGFR,CHEMBL1133162,0,C=CC(=O)Nc1cc2c(Nc3cccc(Br)c3)ncnc2cc1OCCCCN(C)C,0,data/quantum/erbB_xyz/EGFR__CHEMBL31588__state00.xyz
EGFR__CHEMBL31588__state01,EGFR__CHEMBL31588,CHEMBL31588,EGFR,CHEMBL1133162,1,C=CC(=O)Nc1cc2c(=Nc3cccc(Br)c3)[nH]cnc2cc1OCCCCN(C)C,0,data/quantum/erbB_xyz/EGFR__CHEMBL31588__state01.xyz
EGFR__CHEMBL31588__state02,EGFR__CHEMBL31588,CHEMBL31588,EGFR,CHEMBL1133162,2,C=CC(=O)Nc1cc2c(=Nc3cccc(Br)c3)nc[nH]c2cc1OCCCCN(C)C,0,data/quantum/erbB_xyz/EGFR__CHEMBL31588__state02.xyz
EGFR__CHEMBL31588__state03,EGFR__CHEMBL31588,CHEMBL31588,EGFR,CHEMBL1133162,3,C=CC(O)=Nc1cc2c(=Nc3cccc(Br)c3)[nH]cnc2cc1OCCCCN(C)C,0,data/quantum/erbB_xyz/EGFR__CHEMBL31588__state03.xyz
EGFR__CHEMBL316127__state00,EGFR__CHEMBL316127,CHEMBL316127,EGFR,CHEMBL1134561,0,O=C(/C=C/CN1CCOCC1)Nc1ccc2ncnc(Nc3cccc(Br)c3)c2c1,0,data/quantum/erbB_xyz/EGFR__CHEMBL316127__state00.xyz
EGFR__CHEMBL316127__state01,EGFR__CHEMBL316127,CHEMBL316127,EGFR,CHEMBL1134561,1,O=C(/C=C/CN1CCOCC1)Nc1ccc2[nH]cnc(=Nc3cccc(Br)c3)c2c1,0,data/quantum/erbB_xyz/EGFR__CHEMBL316127__state01.xyz
EGFR__CHEMBL316127__state02,EGFR__CHEMBL316127,CHEMBL316127,EGFR,CHEMBL1134561,2,O=C(/C=C/CN1CCOCC1)Nc1ccc2nc[nH]c(=Nc3cccc(Br)c3)c2c1,0,data/quantum/erbB_xyz/EGFR__CHEMBL316127__state02.xyz
EGFR__CHEMBL316127__state03,EGFR__CHEMBL316127,CHEMBL316127,EGFR,CHEMBL1134561,3,OC(/C=C/CN1CCOCC1)=Nc1ccc2[nH]cnc(=Nc3cccc(Br)c3)c2c1,0,data/quantum/erbB_xyz/EGFR__CHEMBL316127__state03.xyz
EGFR__CHEMBL31622__state00,EGFR__CHEMBL31622,CHEMBL31622,EGFR,CHEMBL1133162,0,C=CC(=O)Nc1cc2c(Nc3cccc(C)c3)ncnc2cc1OCCCN1CCN(C)CC1,0,data/quantum/erbB_xyz/EGFR__CHEMBL31622__state00.xyz
EGFR__CHEMBL31622__state01,EGFR__CHEMBL31622,CHEMBL31622,EGFR,CHEMBL1133162,1,C=CC(=O)Nc1cc2c(=Nc3cccc(C)c3)[nH]cnc2cc1OCCCN1CCN(C)CC1,0,data/quantum/erbB_xyz/EGFR__CHEMBL31622__state01.xyz
EGFR__CHEMBL31622__state02,EGFR__CHEMBL31622,CHEMBL31622,EGFR,CHEMBL1133162,2,C=CC(=O)Nc1cc2c(=Nc3cccc(C)c3)nc[nH]c2cc1OCCCN1CCN(C)CC1,0,data/quantum/erbB_xyz/EGFR__CHEMBL31622__state02.xyz
EGFR__CHEMBL31622__state03,EGFR__CHEMBL31622,CHEMBL31622,EGFR,CHEMBL1133162,3,C=CC(O)=Nc1cc2c(=Nc3cccc(C)c3)[nH]cnc2cc1OCCCN1CCN(C)CC1,0,data/quantum/erbB_xyz/EGFR__CHEMBL31622__state03.xyz
EGFR__CHEMBL31630__state00,EGFR__CHEMBL31630,CHEMBL31630,EGFR,CHEMBL1133162,0,C=CC(=O)N(C)c1nc2c(Nc3ccc(F)c(Cl)c3)ncnc2cc1OCCCN1CCOCC1,0,data/quantum/erbB_xyz/EGFR__CHEMBL31630__state00.xyz
EGFR__CHEMBL31630__state01,EGFR__CHEMBL31630,CHEMBL31630,EGFR,CHEMBL1133162,1,C=CC(=O)N(C)c1nc2c(=Nc3ccc(F)c(Cl)c3)[nH]cnc2cc1OCCCN1CCOCC1,0,data/quantum/erbB_xyz/EGFR__CHEMBL31630__state01.xyz
EGFR__CHEMBL31630__state02,EGFR__CHEMBL31630,CHEMBL31630,EGFR,CHEMBL1133162,2,C=CC(=O)N(C)c1nc2c(=Nc3ccc(F)c(Cl)c3)nc[nH]c2cc1OCCCN1CCOCC1,0,data/quantum/erbB_xyz/EGFR__CHEMBL31630__state02.xyz
EGFR__CHEMBL31656__state00,EGFR__CHEMBL31656,CHEMBL31656,EGFR,CHEMBL1133162,0,C=CC(=O)Nc1nc2c(Nc3ccc(F)c(Cl)c3)ncnc2cc1OCCCN1CCOCC1,0,data/quantum/erbB_xyz/EGFR__CHEMBL31656__state00.xyz
EGFR__CHEMBL31656__state01,EGFR__CHEMBL31656,CHEMBL31656,EGFR,CHEMBL1133162,1,C=CC(=O)N=c1[nH]c2c(=Nc3ccc(F)c(Cl)c3)[nH]cnc2cc1OCCCN1CCOCC1,0,data/quantum/erbB_xyz/EGFR__CHEMBL31656__state01.xyz
EGFR__CHEMBL31656__state02,EGFR__CHEMBL31656,CHEMBL31656,EGFR,CHEMBL1133162,2,C=CC(=O)N=c1[nH]c2c(=Nc3ccc(F)c(Cl)c3)nc[nH]c2cc1OCCCN1CCOCC1,0,data/quantum/erbB_xyz/EGFR__CHEMBL31656__state02.xyz
EGFR__CHEMBL31656__state03,EGFR__CHEMBL31656,CHEMBL31656,EGFR,CHEMBL1133162,3,C=CC(=O)N=c1[nH]c2c(Nc3ccc(F)c(Cl)c3)ncnc2cc1OCCCN1CCOCC1,0,data/quantum/erbB_xyz/EGFR__CHEMBL31656__state03.xyz
EGFR__CHEMBL31815__state00,EGFR__CHEMBL31815,CHEMBL31815,EGFR,CHEMBL1133162,0,C=CC(=O)Nc1ccc2ncnc(Nc3cccc(C)c3)c2c1,0,data/quantum/erbB_xyz/EGFR__CHEMBL31815__state00.xyz
EGFR__CHEMBL31815__state01,EGFR__CHEMBL31815,CHEMBL31815,EGFR,CHEMBL1133162,1,C=CC(=O)Nc1ccc2[nH]cnc(=Nc3cccc(C)c3)c2c1,0,data/quantum/erbB_xyz/EGFR__CHEMBL31815__state01.xyz
EGFR__CHEMBL31815__state02,EGFR__CHEMBL31815,CHEMBL31815,EGFR,CHEMBL1133162,2,C=CC(=O)Nc1ccc2nc[nH]c(=Nc3cccc(C)c3)c2c1,0,data/quantum/erbB_xyz/EGFR__CHEMBL31815__state02.xyz
EGFR__CHEMBL31815__state03,EGFR__CHEMBL31815,CHEMBL31815,EGFR,CHEMBL1133162,3,C=CC(O)=Nc1ccc2[nH]cnc(=Nc3cccc(C)c3)c2c1,0,data/quantum/erbB_xyz/EGFR__CHEMBL31815__state03.xyz
EGFR__CHEMBL31816__state00,EGFR__CHEMBL31816,CHEMBL31816,EGFR,CHEMBL1133162,0,C=CC(=O)Nc1nc2c(Nc3ccc(F)c(Cl)c3)ncnc2cc1OC,0,data/quantum/erbB_xyz/EGFR__CHEMBL31816__state00.xyz
EGFR__CHEMBL31816__state01,EGFR__CHEMBL31816,CHEMBL31816,EGFR,CHEMBL1133162,1,C=CC(=O)N=c1[nH]c2c(=Nc3ccc(F)c(Cl)c3)[nH]cnc2cc1OC,0,data/quantum/erbB_xyz/EGFR__CHEMBL31816__state01.xyz
EGFR__CHEMBL31816__state02,EGFR__CHEMBL31816,CHEMBL31816,EGFR,CHEMBL1133162,2,C=CC(=O)N=c1[nH]c2c(=Nc3ccc(F)c(Cl)c3)nc[nH]c2cc1OC,0,data/quantum/erbB_xyz/EGFR__CHEMBL31816__state02.xyz
EGFR__CHEMBL31816__state03,EGFR__CHEMBL31816,CHEMBL31816,EGFR,CHEMBL1133162,3,C=CC(=O)N=c1[nH]c2c(Nc3ccc(F)c(Cl)c3)ncnc2cc1OC,0,data/quantum/erbB_xyz/EGFR__CHEMBL31816__state03.xyz
EGFR__CHEMBL31876__state00,EGFR__CHEMBL31876,CHEMBL31876,EGFR,CHEMBL1147619,0,CC#CC(=O)Nc1ccc2ncc(C#N)c(Nc3ccc(F)c(Cl)c3)c2c1,0,data/quantum/erbB_xyz/EGFR__CHEMBL31876__state00.xyz
EGFR__CHEMBL31876__state01,EGFR__CHEMBL31876,CHEMBL31876,EGFR,CHEMBL1147619,1,CC#CC(=O)Nc1ccc2[nH]cc(C#N)c(=Nc3ccc(F)c(Cl)c3)c2c1,0,data/quantum/erbB_xyz/EGFR__CHEMBL31876__state01.xyz
EGFR__CHEMBL31876__state02,EGFR__CHEMBL31876,CHEMBL31876,EGFR,CHEMBL1147619,2,CC#CC(O)=Nc1ccc2[nH]cc(C#N)c(=Nc3ccc(F)c(Cl)c3)c2c1,0,data/quantum/erbB_xyz/EGFR__CHEMBL31876__state02.xyz
EGFR__CHEMBL31876__state03,EGFR__CHEMBL31876,CHEMBL31876,EGFR,CHEMBL1147619,3,CC#CC(O)=Nc1ccc2ncc(C#N)c(Nc3ccc(F)c(Cl)c3)c2c1,0,data/quantum/erbB_xyz/EGFR__CHEMBL31876__state03.xyz
EGFR__CHEMBL31965__state00,EGFR__CHEMBL31965,CHEMBL31965,EGFR,CHEMBL1133162,0,C=CC(=O)Nc1cc2c(Nc3ccc(F)c(Cl)c3)ncnc2cc1OCCCN1CCOCC1,0,data/quantum/erbB_xyz/EGFR__CHEMBL31965__state00.xyz
EGFR__CHEMBL31965__state01,EGFR__CHEMBL31965,CHEMBL31965,EGFR,CHEMBL1133162,1,C=CC(=O)Nc1cc2c(=Nc3ccc(F)c(Cl)c3)[nH]cnc2cc1OCCCN1CCOCC1,0,data/quantum/erbB_xyz/EGFR__CHEMBL31965__state01.xyz
EGFR__CHEMBL31965__state02,EGFR__CHEMBL31965,CHEMBL31965,EGFR,CHEMBL1133162,2,C=CC(=O)Nc1cc2c(=Nc3ccc(F)c(Cl)c3)nc[nH]c2cc1OCCCN1CCOCC1,0,data/quantum/erbB_xyz/EGFR__CHEMBL31965__state02.xyz
EGFR__CHEMBL31965__state03,EGFR__CHEMBL31965,CHEMBL31965,EGFR,CHEMBL1133162,3,C=CC(O)=Nc1cc2c(=Nc3ccc(F)c(Cl)c3)[nH]cnc2cc1OCCCN1CCOCC1,0,data/quantum/erbB_xyz/EGFR__CHEMBL31965__state03.xyz
EGFR__CHEMBL32079__state00,EGFR__CHEMBL32079,CHEMBL32079,EGFR,CHEMBL1133162,0,C=CC(=O)Nc1cc2c(Nc3ccc(F)c(Cl)c3)ncnc2cc1OCCOCCCCO,0,data/quantum/erbB_xyz/EGFR__CHEMBL32079__state00.xyz
EGFR__CHEMBL32079__state01,EGFR__CHEMBL32079,CHEMBL32079,EGFR,CHEMBL1133162,1,C=CC(=O)Nc1cc2c(=Nc3ccc(F)c(Cl)c3)[nH]cnc2cc1OCCOCCCCO,0,data/quantum/erbB_xyz/EGFR__CHEMBL32079__state01.xyz
EGFR__CHEMBL32079__state02,EGFR__CHEMBL32079,CHEMBL32079,EGFR,CHEMBL1133162,2,C=CC(=O)Nc1cc2c(=Nc3ccc(F)c(Cl)c3)nc[nH]c2cc1OCCOCCCCO,0,data/quantum/erbB_xyz/EGFR__CHEMBL32079__state02.xyz
EGFR__CHEMBL32079__state03,EGFR__CHEMBL32079,CHEMBL32079,EGFR,CHEMBL1133162,3,C=CC(O)=Nc1cc2c(=Nc3ccc(F)c(Cl)c3)[nH]cnc2cc1OCCOCCCCO,0,data/quantum/erbB_xyz/EGFR__CHEMBL32079__state03.xyz
EGFR__CHEMBL323630__state00,EGFR__CHEMBL323630,CHEMBL323630,EGFR,CHEMBL1145020,0,CN(C)C/C=C/C(=O)Nc1ccc2ncc(C#N)c(Nc3ccc(F)c(Cl)c3)c2c1,0,data/quantum/erbB_xyz/EGFR__CHEMBL323630__state00.xyz
EGFR__CHEMBL323630__state01,EGFR__CHEMBL323630,CHEMBL323630,EGFR,CHEMBL1145020,1,CN(C)C/C=C/C(=O)Nc1ccc2[nH]cc(C#N)c(=Nc3ccc(F)c(Cl)c3)c2c1,0,data/quantum/erbB_xyz/EGFR__CHEMBL323630__state01.xyz
EGFR__CHEMBL323630__state02,EGFR__CHEMBL323630,CHEMBL323630,EGFR,CHEMBL1145020,2,CN(C)C/C=C/C(O)=Nc1ccc2[nH]cc(C#N)c(=Nc3ccc(F)c(Cl)c3)c2c1,0,data/quantum/erbB_xyz/EGFR__CHEMBL323630__state02.xyz
EGFR__CHEMBL323630__state03,EGFR__CHEMBL323630,CHEMBL323630,EGFR,CHEMBL1145020,3,CN(C)C/C=C/C(O)=Nc1ccc2ncc(C#N)c(Nc3ccc(F)c(Cl)c3)c2c1,0,data/quantum/erbB_xyz/EGFR__CHEMBL323630__state03.xyz
EGFR__CHEMBL324030__state00,EGFR__CHEMBL324030,CHEMBL324030,EGFR,CHEMBL1126897,0,COc1cc(/C=C(\C#N)C(N)=O)cc(CSC2=NCCS2)c1O,0,data/quantum/erbB_xyz/EGFR__CHEMBL324030__state00.xyz
EGFR__CHEMBL324030__state01,EGFR__CHEMBL324030,CHEMBL324030,EGFR,CHEMBL1126897,1,COC1=CC(=CC(C#N)=C(N)O)C=C(CSC2=NCCS2)C1=O,0,data/quantum/erbB_xyz/EGFR__CHEMBL324030__state01.xyz
EGFR__CHEMBL324030__state02,EGFR__CHEMBL324030,CHEMBL324030,EGFR,CHEMBL1126897,2,COC1=CC(=CC(C#N)C(=N)O)C=C(CSC2=NCCS2)C1=O,0,data/quantum/erbB_xyz/EGFR__CHEMBL324030__state02.xyz
EGFR__CHEMBL324030__state03,EGFR__CHEMBL324030,CHEMBL324030,EGFR,CHEMBL1126897,3,COC1=CC(=CC(C#N)C(N)=O)C=C(CSC2=NCCS2)C1=O,0,data/quantum/erbB_xyz/EGFR__CHEMBL324030__state03.xyz
EGFR__CHEMBL324718__state00,EGFR__CHEMBL324718,CHEMBL324718,EGFR,CHEMBL1145020,0,C=CC(=O)Nc1cc2c(Nc3cccc(Br)c3)c(C#N)cnc2cc1OC,0,data/quantum/erbB_xyz/EGFR__CHEMBL324718__state00.xyz
EGFR__CHEMBL324718__state01,EGFR__CHEMBL324718,CHEMBL324718,EGFR,CHEMBL1145020,1,C=CC(=O)Nc1cc2c(=Nc3cccc(Br)c3)c(C#N)c[nH]c2cc1OC,0,data/quantum/erbB_xyz/EGFR__CHEMBL324718__state01.xyz
EGFR__CHEMBL324718__state02,EGFR__CHEMBL324718,CHEMBL324718,EGFR,CHEMBL1145020,2,C=CC(O)=Nc1cc2c(=Nc3cccc(Br)c3)c(C#N)c[nH]c2cc1OC,0,data/quantum/erbB_xyz/EGFR__CHEMBL324718__state02.xyz
EGFR__CHEMBL324718__state03,EGFR__CHEMBL324718,CHEMBL324718,EGFR,CHEMBL1145020,3,C=CC(O)=Nc1cc2c(Nc3cccc(Br)c3)c(C#N)cnc2cc1OC,0,data/quantum/erbB_xyz/EGFR__CHEMBL324718__state03.xyz
EGFR__CHEMBL326044__state00,EGFR__CHEMBL326044,CHEMBL326044,EGFR,CHEMBL1126897,0,COc1cc(/C=C(\C#N)C(N)=O)cc(CSCCCC(=O)O)c1O,0,data/quantum/erbB_xyz/EGFR__CHEMBL326044__state00.xyz
EGFR__CHEMBL326044__state01,EGFR__CHEMBL326044,CHEMBL326044,EGFR,CHEMBL1126897,1,COC1=CC(=CC(C#N)=C(N)O)C=C(CSCCC=C(O)O)C1=O,0,data/quantum/erbB_xyz/EGFR__CHEMBL326044__state01.xyz
EGFR__CHEMBL326044__state02,EGFR__CHEMBL326044,CHEMBL326044,EGFR,CHEMBL1126897,2,COC1=CC(=CC(C#N)=C(N)O)C=C(CSCCCC(=O)O)C1=O,0,data/quantum/erbB_xyz/EGFR__CHEMBL326044__state02.xyz
EGFR__CHEMBL326044__state03,EGFR__CHEMBL326044,CHEMBL326044,EGFR,CHEMBL1126897,3,COC1=CC(=CC(C#N)C(=N)O)C=C(CSCCC=C(O)O)C1=O,0,data/quantum/erbB_xyz/EGFR__CHEMBL326044__state03.xyz
EGFR__CHEMBL326100__state00,EGFR__CHEMBL326100,CHEMBL326100,EGFR,CHEMBL1136802,0,COc1cc(/C=C(\C#N)C(N)=O)cc(CSCc2ccccc2Cl)c1O,0,data/quantum/erbB_xyz/EGFR__CHEMBL326100__state00.xyz
EGFR__CHEMBL326100__state01,EGFR__CHEMBL326100,CHEMBL326100,EGFR,CHEMBL1136802,1,COC1=CC(=CC(C#N)=C(N)O)C=C(CSCc2ccccc2Cl)C1=O,0,data/quantum/erbB_xyz/EGFR__CHEMBL326100__state01.xyz
EGFR__CHEMBL326100__state02,EGFR__CHEMBL326100,CHEMBL326100,EGFR,CHEMBL1136802,2,COC1=CC(=CC(C#N)C(=N)O)C=C(CSCc2ccccc2Cl)C1=O,0,data/quantum/erbB_xyz/EGFR__CHEMBL326100__state02.xyz
EGFR__CHEMBL326100__state03,EGFR__CHEMBL326100,CHEMBL326100,EGFR,CHEMBL1136802,3,COC1=CC(=CC(C#N)C(N)=O)C=C(CSCc2ccccc2Cl)C1=O,0,data/quantum/erbB_xyz/EGFR__CHEMBL326100__state03.xyz
EGFR__CHEMBL326280__state00,EGFR__CHEMBL326280,CHEMBL326280,EGFR,CHEMBL1145020,0,COCC#CC(=O)Nc1cc2c(Nc3cccc(Br)c3)c(C#N)cnc2cc1OC,0,data/quantum/erbB_xyz/EGFR__CHEMBL326280__state00.xyz
EGFR__CHEMBL326280__state01,EGFR__CHEMBL326280,CHEMBL326280,EGFR,CHEMBL1145020,1,COCC#CC(=O)Nc1cc2c(=Nc3cccc(Br)c3)c(C#N)c[nH]c2cc1OC,0,data/quantum/erbB_xyz/EGFR__CHEMBL326280__state01.xyz
EGFR__CHEMBL326280__state02,EGFR__CHEMBL326280,CHEMBL326280,EGFR,CHEMBL1145020,2,COCC#CC(O)=Nc1cc2c(=Nc3cccc(Br)c3)c(C#N)c[nH]c2cc1OC,0,data/quantum/erbB_xyz/EGFR__CHEMBL326280__state02.xyz
EGFR__CHEMBL326280__state03,EGFR__CHEMBL326280,CHEMBL326280,EGFR,CHEMBL1145020,3,COCC#CC(O)=Nc1cc2c(Nc3cccc(Br)c3)c(C#N)cnc2cc1OC,0,data/quantum/erbB_xyz/EGFR__CHEMBL326280__state03.xyz
EGFR__CHEMBL327023__state00,EGFR__CHEMBL327023,CHEMBL327023,EGFR,CHEMBL1145020,0,N#Cc1cnc2ccc(NC(=O)C#CCN3CCSCC3)cc2c1Nc1cccc(Br)c1,0,data/quantum/erbB_xyz/EGFR__CHEMBL327023__state00.xyz
EGFR__CHEMBL327023__state01,EGFR__CHEMBL327023,CHEMBL327023,EGFR,CHEMBL1145020,1,N#Cc1c[nH]c2ccc(N=C(O)C#CCN3CCSCC3)cc2c1=Nc1cccc(Br)c1,0,data/quantum/erbB_xyz/EGFR__CHEMBL327023__state01.xyz
EGFR__CHEMBL327023__state02,EGFR__CHEMBL327023,CHEMBL327023,EGFR,CHEMBL1145020,2,N#Cc1c[nH]c2ccc(NC(=O)C#CCN3CCSCC3)cc2c1=Nc1cccc(Br)c1,0,data/quantum/erbB_xyz/EGFR__CHEMBL327023__state02.xyz
EGFR__CHEMBL327023__state03,EGFR__CHEMBL327023,CHEMBL327023,EGFR,CHEMBL1145020,3,N#Cc1cnc2ccc(N=C(O)C#CCN3CCSCC3)cc2c1Nc1cccc(Br)c1,0,data/quantum/erbB_xyz/EGFR__CHEMBL327023__state03.xyz
EGFR__CHEMBL327838__state00,EGFR__CHEMBL327838,CHEMBL327838,EGFR,CHEMBL1134561,0,COCCOCC#CC(=O)Nc1ccc2ncnc(Nc3cccc(Br)c3)c2c1,0,data/quantum/erbB_xyz/EGFR__CHEMBL327838__state00.xyz
EGFR__CHEMBL327838__state01,EGFR__CHEMBL327838,CHEMBL327838,EGFR,CHEMBL1134561,1,COCCOCC#CC(=O)Nc1ccc2[nH]cnc(=Nc3cccc(Br)c3)c2c1,0,data/quantum/erbB_xyz/EGFR__CHEMBL327838__state01.xyz
EGFR__CHEMBL327838__state02,EGFR__CHEMBL327838,CHEMBL327838,EGFR,CHEMBL1134561,2,COCCOCC#CC(=O)Nc1ccc2nc[nH]c(=Nc3cccc(Br)c3)c2c1,0,data/quantum/erbB_xyz/EGFR__CHEMBL327838__state02.xyz
EGFR__CHEMBL327838__state03,EGFR__CHEMBL327838,CHEMBL327838,EGFR,CHEMBL1134561,3,COCCOCC#CC(O)=Nc1ccc2[nH]cnc(=Nc3cccc(Br)c3)c2c1,0,data/quantum/erbB_xyz/EGFR__CHEMBL327838__state03.xyz
EGFR__CHEMBL328245__state00,EGFR__CHEMBL328245,CHEMBL328245,EGFR,CHEMBL1134561,0,CCCN(CC#CC(=O)Nc1ccc2ncnc(Nc3cccc(Br)c3)c2c1)CCC,0,data/quantum/erbB_xyz/EGFR__CHEMBL328245__state00.xyz
EGFR__CHEMBL328245__state01,EGFR__CHEMBL328245,CHEMBL328245,EGFR,CHEMBL1134561,1,CCCN(CC#CC(=O)Nc1ccc2[nH]cnc(=Nc3cccc(Br)c3)c2c1)CCC,0,data/quantum/erbB_xyz/EGFR__CHEMBL328245__state01.xyz
EGFR__CHEMBL328245__state02,EGFR__CHEMBL328245,CHEMBL328245,EGFR,CHEMBL1134561,2,CCCN(CC#CC(=O)Nc1ccc2nc[nH]c(=Nc3cccc(Br)c3)c2c1)CCC,0,data/quantum/erbB_xyz/EGFR__CHEMBL328245__state02.xyz
EGFR__CHEMBL328245__state03,EGFR__CHEMBL328245,CHEMBL328245,EGFR,CHEMBL1134561,3,CCCN(CC#CC(O)=Nc1ccc2[nH]cnc(=Nc3cccc(Br)c3)c2c1)CCC,0,data/quantum/erbB_xyz/EGFR__CHEMBL328245__state03.xyz
EGFR__CHEMBL32844__state00,EGFR__CHEMBL32844,CHEMBL32844,EGFR,CHEMBL1133162,0,C=CC(=O)Nc1cc2c(Nc3cccc(Br)c3)ncnc2cc1OCCCN1CCN(C)CC1,0,data/quantum/erbB_xyz/EGFR__CHEMBL32844__state00.xyz
EGFR__CHEMBL32844__state01,EGFR__CHEMBL32844,CHEMBL32844,EGFR,CHEMBL1133162,1,C=CC(=O)Nc1cc2c(=Nc3cccc(Br)c3)[nH]cnc2cc1OCCCN1CCN(C)CC1,0,data/quantum/erbB_xyz/EGFR__CHEMBL32844__state01.xyz
EGFR__CHEMBL32844__state02,EGFR__CHEMBL32844,CHEMBL32844,EGFR,CHEMBL1133162,2,C=CC(=O)Nc1cc2c(=Nc3cccc(Br)c3)nc[nH]c2cc1OCCCN1CCN(C)CC1,0,data/quantum/erbB_xyz/EGFR__CHEMBL32844__state02.xyz
EGFR__CHEMBL32844__state03,EGFR__CHEMBL32844,CHEMBL32844,EGFR,CHEMBL1133162,3,C=CC(O)=Nc1cc2c(=Nc3cccc(Br)c3)[nH]cnc2cc1OCCCN1CCN(C)CC1,0,data/quantum/erbB_xyz/EGFR__CHEMBL32844__state03.xyz
EGFR__CHEMBL328704__state00,EGFR__CHEMBL328704,CHEMBL328704,EGFR,CHEMBL1134561,0,CCN(CC)CC#CC(=O)Nc1ccc2ncnc(Nc3cccc(Br)c3)c2c1,0,data/quantum/erbB_xyz/EGFR__CHEMBL328704__state00.xyz
EGFR__CHEMBL328704__state01,EGFR__CHEMBL328704,CHEMBL328704,EGFR,CHEMBL1134561,1,CCN(CC)CC#CC(=O)Nc1ccc2[nH]cnc(=Nc3cccc(Br)c3)c2c1,0,data/quantum/erbB_xyz/EGFR__CHEMBL328704__state01.xyz
EGFR__CHEMBL328704__state02,EGFR__CHEMBL328704,CHEMBL328704,EGFR,CHEMBL1134561,2,CCN(CC)CC#CC(=O)Nc1ccc2nc[nH]c(=Nc3cccc(Br)c3)c2c1,0,data/quantum/erbB_xyz/EGFR__CHEMBL328704__state02.xyz
EGFR__CHEMBL328704__state03,EGFR__CHEMBL328704,CHEMBL328704,EGFR,CHEMBL1134561,3,CCN(CC)CC#CC(O)=Nc1ccc2[nH]cnc(=Nc3cccc(Br)c3)c2c1,0,data/quantum/erbB_xyz/EGFR__CHEMBL328704__state03.xyz
EGFR__CHEMBL328977__state00,EGFR__CHEMBL328977,CHEMBL328977,EGFR,CHEMBL1134561,0,O=C(C#CCN1CCSCC1)Nc1ccc2ncnc(Nc3cccc(Br)c3)c2c1,0,data/quantum/erbB_xyz/EGFR__CHEMBL328977__state00.xyz
EGFR__CHEMBL328977__state01,EGFR__CHEMBL328977,CHEMBL328977,EGFR,CHEMBL1134561,1,O=C(C#CCN1CCSCC1)Nc1ccc2[nH]cnc(=Nc3cccc(Br)c3)c2c1,0,data/quantum/erbB_xyz/EGFR__CHEMBL328977__state01.xyz
EGFR__CHEMBL328977__state02,EGFR__CHEMBL328977,CHEMBL328977,EGFR,CHEMBL1134561,2,O=C(C#CCN1CCSCC1)Nc1ccc2nc[nH]c(=Nc3cccc(Br)c3)c2c1,0,data/quantum/erbB_xyz/EGFR__CHEMBL328977__state02.xyz
EGFR__CHEMBL328977__state03,EGFR__CHEMBL328977,CHEMBL328977,EGFR,CHEMBL1134561,3,OC(C#CCN1CCSCC1)=Nc1ccc2[nH]cnc(=Nc3cccc(Br)c3)c2c1,0,data/quantum/erbB_xyz/EGFR__CHEMBL328977__state03.xyz
EGFR__CHEMBL329642__state00,EGFR__CHEMBL329642,CHEMBL329642,EGFR,CHEMBL1134561,0,C/C=C\C(=O)Nc1ccc2ncnc(Nc3cccc(Br)c3)c2c1,0,data/quantum/erbB_xyz/EGFR__CHEMBL329642__state00.xyz
EGFR__CHEMBL329642__state01,EGFR__CHEMBL329642,CHEMBL329642,EGFR,CHEMBL1134561,1,C/C=C\C(=O)Nc1ccc2[nH]cnc(=Nc3cccc(Br)c3)c2c1,0,data/quantum/erbB_xyz/EGFR__CHEMBL329642__state01.xyz
EGFR__CHEMBL329642__state02,EGFR__CHEMBL329642,CHEMBL329642,EGFR,CHEMBL1134561,2,C/C=C\C(=O)Nc1ccc2nc[nH]c(=Nc3cccc(Br)c3)c2c1,0,data/quantum/erbB_xyz/EGFR__CHEMBL329642__state02.xyz
EGFR__CHEMBL329642__state03,EGFR__CHEMBL329642,CHEMBL329642,EGFR,CHEMBL1134561,3,C/C=C\C(O)=Nc1ccc2[nH]cnc(=Nc3cccc(Br)c3)c2c1,0,data/quantum/erbB_xyz/EGFR__CHEMBL329642__state03.xyz
EGFR__CHEMBL329856__state00,EGFR__CHEMBL329856,CHEMBL329856,EGFR,CHEMBL1134561,0,CN(C)CC#CC(=O)Nc1ccc2ncnc(Nc3cccc(Br)c3)c2c1,0,data/quantum/erbB_xyz/EGFR__CHEMBL329856__state00.xyz
EGFR__CHEMBL329856__state01,EGFR__CHEMBL329856,CHEMBL329856,EGFR,CHEMBL1134561,1,CN(C)CC#CC(=O)Nc1ccc2[nH]cnc(=Nc3cccc(Br)c3)c2c1,0,data/quantum/erbB_xyz/EGFR__CHEMBL329856__state01.xyz
EGFR__CHEMBL329856__state02,EGFR__CHEMBL329856,CHEMBL329856,EGFR,CHEMBL1134561,2,CN(C)CC#CC(=O)Nc1ccc2nc[nH]c(=Nc3cccc(Br)c3)c2c1,0,data/quantum/erbB_xyz/EGFR__CHEMBL329856__state02.xyz
EGFR__CHEMBL329856__state03,EGFR__CHEMBL329856,CHEMBL329856,EGFR,CHEMBL1134561,3,CN(C)CC#CC(O)=Nc1ccc2[nH]cnc(=Nc3cccc(Br)c3)c2c1,0,data/quantum/erbB_xyz/EGFR__CHEMBL329856__state03.xyz
EGFR__CHEMBL331026__state00,EGFR__CHEMBL331026,CHEMBL331026,EGFR,CHEMBL1136802,0,COc1cc(/C=C(\C#N)C(N)=O)cc(CSc2nc3ccccc3[nH]2)c1O,0,data/quantum/erbB_xyz/EGFR__CHEMBL331026__state00.xyz
EGFR__CHEMBL331026__state01,EGFR__CHEMBL331026,CHEMBL331026,EGFR,CHEMBL1136802,1,COC1=CC(=CC(C#N)=C(N)O)C=C(CSc2nc3ccccc3[nH]2)C1=O,0,data/quantum/erbB_xyz/EGFR__CHEMBL331026__state01.xyz
EGFR__CHEMBL331026__state02,EGFR__CHEMBL331026,CHEMBL331026,EGFR,CHEMBL1136802,2,COC1=CC(=CC(C#N)C(=N)O)C=C(CSc2nc3ccccc3[nH]2)C1=O,0,data/quantum/erbB_xyz/EGFR__CHEMBL331026__state02.xyz
EGFR__CHEMBL331026__state03,EGFR__CHEMBL331026,CHEMBL331026,EGFR,CHEMBL1136802,3,COC1=CC(=CC(C#N)C(N)=O)C=C(CSc2nc3ccccc3[nH]2)C1=O,0,data/quantum/erbB_xyz/EGFR__CHEMBL331026__state03.xyz
EGFR__CHEMBL333454__state00,EGFR__CHEMBL333454,CHEMBL333454,EGFR,CHEMBL1126897,0,COc1cc(/C=C(\C#N)C(N)=O)cc(CSc2ccc(C)cc2)c1O,0,data/quantum/erbB_xyz/EGFR__CHEMBL333454__state00.xyz
EGFR__CHEMBL333454__state01,EGFR__CHEMBL333454,CHEMBL333454,EGFR,CHEMBL1126897,1,COC1=CC(=CC(C#N)=C(N)O)C=C(CSc2ccc(C)cc2)C1=O,0,data/quantum/erbB_xyz/EGFR__CHEMBL333454__state01.xyz
EGFR__CHEMBL333454__state02,EGFR__CHEMBL333454,CHEMBL333454,EGFR,CHEMBL1126897,2,COC1=CC(=CC(C#N)C(=N)O)C=C(CSc2ccc(C)cc2)C1=O,0,data/quantum/erbB_xyz/EGFR__CHEMBL333454__state02.xyz
EGFR__CHEMBL333454__state03,EGFR__CHEMBL333454,CHEMBL333454,EGFR,CHEMBL1126897,3,COC1=CC(=CC(C#N)C(N)=O)C=C(CSc2ccc(C)cc2)C1=O,0,data/quantum/erbB_xyz/EGFR__CHEMBL333454__state03.xyz
EGFR__CHEMBL334697__state00,EGFR__CHEMBL334697,CHEMBL334697,EGFR,CHEMBL1134843,0,C=CC(=O)N(C)c1cc2c(Nc3cccc(Br)c3)ncnc2cn1,0,data/quantum/erbB_xyz/EGFR__CHEMBL334697__state00.xyz
EGFR__CHEMBL334697__state01,EGFR__CHEMBL334697,CHEMBL334697,EGFR,CHEMBL1134843,1,C=CC(=O)N(C)c1cc2c(=Nc3cccc(Br)c3)[nH]cnc2cn1,0,data/quantum/erbB_xyz/EGFR__CHEMBL334697__state01.xyz
EGFR__CHEMBL334697__state02,EGFR__CHEMBL334697,CHEMBL334697,EGFR,CHEMBL1134843,2,C=CC(=O)N(C)c1cc2c(=Nc3cccc(Br)c3)nc[nH]c2cn1,0,data/quantum/erbB_xyz/EGFR__CHEMBL334697__state02.xyz
EGFR__CHEMBL334801__state00,EGFR__CHEMBL334801,CHEMBL334801,EGFR,CHEMBL1134843,0,CN(C)CCCNC(=O)/C=C/C(=O)Nc1cc2c(Nc3cccc(Br)c3)ncnc2cn1,0,data/quantum/erbB_xyz/EGFR__CHEMBL334801__state00.xyz
EGFR__CHEMBL334801__state01,EGFR__CHEMBL334801,CHEMBL334801,EGFR,CHEMBL1134843,1,CN(C)CCCN=C(O)/C=C/C(=O)N=c1cc2c(Nc3cccc(Br)c3)ncnc2c[nH]1,0,data/quantum/erbB_xyz/EGFR__CHEMBL334801__state01.xyz
EGFR__CHEMBL334801__state02,EGFR__CHEMBL334801,CHEMBL334801,EGFR,CHEMBL1134843,2,CN(C)CCCN=C(O)/C=C/C(=O)Nc1cc2c(=Nc3cccc(Br)c3)[nH]cnc2cn1,0,data/quantum/erbB_xyz/EGFR__CHEMBL334801__state02.xyz
EGFR__CHEMBL334801__state03,EGFR__CHEMBL334801,CHEMBL334801,EGFR,CHEMBL1134843,3,CN(C)CCCN=C(O)/C=C/C(=O)Nc1cc2c(=Nc3cccc(Br)c3)nc[nH]c2cn1,0,data/quantum/erbB_xyz/EGFR__CHEMBL334801__state03.xyz
EGFR__CHEMBL342828__state00,EGFR__CHEMBL342828,CHEMBL342828,EGFR,CHEMBL1134843,0,O=C(/C=C/C(=O)Nc1cc2c(Nc3cccc(Br)c3)ncnc2cn1)NCCCn1ccnc1,0,data/quantum/erbB_xyz/EGFR__CHEMBL342828__state00.xyz
EGFR__CHEMBL342828__state01,EGFR__CHEMBL342828,CHEMBL342828,EGFR,CHEMBL1134843,1,O=C(/C=C/C(=O)NCCCn1ccnc1)N=c1cc2c(Nc3cccc(Br)c3)ncnc2c[nH]1,0,data/quantum/erbB_xyz/EGFR__CHEMBL342828__state01.xyz
EGFR__CHEMBL342828__state02,EGFR__CHEMBL342828,CHEMBL342828,EGFR,CHEMBL1134843,2,O=C(/C=C/C(=O)Nc1cc2c(=Nc3cccc(Br)c3)[nH]cnc2cn1)NCCCn1ccnc1,0,data/quantum/erbB_xyz/EGFR__CHEMBL342828__state02.xyz
EGFR__CHEMBL342828__state03,EGFR__CHEMBL342828,CHEMBL342828,EGFR,CHEMBL1134843,3,O=C(/C=C/C(=O)Nc1cc2c(=Nc3cccc(Br)c3)nc[nH]c2cn1)NCCCn1ccnc1,0,data/quantum/erbB_xyz/EGFR__CHEMBL342828__state03.xyz
EGFR__CHEMBL343722__state00,EGFR__CHEMBL343722,CHEMBL343722,EGFR,CHEMBL1134843,0,C=C=CC(=O)Nc1ccc2ncnc(Nc3cccc(Br)c3)c2c1,0,data/quantum/erbB_xyz/EGFR__CHEMBL343722__state00.xyz
EGFR__CHEMBL343722__state01,EGFR__CHEMBL343722,CHEMBL343722,EGFR,CHEMBL1134843,1,C=C=CC(=O)Nc1ccc2[nH]cnc(=Nc3cccc(Br)c3)c2c1,0,data/quantum/erbB_xyz/EGFR__CHEMBL343722__state01.xyz
EGFR__CHEMBL343722__state02,EGFR__CHEMBL343722,CHEMBL343722,EGFR,CHEMBL1134843,2,C=C=CC(=O)Nc1ccc2nc[nH]c(=Nc3cccc(Br)c3)c2c1,0,data/quantum/erbB_xyz/EGFR__CHEMBL343722__state02.xyz
EGFR__CHEMBL343722__state03,EGFR__CHEMBL343722,CHEMBL343722,EGFR,CHEMBL1134843,3,C=C=CC(O)=Nc1ccc2[nH]cnc(=Nc3cccc(Br)c3)c2c1,0,data/quantum/erbB_xyz/EGFR__CHEMBL343722__state03.xyz
EGFR__CHEMBL343875__state00,EGFR__CHEMBL343875,CHEMBL343875,EGFR,CHEMBL1136802,0,CCOc1ccc2sc(SCc3cc(/C=C(\C#N)C(N)=O)cc(OC)c3O)nc2c1,0,data/quantum/erbB_xyz/EGFR__CHEMBL343875__state00.xyz
EGFR__CHEMBL343875__state01,EGFR__CHEMBL343875,CHEMBL343875,EGFR,CHEMBL1136802,1,CCOc1ccc2sc(SCC3=CC(=CC(C#N)=C(N)O)C=C(OC)C3=O)nc2c1,0,data/quantum/erbB_xyz/EGFR__CHEMBL343875__state01.xyz
EGFR__CHEMBL343875__state02,EGFR__CHEMBL343875,CHEMBL343875,EGFR,CHEMBL1136802,2,CCOc1ccc2sc(SCC3=CC(=CC(C#N)C(=N)O)C=C(OC)C3=O)nc2c1,0,data/quantum/erbB_xyz/EGFR__CHEMBL343875__state02.xyz
EGFR__CHEMBL343875__state03,EGFR__CHEMBL343875,CHEMBL343875,EGFR,CHEMBL1136802,3,CCOc1ccc2sc(SCC3=CC(=CC(C#N)C(N)=O)C=C(OC)C3=O)nc2c1,0,data/quantum/erbB_xyz/EGFR__CHEMBL343875__state03.xyz
EGFR__CHEMBL344177__state00,EGFR__CHEMBL344177,CHEMBL344177,EGFR,CHEMBL1134843,0,O=C(/C=C/Cl)Nc1cc2c(Nc3cccc(Br)c3)ncnc2cn1,0,data/quantum/erbB_xyz/EGFR__CHEMBL344177__state00.xyz
EGFR__CHEMBL344177__state01,EGFR__CHEMBL344177,CHEMBL344177,EGFR,CHEMBL1134843,1,O=C(/C=C/Cl)N=c1cc2c(=Nc3cccc(Br)c3)[nH]cnc2c[nH]1,0,data/quantum/erbB_xyz/EGFR__CHEMBL344177__state01.xyz
EGFR__CHEMBL344177__state02,EGFR__CHEMBL344177,CHEMBL344177,EGFR,CHEMBL1134843,2,O=C(/C=C/Cl)N=c1cc2c(=Nc3cccc(Br)c3)nc[nH]c2c[nH]1,0,data/quantum/erbB_xyz/EGFR__CHEMBL344177__state02.xyz
EGFR__CHEMBL344177__state03,EGFR__CHEMBL344177,CHEMBL344177,EGFR,CHEMBL1134843,3,O=C(/C=C/Cl)N=c1cc2c(Nc3cccc(Br)c3)ncnc2c[nH]1,0,data/quantum/erbB_xyz/EGFR__CHEMBL344177__state03.xyz
EGFR__CHEMBL344486__state00,EGFR__CHEMBL344486,CHEMBL344486,EGFR,CHEMBL1134843,0,CCOC(=O)/C=C/C(=O)Nc1ccc2ncnc(Nc3cccc(Br)c3)c2c1,0,data/quantum/erbB_xyz/EGFR__CHEMBL344486__state00.xyz
EGFR__CHEMBL344486__state01,EGFR__CHEMBL344486,CHEMBL344486,EGFR,CHEMBL1134843,1,CCOC(=O)/C=C/C(=O)Nc1ccc2[nH]cnc(=Nc3cccc(Br)c3)c2c1,0,data/quantum/erbB_xyz/EGFR__CHEMBL344486__state01.xyz
EGFR__CHEMBL344486__state02,EGFR__CHEMBL344486,CHEMBL344486,EGFR,CHEMBL1134843,2,CCOC(=O)/C=C/C(=O)Nc1ccc2nc[nH]c(=Nc3cccc(Br)c3)c2c1,0,data/quantum/erbB_xyz/EGFR__CHEMBL344486__state02.xyz
EGFR__CHEMBL344486__state03,EGFR__CHEMBL344486,CHEMBL344486,EGFR,CHEMBL1134843,3,CCOC(=O)/C=C/C(O)=Nc1ccc2[nH]cnc(=Nc3cccc(Br)c3)c2c1,0,data/quantum/erbB_xyz/EGFR__CHEMBL344486__state03.xyz
EGFR__CHEMBL345109__state00,EGFR__CHEMBL345109,CHEMBL345109,EGFR,CHEMBL1134843,0,CN(C)CCCNC(=O)/C=C/C(=O)Nc1ccc2ncnc(Nc3cccc(Br)c3)c2c1,0,data/quantum/erbB_xyz/EGFR__CHEMBL345109__state00.xyz
EGFR__CHEMBL345109__state01,EGFR__CHEMBL345109,CHEMBL345109,EGFR,CHEMBL1134843,1,CN(C)CCCN=C(O)/C=C/C(=O)Nc1ccc2[nH]cnc(=Nc3cccc(Br)c3)c2c1,0,data/quantum/erbB_xyz/EGFR__CHEMBL345109__state01.xyz
EGFR__CHEMBL345109__state02,EGFR__CHEMBL345109,CHEMBL345109,EGFR,CHEMBL1134843,2,CN(C)CCCN=C(O)/C=C/C(=O)Nc1ccc2nc[nH]c(=Nc3cccc(Br)c3)c2c1,0,data/quantum/erbB_xyz/EGFR__CHEMBL345109__state02.xyz
EGFR__CHEMBL345109__state03,EGFR__CHEMBL345109,CHEMBL345109,EGFR,CHEMBL1134843,3,CN(C)CCCN=C(O)/C=C/C(=O)Nc1ccc2ncnc(Nc3cccc(Br)c3)c2c1,0,data/quantum/erbB_xyz/EGFR__CHEMBL345109__state03.xyz
EGFR__CHEMBL347074__state00,EGFR__CHEMBL347074,CHEMBL347074,EGFR,CHEMBL1132535,0,Cc1c(CCC(=O)O)c[nH]c1/C=C1\C(=O)Nc2cc(-c3ccccc3)ccc21,0,data/quantum/erbB_xyz/EGFR__CHEMBL347074__state00.xyz
EGFR__CHEMBL347074__state01,EGFR__CHEMBL347074,CHEMBL347074,EGFR,CHEMBL1132535,1,C=c1c(CC=C(O)O)c[nH]c1=Cc1c(O)[nH]c2cc(-c3ccccc3)ccc12,0,data/quantum/erbB_xyz/EGFR__CHEMBL347074__state01.xyz
EGFR__CHEMBL347074__state02,EGFR__CHEMBL347074,CHEMBL347074,EGFR,CHEMBL1132535,2,C=c1c(CCC(=O)O)c[nH]c1=CC1C(=O)Nc2cc(-c3ccccc3)ccc21,0,data/quantum/erbB_xyz/EGFR__CHEMBL347074__state02.xyz
EGFR__CHEMBL347074__state03,EGFR__CHEMBL347074,CHEMBL347074,EGFR,CHEMBL1132535,3,C=c1c(CCC(=O)O)c[nH]c1=Cc1c(O)[nH]c2cc(-c3ccccc3)ccc12,0,data/quantum/erbB_xyz/EGFR__CHEMBL347074__state03.xyz
EGFR__CHEMBL357161__state00,EGFR__CHEMBL357161,CHEMBL357161,EGFR,CHEMBL1129590,0,N#C/C(=C\c1ccc(O)c(O)c1)C(=O)NCC1CCCC(CNC(=O)/C(C#N)=C/c2ccc(O)c(O)c2)C1,0,data/quantum/erbB_xyz/EGFR__CHEMBL357161__state00.xyz
EGFR__CHEMBL357161__state01,EGFR__CHEMBL357161,CHEMBL357161,EGFR,CHEMBL1129590,1,N#C/C(=C\C1=CC(O)C(=O)C=C1)C(=O)NCC1CCCC(CNC(=O)/C(C#N)=C/c2ccc(O)c(O)c2)C1,0,data/quantum/erbB_xyz/EGFR__CHEMBL357161__state01.xyz
EGFR__CHEMBL357161__state02,EGFR__CHEMBL357161,CHEMBL357161,EGFR,CHEMBL1129590,2,N#C/C(=C\c1ccc(O)c(O)c1)C(=O)NCC1CCCC(CN=C(O)/C(C#N)=C/c2ccc(O)c(O)c2)C1,0,data/quantum/erbB_xyz/EGFR__CHEMBL357161__state02.xyz
EGFR__CHEMBL357161__state03,EGFR__CHEMBL357161,CHEMBL357161,EGFR,CHEMBL1129590,3,N#C/C(=C\c1ccc(O)c(O)c1)C(=O)NCC1CCCC(CNC(=O)C(C#N)C=C2C=CC(=O)C(O)=C2)C1,0,data/quantum/erbB_xyz/EGFR__CHEMBL357161__state03.xyz
EGFR__CHEMBL357400__state00,EGFR__CHEMBL357400,CHEMBL357400,EGFR,CHEMBL1129590,0,COc1cc(/C=C(\C#N)C(=O)NCCCCNC(=O)/C(C#N)=C/c2cc(Br)c(O)c(OC)c2)cc(Br)c1O,0,data/quantum/erbB_xyz/EGFR__CHEMBL357400__state00.xyz
EGFR__CHEMBL357400__state01,EGFR__CHEMBL357400,CHEMBL357400,EGFR,CHEMBL1129590,1,COC1=CC(=CC(C#N)=C(O)NCCCCN=C(O)C(C#N)=CC2=CC(Br)C(=O)C(OC)=C2)C=C(Br)C1=O,0,data/quantum/erbB_xyz/EGFR__CHEMBL357400__state01.xyz
EGFR__CHEMBL357400__state02,EGFR__CHEMBL357400,CHEMBL357400,EGFR,CHEMBL1129590,2,COC1=CC(=CC(C#N)=C(O)NCCCCN=C(O)C(C#N)=Cc2cc(Br)c(O)c(OC)c2)C=C(Br)C1=O,0,data/quantum/erbB_xyz/EGFR__CHEMBL357400__state02.xyz
EGFR__CHEMBL357400__state03,EGFR__CHEMBL357400,CHEMBL357400,EGFR,CHEMBL1129590,3,COC1=CC(=CC(C#N)=C(O)NCCCCNC(=O)C(C#N)=CC2=CC(Br)C(=O)C(OC)=C2)C=C(Br)C1=O,0,data/quantum/erbB_xyz/EGFR__CHEMBL357400__state03.xyz
EGFR__CHEMBL358494__state00,EGFR__CHEMBL358494,CHEMBL358494,EGFR,CHEMBL1129590,0,N#C/C(=C\c1ccc(O)c(O)c1)C(=O)N1CCN(C(=O)/C(C#N)=C/c2ccc(O)c(O)c2)CC1,0,data/quantum/erbB_xyz/EGFR__CHEMBL358494__state00.xyz
EGFR__CHEMBL358494__state01,EGFR__CHEMBL358494,CHEMBL358494,EGFR,CHEMBL1129590,1,N#C/C(=C\C1=CC(O)C(=O)C=C1)C(=O)N1CCN(C(=O)/C(C#N)=C/c2ccc(O)c(O)c2)CC1,0,data/quantum/erbB_xyz/EGFR__CHEMBL358494__state01.xyz
EGFR__CHEMBL358494__state02,EGFR__CHEMBL358494,CHEMBL358494,EGFR,CHEMBL1129590,2,N#C/C(=C\c1ccc(O)c(O)c1)C(=O)N1CCN(C(=O)C(C#N)C=C2C=CC(=O)C(O)=C2)CC1,0,data/quantum/erbB_xyz/EGFR__CHEMBL358494__state02.xyz
EGFR__CHEMBL358494__state03,EGFR__CHEMBL358494,CHEMBL358494,EGFR,CHEMBL1129590,3,N#CC(=CC1=CC(=O)C(O)C=C1)C(=O)N1CCN(C(=O)C(C#N)=Cc2ccc(O)c(O)c2)CC1,0,data/quantum/erbB_xyz/EGFR__CHEMBL358494__state03.xyz
EGFR__CHEMBL358728__state00,EGFR__CHEMBL358728,CHEMBL358728,EGFR,CHEMBL1132535,0,COc1cccc(-c2ccc3c(c2)NC(=O)/C3=C\c2[nH]c(C)c(CCC(=O)O)c2C)c1,0,data/quantum/erbB_xyz/EGFR__CHEMBL358728__state00.xyz
EGFR__CHEMBL358728__state01,EGFR__CHEMBL358728,CHEMBL358728,EGFR,CHEMBL1132535,1,C=c1c(CC=C(O)O)c(C)[nH]c1=CC1C(=O)Nc2cc(-c3cccc(OC)c3)ccc21,0,data/quantum/erbB_xyz/EGFR__CHEMBL358728__state01.xyz
EGFR__CHEMBL358728__state02,EGFR__CHEMBL358728,CHEMBL358728,EGFR,CHEMBL1132535,2,C=c1c(CC=C(O)O)c(C)[nH]c1=Cc1c(O)[nH]c2cc(-c3cccc(OC)c3)ccc12,0,data/quantum/erbB_xyz/EGFR__CHEMBL358728__state02.xyz
EGFR__CHEMBL358728__state03,EGFR__CHEMBL358728,CHEMBL358728,EGFR,CHEMBL1132535,3,C=c1c(CCC(=O)O)c(C)[nH]c1=CC1C(=O)Nc2cc(-c3cccc(OC)c3)ccc21,0,data/quantum/erbB_xyz/EGFR__CHEMBL358728__state03.xyz
EGFR__CHEMBL414220__state00,EGFR__CHEMBL414220,CHEMBL414220,EGFR,CHEMBL1134561,0,C=CCN(C)CC#CC(=O)Nc1ccc2ncnc(Nc3cccc(Br)c3)c2c1,0,data/quantum/erbB_xyz/EGFR__CHEMBL414220__state00.xyz
EGFR__CHEMBL414220__state01,EGFR__CHEMBL414220,CHEMBL414220,EGFR,CHEMBL1134561,1,C=CCN(C)CC#CC(=O)Nc1ccc2[nH]cnc(=Nc3cccc(Br)c3)c2c1,0,data/quantum/erbB_xyz/EGFR__CHEMBL414220__state01.xyz
EGFR__CHEMBL414220__state02,EGFR__CHEMBL414220,CHEMBL414220,EGFR,CHEMBL1134561,2,C=CCN(C)CC#CC(=O)Nc1ccc2nc[nH]c(=Nc3cccc(Br)c3)c2c1,0,data/quantum/erbB_xyz/EGFR__CHEMBL414220__state02.xyz
EGFR__CHEMBL414220__state03,EGFR__CHEMBL414220,CHEMBL414220,EGFR,CHEMBL1134561,3,C=CCN(C)CC#CC(O)=Nc1ccc2[nH]cnc(=Nc3cccc(Br)c3)c2c1,0,data/quantum/erbB_xyz/EGFR__CHEMBL414220__state03.xyz
EGFR__CHEMBL414631__state00,EGFR__CHEMBL414631,CHEMBL414631,EGFR,CHEMBL1145020,0,COCOC#CC(=O)Nc1ccc2ncc(C#N)c(Nc3cccc(Br)c3)c2c1,0,data/quantum/erbB_xyz/EGFR__CHEMBL414631__state00.xyz
EGFR__CHEMBL414631__state01,EGFR__CHEMBL414631,CHEMBL414631,EGFR,CHEMBL1145020,1,COCOC#CC(=O)Nc1ccc2[nH]cc(C#N)c(=Nc3cccc(Br)c3)c2c1,0,data/quantum/erbB_xyz/EGFR__CHEMBL414631__state01.xyz
EGFR__CHEMBL414631__state02,EGFR__CHEMBL414631,CHEMBL414631,EGFR,CHEMBL1145020,2,COCOC#CC(O)=Nc1ccc2[nH]cc(C#N)c(=Nc3cccc(Br)c3)c2c1,0,data/quantum/erbB_xyz/EGFR__CHEMBL414631__state02.xyz
EGFR__CHEMBL414631__state03,EGFR__CHEMBL414631,CHEMBL414631,EGFR,CHEMBL1145020,3,COCOC#CC(O)=Nc1ccc2ncc(C#N)c(Nc3cccc(Br)c3)c2c1,0,data/quantum/erbB_xyz/EGFR__CHEMBL414631__state03.xyz
EGFR__CHEMBL417478__state00,EGFR__CHEMBL417478,CHEMBL417478,EGFR,CHEMBL1133162,0,C=CC(=O)Nc1nc2c(Nc3ccc(F)c(Cl)c3)ncnc2cc1/C=C/CCN1CCOCC1,0,data/quantum/erbB_xyz/EGFR__CHEMBL417478__state00.xyz
EGFR__CHEMBL417478__state01,EGFR__CHEMBL417478,CHEMBL417478,EGFR,CHEMBL1133162,1,C=CC(=O)N=C1N=c2c(=Nc3ccc(F)c(Cl)c3)nc[nH]c2=CC1=CCCCN1CCOCC1,0,data/quantum/erbB_xyz/EGFR__CHEMBL417478__state01.xyz
EGFR__CHEMBL417478__state02,EGFR__CHEMBL417478,CHEMBL417478,EGFR,CHEMBL1133162,2,C=CC(=O)N=C1N=c2c(Nc3ccc(F)c(Cl)c3)ncnc2=CC1=CCCCN1CCOCC1,0,data/quantum/erbB_xyz/EGFR__CHEMBL417478__state02.xyz
EGFR__CHEMBL417478__state03,EGFR__CHEMBL417478,CHEMBL417478,EGFR,CHEMBL1133162,3,C=CC(=O)N=C1N=c2c(nc[nH]c2=Nc2ccc(F)c(Cl)c2)=CC1=CCCCN1CCOCC1,0,data/quantum/erbB_xyz/EGFR__CHEMBL417478__state03.xyz
EGFR__CHEMBL417941__state00,EGFR__CHEMBL417941,CHEMBL417941,EGFR,CHEMBL1125266,0,N#C/C(=C\c1ccc(O)c(O)c1)C(=O)NC1CCCCC1,0,data/quantum/erbB_xyz/EGFR__CHEMBL417941__state00.xyz
EGFR__CHEMBL417941__state01,EGFR__CHEMBL417941,CHEMBL417941,EGFR,CHEMBL1125266,1,N#CC(=CC1=CC(=O)C(O)C=C1)C(=O)NC1CCCCC1,0,data/quantum/erbB_xyz/EGFR__CHEMBL417941__state01.xyz
EGFR__CHEMBL417941__state02,EGFR__CHEMBL417941,CHEMBL417941,EGFR,CHEMBL1125266,2,N#CC(=CC1=CC(=O)C(O)C=C1)C(O)=NC1CCCCC1,0,data/quantum/erbB_xyz/EGFR__CHEMBL417941__state02.xyz
EGFR__CHEMBL417941__state03,EGFR__CHEMBL417941,CHEMBL417941,EGFR,CHEMBL1125266,3,N#CC(=CC1=CC(O)C(=O)C=C1)C(=O)NC1CCCCC1,0,data/quantum/erbB_xyz/EGFR__CHEMBL417941__state03.xyz
EGFR__CHEMBL419501__state00,EGFR__CHEMBL419501,CHEMBL419501,EGFR,CHEMBL1134561,0,COC[C@H]1CCCN1C/C=C/C(=O)Nc1ccc2ncnc(Nc3cccc(Br)c3)c2c1,0,data/quantum/erbB_xyz/EGFR__CHEMBL419501__state00.xyz
EGFR__CHEMBL419501__state01,EGFR__CHEMBL419501,CHEMBL419501,EGFR,CHEMBL1134561,1,COC[C@H]1CCCN1C/C=C/C(=O)Nc1ccc2[nH]cnc(=Nc3cccc(Br)c3)c2c1,0,data/quantum/erbB_xyz/EGFR__CHEMBL419501__state01.xyz
EGFR__CHEMBL419501__state02,EGFR__CHEMBL419501,CHEMBL419501,EGFR,CHEMBL1134561,2,COC[C@H]1CCCN1C/C=C/C(=O)Nc1ccc2nc[nH]c(=Nc3cccc(Br)c3)c2c1,0,data/quantum/erbB_xyz/EGFR__CHEMBL419501__state02.xyz
EGFR__CHEMBL419501__state03,EGFR__CHEMBL419501,CHEMBL419501,EGFR,CHEMBL1134561,3,COC[C@H]1CCCN1C/C=C/C(O)=Nc1ccc2[nH]cnc(=Nc3cccc(Br)c3)c2c1,0,data/quantum/erbB_xyz/EGFR__CHEMBL419501__state03.xyz
EGFR__CHEMBL422292__state00,EGFR__CHEMBL422292,CHEMBL422292,EGFR,CHEMBL1134843,0,CCOC(=O)/C=C/C(=O)Nc1cc2c(Nc3cccc(Br)c3)ncnc2cn1,0,data/quantum/erbB_xyz/EGFR__CHEMBL422292__state00.xyz
EGFR__CHEMBL422292__state01,EGFR__CHEMBL422292,CHEMBL422292,EGFR,CHEMBL1134843,1,CCOC(=O)/C=C/C(=O)N=c1cc2c(=Nc3cccc(Br)c3)[nH]cnc2c[nH]1,0,data/quantum/erbB_xyz/EGFR__CHEMBL422292__state01.xyz
EGFR__CHEMBL422292__state02,EGFR__CHEMBL422292,CHEMBL422292,EGFR,CHEMBL1134843,2,CCOC(=O)/C=C/C(=O)N=c1cc2c(=Nc3cccc(Br)c3)nc[nH]c2c[nH]1,0,data/quantum/erbB_xyz/EGFR__CHEMBL422292__state02.xyz
EGFR__CHEMBL422292__state03,EGFR__CHEMBL422292,CHEMBL422292,EGFR,CHEMBL1134843,3,CCOC(=O)/C=C/C(=O)N=c1cc2c(Nc3cccc(Br)c3)ncnc2c[nH]1,0,data/quantum/erbB_xyz/EGFR__CHEMBL422292__state03.xyz
EGFR__CHEMBL424302__state00,EGFR__CHEMBL424302,CHEMBL424302,EGFR,CHEMBL1129590,0,N#C/C(=C\c1ccc(O)c(O)c1)C(=O)NCCCCCCCCCCNC(=O)/C(C#N)=C/c1ccc(O)c(O)c1,0,data/quantum/erbB_xyz/EGFR__CHEMBL424302__state00.xyz
EGFR__CHEMBL424302__state01,EGFR__CHEMBL424302,CHEMBL424302,EGFR,CHEMBL1129590,1,N#C/C(=C\C1=CC(O)C(=O)C=C1)C(=O)NCCCCCCCCCCNC(=O)/C(C#N)=C/c1ccc(O)c(O)c1,0,data/quantum/erbB_xyz/EGFR__CHEMBL424302__state01.xyz
EGFR__CHEMBL424302__state02,EGFR__CHEMBL424302,CHEMBL424302,EGFR,CHEMBL1129590,2,N#C/C(=C\c1ccc(O)c(O)c1)C(=O)NCCCCCCCCCCN=C(O)/C(C#N)=C/c1ccc(O)c(O)c1,0,data/quantum/erbB_xyz/EGFR__CHEMBL424302__state02.xyz
EGFR__CHEMBL424302__state03,EGFR__CHEMBL424302,CHEMBL424302,EGFR,CHEMBL1129590,3,N#C/C(=C\c1ccc(O)c(O)c1)C(=O)NCCCCCCCCCCNC(=O)C(C#N)C=C1C=CC(=O)C(O)=C1,0,data/quantum/erbB_xyz/EGFR__CHEMBL424302__state03.xyz
EGFR__CHEMBL424625__state00,EGFR__CHEMBL424625,CHEMBL424625,EGFR,CHEMBL1126897,0,COc1cc(/C=C(\C#N)C(N)=O)cc(CSCCC(=O)O)c1O,0,data/quantum/erbB_xyz/EGFR__CHEMBL424625__state00.xyz
EGFR__CHEMBL424625__state01,EGFR__CHEMBL424625,CHEMBL424625,EGFR,CHEMBL1126897,1,COC1=CC(=CC(C#N)=C(N)O)C=C(CSCC=C(O)O)C1=O,0,data/quantum/erbB_xyz/EGFR__CHEMBL424625__state01.xyz
EGFR__CHEMBL424625__state02,EGFR__CHEMBL424625,CHEMBL424625,EGFR,CHEMBL1126897,2,COC1=CC(=CC(C#N)=C(N)O)C=C(CSCCC(=O)O)C1=O,0,data/quantum/erbB_xyz/EGFR__CHEMBL424625__state02.xyz
EGFR__CHEMBL424625__state03,EGFR__CHEMBL424625,CHEMBL424625,EGFR,CHEMBL1126897,3,COC1=CC(=CC(C#N)C(=N)O)C=C(CSCC=C(O)O)C1=O,0,data/quantum/erbB_xyz/EGFR__CHEMBL424625__state03.xyz
EGFR__CHEMBL430571__state00,EGFR__CHEMBL430571,CHEMBL430571,EGFR,CHEMBL1132213,0,C=CC(=O)Nc1ccc2ncnc(Nc3ccc(OCc4ccccc4)cc3)c2c1,0,data/quantum/erbB_xyz/EGFR__CHEMBL430571__state00.xyz
EGFR__CHEMBL430571__state01,EGFR__CHEMBL430571,CHEMBL430571,EGFR,CHEMBL1132213,1,C=CC(=O)Nc1ccc2[nH]cnc(=Nc3ccc(OCc4ccccc4)cc3)c2c1,0,data/quantum/erbB_xyz/EGFR__CHEMBL430571__state01.xyz
EGFR__CHEMBL430571__state02,EGFR__CHEMBL430571,CHEMBL430571,EGFR,CHEMBL1132213,2,C=CC(=O)Nc1ccc2nc[nH]c(=Nc3ccc(OCc4ccccc4)cc3)c2c1,0,data/quantum/erbB_xyz/EGFR__CHEMBL430571__state02.xyz
EGFR__CHEMBL430571__state03,EGFR__CHEMBL430571,CHEMBL430571,EGFR,CHEMBL1132213,3,C=CC(O)=Nc1ccc2[nH]cnc(=Nc3ccc(OCc4ccccc4)cc3)c2c1,0,data/quantum/erbB_xyz/EGFR__CHEMBL430571__state03.xyz
EGFR__CHEMBL431996__state00,EGFR__CHEMBL431996,CHEMBL431996,EGFR,CHEMBL1133768,0,O=C(O)CCc1c(/C=C2\C(=O)Nc3ccc(C(=O)O)cc32)[nH]c2c1CCCC2,0,data/quantum/erbB_xyz/EGFR__CHEMBL431996__state00.xyz
EGFR__CHEMBL431996__state01,EGFR__CHEMBL431996,CHEMBL431996,EGFR,CHEMBL1133768,1,O=C(O)CC=c1c2c([nH]c1=CC1=C(O)N=c3ccc(=C(O)O)cc31)CCCC2,0,data/quantum/erbB_xyz/EGFR__CHEMBL431996__state01.xyz
EGFR__CHEMBL431996__state02,EGFR__CHEMBL431996,CHEMBL431996,EGFR,CHEMBL1133768,2,O=C(O)CC=c1c2c([nH]c1=CC1C(=O)Nc3ccc(C(=O)O)cc31)CCCC2,0,data/quantum/erbB_xyz/EGFR__CHEMBL431996__state02.xyz
EGFR__CHEMBL431996__state03,EGFR__CHEMBL431996,CHEMBL431996,EGFR,CHEMBL1133768,3,O=C(O)CC=c1c2c([nH]c1=Cc1c(O)[nH]c3ccc(C(=O)O)cc13)CCCC2,0,data/quantum/erbB_xyz/EGFR__CHEMBL431996__state03.xyz
EGFR__CHEMBL432428__state00,EGFR__CHEMBL432428,CHEMBL432428,EGFR,CHEMBL1136802,0,N#C/C(=C\c1cc(O)c(O)c(CSCc2ccccc2)c1)C(N)=O,0,data/quantum/erbB_xyz/EGFR__CHEMBL432428__state00.xyz
EGFR__CHEMBL432428__state01,EGFR__CHEMBL432428,CHEMBL432428,EGFR,CHEMBL1136802,1,N#C/C(=C\C1=CC(O)C(=O)C(CSCc2ccccc2)=C1)C(N)=O,0,data/quantum/erbB_xyz/EGFR__CHEMBL432428__state01.xyz
EGFR__CHEMBL432428__state02,EGFR__CHEMBL432428,CHEMBL432428,EGFR,CHEMBL1136802,2,N#C/C(=C\c1cc(O)c(O)c(CSCc2ccccc2)c1)C(=N)O,0,data/quantum/erbB_xyz/EGFR__CHEMBL432428__state02.xyz
EGFR__CHEMBL432428__state03,EGFR__CHEMBL432428,CHEMBL432428,EGFR,CHEMBL1136802,3,N#CC(=CC1=CC(=O)C(O)C(CSCc2ccccc2)=C1)C(N)=O,0,data/quantum/erbB_xyz/EGFR__CHEMBL432428__state03.xyz
EGFR__CHEMBL432903__state00,EGFR__CHEMBL432903,CHEMBL432903,EGFR,CHEMBL1134862,0,CCN(CC)CCNC(=O)c1c(C)[nH]c(/C=C2\C(=O)Nc3ncnc(Nc4ccc(F)c(Cl)c4)c32)c1C,0,data/quantum/erbB_xyz/EGFR__CHEMBL432903__state00.xyz
EGFR__CHEMBL432903__state01,EGFR__CHEMBL432903,CHEMBL432903,EGFR,CHEMBL1134862,1,C=c1c(C(=O)NCCN(CC)CC)c(C)[nH]c1=Cc1c(O)[nH]c2ncnc(Nc3ccc(F)c(Cl)c3)c12,0,data/quantum/erbB_xyz/EGFR__CHEMBL432903__state01.xyz
EGFR__CHEMBL432903__state02,EGFR__CHEMBL432903,CHEMBL432903,EGFR,CHEMBL1134862,2,CCN(CC)CCN=C(O)c1c(C)[nH]c(C=C2C(=O)Nc3ncnc(Nc4ccc(F)c(Cl)c4)c32)c1C,0,data/quantum/erbB_xyz/EGFR__CHEMBL432903__state02.xyz
EGFR__CHEMBL432903__state03,EGFR__CHEMBL432903,CHEMBL432903,EGFR,CHEMBL1134862,3,CCN(CC)CCNC(=O)C1=C(C)C(=CC2C(=O)Nc3ncnc(Nc4ccc(F)c(Cl)c4)c32)N=C1C,0,data/quantum/erbB_xyz/EGFR__CHEMBL432903__state03.xyz
EGFR__CHEMBL434827__state00,EGFR__CHEMBL434827,CHEMBL434827,EGFR,CHEMBL1134843,0,CCN(CC)CCCNC(=O)/C=C/C(=O)Nc1cc2c(Nc3cccc(Br)c3)ncnc2cn1,0,data/quantum/erbB_xyz/EGFR__CHEMBL434827__state00.xyz
EGFR__CHEMBL434827__state01,EGFR__CHEMBL434827,CHEMBL434827,EGFR,CHEMBL1134843,1,CCN(CC)CCCN=C(O)/C=C/C(=O)N=c1cc2c(Nc3cccc(Br)c3)ncnc2c[nH]1,0,data/quantum/erbB_xyz/EGFR__CHEMBL434827__state01.xyz
EGFR__CHEMBL434827__state02,EGFR__CHEMBL434827,CHEMBL434827,EGFR,CHEMBL1134843,2,CCN(CC)CCCN=C(O)/C=C/C(=O)Nc1cc2c(=Nc3cccc(Br)c3)[nH]cnc2cn1,0,data/quantum/erbB_xyz/EGFR__CHEMBL434827__state02.xyz
EGFR__CHEMBL434827__state03,EGFR__CHEMBL434827,CHEMBL434827,EGFR,CHEMBL1134843,3,CCN(CC)CCCN=C(O)/C=C/C(=O)Nc1cc2c(=Nc3cccc(Br)c3)nc[nH]c2cn1,0,data/quantum/erbB_xyz/EGFR__CHEMBL434827__state03.xyz
EGFR__CHEMBL434828__state00,EGFR__CHEMBL434828,CHEMBL434828,EGFR,CHEMBL1134843,0,O=C(/C=C/c1ccccc1)Nc1cc2c(Nc3cccc(Br)c3)ncnc2cn1,0,data/quantum/erbB_xyz/EGFR__CHEMBL434828__state00.xyz
EGFR__CHEMBL434828__state01,EGFR__CHEMBL434828,CHEMBL434828,EGFR,CHEMBL1134843,1,O=C(/C=C/c1ccccc1)N=c1cc2c(=Nc3cccc(Br)c3)[nH]cnc2c[nH]1,0,data/quantum/erbB_xyz/EGFR__CHEMBL434828__state01.xyz
EGFR__CHEMBL434828__state02,EGFR__CHEMBL434828,CHEMBL434828,EGFR,CHEMBL1134843,2,O=C(/C=C/c1ccccc1)N=c1cc2c(=Nc3cccc(Br)c3)nc[nH]c2c[nH]1,0,data/quantum/erbB_xyz/EGFR__CHEMBL434828__state02.xyz
EGFR__CHEMBL434828__state03,EGFR__CHEMBL434828,CHEMBL434828,EGFR,CHEMBL1134843,3,O=C(/C=C/c1ccccc1)N=c1cc2c(Nc3cccc(Br)c3)ncnc2c[nH]1,0,data/quantum/erbB_xyz/EGFR__CHEMBL434828__state03.xyz
EGFR__CHEMBL441279__state00,EGFR__CHEMBL441279,CHEMBL441279,EGFR,CHEMBL1147456,0,COCOCC#CC(=O)Nc1ccc2ncc(C#N)c(Nc3cccc(Br)c3)c2c1,0,data/quantum/erbB_xyz/EGFR__CHEMBL441279__state00.xyz
EGFR__CHEMBL441279__state01,EGFR__CHEMBL441279,CHEMBL441279,EGFR,CHEMBL1147456,1,COCOCC#CC(=O)Nc1ccc2[nH]cc(C#N)c(=Nc3cccc(Br)c3)c2c1,0,data/quantum/erbB_xyz/EGFR__CHEMBL441279__state01.xyz
EGFR__CHEMBL441279__state02,EGFR__CHEMBL441279,CHEMBL441279,EGFR,CHEMBL1147456,2,COCOCC#CC(O)=Nc1ccc2[nH]cc(C#N)c(=Nc3cccc(Br)c3)c2c1,0,data/quantum/erbB_xyz/EGFR__CHEMBL441279__state02.xyz
EGFR__CHEMBL441279__state03,EGFR__CHEMBL441279,CHEMBL441279,EGFR,CHEMBL1147456,3,COCOCC#CC(O)=Nc1ccc2ncc(C#N)c(Nc3cccc(Br)c3)c2c1,0,data/quantum/erbB_xyz/EGFR__CHEMBL441279__state03.xyz
EGFR__CHEMBL442754__state00,EGFR__CHEMBL442754,CHEMBL442754,EGFR,CHEMBL1134561,0,COCCN(C)C/C=C/C(=O)Nc1ccc2ncnc(Nc3cccc(Br)c3)c2c1,0,data/quantum/erbB_xyz/EGFR__CHEMBL442754__state00.xyz
EGFR__CHEMBL442754__state01,EGFR__CHEMBL442754,CHEMBL442754,EGFR,CHEMBL1134561,1,COCCN(C)C/C=C/C(=O)Nc1ccc2[nH]cnc(=Nc3cccc(Br)c3)c2c1,0,data/quantum/erbB_xyz/EGFR__CHEMBL442754__state01.xyz
EGFR__CHEMBL442754__state02,EGFR__CHEMBL442754,CHEMBL442754,EGFR,CHEMBL1134561,2,COCCN(C)C/C=C/C(=O)Nc1ccc2nc[nH]c(=Nc3cccc(Br)c3)c2c1,0,data/quantum/erbB_xyz/EGFR__CHEMBL442754__state02.xyz
EGFR__CHEMBL442754__state03,EGFR__CHEMBL442754,CHEMBL442754,EGFR,CHEMBL1134561,3,COCCN(C)C/C=C/C(O)=Nc1ccc2[nH]cnc(=Nc3cccc(Br)c3)c2c1,0,data/quantum/erbB_xyz/EGFR__CHEMBL442754__state03.xyz
EGFR__CHEMBL443523__state00,EGFR__CHEMBL443523,CHEMBL443523,EGFR,CHEMBL1132213,0,C=CC(=O)Nc1ccc2c(Nc3cccc(Br)c3)ncnc2c1,0,data/quantum/erbB_xyz/EGFR__CHEMBL443523__state00.xyz
EGFR__CHEMBL443523__state01,EGFR__CHEMBL443523,CHEMBL443523,EGFR,CHEMBL1132213,1,C=CC(=O)N=c1ccc2c(Nc3cccc(Br)c3)[nH]cnc-2c1,0,data/quantum/erbB_xyz/EGFR__CHEMBL443523__state01.xyz
EGFR__CHEMBL443523__state02,EGFR__CHEMBL443523,CHEMBL443523,EGFR,CHEMBL1132213,2,C=CC(=O)N=c1ccc2c(Nc3cccc(Br)c3)nc[nH]c-2c1,0,data/quantum/erbB_xyz/EGFR__CHEMBL443523__state02.xyz
EGFR__CHEMBL443523__state03,EGFR__CHEMBL443523,CHEMBL443523,EGFR,CHEMBL1132213,3,C=CC(=O)Nc1ccc2c(=Nc3cccc(Br)c3)[nH]cnc2c1,0,data/quantum/erbB_xyz/EGFR__CHEMBL443523__state03.xyz
EGFR__CHEMBL450622__state00,EGFR__CHEMBL450622,CHEMBL450622,EGFR,CHEMBL1132535,0,COc1cccc(-c2ccc3c(c2)NC(=O)/C3=C\c2[nH]cc(C)c2CCC(=O)O)c1,0,data/quantum/erbB_xyz/EGFR__CHEMBL450622__state00.xyz
EGFR__CHEMBL450622__state01,EGFR__CHEMBL450622,CHEMBL450622,EGFR,CHEMBL1132535,1,COc1cccc(-c2ccc3c(C=C4N=CC(C)=C4CC=C(O)O)c(O)[nH]c3c2)c1,0,data/quantum/erbB_xyz/EGFR__CHEMBL450622__state01.xyz
EGFR__CHEMBL450622__state02,EGFR__CHEMBL450622,CHEMBL450622,EGFR,CHEMBL1132535,2,COc1cccc(-c2ccc3c(C=C4N=CC(C)=C4CCC(=O)O)c(O)[nH]c3c2)c1,0,data/quantum/erbB_xyz/EGFR__CHEMBL450622__state02.xyz
EGFR__CHEMBL450622__state03,EGFR__CHEMBL450622,CHEMBL450622,EGFR,CHEMBL1132535,3,COc1cccc(-c2ccc3c(C=c4[nH]cc(C)c4=CCC(=O)O)c(O)[nH]c3c2)c1,0,data/quantum/erbB_xyz/EGFR__CHEMBL450622__state03.xyz
EGFR__CHEMBL48760__state00,EGFR__CHEMBL48760,CHEMBL48760,EGFR,CHEMBL1131018,0,CC(C)c1ccc(/C=C2/C(=O)Nc3ccccc32)cc1,0,data/quantum/erbB_xyz/EGFR__CHEMBL48760__state00.xyz
EGFR__CHEMBL48760__state01,EGFR__CHEMBL48760,CHEMBL48760,EGFR,CHEMBL1131018,1,CC(C)c1ccc(/C=C2/C(O)=Nc3ccccc32)cc1,0,data/quantum/erbB_xyz/EGFR__CHEMBL48760__state01.xyz
EGFR__CHEMBL49986__state00,EGFR__CHEMBL49986,CHEMBL49986,EGFR,CHEMBL1132213,0,C=CC(=O)Nc1cc2ncnc(Nc3cccc(Br)c3)c2cn1,0,data/quantum/erbB_xyz/EGFR__CHEMBL49986__state00.xyz
EGFR__CHEMBL49986__state01,EGFR__CHEMBL49986,CHEMBL49986,EGFR,CHEMBL1132213,1,C=CC(=O)N=c1cc2[nH]cnc(=Nc3cccc(Br)c3)c2c[nH]1,0,data/quantum/erbB_xyz/EGFR__CHEMBL49986__state01.xyz
EGFR__CHEMBL49986__state02,EGFR__CHEMBL49986,CHEMBL49986,EGFR,CHEMBL1132213,2,C=CC(=O)N=c1cc2[nH]cnc(Nc3cccc(Br)c3)c-2cn1,0,data/quantum/erbB_xyz/EGFR__CHEMBL49986__state02.xyz
EGFR__CHEMBL49986__state03,EGFR__CHEMBL49986,CHEMBL49986,EGFR,CHEMBL1132213,3,C=CC(=O)N=c1cc2nc[nH]c(Nc3cccc(Br)c3)c-2cn1,0,data/quantum/erbB_xyz/EGFR__CHEMBL49986__state03.xyz
EGFR__CHEMBL51659__state00,EGFR__CHEMBL51659,CHEMBL51659,EGFR,CHEMBL1134843,0,C=CC(=O)Nc1cc2c(Nc3cccc(Br)c3)ncnc2cn1,0,data/quantum/erbB_xyz/EGFR__CHEMBL51659__state00.xyz
EGFR__CHEMBL51659__state01,EGFR__CHEMBL51659,CHEMBL51659,EGFR,CHEMBL1134843,1,C=CC(=O)N=c1cc2c(=Nc3cccc(Br)c3)[nH]cnc2c[nH]1,0,data/quantum/erbB_xyz/EGFR__CHEMBL51659__state01.xyz
EGFR__CHEMBL51659__state02,EGFR__CHEMBL51659,CHEMBL51659,EGFR,CHEMBL1134843,2,C=CC(=O)N=c1cc2c(=Nc3cccc(Br)c3)nc[nH]c2c[nH]1,0,data/quantum/erbB_xyz/EGFR__CHEMBL51659__state02.xyz
EGFR__CHEMBL51659__state03,EGFR__CHEMBL51659,CHEMBL51659,EGFR,CHEMBL1134843,3,C=CC(=O)N=c1cc2c(Nc3cccc(Br)c3)ncnc2c[nH]1,0,data/quantum/erbB_xyz/EGFR__CHEMBL51659__state03.xyz
EGFR__CHEMBL51741__state00,EGFR__CHEMBL51741,CHEMBL51741,EGFR,CHEMBL1132213,0,C=CC(=O)Nc1ccc2ncnc(N3CCc4ccc(Br)cc43)c2c1,0,data/quantum/erbB_xyz/EGFR__CHEMBL51741__state00.xyz
EGFR__CHEMBL51741__state01,EGFR__CHEMBL51741,CHEMBL51741,EGFR,CHEMBL1132213,1,C=CC(O)=Nc1ccc2ncnc(N3CCc4ccc(Br)cc43)c2c1,0,data/quantum/erbB_xyz/EGFR__CHEMBL51741__state01.xyz
EGFR__CHEMBL52913__state00,EGFR__CHEMBL52913,CHEMBL52913,EGFR,CHEMBL1132213,0,C=CC(=O)Nc1ccc2c(Nc3cccc(Cl)c3)ncnc2c1,0,data/quantum/erbB_xyz/EGFR__CHEMBL52913__state00.xyz
EGFR__CHEMBL52913__state01,EGFR__CHEMBL52913,CHEMBL52913,EGFR,CHEMBL1132213,1,C=CC(=O)N=c1ccc2c(Nc3cccc(Cl)c3)[nH]cnc-2c1,0,data/quantum/erbB_xyz/EGFR__CHEMBL52913__state01.xyz
EGFR__CHEMBL52913__state02,EGFR__CHEMBL52913,CHEMBL52913,EGFR,CHEMBL1132213,2,C=CC(=O)N=c1ccc2c(Nc3cccc(Cl)c3)nc[nH]c-2c1,0,data/quantum/erbB_xyz/EGFR__CHEMBL52913__state02.xyz
EGFR__CHEMBL52913__state03,EGFR__CHEMBL52913,CHEMBL52913,EGFR,CHEMBL1132213,3,C=CC(=O)Nc1ccc2c(=Nc3cccc(Cl)c3)[nH]cnc2c1,0,data/quantum/erbB_xyz/EGFR__CHEMBL52913__state03.xyz
EGFR__CHEMBL53203__state00,EGFR__CHEMBL53203,CHEMBL53203,EGFR,CHEMBL1132213,0,C=CC(=O)Nc1ccc2ncnc(Nc3ccc(Oc4ccccc4)cc3)c2c1,0,data/quantum/erbB_xyz/EGFR__CHEMBL53203__state00.xyz
EGFR__CHEMBL53203__state01,EGFR__CHEMBL53203,CHEMBL53203,EGFR,CHEMBL1132213,1,C=CC(=O)Nc1ccc2[nH]cnc(=Nc3ccc(Oc4ccccc4)cc3)c2c1,0,data/quantum/erbB_xyz/EGFR__CHEMBL53203__state01.xyz
EGFR__CHEMBL53203__state02,EGFR__CHEMBL53203,CHEMBL53203,EGFR,CHEMBL1132213,2,C=CC(=O)Nc1ccc2nc[nH]c(=Nc3ccc(Oc4ccccc4)cc3)c2c1,0,data/quantum/erbB_xyz/EGFR__CHEMBL53203__state02.xyz
EGFR__CHEMBL53203__state03,EGFR__CHEMBL53203,CHEMBL53203,EGFR,CHEMBL1132213,3,C=CC(O)=Nc1ccc2[nH]cnc(=Nc3ccc(Oc4ccccc4)cc3)c2c1,0,data/quantum/erbB_xyz/EGFR__CHEMBL53203__state03.xyz
EGFR__CHEMBL53555__state00,EGFR__CHEMBL53555,CHEMBL53555,EGFR,CHEMBL1132213,0,C=CC(=O)Nc1cc2c(Nc3ccc(F)c(Cl)c3)ncnc2cn1,0,data/quantum/erbB_xyz/EGFR__CHEMBL53555__state00.xyz
EGFR__CHEMBL53555__state01,EGFR__CHEMBL53555,CHEMBL53555,EGFR,CHEMBL1132213,1,C=CC(=O)N=c1cc2c(=Nc3ccc(F)c(Cl)c3)[nH]cnc2c[nH]1,0,data/quantum/erbB_xyz/EGFR__CHEMBL53555__state01.xyz
EGFR__CHEMBL53555__state02,EGFR__CHEMBL53555,CHEMBL53555,EGFR,CHEMBL1132213,2,C=CC(=O)N=c1cc2c(=Nc3ccc(F)c(Cl)c3)nc[nH]c2c[nH]1,0,data/quantum/erbB_xyz/EGFR__CHEMBL53555__state02.xyz
EGFR__CHEMBL53555__state03,EGFR__CHEMBL53555,CHEMBL53555,EGFR,CHEMBL1132213,3,C=CC(=O)N=c1cc2c(Nc3ccc(F)c(Cl)c3)ncnc2c[nH]1,0,data/quantum/erbB_xyz/EGFR__CHEMBL53555__state03.xyz
EGFR__CHEMBL53637__state00,EGFR__CHEMBL53637,CHEMBL53637,EGFR,CHEMBL1132213,0,C=CC(=O)Nc1ccc2ncnc(Nc3cccc(Cl)c3)c2c1,0,data/quantum/erbB_xyz/EGFR__CHEMBL53637__state00.xyz
EGFR__CHEMBL53637__state01,EGFR__CHEMBL53637,CHEMBL53637,EGFR,CHEMBL1132213,1,C=CC(=O)Nc1ccc2[nH]cnc(=Nc3cccc(Cl)c3)c2c1,0,data/quantum/erbB_xyz/EGFR__CHEMBL53637__state01.xyz
EGFR__CHEMBL53637__state02,EGFR__CHEMBL53637,CHEMBL53637,EGFR,CHEMBL1132213,2,C=CC(=O)Nc1ccc2nc[nH]c(=Nc3cccc(Cl)c3)c2c1,0,data/quantum/erbB_xyz/EGFR__CHEMBL53637__state02.xyz
EGFR__CHEMBL53637__state03,EGFR__CHEMBL53637,CHEMBL53637,EGFR,CHEMBL1132213,3,C=CC(O)=Nc1ccc2[nH]cnc(=Nc3cccc(Cl)c3)c2c1,0,data/quantum/erbB_xyz/EGFR__CHEMBL53637__state03.xyz
EGFR__CHEMBL53665__state00,EGFR__CHEMBL53665,CHEMBL53665,EGFR,CHEMBL1132213,0,C=CC(=O)Nc1ccc2ncnc(Nc3ccc(F)c(Br)c3)c2n1,0,data/quantum/erbB_xyz/EGFR__CHEMBL53665__state00.xyz
EGFR__CHEMBL53665__state01,EGFR__CHEMBL53665,CHEMBL53665,EGFR,CHEMBL1132213,1,C=CC(=O)N=c1ccc2[nH]cnc(=Nc3ccc(F)c(Br)c3)c2[nH]1,0,data/quantum/erbB_xyz/EGFR__CHEMBL53665__state01.xyz
EGFR__CHEMBL53665__state02,EGFR__CHEMBL53665,CHEMBL53665,EGFR,CHEMBL1132213,2,C=CC(=O)N=c1ccc2nc[nH]c(=Nc3ccc(F)c(Br)c3)c2[nH]1,0,data/quantum/erbB_xyz/EGFR__CHEMBL53665__state02.xyz
EGFR__CHEMBL53665__state03,EGFR__CHEMBL53665,CHEMBL53665,EGFR,CHEMBL1132213,3,C=CC(=O)N=c1ccc2ncnc(Nc3ccc(F)c(Br)c3)c2[nH]1,0,data/quantum/erbB_xyz/EGFR__CHEMBL53665__state03.xyz
EGFR__CHEMBL53690__state00,EGFR__CHEMBL53690,CHEMBL53690,EGFR,CHEMBL1132213,0,C=CC(=O)Nc1ccc2ncnc(Nc3cccc(C(F)(F)F)c3)c2c1,0,data/quantum/erbB_xyz/EGFR__CHEMBL53690__state00.xyz
EGFR__CHEMBL53690__state01,EGFR__CHEMBL53690,CHEMBL53690,EGFR,CHEMBL1132213,1,C=CC(=O)Nc1ccc2[nH]cnc(=Nc3cccc(C(F)(F)F)c3)c2c1,0,data/quantum/erbB_xyz/EGFR__CHEMBL53690__state01.xyz
EGFR__CHEMBL53690__state02,EGFR__CHEMBL53690,CHEMBL53690,EGFR,CHEMBL1132213,2,C=CC(=O)Nc1ccc2nc[nH]c(=Nc3cccc(C(F)(F)F)c3)c2c1,0,data/quantum/erbB_xyz/EGFR__CHEMBL53690__state02.xyz
EGFR__CHEMBL53690__state03,EGFR__CHEMBL53690,CHEMBL53690,EGFR,CHEMBL1132213,3,C=CC(O)=Nc1ccc2[nH]cnc(=Nc3cccc(C(F)(F)F)c3)c2c1,0,data/quantum/erbB_xyz/EGFR__CHEMBL53690__state03.xyz
EGFR__CHEMBL53898__state00,EGFR__CHEMBL53898,CHEMBL53898,EGFR,CHEMBL1132364,0,N#C/C(=C\c1ccc(O)c(O)c1)C(=O)NCCCc1ccccc1,0,data/quantum/erbB_xyz/EGFR__CHEMBL53898__state00.xyz
EGFR__CHEMBL53898__state01,EGFR__CHEMBL53898,CHEMBL53898,EGFR,CHEMBL1132364,1,N#CC(=CC1=CC(=O)C(O)C=C1)C(=O)NCCCc1ccccc1,0,data/quantum/erbB_xyz/EGFR__CHEMBL53898__state01.xyz
EGFR__CHEMBL53898__state02,EGFR__CHEMBL53898,CHEMBL53898,EGFR,CHEMBL1132364,2,N#CC(=CC1=CC(=O)C(O)C=C1)C(O)=NCCCc1ccccc1,0,data/quantum/erbB_xyz/EGFR__CHEMBL53898__state02.xyz
EGFR__CHEMBL53898__state03,EGFR__CHEMBL53898,CHEMBL53898,EGFR,CHEMBL1132364,3,N#CC(=CC1=CC(O)C(=O)C=C1)C(=O)NCCCc1ccccc1,0,data/quantum/erbB_xyz/EGFR__CHEMBL53898__state03.xyz
EGFR__CHEMBL54088__state00,EGFR__CHEMBL54088,CHEMBL54088,EGFR,CHEMBL1132213,0,C=CC(=O)Nc1cc2c(Nc3cccc(C)c3)ncnc2cn1,0,data/quantum/erbB_xyz/EGFR__CHEMBL54088__state00.xyz
EGFR__CHEMBL54088__state01,EGFR__CHEMBL54088,CHEMBL54088,EGFR,CHEMBL1132213,1,C=CC(=O)N=c1cc2c(=Nc3cccc(C)c3)[nH]cnc2c[nH]1,0,data/quantum/erbB_xyz/EGFR__CHEMBL54088__state01.xyz
EGFR__CHEMBL54088__state02,EGFR__CHEMBL54088,CHEMBL54088,EGFR,CHEMBL1132213,2,C=CC(=O)N=c1cc2c(=Nc3cccc(C)c3)nc[nH]c2c[nH]1,0,data/quantum/erbB_xyz/EGFR__CHEMBL54088__state02.xyz
EGFR__CHEMBL54088__state03,EGFR__CHEMBL54088,CHEMBL54088,EGFR,CHEMBL1132213,3,C=CC(=O)N=c1cc2c(Nc3cccc(C)c3)ncnc2c[nH]1,0,data/quantum/erbB_xyz/EGFR__CHEMBL54088__state03.xyz
EGFR__CHEMBL54091__state00,EGFR__CHEMBL54091,CHEMBL54091,EGFR,CHEMBL1132213,0,C=CC(=O)Nc1cc2c(Nc3ccc(F)c(Br)c3)ncnc2cn1,0,data/quantum/erbB_xyz/EGFR__CHEMBL54091__state00.xyz
EGFR__CHEMBL54091__state01,EGFR__CHEMBL54091,CHEMBL54091,EGFR,CHEMBL1132213,1,C=CC(=O)N=c1cc2c(=Nc3ccc(F)c(Br)c3)[nH]cnc2c[nH]1,0,data/quantum/erbB_xyz/EGFR__CHEMBL54091__state01.xyz
EGFR__CHEMBL54091__state02,EGFR__CHEMBL54091,CHEMBL54091,EGFR,CHEMBL1132213,2,C=CC(=O)N=c1cc2c(=Nc3ccc(F)c(Br)c3)nc[nH]c2c[nH]1,0,data/quantum/erbB_xyz/EGFR__CHEMBL54091__state02.xyz
EGFR__CHEMBL54091__state03,EGFR__CHEMBL54091,CHEMBL54091,EGFR,CHEMBL1132213,3,C=CC(=O)N=c1cc2c(Nc3ccc(F)c(Br)c3)ncnc2c[nH]1,0,data/quantum/erbB_xyz/EGFR__CHEMBL54091__state03.xyz
EGFR__CHEMBL545315__state00,EGFR__CHEMBL545315,CHEMBL545315,EGFR,CHEMBL1134843,0,C=CC(=O)Nc1cc2c(Nc3ccc(F)c(Cl)c3)ncnc2cc1OCCCN1CCOCC1.Cl.Cl,0,data/quantum/erbB_xyz/EGFR__CHEMBL545315__state00.xyz
EGFR__CHEMBL545315__state01,EGFR__CHEMBL545315,CHEMBL545315,EGFR,CHEMBL1134843,1,C=CC(=O)Nc1cc2c(=Nc3ccc(F)c(Cl)c3)[nH]cnc2cc1OCCCN1CCOCC1.Cl.Cl,0,data/quantum/erbB_xyz/EGFR__CHEMBL545315__state01.xyz
EGFR__CHEMBL545315__state02,EGFR__CHEMBL545315,CHEMBL545315,EGFR,CHEMBL1134843,2,C=CC(=O)Nc1cc2c(=Nc3ccc(F)c(Cl)c3)nc[nH]c2cc1OCCCN1CCOCC1.Cl.Cl,0,data/quantum/erbB_xyz/EGFR__CHEMBL545315__state02.xyz
EGFR__CHEMBL545315__state03,EGFR__CHEMBL545315,CHEMBL545315,EGFR,CHEMBL1134843,3,C=CC(O)=Nc1cc2c(=Nc3ccc(F)c(Cl)c3)[nH]cnc2cc1OCCCN1CCOCC1.Cl.Cl,0,data/quantum/erbB_xyz/EGFR__CHEMBL545315__state03.xyz
EGFR__CHEMBL55360__state00,EGFR__CHEMBL55360,CHEMBL55360,EGFR,CHEMBL1136802,0,Cc1cccc(C)c1NC(=O)/C(C#N)=C/c1ccc(O)c(O)c1,0,data/quantum/erbB_xyz/EGFR__CHEMBL55360__state00.xyz
EGFR__CHEMBL55360__state01,EGFR__CHEMBL55360,CHEMBL55360,EGFR,CHEMBL1136802,1,Cc1cccc(C)c1N=C(O)C(C#N)=Cc1ccc(O)c(O)c1,0,data/quantum/erbB_xyz/EGFR__CHEMBL55360__state01.xyz
EGFR__CHEMBL55360__state02,EGFR__CHEMBL55360,CHEMBL55360,EGFR,CHEMBL1136802,2,Cc1cccc(C)c1N=C(O)C(C#N)C=C1C=CC(=O)C(O)=C1,0,data/quantum/erbB_xyz/EGFR__CHEMBL55360__state02.xyz
EGFR__CHEMBL55360__state03,EGFR__CHEMBL55360,CHEMBL55360,EGFR,CHEMBL1136802,3,Cc1cccc(C)c1N=C(O)C(C#N)CC1=CC(=O)C(=O)C=C1,0,data/quantum/erbB_xyz/EGFR__CHEMBL55360__state03.xyz
EGFR__CHEMBL55748__state00,EGFR__CHEMBL55748,CHEMBL55748,EGFR,CHEMBL1125266,0,N#CC(C#N)=C1C(=O)Nc2ccc(O)cc21,0,data/quantum/erbB_xyz/EGFR__CHEMBL55748__state00.xyz
EGFR__CHEMBL55748__state01,EGFR__CHEMBL55748,CHEMBL55748,EGFR,CHEMBL1125266,1,N#CC(C#N)=C1C(=O)NC2=C1CC(=O)C=C2,0,data/quantum/erbB_xyz/EGFR__CHEMBL55748__state01.xyz
EGFR__CHEMBL55748__state02,EGFR__CHEMBL55748,CHEMBL55748,EGFR,CHEMBL1125266,2,N#CC(C#N)=C1C(O)=NC2=C1CC(=O)C=C2,0,data/quantum/erbB_xyz/EGFR__CHEMBL55748__state02.xyz
EGFR__CHEMBL55748__state03,EGFR__CHEMBL55748,CHEMBL55748,EGFR,CHEMBL1125266,3,N#CC(C#N)=C1C(O)=Nc2ccc(O)cc21,0,data/quantum/erbB_xyz/EGFR__CHEMBL55748__state03.xyz
EGFR__CHEMBL55979__state00,EGFR__CHEMBL55979,CHEMBL55979,EGFR,CHEMBL1125266,0,CC(NC(=O)/C(C#N)=C/c1ccc(O)c(O)c1)c1ccccc1,0,data/quantum/erbB_xyz/EGFR__CHEMBL55979__state00.xyz
EGFR__CHEMBL55979__state01,EGFR__CHEMBL55979,CHEMBL55979,EGFR,CHEMBL1125266,1,CC(N=C(O)C(C#N)=Cc1ccc(O)c(O)c1)c1ccccc1,0,data/quantum/erbB_xyz/EGFR__CHEMBL55979__state01.xyz
EGFR__CHEMBL55979__state02,EGFR__CHEMBL55979,CHEMBL55979,EGFR,CHEMBL1125266,2,CC(N=C(O)C(C#N)C=C1C=CC(=O)C(O)=C1)c1ccccc1,0,data/quantum/erbB_xyz/EGFR__CHEMBL55979__state02.xyz
EGFR__CHEMBL55979__state03,EGFR__CHEMBL55979,CHEMBL55979,EGFR,CHEMBL1125266,3,CC(N=C(O)C(C#N)CC1=CC(=O)C(=O)C=C1)c1ccccc1,0,data/quantum/erbB_xyz/EGFR__CHEMBL55979__state03.xyz
EGFR__CHEMBL56201__state00,EGFR__CHEMBL56201,CHEMBL56201,EGFR,CHEMBL1125266,0,CN1C(=O)C(=C(C#N)C#N)c2cc(O)ccc21,0,data/quantum/erbB_xyz/EGFR__CHEMBL56201__state00.xyz
EGFR__CHEMBL56201__state01,EGFR__CHEMBL56201,CHEMBL56201,EGFR,CHEMBL1125266,1,CN1C(=O)C(=C(C#N)C#N)C2=C1C=CC(=O)C2,0,data/quantum/erbB_xyz/EGFR__CHEMBL56201__state01.xyz
EGFR__CHEMBL56219__state00,EGFR__CHEMBL56219,CHEMBL56219,EGFR,CHEMBL1125266,0,N#C/C(=C\c1ccc(O)c(O)c1)C(=O)Nc1ccccc1Cl,0,data/quantum/erbB_xyz/EGFR__CHEMBL56219__state00.xyz
EGFR__CHEMBL56219__state01,EGFR__CHEMBL56219,CHEMBL56219,EGFR,CHEMBL1125266,1,N#CC(=CC1=CC(=O)C(O)C=C1)C(=O)Nc1ccccc1Cl,0,data/quantum/erbB_xyz/EGFR__CHEMBL56219__state01.xyz
EGFR__CHEMBL56219__state02,EGFR__CHEMBL56219,CHEMBL56219,EGFR,CHEMBL1125266,2,N#CC(=CC1=CC(=O)C(O)C=C1)C(O)=Nc1ccccc1Cl,0,data/quantum/erbB_xyz/EGFR__CHEMBL56219__state02.xyz
EGFR__CHEMBL56219__state03,EGFR__CHEMBL56219,CHEMBL56219,EGFR,CHEMBL1125266,3,N#CC(=CC1=CC(O)C(=O)C=C1)C(=O)Nc1ccccc1Cl,0,data/quantum/erbB_xyz/EGFR__CHEMBL56219__state03.xyz
EGFR__CHEMBL56319__state00,EGFR__CHEMBL56319,CHEMBL56319,EGFR,CHEMBL1136802,0,CCOC(=O)C(Cc1ccccc1)NC(=O)/C(C#N)=C/c1ccc(O)c(O)c1,0,data/quantum/erbB_xyz/EGFR__CHEMBL56319__state00.xyz
EGFR__CHEMBL56319__state01,EGFR__CHEMBL56319,CHEMBL56319,EGFR,CHEMBL1136802,1,CCOC(=O)C(Cc1ccccc1)N=C(O)C(C#N)=Cc1ccc(O)c(O)c1,0,data/quantum/erbB_xyz/EGFR__CHEMBL56319__state01.xyz
EGFR__CHEMBL56319__state02,EGFR__CHEMBL56319,CHEMBL56319,EGFR,CHEMBL1136802,2,CCOC(=O)C(Cc1ccccc1)N=C(O)C(C#N)C=C1C=CC(=O)C(O)=C1,0,data/quantum/erbB_xyz/EGFR__CHEMBL56319__state02.xyz
EGFR__CHEMBL56319__state03,EGFR__CHEMBL56319,CHEMBL56319,EGFR,CHEMBL1136802,3,CCOC(=O)C(Cc1ccccc1)NC(=O)/C(C#N)=C/C1=CC(O)C(=O)C=C1,0,data/quantum/erbB_xyz/EGFR__CHEMBL56319__state03.xyz
EGFR__CHEMBL56542__state00,EGFR__CHEMBL56542,CHEMBL56542,EGFR,CHEMBL1136802,0,N#C/C(=C\c1ccc(O)c(O)c1)C(=O)N1CCc2ccccc21,0,data/quantum/erbB_xyz/EGFR__CHEMBL56542__state00.xyz
EGFR__CHEMBL56542__state01,EGFR__CHEMBL56542,CHEMBL56542,EGFR,CHEMBL1136802,1,N#CC(=CC1=CC(=O)C(O)C=C1)C(=O)N1CCc2ccccc21,0,data/quantum/erbB_xyz/EGFR__CHEMBL56542__state01.xyz
EGFR__CHEMBL56542__state02,EGFR__CHEMBL56542,CHEMBL56542,EGFR,CHEMBL1136802,2,N#CC(=CC1=CC(O)C(=O)C=C1)C(=O)N1CCc2ccccc21,0,data/quantum/erbB_xyz/EGFR__CHEMBL56542__state02.xyz
EGFR__CHEMBL56542__state03,EGFR__CHEMBL56542,CHEMBL56542,EGFR,CHEMBL1136802,3,N#CC(=CC1=CCC(=O)C(=O)C1)C(=O)N1CCc2ccccc21,0,data/quantum/erbB_xyz/EGFR__CHEMBL56542__state03.xyz
EGFR__CHEMBL56543__state00,EGFR__CHEMBL56543,CHEMBL56543,EGFR,CHEMBL1132364,0,N#C/C(=C\c1ccc(O)c(O)c1)C(=O)NCc1ccccc1,0,data/quantum/erbB_xyz/EGFR__CHEMBL56543__state00.xyz
EGFR__CHEMBL56543__state01,EGFR__CHEMBL56543,CHEMBL56543,EGFR,CHEMBL1132364,1,N#CC(=CC1=CC(=O)C(O)C=C1)C(=O)NCc1ccccc1,0,data/quantum/erbB_xyz/EGFR__CHEMBL56543__state01.xyz
EGFR__CHEMBL56543__state02,EGFR__CHEMBL56543,CHEMBL56543,EGFR,CHEMBL1132364,2,N#CC(=CC1=CC(=O)C(O)C=C1)C(O)=NCc1ccccc1,0,data/quantum/erbB_xyz/EGFR__CHEMBL56543__state02.xyz
EGFR__CHEMBL56543__state03,EGFR__CHEMBL56543,CHEMBL56543,EGFR,CHEMBL1132364,3,N#CC(=CC1=CC(O)C(=O)C=C1)C(=O)NCc1ccccc1,0,data/quantum/erbB_xyz/EGFR__CHEMBL56543__state03.xyz
EGFR__CHEMBL56731__state00,EGFR__CHEMBL56731,CHEMBL56731,EGFR,CHEMBL1125266,0,N#C/C(=C\c1ccc(O)c(O)c1)C(=O)Nc1ccccc1,0,data/quantum/erbB_xyz/EGFR__CHEMBL56731__state00.xyz
EGFR__CHEMBL56731__state01,EGFR__CHEMBL56731,CHEMBL56731,EGFR,CHEMBL1125266,1,N#CC(=CC1=CC(=O)C(O)C=C1)C(=O)Nc1ccccc1,0,data/quantum/erbB_xyz/EGFR__CHEMBL56731__state01.xyz
EGFR__CHEMBL56731__state02,EGFR__CHEMBL56731,CHEMBL56731,EGFR,CHEMBL1125266,2,N#CC(=CC1=CC(=O)C(O)C=C1)C(O)=Nc1ccccc1,0,data/quantum/erbB_xyz/EGFR__CHEMBL56731__state02.xyz
EGFR__CHEMBL56731__state03,EGFR__CHEMBL56731,CHEMBL56731,EGFR,CHEMBL1125266,3,N#CC(=CC1=CC(O)C(=O)C=C1)C(=O)Nc1ccccc1,0,data/quantum/erbB_xyz/EGFR__CHEMBL56731__state03.xyz
EGFR__CHEMBL56964__state00,EGFR__CHEMBL56964,CHEMBL56964,EGFR,CHEMBL1125266,0,COc1cc2c(cc1O)NC(=O)C2=C(C#N)C#N,0,data/quantum/erbB_xyz/EGFR__CHEMBL56964__state00.xyz
EGFR__CHEMBL56964__state01,EGFR__CHEMBL56964,CHEMBL56964,EGFR,CHEMBL1125266,1,COC1=C(O)CC2=NC(=O)C(=C(C#N)C#N)C2=C1,0,data/quantum/erbB_xyz/EGFR__CHEMBL56964__state01.xyz
EGFR__CHEMBL56964__state02,EGFR__CHEMBL56964,CHEMBL56964,EGFR,CHEMBL1125266,2,COC1=CC2=C(C(C#N)C#N)C(=O)N=C2CC1=O,0,data/quantum/erbB_xyz/EGFR__CHEMBL56964__state02.xyz
EGFR__CHEMBL56964__state03,EGFR__CHEMBL56964,CHEMBL56964,EGFR,CHEMBL1125266,3,COC1=CC2=C(C(C#N)C#N)C(=O)NC2=CC1=O,0,data/quantum/erbB_xyz/EGFR__CHEMBL56964__state03.xyz
EGFR__CHEMBL57251__state00,EGFR__CHEMBL57251,CHEMBL57251,EGFR,CHEMBL1136802,0,COc1ccc(NC(=O)/C(C#N)=C/c2ccc(O)c(O)c2)c(OC)c1,0,data/quantum/erbB_xyz/EGFR__CHEMBL57251__state00.xyz
EGFR__CHEMBL57251__state01,EGFR__CHEMBL57251,CHEMBL57251,EGFR,CHEMBL1136802,1,COc1ccc(N=C(O)C(C#N)=Cc2ccc(O)c(O)c2)c(OC)c1,0,data/quantum/erbB_xyz/EGFR__CHEMBL57251__state01.xyz
EGFR__CHEMBL57251__state02,EGFR__CHEMBL57251,CHEMBL57251,EGFR,CHEMBL1136802,2,COc1ccc(N=C(O)C(C#N)C=C2C=CC(=O)C(O)=C2)c(OC)c1,0,data/quantum/erbB_xyz/EGFR__CHEMBL57251__state02.xyz
EGFR__CHEMBL57251__state03,EGFR__CHEMBL57251,CHEMBL57251,EGFR,CHEMBL1136802,3,COc1ccc(N=C(O)C(C#N)CC2=CC(=O)C(=O)C=C2)c(OC)c1,0,data/quantum/erbB_xyz/EGFR__CHEMBL57251__state03.xyz
EGFR__CHEMBL607707__state00,EGFR__CHEMBL607707,CHEMBL607707,EGFR,CHEMBL1145020,0,CCOc1cc2ncc(C#N)c(Nc3ccc(F)c(Cl)c3)c2cc1NC(=O)/C=C/CN(C)C,0,data/quantum/erbB_xyz/EGFR__CHEMBL607707__state00.xyz
EGFR__CHEMBL607707__state01,EGFR__CHEMBL607707,CHEMBL607707,EGFR,CHEMBL1145020,1,CCOc1cc2[nH]cc(C#N)c(=Nc3ccc(F)c(Cl)c3)c2cc1N=C(O)/C=C/CN(C)C,0,data/quantum/erbB_xyz/EGFR__CHEMBL607707__state01.xyz
EGFR__CHEMBL607707__state02,EGFR__CHEMBL607707,CHEMBL607707,EGFR,CHEMBL1145020,2,CCOc1cc2[nH]cc(C#N)c(=Nc3ccc(F)c(Cl)c3)c2cc1NC(=O)/C=C/CN(C)C,0,data/quantum/erbB_xyz/EGFR__CHEMBL607707__state02.xyz
EGFR__CHEMBL607707__state03,EGFR__CHEMBL607707,CHEMBL607707,EGFR,CHEMBL1145020,3,CCOc1cc2ncc(C#N)c(Nc3ccc(F)c(Cl)c3)c2cc1N=C(O)/C=C/CN(C)C,0,data/quantum/erbB_xyz/EGFR__CHEMBL607707__state03.xyz
EGFR__CHEMBL66570__state00,EGFR__CHEMBL66570,CHEMBL66570,EGFR,CHEMBL1134862,0,CCN1CCN(C(=O)c2cc(C)c(/C=C3\C(=O)Nc4ncnc(Nc5ccc(F)c(Cl)c5)c43)[nH]2)CC1,0,data/quantum/erbB_xyz/EGFR__CHEMBL66570__state00.xyz
EGFR__CHEMBL66570__state01,EGFR__CHEMBL66570,CHEMBL66570,EGFR,CHEMBL1134862,1,C=c1cc(C(=O)N2CCN(CC)CC2)[nH]c1=CC1C(=O)Nc2ncnc(Nc3ccc(F)c(Cl)c3)c21,0,data/quantum/erbB_xyz/EGFR__CHEMBL66570__state01.xyz
EGFR__CHEMBL66570__state02,EGFR__CHEMBL66570,CHEMBL66570,EGFR,CHEMBL1134862,2,C=c1cc(C(=O)N2CCN(CC)CC2)[nH]c1=Cc1c(O)[nH]c2ncnc(Nc3ccc(F)c(Cl)c3)c12,0,data/quantum/erbB_xyz/EGFR__CHEMBL66570__state02.xyz
EGFR__CHEMBL66570__state03,EGFR__CHEMBL66570,CHEMBL66570,EGFR,CHEMBL1134862,3,CCN1CCN(C(=O)C2=NC(=CC3C(=O)Nc4ncnc(Nc5ccc(F)c(Cl)c5)c43)C(C)=C2)CC1,0,data/quantum/erbB_xyz/EGFR__CHEMBL66570__state03.xyz
EGFR__CHEMBL67003__state00,EGFR__CHEMBL67003,CHEMBL67003,EGFR,CHEMBL1134862,0,Cc1cc(C(=O)N2CCOCC2)[nH]c1/C=C1\C(=O)Nc2ncnc(Nc3ccc4c(cnn4Cc4ccccc4)c3)c21,0,data/quantum/erbB_xyz/EGFR__CHEMBL67003__state00.xyz
EGFR__CHEMBL67003__state01,EGFR__CHEMBL67003,CHEMBL67003,EGFR,CHEMBL1134862,1,C=c1cc(C(=O)N2CCOCC2)[nH]c1=Cc1c(O)[nH]c2ncnc(Nc3ccc4c(cnn4Cc4ccccc4)c3)c12,0,data/quantum/erbB_xyz/EGFR__CHEMBL67003__state01.xyz
EGFR__CHEMBL67003__state02,EGFR__CHEMBL67003,CHEMBL67003,EGFR,CHEMBL1134862,2,CC1=CC(=C(O)N2CCOCC2)N=C1C=C1C(=O)Nc2ncnc(Nc3ccc4c(cnn4Cc4ccccc4)c3)c21,0,data/quantum/erbB_xyz/EGFR__CHEMBL67003__state02.xyz
EGFR__CHEMBL67003__state03,EGFR__CHEMBL67003,CHEMBL67003,EGFR,CHEMBL1134862,3,CC1=CC(C(=O)N2CCOCC2)=NC1=CC1C(=O)Nc2ncnc(Nc3ccc4c(cnn4Cc4ccccc4)c3)c21,0,data/quantum/erbB_xyz/EGFR__CHEMBL67003__state03.xyz
EGFR__CHEMBL67057__state00,EGFR__CHEMBL67057,CHEMBL67057,EGFR,CHEMBL1134862,0,Cc1cc(C(=O)N2CCOCC2)[nH]c1/C=C1\C(=O)Nc2ncnc(Nc3ccc4c(ccn4Cc4ccccc4)c3)c21,0,data/quantum/erbB_xyz/EGFR__CHEMBL67057__state00.xyz
EGFR__CHEMBL67057__state01,EGFR__CHEMBL67057,CHEMBL67057,EGFR,CHEMBL1134862,1,C=c1cc(C(=O)N2CCOCC2)[nH]c1=Cc1c(O)[nH]c2ncnc(Nc3ccc4c(ccn4Cc4ccccc4)c3)c12,0,data/quantum/erbB_xyz/EGFR__CHEMBL67057__state01.xyz
EGFR__CHEMBL67057__state02,EGFR__CHEMBL67057,CHEMBL67057,EGFR,CHEMBL1134862,2,CC1=CC(=C(O)N2CCOCC2)N=C1C=C1C(=O)Nc2ncnc(Nc3ccc4c(ccn4Cc4ccccc4)c3)c21,0,data/quantum/erbB_xyz/EGFR__CHEMBL67057__state02.xyz
EGFR__CHEMBL67057__state03,EGFR__CHEMBL67057,CHEMBL67057,EGFR,CHEMBL1134862,3,CC1=CC(C(=O)N2CCOCC2)=NC1=CC1C(=O)Nc2ncnc(Nc3ccc4c(ccn4Cc4ccccc4)c3)c21,0,data/quantum/erbB_xyz/EGFR__CHEMBL67057__state03.xyz
EGFR__CHEMBL67535__state00,EGFR__CHEMBL67535,CHEMBL67535,EGFR,CHEMBL1129590,0,N#C/C(=C\c1ccc(O)c(O)c1)C(=O)NCCCNC(=O)/C(C#N)=C/c1ccc(O)c(O)c1,0,data/quantum/erbB_xyz/EGFR__CHEMBL67535__state00.xyz
EGFR__CHEMBL67535__state01,EGFR__CHEMBL67535,CHEMBL67535,EGFR,CHEMBL1129590,1,N#C/C(=C\C1=CC(O)C(=O)C=C1)C(=O)NCCCNC(=O)/C(C#N)=C/c1ccc(O)c(O)c1,0,data/quantum/erbB_xyz/EGFR__CHEMBL67535__state01.xyz
EGFR__CHEMBL67535__state02,EGFR__CHEMBL67535,CHEMBL67535,EGFR,CHEMBL1129590,2,N#C/C(=C\c1ccc(O)c(O)c1)C(=O)NCCCN=C(O)/C(C#N)=C/c1ccc(O)c(O)c1,0,data/quantum/erbB_xyz/EGFR__CHEMBL67535__state02.xyz
EGFR__CHEMBL67535__state03,EGFR__CHEMBL67535,CHEMBL67535,EGFR,CHEMBL1129590,3,N#C/C(=C\c1ccc(O)c(O)c1)C(=O)NCCCNC(=O)C(C#N)C=C1C=CC(=O)C(O)=C1,0,data/quantum/erbB_xyz/EGFR__CHEMBL67535__state03.xyz
EGFR__CHEMBL68920__state00,EGFR__CHEMBL68920,CHEMBL68920,EGFR,CHEMBL1134862,0,Cc1cc(C)c(/C=C2\C(=O)Nc3ncnc(Nc4ccc(F)c(Cl)c4)c32)[nH]1,0,data/quantum/erbB_xyz/EGFR__CHEMBL68920__state00.xyz
EGFR__CHEMBL68920__state01,EGFR__CHEMBL68920,CHEMBL68920,EGFR,CHEMBL1134862,1,C=c1cc(C)[nH]c1=Cc1c(O)[nH]c2ncnc(Nc3ccc(F)c(Cl)c3)c12,0,data/quantum/erbB_xyz/EGFR__CHEMBL68920__state01.xyz
EGFR__CHEMBL68920__state02,EGFR__CHEMBL68920,CHEMBL68920,EGFR,CHEMBL1134862,2,CC1=CC(C)=NC1=CC1C(=O)Nc2ncnc(Nc3ccc(F)c(Cl)c3)c21,0,data/quantum/erbB_xyz/EGFR__CHEMBL68920__state02.xyz
EGFR__CHEMBL68920__state03,EGFR__CHEMBL68920,CHEMBL68920,EGFR,CHEMBL1134862,3,CC1=CC(C)=NC1=Cc1c(O)[nH]c2ncnc(Nc3ccc(F)c(Cl)c3)c12,0,data/quantum/erbB_xyz/EGFR__CHEMBL68920__state03.xyz
EGFR__CHEMBL69071__state00,EGFR__CHEMBL69071,CHEMBL69071,EGFR,CHEMBL1134862,0,Cc1cc(C(=O)N2CC(C)NC(C)C2)[nH]c1/C=C1\C(=O)Nc2ncnc(Nc3ccc(F)c(Cl)c3)c21,0,data/quantum/erbB_xyz/EGFR__CHEMBL69071__state00.xyz
EGFR__CHEMBL69071__state01,EGFR__CHEMBL69071,CHEMBL69071,EGFR,CHEMBL1134862,1,C=c1cc(C(=O)N2CC(C)NC(C)C2)[nH]c1=Cc1c(O)[nH]c2ncnc(Nc3ccc(F)c(Cl)c3)c12,0,data/quantum/erbB_xyz/EGFR__CHEMBL69071__state01.xyz
EGFR__CHEMBL69071__state02,EGFR__CHEMBL69071,CHEMBL69071,EGFR,CHEMBL1134862,2,CC1=CC(=C(O)N2CC(C)NC(C)C2)N=C1C=C1C(=O)Nc2ncnc(Nc3ccc(F)c(Cl)c3)c21,0,data/quantum/erbB_xyz/EGFR__CHEMBL69071__state02.xyz
EGFR__CHEMBL69071__state03,EGFR__CHEMBL69071,CHEMBL69071,EGFR,CHEMBL1134862,3,CC1=CC(C(=O)N2CC(C)NC(C)C2)=NC1=CC1C(=O)Nc2ncnc(Nc3ccc(F)c(Cl)c3)c21,0,data/quantum/erbB_xyz/EGFR__CHEMBL69071__state03.xyz
EGFR__CHEMBL69358__state00,EGFR__CHEMBL69358,CHEMBL69358,EGFR,CHEMBL1134862,0,CCN(CC)CCNC(=O)c1cc(C)c(/C=C2\C(=O)Nc3ncnc(Nc4ccc(F)c(Cl)c4)c32)[nH]1,0,data/quantum/erbB_xyz/EGFR__CHEMBL69358__state00.xyz
EGFR__CHEMBL69358__state01,EGFR__CHEMBL69358,CHEMBL69358,EGFR,CHEMBL1134862,1,C=c1cc(C(=O)NCCN(CC)CC)[nH]c1=CC1C(=O)Nc2ncnc(Nc3ccc(F)c(Cl)c3)c21,0,data/quantum/erbB_xyz/EGFR__CHEMBL69358__state01.xyz
EGFR__CHEMBL69358__state02,EGFR__CHEMBL69358,CHEMBL69358,EGFR,CHEMBL1134862,2,C=c1cc(C(=O)NCCN(CC)CC)[nH]c1=Cc1c(O)[nH]c2ncnc(Nc3ccc(F)c(Cl)c3)c12,0,data/quantum/erbB_xyz/EGFR__CHEMBL69358__state02.xyz
EGFR__CHEMBL69358__state03,EGFR__CHEMBL69358,CHEMBL69358,EGFR,CHEMBL1134862,3,CCN(CC)CCN=C(O)c1cc(C)c(C=C2C(=O)Nc3ncnc(Nc4ccc(F)c(Cl)c4)c32)[nH]1,0,data/quantum/erbB_xyz/EGFR__CHEMBL69358__state03.xyz
EGFR__CHEMBL69629__state00,EGFR__CHEMBL69629,CHEMBL69629,EGFR,CHEMBL1134862,0,Cc1cc(C(=O)NCCN2CCOCC2)[nH]c1/C=C1\C(=O)Nc2ncnc(Nc3ccc(F)c(Cl)c3)c21,0,data/quantum/erbB_xyz/EGFR__CHEMBL69629__state00.xyz
EGFR__CHEMBL69629__state01,EGFR__CHEMBL69629,CHEMBL69629,EGFR,CHEMBL1134862,1,C=c1cc(C(=O)NCCN2CCOCC2)[nH]c1=Cc1c(O)[nH]c2ncnc(Nc3ccc(F)c(Cl)c3)c12,0,data/quantum/erbB_xyz/EGFR__CHEMBL69629__state01.xyz
EGFR__CHEMBL69629__state02,EGFR__CHEMBL69629,CHEMBL69629,EGFR,CHEMBL1134862,2,CC1=CC(=C(O)NCCN2CCOCC2)N=C1C=C1C(=O)Nc2ncnc(Nc3ccc(F)c(Cl)c3)c21,0,data/quantum/erbB_xyz/EGFR__CHEMBL69629__state02.xyz
EGFR__CHEMBL69629__state03,EGFR__CHEMBL69629,CHEMBL69629,EGFR,CHEMBL1134862,3,CC1=CC(C(=O)NCCN2CCOCC2)=NC1=CC1C(=O)Nc2ncnc(Nc3ccc(F)c(Cl)c3)c21,0,data/quantum/erbB_xyz/EGFR__CHEMBL69629__state03.xyz
EGFR__CHEMBL69960__state00,EGFR__CHEMBL69960,CHEMBL69960,EGFR,CHEMBL1134862,0,Cc1cc(C(=O)N2CCOCC2)[nH]c1/C=C1\C(=O)Nc2ncnc(Nc3ccc(F)c(Cl)c3)c21,0,data/quantum/erbB_xyz/EGFR__CHEMBL69960__state00.xyz
EGFR__CHEMBL69960__state01,EGFR__CHEMBL69960,CHEMBL69960,EGFR,CHEMBL1134862,1,C=c1cc(C(=O)N2CCOCC2)[nH]c1=Cc1c(O)[nH]c2ncnc(Nc3ccc(F)c(Cl)c3)c12,0,data/quantum/erbB_xyz/EGFR__CHEMBL69960__state01.xyz
EGFR__CHEMBL69960__state02,EGFR__CHEMBL69960,CHEMBL69960,EGFR,CHEMBL1134862,2,CC1=CC(=C(O)N2CCOCC2)N=C1C=C1C(=O)Nc2ncnc(Nc3ccc(F)c(Cl)c3)c21,0,data/quantum/erbB_xyz/EGFR__CHEMBL69960__state02.xyz
EGFR__CHEMBL69960__state03,EGFR__CHEMBL69960,CHEMBL69960,EGFR,CHEMBL1134862,3,CC1=CC(C(=O)N2CCOCC2)=NC1=CC1C(=O)Nc2ncnc(Nc3ccc(F)c(Cl)c3)c21,0,data/quantum/erbB_xyz/EGFR__CHEMBL69960__state03.xyz
EGFR__CHEMBL69964__state00,EGFR__CHEMBL69964,CHEMBL69964,EGFR,CHEMBL1134862,0,Cc1cc(/C=C2\C(=O)Nc3ncnc(Nc4ccc(F)c(Cl)c4)c32)[nH]c1C(=O)N1CCN(C)CC1,0,data/quantum/erbB_xyz/EGFR__CHEMBL69964__state00.xyz
EGFR__CHEMBL69964__state01,EGFR__CHEMBL69964,CHEMBL69964,EGFR,CHEMBL1134862,1,CC1=CC(=CC2C(=O)Nc3ncnc(Nc4ccc(F)c(Cl)c4)c32)N=C1C(=O)N1CCN(C)CC1,0,data/quantum/erbB_xyz/EGFR__CHEMBL69964__state01.xyz
EGFR__CHEMBL69964__state02,EGFR__CHEMBL69964,CHEMBL69964,EGFR,CHEMBL1134862,2,CC1=CC(=CC2C(O)=Nc3ncnc(Nc4ccc(F)c(Cl)c4)c32)N=C1C(=O)N1CCN(C)CC1,0,data/quantum/erbB_xyz/EGFR__CHEMBL69964__state02.xyz
EGFR__CHEMBL69964__state03,EGFR__CHEMBL69964,CHEMBL69964,EGFR,CHEMBL1134862,3,CC1=CC(=Cc2c(O)[nH]c3ncnc(Nc4ccc(F)c(Cl)c4)c23)N=C1C(=O)N1CCN(C)CC1,0,data/quantum/erbB_xyz/EGFR__CHEMBL69964__state03.xyz
EGFR__CHEMBL69966__state00,EGFR__CHEMBL69966,CHEMBL69966,EGFR,CHEMBL1134862,0,C#Cc1cccc(Nc2ncnc3c2/C(=C/c2[nH]c(C(=O)NCCN4CCOCC4)cc2C)C(=O)N3)c1,0,data/quantum/erbB_xyz/EGFR__CHEMBL69966__state00.xyz
EGFR__CHEMBL69966__state01,EGFR__CHEMBL69966,CHEMBL69966,EGFR,CHEMBL1134862,1,C#Cc1cccc(N=c2[nH]cnc3c2C(=Cc2[nH]c(C(=O)NCCN4CCOCC4)cc2C)C(=O)N3)c1,0,data/quantum/erbB_xyz/EGFR__CHEMBL69966__state01.xyz
EGFR__CHEMBL69966__state02,EGFR__CHEMBL69966,CHEMBL69966,EGFR,CHEMBL1134862,2,C#Cc1cccc(N=c2[nH]cnc3c2C(=Cc2[nH]c(C(=O)NCCN4CCOCC4)cc2C)C(O)=N3)c1,0,data/quantum/erbB_xyz/EGFR__CHEMBL69966__state02.xyz
EGFR__CHEMBL69966__state03,EGFR__CHEMBL69966,CHEMBL69966,EGFR,CHEMBL1134862,3,C#Cc1cccc(N=c2nc[nH]c3c2C(=Cc2[nH]c(C(=O)NCCN4CCOCC4)cc2C)C(=O)N3)c1,0,data/quantum/erbB_xyz/EGFR__CHEMBL69966__state03.xyz
EGFR__CHEMBL76557__state00,EGFR__CHEMBL76557,CHEMBL76557,EGFR,CHEMBL1124610,0,N#CCNC(=O)/C(C#N)=C/c1ccc(O)cc1,0,data/quantum/erbB_xyz/EGFR__CHEMBL76557__state00.xyz
EGFR__CHEMBL76557__state01,EGFR__CHEMBL76557,CHEMBL76557,EGFR,CHEMBL1124610,1,N#CCN=C(O)C(C#N)=CC1=CCC(=O)C=C1,0,data/quantum/erbB_xyz/EGFR__CHEMBL76557__state01.xyz
EGFR__CHEMBL76557__state02,EGFR__CHEMBL76557,CHEMBL76557,EGFR,CHEMBL1124610,2,N#CCN=C(O)C(C#N)=Cc1ccc(O)cc1,0,data/quantum/erbB_xyz/EGFR__CHEMBL76557__state02.xyz
EGFR__CHEMBL76557__state03,EGFR__CHEMBL76557,CHEMBL76557,EGFR,CHEMBL1124610,3,N#CCN=C(O)C(C#N)C=C1C=CC(=O)C=C1,0,data/quantum/erbB_xyz/EGFR__CHEMBL76557__state03.xyz
EGFR__CHEMBL77243__state00,EGFR__CHEMBL77243,CHEMBL77243,EGFR,CHEMBL1124610,0,CCCCc1cc(/C=C(\C#N)C(N)=O)cc(CCCC)c1O,0,data/quantum/erbB_xyz/EGFR__CHEMBL77243__state00.xyz
EGFR__CHEMBL77243__state01,EGFR__CHEMBL77243,CHEMBL77243,EGFR,CHEMBL1124610,1,CCCCC1=CC(=CC(C#N)=C(N)O)C=C(CCCC)C1=O,0,data/quantum/erbB_xyz/EGFR__CHEMBL77243__state01.xyz
EGFR__CHEMBL77243__state02,EGFR__CHEMBL77243,CHEMBL77243,EGFR,CHEMBL1124610,2,CCCCC1=CC(=CC(C#N)C(=N)O)C=C(CCCC)C1=O,0,data/quantum/erbB_xyz/EGFR__CHEMBL77243__state02.xyz
EGFR__CHEMBL77243__state03,EGFR__CHEMBL77243,CHEMBL77243,EGFR,CHEMBL1124610,3,CCCCC1=CC(=CC(C#N)C(N)=O)C=C(CCCC)C1=O,0,data/quantum/erbB_xyz/EGFR__CHEMBL77243__state03.xyz
EGFR__CHEMBL85021__state00,EGFR__CHEMBL85021,CHEMBL85021,EGFR,CHEMBL1131018,0,CC(C)c1cc(/C=C2\C(=O)Nc3ccccc32)cc(C(C)C)c1O,0,data/quantum/erbB_xyz/EGFR__CHEMBL85021__state00.xyz
EGFR__CHEMBL85021__state01,EGFR__CHEMBL85021,CHEMBL85021,EGFR,CHEMBL1131018,1,CC(C)C1=CC(=CC2C(=O)Nc3ccccc32)C=C(C(C)C)C1=O,0,data/quantum/erbB_xyz/EGFR__CHEMBL85021__state01.xyz
EGFR__CHEMBL85021__state02,EGFR__CHEMBL85021,CHEMBL85021,EGFR,CHEMBL1131018,2,CC(C)C1=CC(=CC2C(O)=Nc3ccccc32)C=C(C(C)C)C1=O,0,data/quantum/erbB_xyz/EGFR__CHEMBL85021__state02.xyz
EGFR__CHEMBL85021__state03,EGFR__CHEMBL85021,CHEMBL85021,EGFR,CHEMBL1131018,3,CC(C)C1=CC(=Cc2c(O)[nH]c3ccccc23)C=C(C(C)C)C1=O,0,data/quantum/erbB_xyz/EGFR__CHEMBL85021__state03.xyz
EGFR__CHEMBL86326__state00,EGFR__CHEMBL86326,CHEMBL86326,EGFR,CHEMBL1131018,0,COc1ccc(/C=C2\C(=O)Nc3ccc(Cl)cc32)cc1C(C)(C)C,0,data/quantum/erbB_xyz/EGFR__CHEMBL86326__state00.xyz
EGFR__CHEMBL86326__state01,EGFR__CHEMBL86326,CHEMBL86326,EGFR,CHEMBL1131018,1,COc1ccc(C=C2C(=O)Nc3ccc(Cl)cc32)cc1C(C)(C)C,0,data/quantum/erbB_xyz/EGFR__CHEMBL86326__state01.xyz
EGFR__CHEMBL86326__state02,EGFR__CHEMBL86326,CHEMBL86326,EGFR,CHEMBL1131018,2,COc1ccc(C=C2C(O)=Nc3ccc(Cl)cc32)cc1C(C)(C)C,0,data/quantum/erbB_xyz/EGFR__CHEMBL86326__state02.xyz
EGFR__CHEMBL86326__state03,EGFR__CHEMBL86326,CHEMBL86326,EGFR,CHEMBL1131018,3,COc1ccc(CC2=c3cc(Cl)ccc3=NC2=O)cc1C(C)(C)C,0,data/quantum/erbB_xyz/EGFR__CHEMBL86326__state03.xyz
EGFR__CHEMBL86531__state00,EGFR__CHEMBL86531,CHEMBL86531,EGFR,CHEMBL1133768,0,NS(=O)(=O)c1ccc2c(c1)/C(=C/c1[nH]c3c(c1CCC(=O)O)CCCC3)C(=O)N2,0,data/quantum/erbB_xyz/EGFR__CHEMBL86531__state00.xyz
EGFR__CHEMBL86531__state01,EGFR__CHEMBL86531,CHEMBL86531,EGFR,CHEMBL1133768,1,NS(=O)(=O)c1ccc2[nH]c(O)c(C=C3N=C4CCCCC4=C3CCC(=O)O)c2c1,0,data/quantum/erbB_xyz/EGFR__CHEMBL86531__state01.xyz
EGFR__CHEMBL86531__state02,EGFR__CHEMBL86531,CHEMBL86531,EGFR,CHEMBL1133768,2,NS(=O)(=O)c1ccc2[nH]c(O)c(C=c3[nH]c4c(c3=CCC(=O)O)CCCC4)c2c1,0,data/quantum/erbB_xyz/EGFR__CHEMBL86531__state02.xyz
EGFR__CHEMBL86531__state03,EGFR__CHEMBL86531,CHEMBL86531,EGFR,CHEMBL1133768,3,NS(=O)(=O)c1ccc2c(c1)/C(=C/c1[nH]c3c(c1CCC(=O)O)CCCC3)C(O)=N2,0,data/quantum/erbB_xyz/EGFR__CHEMBL86531__state03.xyz
EGFR__CHEMBL87746__state00,EGFR__CHEMBL87746,CHEMBL87746,EGFR,CHEMBL1131018,0,COc1c(Br)cc(/C=C2\C(=O)Nc3ccccc32)cc1C(C)(C)C,0,data/quantum/erbB_xyz/EGFR__CHEMBL87746__state00.xyz
EGFR__CHEMBL87746__state01,EGFR__CHEMBL87746,CHEMBL87746,EGFR,CHEMBL1131018,1,COc1c(Br)cc(/C=C2\C(O)=Nc3ccccc32)cc1C(C)(C)C,0,data/quantum/erbB_xyz/EGFR__CHEMBL87746__state01.xyz
EGFR__CHEMBL90595__state00,EGFR__CHEMBL90595,CHEMBL90595,EGFR,CHEMBL1134561,0,O=C(C#CCN1CCCCC1)Nc1ccc2ncnc(Nc3cccc(Br)c3)c2c1,0,data/quantum/erbB_xyz/EGFR__CHEMBL90595__state00.xyz
EGFR__CHEMBL90595__state01,EGFR__CHEMBL90595,CHEMBL90595,EGFR,CHEMBL1134561,1,O=C(C#CCN1CCCCC1)Nc1ccc2[nH]cnc(=Nc3cccc(Br)c3)c2c1,0,data/quantum/erbB_xyz/EGFR__CHEMBL90595__state01.xyz
EGFR__CHEMBL90595__state02,EGFR__CHEMBL90595,CHEMBL90595,EGFR,CHEMBL1134561,2,O=C(C#CCN1CCCCC1)Nc1ccc2nc[nH]c(=Nc3cccc(Br)c3)c2c1,0,data/quantum/erbB_xyz/EGFR__CHEMBL90595__state02.xyz
EGFR__CHEMBL90595__state03,EGFR__CHEMBL90595,CHEMBL90595,EGFR,CHEMBL1134561,3,OC(C#CCN1CCCCC1)=Nc1ccc2[nH]cnc(=Nc3cccc(Br)c3)c2c1,0,data/quantum/erbB_xyz/EGFR__CHEMBL90595__state03.xyz
EGFR__CHEMBL91009__state00,EGFR__CHEMBL91009,CHEMBL91009,EGFR,CHEMBL1134561,0,COCC#CC(=O)Nc1ccc2ncnc(Nc3cccc(Br)c3)c2c1,0,data/quantum/erbB_xyz/EGFR__CHEMBL91009__state00.xyz
EGFR__CHEMBL91009__state01,EGFR__CHEMBL91009,CHEMBL91009,EGFR,CHEMBL1134561,1,COCC#CC(=O)Nc1ccc2[nH]cnc(=Nc3cccc(Br)c3)c2c1,0,data/quantum/erbB_xyz/EGFR__CHEMBL91009__state01.xyz
EGFR__CHEMBL91009__state02,EGFR__CHEMBL91009,CHEMBL91009,EGFR,CHEMBL1134561,2,COCC#CC(=O)Nc1ccc2nc[nH]c(=Nc3cccc(Br)c3)c2c1,0,data/quantum/erbB_xyz/EGFR__CHEMBL91009__state02.xyz
EGFR__CHEMBL91009__state03,EGFR__CHEMBL91009,CHEMBL91009,EGFR,CHEMBL1134561,3,COCC#CC(O)=Nc1ccc2[nH]cnc(=Nc3cccc(Br)c3)c2c1,0,data/quantum/erbB_xyz/EGFR__CHEMBL91009__state03.xyz
EGFR__CHEMBL91748__state00,EGFR__CHEMBL91748,CHEMBL91748,EGFR,CHEMBL1134561,0,CN(C)/C=C/C(=O)Nc1ccc2ncnc(Nc3cccc(Br)c3)c2c1,0,data/quantum/erbB_xyz/EGFR__CHEMBL91748__state00.xyz
EGFR__CHEMBL91748__state01,EGFR__CHEMBL91748,CHEMBL91748,EGFR,CHEMBL1134561,1,CN(C)/C=C/C(=O)Nc1ccc2[nH]cnc(=Nc3cccc(Br)c3)c2c1,0,data/quantum/erbB_xyz/EGFR__CHEMBL91748__state01.xyz
EGFR__CHEMBL91748__state02,EGFR__CHEMBL91748,CHEMBL91748,EGFR,CHEMBL1134561,2,CN(C)/C=C/C(=O)Nc1ccc2nc[nH]c(=Nc3cccc(Br)c3)c2c1,0,data/quantum/erbB_xyz/EGFR__CHEMBL91748__state02.xyz
EGFR__CHEMBL91748__state03,EGFR__CHEMBL91748,CHEMBL91748,EGFR,CHEMBL1134561,3,CN(C)/C=C/C(O)=Nc1ccc2[nH]cnc(=Nc3cccc(Br)c3)c2c1,0,data/quantum/erbB_xyz/EGFR__CHEMBL91748__state03.xyz
EGFR__CHEMBL91811__state00,EGFR__CHEMBL91811,CHEMBL91811,EGFR,CHEMBL1134561,0,CC(C)N(C)CC#CC(=O)Nc1ccc2ncnc(Nc3cccc(Br)c3)c2c1,0,data/quantum/erbB_xyz/EGFR__CHEMBL91811__state00.xyz
EGFR__CHEMBL91811__state01,EGFR__CHEMBL91811,CHEMBL91811,EGFR,CHEMBL1134561,1,CC(C)N(C)CC#CC(=O)Nc1ccc2[nH]cnc(=Nc3cccc(Br)c3)c2c1,0,data/quantum/erbB_xyz/EGFR__CHEMBL91811__state01.xyz
EGFR__CHEMBL91811__state02,EGFR__CHEMBL91811,CHEMBL91811,EGFR,CHEMBL1134561,2,CC(C)N(C)CC#CC(=O)Nc1ccc2nc[nH]c(=Nc3cccc(Br)c3)c2c1,0,data/quantum/erbB_xyz/EGFR__CHEMBL91811__state02.xyz
EGFR__CHEMBL91811__state03,EGFR__CHEMBL91811,CHEMBL91811,EGFR,CHEMBL1134561,3,CC(C)N(C)CC#CC(O)=Nc1ccc2[nH]cnc(=Nc3cccc(Br)c3)c2c1,0,data/quantum/erbB_xyz/EGFR__CHEMBL91811__state03.xyz
EGFR__CHEMBL91867__state00,EGFR__CHEMBL91867,CHEMBL91867,EGFR,CHEMBL1134561,0,CC#CC(=O)Nc1ccc2ncnc(Nc3cccc(Br)c3)c2c1,0,data/quantum/erbB_xyz/EGFR__CHEMBL91867__state00.xyz
EGFR__CHEMBL91867__state01,EGFR__CHEMBL91867,CHEMBL91867,EGFR,CHEMBL1134561,1,CC#CC(=O)Nc1ccc2[nH]cnc(=Nc3cccc(Br)c3)c2c1,0,data/quantum/erbB_xyz/EGFR__CHEMBL91867__state01.xyz
EGFR__CHEMBL91867__state02,EGFR__CHEMBL91867,CHEMBL91867,EGFR,CHEMBL1134561,2,CC#CC(=O)Nc1ccc2nc[nH]c(=Nc3cccc(Br)c3)c2c1,0,data/quantum/erbB_xyz/EGFR__CHEMBL91867__state02.xyz
EGFR__CHEMBL91867__state03,EGFR__CHEMBL91867,CHEMBL91867,EGFR,CHEMBL1134561,3,CC#CC(O)=Nc1ccc2[nH]cnc(=Nc3cccc(Br)c3)c2c1,0,data/quantum/erbB_xyz/EGFR__CHEMBL91867__state03.xyz
EGFR__CHEMBL91925__state00,EGFR__CHEMBL91925,CHEMBL91925,EGFR,CHEMBL1134561,0,CCN(CC)C/C=C/C(=O)Nc1ccc2ncnc(Nc3cccc(Br)c3)c2c1,0,data/quantum/erbB_xyz/EGFR__CHEMBL91925__state00.xyz
EGFR__CHEMBL91925__state01,EGFR__CHEMBL91925,CHEMBL91925,EGFR,CHEMBL1134561,1,CCN(CC)C/C=C/C(=O)Nc1ccc2[nH]cnc(=Nc3cccc(Br)c3)c2c1,0,data/quantum/erbB_xyz/EGFR__CHEMBL91925__state01.xyz
EGFR__CHEMBL91925__state02,EGFR__CHEMBL91925,CHEMBL91925,EGFR,CHEMBL1134561,2,CCN(CC)C/C=C/C(=O)Nc1ccc2nc[nH]c(=Nc3cccc(Br)c3)c2c1,0,data/quantum/erbB_xyz/EGFR__CHEMBL91925__state02.xyz
EGFR__CHEMBL91925__state03,EGFR__CHEMBL91925,CHEMBL91925,EGFR,CHEMBL1134561,3,CCN(CC)C/C=C/C(O)=Nc1ccc2[nH]cnc(=Nc3cccc(Br)c3)c2c1,0,data/quantum/erbB_xyz/EGFR__CHEMBL91925__state03.xyz
EGFR__CHEMBL92086__state00,EGFR__CHEMBL92086,CHEMBL92086,EGFR,CHEMBL1134843,0,C=C(C)C(=O)Nc1ccc2ncnc(Nc3cccc(Br)c3)c2c1,0,data/quantum/erbB_xyz/EGFR__CHEMBL92086__state00.xyz
EGFR__CHEMBL92086__state01,EGFR__CHEMBL92086,CHEMBL92086,EGFR,CHEMBL1134843,1,C=C(C)C(=O)Nc1ccc2[nH]cnc(=Nc3cccc(Br)c3)c2c1,0,data/quantum/erbB_xyz/EGFR__CHEMBL92086__state01.xyz
EGFR__CHEMBL92086__state02,EGFR__CHEMBL92086,CHEMBL92086,EGFR,CHEMBL1134843,2,C=C(C)C(=O)Nc1ccc2nc[nH]c(=Nc3cccc(Br)c3)c2c1,0,data/quantum/erbB_xyz/EGFR__CHEMBL92086__state02.xyz
EGFR__CHEMBL92086__state03,EGFR__CHEMBL92086,CHEMBL92086,EGFR,CHEMBL1134843,3,C=C(C)C(O)=Nc1ccc2[nH]cnc(=Nc3cccc(Br)c3)c2c1,0,data/quantum/erbB_xyz/EGFR__CHEMBL92086__state03.xyz
EGFR__CHEMBL92356__state00,EGFR__CHEMBL92356,CHEMBL92356,EGFR,CHEMBL1134561,0,CCN1CCN(CC#CC(=O)Nc2ccc3ncnc(Nc4cccc(Br)c4)c3c2)CC1,0,data/quantum/erbB_xyz/EGFR__CHEMBL92356__state00.xyz
EGFR__CHEMBL92356__state01,EGFR__CHEMBL92356,CHEMBL92356,EGFR,CHEMBL1134561,1,CCN1CCN(CC#CC(=O)Nc2ccc3[nH]cnc(=Nc4cccc(Br)c4)c3c2)CC1,0,data/quantum/erbB_xyz/EGFR__CHEMBL92356__state01.xyz
EGFR__CHEMBL92356__state02,EGFR__CHEMBL92356,CHEMBL92356,EGFR,CHEMBL1134561,2,CCN1CCN(CC#CC(=O)Nc2ccc3nc[nH]c(=Nc4cccc(Br)c4)c3c2)CC1,0,data/quantum/erbB_xyz/EGFR__CHEMBL92356__state02.xyz
EGFR__CHEMBL92356__state03,EGFR__CHEMBL92356,CHEMBL92356,EGFR,CHEMBL1134561,3,CCN1CCN(CC#CC(O)=Nc2ccc3[nH]cnc(=Nc4cccc(Br)c4)c3c2)CC1,0,data/quantum/erbB_xyz/EGFR__CHEMBL92356__state03.xyz
EGFR__CHEMBL92731__state00,EGFR__CHEMBL92731,CHEMBL92731,EGFR,CHEMBL1134561,0,CCCN(C/C=C/C(=O)Nc1ccc2ncnc(Nc3cccc(Br)c3)c2c1)CCC,0,data/quantum/erbB_xyz/EGFR__CHEMBL92731__state00.xyz
EGFR__CHEMBL92731__state01,EGFR__CHEMBL92731,CHEMBL92731,EGFR,CHEMBL1134561,1,CCCN(C/C=C/C(=O)Nc1ccc2[nH]cnc(=Nc3cccc(Br)c3)c2c1)CCC,0,data/quantum/erbB_xyz/EGFR__CHEMBL92731__state01.xyz
EGFR__CHEMBL92731__state02,EGFR__CHEMBL92731,CHEMBL92731,EGFR,CHEMBL1134561,2,CCCN(C/C=C/C(=O)Nc1ccc2nc[nH]c(=Nc3cccc(Br)c3)c2c1)CCC,0,data/quantum/erbB_xyz/EGFR__CHEMBL92731__state02.xyz
EGFR__CHEMBL92731__state03,EGFR__CHEMBL92731,CHEMBL92731,EGFR,CHEMBL1134561,3,CCCN(C/C=C/C(O)=Nc1ccc2[nH]cnc(=Nc3cccc(Br)c3)c2c1)CCC,0,data/quantum/erbB_xyz/EGFR__CHEMBL92731__state03.xyz
EGFR__CHEMBL92902__state00,EGFR__CHEMBL92902,CHEMBL92902,EGFR,CHEMBL1134561,0,CN1CCC=C(C(=O)Nc2ccc3ncnc(Nc4cccc(Br)c4)c3c2)C1,0,data/quantum/erbB_xyz/EGFR__CHEMBL92902__state00.xyz
EGFR__CHEMBL92902__state01,EGFR__CHEMBL92902,CHEMBL92902,EGFR,CHEMBL1134561,1,CN1CCC=C(C(=O)Nc2ccc3[nH]cnc(=Nc4cccc(Br)c4)c3c2)C1,0,data/quantum/erbB_xyz/EGFR__CHEMBL92902__state01.xyz
EGFR__CHEMBL92902__state02,EGFR__CHEMBL92902,CHEMBL92902,EGFR,CHEMBL1134561,2,CN1CCC=C(C(=O)Nc2ccc3nc[nH]c(=Nc4cccc(Br)c4)c3c2)C1,0,data/quantum/erbB_xyz/EGFR__CHEMBL92902__state02.xyz
EGFR__CHEMBL92902__state03,EGFR__CHEMBL92902,CHEMBL92902,EGFR,CHEMBL1134561,3,CN1CCC=C(C(O)=Nc2ccc3[nH]cnc(=Nc4cccc(Br)c4)c3c2)C1,0,data/quantum/erbB_xyz/EGFR__CHEMBL92902__state03.xyz
EGFR__CHEMBL92961__state00,EGFR__CHEMBL92961,CHEMBL92961,EGFR,CHEMBL1134561,0,CC(C)N(CC#CC(=O)Nc1ccc2ncnc(Nc3cccc(Br)c3)c2c1)C(C)C,0,data/quantum/erbB_xyz/EGFR__CHEMBL92961__state00.xyz
EGFR__CHEMBL92961__state01,EGFR__CHEMBL92961,CHEMBL92961,EGFR,CHEMBL1134561,1,CC(C)N(CC#CC(=O)Nc1ccc2[nH]cnc(=Nc3cccc(Br)c3)c2c1)C(C)C,0,data/quantum/erbB_xyz/EGFR__CHEMBL92961__state01.xyz
EGFR__CHEMBL92961__state02,EGFR__CHEMBL92961,CHEMBL92961,EGFR,CHEMBL1134561,2,CC(C)N(CC#CC(=O)Nc1ccc2nc[nH]c(=Nc3cccc(Br)c3)c2c1)C(C)C,0,data/quantum/erbB_xyz/EGFR__CHEMBL92961__state02.xyz
EGFR__CHEMBL92961__state03,EGFR__CHEMBL92961,CHEMBL92961,EGFR,CHEMBL1134561,3,CC(C)N(CC#CC(O)=Nc1ccc2[nH]cnc(=Nc3cccc(Br)c3)c2c1)C(C)C,0,data/quantum/erbB_xyz/EGFR__CHEMBL92961__state03.xyz
EGFR__CHEMBL93049__state00,EGFR__CHEMBL93049,CHEMBL93049,EGFR,CHEMBL1134561,0,COCOCC#CC(=O)Nc1ccc2ncnc(Nc3cccc(Br)c3)c2c1,0,data/quantum/erbB_xyz/EGFR__CHEMBL93049__state00.xyz
EGFR__CHEMBL93049__state01,EGFR__CHEMBL93049,CHEMBL93049,EGFR,CHEMBL1134561,1,COCOCC#CC(=O)Nc1ccc2[nH]cnc(=Nc3cccc(Br)c3)c2c1,0,data/quantum/erbB_xyz/EGFR__CHEMBL93049__state01.xyz
EGFR__CHEMBL93049__state02,EGFR__CHEMBL93049,CHEMBL93049,EGFR,CHEMBL1134561,2,COCOCC#CC(=O)Nc1ccc2nc[nH]c(=Nc3cccc(Br)c3)c2c1,0,data/quantum/erbB_xyz/EGFR__CHEMBL93049__state02.xyz
EGFR__CHEMBL93049__state03,EGFR__CHEMBL93049,CHEMBL93049,EGFR,CHEMBL1134561,3,COCOCC#CC(O)=Nc1ccc2[nH]cnc(=Nc3cccc(Br)c3)c2c1,0,data/quantum/erbB_xyz/EGFR__CHEMBL93049__state03.xyz
EGFR__CHEMBL93386__state00,EGFR__CHEMBL93386,CHEMBL93386,EGFR,CHEMBL1134561,0,O=C(C#CCN1CCOCC1)Nc1ccc2ncnc(Nc3cccc(Br)c3)c2c1,0,data/quantum/erbB_xyz/EGFR__CHEMBL93386__state00.xyz
EGFR__CHEMBL93386__state01,EGFR__CHEMBL93386,CHEMBL93386,EGFR,CHEMBL1134561,1,O=C(C#CCN1CCOCC1)Nc1ccc2[nH]cnc(=Nc3cccc(Br)c3)c2c1,0,data/quantum/erbB_xyz/EGFR__CHEMBL93386__state01.xyz
EGFR__CHEMBL93386__state02,EGFR__CHEMBL93386,CHEMBL93386,EGFR,CHEMBL1134561,2,O=C(C#CCN1CCOCC1)Nc1ccc2nc[nH]c(=Nc3cccc(Br)c3)c2c1,0,data/quantum/erbB_xyz/EGFR__CHEMBL93386__state02.xyz
EGFR__CHEMBL93386__state03,EGFR__CHEMBL93386,CHEMBL93386,EGFR,CHEMBL1134561,3,OC(C#CCN1CCOCC1)=Nc1ccc2[nH]cnc(=Nc3cccc(Br)c3)c2c1,0,data/quantum/erbB_xyz/EGFR__CHEMBL93386__state03.xyz
EGFR__CHEMBL93464__state00,EGFR__CHEMBL93464,CHEMBL93464,EGFR,CHEMBL1134843,0,C/C=C/C(=O)Nc1ccc2ncnc(Nc3cccc(Br)c3)c2c1,0,data/quantum/erbB_xyz/EGFR__CHEMBL93464__state00.xyz
EGFR__CHEMBL93464__state01,EGFR__CHEMBL93464,CHEMBL93464,EGFR,CHEMBL1134843,1,C/C=C/C(=O)Nc1ccc2[nH]cnc(=Nc3cccc(Br)c3)c2c1,0,data/quantum/erbB_xyz/EGFR__CHEMBL93464__state01.xyz
EGFR__CHEMBL93464__state02,EGFR__CHEMBL93464,CHEMBL93464,EGFR,CHEMBL1134843,2,C/C=C/C(=O)Nc1ccc2nc[nH]c(=Nc3cccc(Br)c3)c2c1,0,data/quantum/erbB_xyz/EGFR__CHEMBL93464__state02.xyz
EGFR__CHEMBL93464__state03,EGFR__CHEMBL93464,CHEMBL93464,EGFR,CHEMBL1134843,3,C/C=C/C(O)=Nc1ccc2[nH]cnc(=Nc3cccc(Br)c3)c2c1,0,data/quantum/erbB_xyz/EGFR__CHEMBL93464__state03.xyz
EGFR__CHEMBL93537__state00,EGFR__CHEMBL93537,CHEMBL93537,EGFR,CHEMBL1134561,0,O=C(/C=C/CN1CCSCC1)Nc1ccc2ncnc(Nc3cccc(Br)c3)c2c1,0,data/quantum/erbB_xyz/EGFR__CHEMBL93537__state00.xyz
EGFR__CHEMBL93537__state01,EGFR__CHEMBL93537,CHEMBL93537,EGFR,CHEMBL1134561,1,O=C(/C=C/CN1CCSCC1)Nc1ccc2[nH]cnc(=Nc3cccc(Br)c3)c2c1,0,data/quantum/erbB_xyz/EGFR__CHEMBL93537__state01.xyz
EGFR__CHEMBL93537__state02,EGFR__CHEMBL93537,CHEMBL93537,EGFR,CHEMBL1134561,2,O=C(/C=C/CN1CCSCC1)Nc1ccc2nc[nH]c(=Nc3cccc(Br)c3)c2c1,0,data/quantum/erbB_xyz/EGFR__CHEMBL93537__state02.xyz
EGFR__CHEMBL93537__state03,EGFR__CHEMBL93537,CHEMBL93537,EGFR,CHEMBL1134561,3,OC(/C=C/CN1CCSCC1)=Nc1ccc2[nH]cnc(=Nc3cccc(Br)c3)c2c1,0,data/quantum/erbB_xyz/EGFR__CHEMBL93537__state03.xyz
EGFR__CHEMBL93783__state00,EGFR__CHEMBL93783,CHEMBL93783,EGFR,CHEMBL1134561,0,CN(C/C=C/C(=O)Nc1ccc2ncnc(Nc3cccc(Br)c3)c2c1)CCO,0,data/quantum/erbB_xyz/EGFR__CHEMBL93783__state00.xyz
EGFR__CHEMBL93783__state01,EGFR__CHEMBL93783,CHEMBL93783,EGFR,CHEMBL1134561,1,CN(C/C=C/C(=O)Nc1ccc2[nH]cnc(=Nc3cccc(Br)c3)c2c1)CCO,0,data/quantum/erbB_xyz/EGFR__CHEMBL93783__state01.xyz
EGFR__CHEMBL93783__state02,EGFR__CHEMBL93783,CHEMBL93783,EGFR,CHEMBL1134561,2,CN(C/C=C/C(=O)Nc1ccc2nc[nH]c(=Nc3cccc(Br)c3)c2c1)CCO,0,data/quantum/erbB_xyz/EGFR__CHEMBL93783__state02.xyz
EGFR__CHEMBL93783__state03,EGFR__CHEMBL93783,CHEMBL93783,EGFR,CHEMBL1134561,3,CN(C/C=C/C(O)=Nc1ccc2[nH]cnc(=Nc3cccc(Br)c3)c2c1)CCO,0,data/quantum/erbB_xyz/EGFR__CHEMBL93783__state03.xyz
EGFR__CHEMBL93784__state00,EGFR__CHEMBL93784,CHEMBL93784,EGFR,CHEMBL1134561,0,COCC1CCCN1CC#CC(=O)Nc1ccc2ncnc(Nc3cccc(Br)c3)c2c1,0,data/quantum/erbB_xyz/EGFR__CHEMBL93784__state00.xyz
EGFR__CHEMBL93784__state01,EGFR__CHEMBL93784,CHEMBL93784,EGFR,CHEMBL1134561,1,COCC1CCCN1CC#CC(=O)Nc1ccc2[nH]cnc(=Nc3cccc(Br)c3)c2c1,0,data/quantum/erbB_xyz/EGFR__CHEMBL93784__state01.xyz
EGFR__CHEMBL93784__state02,EGFR__CHEMBL93784,CHEMBL93784,EGFR,CHEMBL1134561,2,COCC1CCCN1CC#CC(=O)Nc1ccc2nc[nH]c(=Nc3cccc(Br)c3)c2c1,0,data/quantum/erbB_xyz/EGFR__CHEMBL93784__state02.xyz
EGFR__CHEMBL93784__state03,EGFR__CHEMBL93784,CHEMBL93784,EGFR,CHEMBL1134561,3,COCC1CCCN1CC#CC(O)=Nc1ccc2[nH]cnc(=Nc3cccc(Br)c3)c2c1,0,data/quantum/erbB_xyz/EGFR__CHEMBL93784__state03.xyz
EGFR__CHEMBL94061__state00,EGFR__CHEMBL94061,CHEMBL94061,EGFR,CHEMBL1145020,0,CN(C)C/C=C/C(=O)Nc1ccc2ncnc(Nc3cccc(Br)c3)c2c1,0,data/quantum/erbB_xyz/EGFR__CHEMBL94061__state00.xyz
EGFR__CHEMBL94061__state01,EGFR__CHEMBL94061,CHEMBL94061,EGFR,CHEMBL1145020,1,CN(C)C/C=C/C(=O)Nc1ccc2[nH]cnc(=Nc3cccc(Br)c3)c2c1,0,data/quantum/erbB_xyz/EGFR__CHEMBL94061__state01.xyz
EGFR__CHEMBL94061__state02,EGFR__CHEMBL94061,CHEMBL94061,EGFR,CHEMBL1145020,2,CN(C)C/C=C/C(=O)Nc1ccc2nc[nH]c(=Nc3cccc(Br)c3)c2c1,0,data/quantum/erbB_xyz/EGFR__CHEMBL94061__state02.xyz
EGFR__CHEMBL94061__state03,EGFR__CHEMBL94061,CHEMBL94061,EGFR,CHEMBL1145020,3,CN(C)C/C=C/C(O)=Nc1ccc2[nH]cnc(=Nc3cccc(Br)c3)c2c1,0,data/quantum/erbB_xyz/EGFR__CHEMBL94061__state03.xyz
EGFR__CHEMBL94062__state00,EGFR__CHEMBL94062,CHEMBL94062,EGFR,CHEMBL1134561,0,O=C(C#CCO)Nc1ccc2ncnc(Nc3cccc(Br)c3)c2c1,0,data/quantum/erbB_xyz/EGFR__CHEMBL94062__state00.xyz
EGFR__CHEMBL94062__state01,EGFR__CHEMBL94062,CHEMBL94062,EGFR,CHEMBL1134561,1,O=C(C#CCO)Nc1ccc2[nH]cnc(=Nc3cccc(Br)c3)c2c1,0,data/quantum/erbB_xyz/EGFR__CHEMBL94062__state01.xyz
EGFR__CHEMBL94062__state02,EGFR__CHEMBL94062,CHEMBL94062,EGFR,CHEMBL1134561,2,O=C(C#CCO)Nc1ccc2nc[nH]c(=Nc3cccc(Br)c3)c2c1,0,data/quantum/erbB_xyz/EGFR__CHEMBL94062__state02.xyz
EGFR__CHEMBL94062__state03,EGFR__CHEMBL94062,CHEMBL94062,EGFR,CHEMBL1134561,3,OCC#CC(O)=Nc1ccc2[nH]cnc(=Nc3cccc(Br)c3)c2c1,0,data/quantum/erbB_xyz/EGFR__CHEMBL94062__state03.xyz
EGFR__CHEMBL94066__state00,EGFR__CHEMBL94066,CHEMBL94066,EGFR,CHEMBL1134561,0,C=C(CN1CCOCC1)C(=O)Nc1ccc2ncnc(Nc3cccc(Br)c3)c2c1,0,data/quantum/erbB_xyz/EGFR__CHEMBL94066__state00.xyz
EGFR__CHEMBL94066__state01,EGFR__CHEMBL94066,CHEMBL94066,EGFR,CHEMBL1134561,1,C=C(CN1CCOCC1)C(=O)Nc1ccc2[nH]cnc(=Nc3cccc(Br)c3)c2c1,0,data/quantum/erbB_xyz/EGFR__CHEMBL94066__state01.xyz
EGFR__CHEMBL94066__state02,EGFR__CHEMBL94066,CHEMBL94066,EGFR,CHEMBL1134561,2,C=C(CN1CCOCC1)C(=O)Nc1ccc2nc[nH]c(=Nc3cccc(Br)c3)c2c1,0,data/quantum/erbB_xyz/EGFR__CHEMBL94066__state02.xyz
EGFR__CHEMBL94066__state03,EGFR__CHEMBL94066,CHEMBL94066,EGFR,CHEMBL1134561,3,C=C(CN1CCOCC1)C(O)=Nc1ccc2[nH]cnc(=Nc3cccc(Br)c3)c2c1,0,data/quantum/erbB_xyz/EGFR__CHEMBL94066__state03.xyz
EGFR__CHEMBL94068__state00,EGFR__CHEMBL94068,CHEMBL94068,EGFR,CHEMBL1134561,0,O=C(/C=C/CN1CCCCC1)Nc1ccc2ncnc(Nc3cccc(Br)c3)c2c1,0,data/quantum/erbB_xyz/EGFR__CHEMBL94068__state00.xyz
EGFR__CHEMBL94068__state01,EGFR__CHEMBL94068,CHEMBL94068,EGFR,CHEMBL1134561,1,O=C(/C=C/CN1CCCCC1)Nc1ccc2[nH]cnc(=Nc3cccc(Br)c3)c2c1,0,data/quantum/erbB_xyz/EGFR__CHEMBL94068__state01.xyz
EGFR__CHEMBL94068__state02,EGFR__CHEMBL94068,CHEMBL94068,EGFR,CHEMBL1134561,2,O=C(/C=C/CN1CCCCC1)Nc1ccc2nc[nH]c(=Nc3cccc(Br)c3)c2c1,0,data/quantum/erbB_xyz/EGFR__CHEMBL94068__state02.xyz
EGFR__CHEMBL94068__state03,EGFR__CHEMBL94068,CHEMBL94068,EGFR,CHEMBL1134561,3,OC(/C=C/CN1CCCCC1)=Nc1ccc2[nH]cnc(=Nc3cccc(Br)c3)c2c1,0,data/quantum/erbB_xyz/EGFR__CHEMBL94068__state03.xyz
EGFR__CHEMBL94109__state00,EGFR__CHEMBL94109,CHEMBL94109,EGFR,CHEMBL1134561,0,O=C(/C=C/CN1CCC(N2CCCCC2)CC1)Nc1ccc2ncnc(Nc3cccc(Br)c3)c2c1,0,data/quantum/erbB_xyz/EGFR__CHEMBL94109__state00.xyz
EGFR__CHEMBL94109__state01,EGFR__CHEMBL94109,CHEMBL94109,EGFR,CHEMBL1134561,1,O=C(/C=C/CN1CCC(N2CCCCC2)CC1)Nc1ccc2[nH]cnc(=Nc3cccc(Br)c3)c2c1,0,data/quantum/erbB_xyz/EGFR__CHEMBL94109__state01.xyz
EGFR__CHEMBL94109__state02,EGFR__CHEMBL94109,CHEMBL94109,EGFR,CHEMBL1134561,2,O=C(/C=C/CN1CCC(N2CCCCC2)CC1)Nc1ccc2nc[nH]c(=Nc3cccc(Br)c3)c2c1,0,data/quantum/erbB_xyz/EGFR__CHEMBL94109__state02.xyz
EGFR__CHEMBL94109__state03,EGFR__CHEMBL94109,CHEMBL94109,EGFR,CHEMBL1134561,3,OC(/C=C/CN1CCC(N2CCCCC2)CC1)=Nc1ccc2[nH]cnc(=Nc3cccc(Br)c3)c2c1,0,data/quantum/erbB_xyz/EGFR__CHEMBL94109__state03.xyz
EGFR__CHEMBL94123__state00,EGFR__CHEMBL94123,CHEMBL94123,EGFR,CHEMBL1134561,0,O=C(/C=C/N1CCOCC1)Nc1ccc2ncnc(Nc3cccc(Br)c3)c2c1,0,data/quantum/erbB_xyz/EGFR__CHEMBL94123__state00.xyz
EGFR__CHEMBL94123__state01,EGFR__CHEMBL94123,CHEMBL94123,EGFR,CHEMBL1134561,1,O=C(/C=C/N1CCOCC1)Nc1ccc2[nH]cnc(=Nc3cccc(Br)c3)c2c1,0,data/quantum/erbB_xyz/EGFR__CHEMBL94123__state01.xyz
EGFR__CHEMBL94123__state02,EGFR__CHEMBL94123,CHEMBL94123,EGFR,CHEMBL1134561,2,O=C(/C=C/N1CCOCC1)Nc1ccc2nc[nH]c(=Nc3cccc(Br)c3)c2c1,0,data/quantum/erbB_xyz/EGFR__CHEMBL94123__state02.xyz
EGFR__CHEMBL94123__state03,EGFR__CHEMBL94123,CHEMBL94123,EGFR,CHEMBL1134561,3,OC(/C=C/N1CCOCC1)=Nc1ccc2[nH]cnc(=Nc3cccc(Br)c3)c2c1,0,data/quantum/erbB_xyz/EGFR__CHEMBL94123__state03.xyz
EGFR__CHEMBL95774__state00,EGFR__CHEMBL95774,CHEMBL95774,EGFR,CHEMBL1135208,0,C=CC(=O)Nc1cc2c(Nc3ccc(F)c(Cl)c3)c(C#N)cnc2cc1OCCCN1CCOCC1,0,data/quantum/erbB_xyz/EGFR__CHEMBL95774__state00.xyz
EGFR__CHEMBL95774__state01,EGFR__CHEMBL95774,CHEMBL95774,EGFR,CHEMBL1135208,1,C=CC(=O)Nc1cc2c(=Nc3ccc(F)c(Cl)c3)c(C#N)c[nH]c2cc1OCCCN1CCOCC1,0,data/quantum/erbB_xyz/EGFR__CHEMBL95774__state01.xyz
EGFR__CHEMBL95774__state02,EGFR__CHEMBL95774,CHEMBL95774,EGFR,CHEMBL1135208,2,C=CC(O)=Nc1cc2c(=Nc3ccc(F)c(Cl)c3)c(C#N)c[nH]c2cc1OCCCN1CCOCC1,0,data/quantum/erbB_xyz/EGFR__CHEMBL95774__state02.xyz
EGFR__CHEMBL95774__state03,EGFR__CHEMBL95774,CHEMBL95774,EGFR,CHEMBL1135208,3,C=CC(O)=Nc1cc2c(Nc3ccc(F)c(Cl)c3)c(C#N)cnc2cc1OCCCN1CCOCC1,0,data/quantum/erbB_xyz/EGFR__CHEMBL95774__state03.xyz
ERBB2__CHEMBL109480__state00,ERBB2__CHEMBL109480,CHEMBL109480,ERBB2,CHEMBL1154504,0,C=CCNC1=C2C[C@@H](C)C[C@H](OC)[C@H](O)[C@@H](C)/C=C(\C)[C@H](OC(N)=O)[C@@H](OC)/C=C\C=C(/C)C(=O)NC(=CC1=O)C2=O,0,data/quantum/erbB_xyz/ERBB2__CHEMBL109480__state00.xyz
ERBB2__CHEMBL109480__state01,ERBB2__CHEMBL109480,CHEMBL109480,ERBB2,CHEMBL1154504,1,C=CCN=C1C(=O)C=C2N=C(O)/C(C)=C/C=C\[C@H](OC)[C@@H](OC(=N)O)/C(C)=C/[C@H](C)[C@@H](O)[C@@H](OC)C[C@H](C)CC1=C2O,0,data/quantum/erbB_xyz/ERBB2__CHEMBL109480__state01.xyz
ERBB2__CHEMBL109480__state02,ERBB2__CHEMBL109480,CHEMBL109480,ERBB2,CHEMBL1154504,2,C=CCN=C1C(=O)C=C2N=C(O)/C(C)=C/C=C\[C@H](OC)[C@@H](OC(N)=O)/C(C)=C/[C@H](C)[C@@H](O)[C@@H](OC)C[C@H](C)CC1=C2O,0,data/quantum/erbB_xyz/ERBB2__CHEMBL109480__state02.xyz
ERBB2__CHEMBL109480__state03,ERBB2__CHEMBL109480,CHEMBL109480,ERBB2,CHEMBL1154504,3,C=CCN=C1C(=O)C=C2N=C(O)/C(C)=C/C=C\[C@H](OC)[C@@H](OC(N)=O)/C(C)=C/[C@H](C)[C@@H](O)[C@@H](OC)C[C@H](C)CC1C2=O,0,data/quantum/erbB_xyz/ERBB2__CHEMBL109480__state03.xyz
ERBB2__CHEMBL113900__state00,ERBB2__CHEMBL113900,CHEMBL113900,ERBB2,CHEMBL1145020,0,CC(C)N(CC#CC(=O)Nc1ccc2ncc(C#N)c(Nc3cccc(Br)c3)c2c1)C(C)C,0,data/quantum/erbB_xyz/ERBB2__CHEMBL113900__state00.xyz
ERBB2__CHEMBL113900__state01,ERBB2__CHEMBL113900,CHEMBL113900,ERBB2,CHEMBL1145020,1,CC(C)N(CC#CC(=O)Nc1ccc2[nH]cc(C#N)c(=Nc3cccc(Br)c3)c2c1)C(C)C,0,data/quantum/erbB_xyz/ERBB2__CHEMBL113900__state01.xyz
ERBB2__CHEMBL113900__state02,ERBB2__CHEMBL113900,CHEMBL113900,ERBB2,CHEMBL1145020,2,CC(C)N(CC#CC(O)=Nc1ccc2[nH]cc(C#N)c(=Nc3cccc(Br)c3)c2c1)C(C)C,0,data/quantum/erbB_xyz/ERBB2__CHEMBL113900__state02.xyz
ERBB2__CHEMBL113900__state03,ERBB2__CHEMBL113900,CHEMBL113900,ERBB2,CHEMBL1145020,3,CC(C)N(CC#CC(O)=Nc1ccc2ncc(C#N)c(Nc3cccc(Br)c3)c2c1)C(C)C,0,data/quantum/erbB_xyz/ERBB2__CHEMBL113900__state03.xyz
ERBB2__CHEMBL113901__state00,ERBB2__CHEMBL113901,CHEMBL113901,ERBB2,CHEMBL1145020,0,COc1cc2ncc(C#N)c(Nc3ccc(F)c(Cl)c3)c2cc1NC(=O)/C=C/C(C)N(C)C,0,data/quantum/erbB_xyz/ERBB2__CHEMBL113901__state00.xyz
ERBB2__CHEMBL113901__state01,ERBB2__CHEMBL113901,CHEMBL113901,ERBB2,CHEMBL1145020,1,COc1cc2[nH]cc(C#N)c(=Nc3ccc(F)c(Cl)c3)c2cc1N=C(O)/C=C/C(C)N(C)C,0,data/quantum/erbB_xyz/ERBB2__CHEMBL113901__state01.xyz
ERBB2__CHEMBL113901__state02,ERBB2__CHEMBL113901,CHEMBL113901,ERBB2,CHEMBL1145020,2,COc1cc2[nH]cc(C#N)c(=Nc3ccc(F)c(Cl)c3)c2cc1NC(=O)/C=C/C(C)N(C)C,0,data/quantum/erbB_xyz/ERBB2__CHEMBL113901__state02.xyz
ERBB2__CHEMBL113901__state03,ERBB2__CHEMBL113901,CHEMBL113901,ERBB2,CHEMBL1145020,3,COc1cc2ncc(C#N)c(Nc3ccc(F)c(Cl)c3)c2cc1N=C(O)/C=C/C(C)N(C)C,0,data/quantum/erbB_xyz/ERBB2__CHEMBL113901__state03.xyz
ERBB2__CHEMBL113902__state00,ERBB2__CHEMBL113902,CHEMBL113902,ERBB2,CHEMBL1145020,0,C/C=C/C(=O)Nc1cc2c(Nc3ccc(F)c(Cl)c3)c(C#N)cnc2cc1OCC,0,data/quantum/erbB_xyz/ERBB2__CHEMBL113902__state00.xyz
ERBB2__CHEMBL113902__state01,ERBB2__CHEMBL113902,CHEMBL113902,ERBB2,CHEMBL1145020,1,C/C=C/C(=O)Nc1cc2c(=Nc3ccc(F)c(Cl)c3)c(C#N)c[nH]c2cc1OCC,0,data/quantum/erbB_xyz/ERBB2__CHEMBL113902__state01.xyz
ERBB2__CHEMBL113902__state02,ERBB2__CHEMBL113902,CHEMBL113902,ERBB2,CHEMBL1145020,2,C/C=C/C(O)=Nc1cc2c(=Nc3ccc(F)c(Cl)c3)c(C#N)c[nH]c2cc1OCC,0,data/quantum/erbB_xyz/ERBB2__CHEMBL113902__state02.xyz
ERBB2__CHEMBL113902__state03,ERBB2__CHEMBL113902,CHEMBL113902,ERBB2,CHEMBL1145020,3,C/C=C/C(O)=Nc1cc2c(Nc3ccc(F)c(Cl)c3)c(C#N)cnc2cc1OCC,0,data/quantum/erbB_xyz/ERBB2__CHEMBL113902__state03.xyz
ERBB2__CHEMBL113985__state00,ERBB2__CHEMBL113985,CHEMBL113985,ERBB2,CHEMBL1145020,0,COc1cc(NC(=O)/C=C/CN2CCOCC2)cc2c(Nc3cccc(Br)c3)c(C#N)cnc12,0,data/quantum/erbB_xyz/ERBB2__CHEMBL113985__state00.xyz
ERBB2__CHEMBL113985__state01,ERBB2__CHEMBL113985,CHEMBL113985,ERBB2,CHEMBL1145020,1,COc1cc(N=C(O)/C=C/CN2CCOCC2)cc2c(=Nc3cccc(Br)c3)c(C#N)c[nH]c12,0,data/quantum/erbB_xyz/ERBB2__CHEMBL113985__state01.xyz
ERBB2__CHEMBL113985__state02,ERBB2__CHEMBL113985,CHEMBL113985,ERBB2,CHEMBL1145020,2,COc1cc(N=C(O)/C=C/CN2CCOCC2)cc2c(Nc3cccc(Br)c3)c(C#N)cnc12,0,data/quantum/erbB_xyz/ERBB2__CHEMBL113985__state02.xyz
ERBB2__CHEMBL113985__state03,ERBB2__CHEMBL113985,CHEMBL113985,ERBB2,CHEMBL1145020,3,COc1cc(NC(=O)/C=C/CN2CCOCC2)cc2c(=Nc3cccc(Br)c3)c(C#N)c[nH]c12,0,data/quantum/erbB_xyz/ERBB2__CHEMBL113985__state03.xyz
ERBB2__CHEMBL113996__state00,ERBB2__CHEMBL113996,CHEMBL113996,ERBB2,CHEMBL1145020,0,COc1cc2ncc(C#N)c(Nc3ccc(F)c(Cl)c3)c2cc1NC(=O)/C=C/CN1CCOCC1,0,data/quantum/erbB_xyz/ERBB2__CHEMBL113996__state00.xyz
ERBB2__CHEMBL113996__state01,ERBB2__CHEMBL113996,CHEMBL113996,ERBB2,CHEMBL1145020,1,COc1cc2[nH]cc(C#N)c(=Nc3ccc(F)c(Cl)c3)c2cc1N=C(O)/C=C/CN1CCOCC1,0,data/quantum/erbB_xyz/ERBB2__CHEMBL113996__state01.xyz
ERBB2__CHEMBL113996__state02,ERBB2__CHEMBL113996,CHEMBL113996,ERBB2,CHEMBL1145020,2,COc1cc2[nH]cc(C#N)c(=Nc3ccc(F)c(Cl)c3)c2cc1NC(=O)/C=C/CN1CCOCC1,0,data/quantum/erbB_xyz/ERBB2__CHEMBL113996__state02.xyz
ERBB2__CHEMBL113996__state03,ERBB2__CHEMBL113996,CHEMBL113996,ERBB2,CHEMBL1145020,3,COc1cc2ncc(C#N)c(Nc3ccc(F)c(Cl)c3)c2cc1N=C(O)/C=C/CN1CCOCC1,0,data/quantum/erbB_xyz/ERBB2__CHEMBL113996__state03.xyz
ERBB2__CHEMBL114073__state00,ERBB2__CHEMBL114073,CHEMBL114073,ERBB2,CHEMBL1145020,0,COc1cc2ncc(C#N)c(Nc3ccc(F)c(Cl)c3)c2cc1NC(=O)/C=C/C(C)N1CCOCC1,0,data/quantum/erbB_xyz/ERBB2__CHEMBL114073__state00.xyz
ERBB2__CHEMBL114073__state01,ERBB2__CHEMBL114073,CHEMBL114073,ERBB2,CHEMBL1145020,1,COc1cc2[nH]cc(C#N)c(=Nc3ccc(F)c(Cl)c3)c2cc1N=C(O)/C=C/C(C)N1CCOCC1,0,data/quantum/erbB_xyz/ERBB2__CHEMBL114073__state01.xyz
ERBB2__CHEMBL114073__state02,ERBB2__CHEMBL114073,CHEMBL114073,ERBB2,CHEMBL1145020,2,COc1cc2[nH]cc(C#N)c(=Nc3ccc(F)c(Cl)c3)c2cc1NC(=O)/C=C/C(C)N1CCOCC1,0,data/quantum/erbB_xyz/ERBB2__CHEMBL114073__state02.xyz
ERBB2__CHEMBL114073__state03,ERBB2__CHEMBL114073,CHEMBL114073,ERBB2,CHEMBL1145020,3,COc1cc2ncc(C#N)c(Nc3ccc(F)c(Cl)c3)c2cc1N=C(O)/C=C/C(C)N1CCOCC1,0,data/quantum/erbB_xyz/ERBB2__CHEMBL114073__state03.xyz
ERBB2__CHEMBL114593__state00,ERBB2__CHEMBL114593,CHEMBL114593,ERBB2,CHEMBL1145020,0,COCC#CC(=O)Nc1ccc2ncc(C#N)c(Nc3cccc(Br)c3)c2c1,0,data/quantum/erbB_xyz/ERBB2__CHEMBL114593__state00.xyz
ERBB2__CHEMBL114593__state01,ERBB2__CHEMBL114593,CHEMBL114593,ERBB2,CHEMBL1145020,1,COCC#CC(=O)Nc1ccc2[nH]cc(C#N)c(=Nc3cccc(Br)c3)c2c1,0,data/quantum/erbB_xyz/ERBB2__CHEMBL114593__state01.xyz
ERBB2__CHEMBL114593__state02,ERBB2__CHEMBL114593,CHEMBL114593,ERBB2,CHEMBL1145020,2,COCC#CC(O)=Nc1ccc2[nH]cc(C#N)c(=Nc3cccc(Br)c3)c2c1,0,data/quantum/erbB_xyz/ERBB2__CHEMBL114593__state02.xyz
ERBB2__CHEMBL114593__state03,ERBB2__CHEMBL114593,CHEMBL114593,ERBB2,CHEMBL1145020,3,COCC#CC(O)=Nc1ccc2ncc(C#N)c(Nc3cccc(Br)c3)c2c1,0,data/quantum/erbB_xyz/ERBB2__CHEMBL114593__state03.xyz
ERBB2__CHEMBL115187__state00,ERBB2__CHEMBL115187,CHEMBL115187,ERBB2,CHEMBL1145020,0,CCCN(CC#CC(=O)Nc1ccc2ncc(C#N)c(Nc3cccc(Br)c3)c2c1)CCC,0,data/quantum/erbB_xyz/ERBB2__CHEMBL115187__state00.xyz
ERBB2__CHEMBL115187__state01,ERBB2__CHEMBL115187,CHEMBL115187,ERBB2,CHEMBL1145020,1,CCCN(CC#CC(=O)Nc1ccc2[nH]cc(C#N)c(=Nc3cccc(Br)c3)c2c1)CCC,0,data/quantum/erbB_xyz/ERBB2__CHEMBL115187__state01.xyz
ERBB2__CHEMBL115187__state02,ERBB2__CHEMBL115187,CHEMBL115187,ERBB2,CHEMBL1145020,2,CCCN(CC#CC(O)=Nc1ccc2[nH]cc(C#N)c(=Nc3cccc(Br)c3)c2c1)CCC,0,data/quantum/erbB_xyz/ERBB2__CHEMBL115187__state02.xyz
ERBB2__CHEMBL115187__state03,ERBB2__CHEMBL115187,CHEMBL115187,ERBB2,CHEMBL1145020,3,CCCN(CC#CC(O)=Nc1ccc2ncc(C#N)c(Nc3cccc(Br)c3)c2c1)CCC,0,data/quantum/erbB_xyz/ERBB2__CHEMBL115187__state03.xyz
ERBB2__CHEMBL115440__state00,ERBB2__CHEMBL115440,CHEMBL115440,ERBB2,CHEMBL1145020,0,COCCOCC#CC(=O)Nc1ccc2ncc(C#N)c(Nc3cccc(Br)c3)c2c1,0,data/quantum/erbB_xyz/ERBB2__CHEMBL115440__state00.xyz
ERBB2__CHEMBL115440__state01,ERBB2__CHEMBL115440,CHEMBL115440,ERBB2,CHEMBL1145020,1,COCCOCC#CC(=O)Nc1ccc2[nH]cc(C#N)c(=Nc3cccc(Br)c3)c2c1,0,data/quantum/erbB_xyz/ERBB2__CHEMBL115440__state01.xyz
ERBB2__CHEMBL115440__state02,ERBB2__CHEMBL115440,CHEMBL115440,ERBB2,CHEMBL1145020,2,COCCOCC#CC(O)=Nc1ccc2[nH]cc(C#N)c(=Nc3cccc(Br)c3)c2c1,0,data/quantum/erbB_xyz/ERBB2__CHEMBL115440__state02.xyz
ERBB2__CHEMBL115440__state03,ERBB2__CHEMBL115440,CHEMBL115440,ERBB2,CHEMBL1145020,3,COCCOCC#CC(O)=Nc1ccc2ncc(C#N)c(Nc3cccc(Br)c3)c2c1,0,data/quantum/erbB_xyz/ERBB2__CHEMBL115440__state03.xyz
ERBB2__CHEMBL115519__state00,ERBB2__CHEMBL115519,CHEMBL115519,ERBB2,CHEMBL1136802,0,COc1cc(/C=C(\C#N)C(N)=O)cc(CSc2nc3cc(Cl)ccc3s2)c1O,0,data/quantum/erbB_xyz/ERBB2__CHEMBL115519__state00.xyz
ERBB2__CHEMBL115519__state01,ERBB2__CHEMBL115519,CHEMBL115519,ERBB2,CHEMBL1136802,1,COC1=CC(=CC(C#N)=C(N)O)C=C(CSc2nc3cc(Cl)ccc3s2)C1=O,0,data/quantum/erbB_xyz/ERBB2__CHEMBL115519__state01.xyz
ERBB2__CHEMBL115519__state02,ERBB2__CHEMBL115519,CHEMBL115519,ERBB2,CHEMBL1136802,2,COC1=CC(=CC(C#N)C(=N)O)C=C(CSc2nc3cc(Cl)ccc3s2)C1=O,0,data/quantum/erbB_xyz/ERBB2__CHEMBL115519__state02.xyz
ERBB2__CHEMBL115519__state03,ERBB2__CHEMBL115519,CHEMBL115519,ERBB2,CHEMBL1136802,3,COC1=CC(=CC(C#N)C(N)=O)C=C(CSc2nc3cc(Cl)ccc3s2)C1=O,0,data/quantum/erbB_xyz/ERBB2__CHEMBL115519__state03.xyz
ERBB2__CHEMBL116012__state00,ERBB2__CHEMBL116012,CHEMBL116012,ERBB2,CHEMBL1145020,0,CCOc1cc2ncc(C#N)c(Nc3cccc(Br)c3)c2cc1NC(=O)/C=C/CN1CCOCC1,0,data/quantum/erbB_xyz/ERBB2__CHEMBL116012__state00.xyz
ERBB2__CHEMBL116012__state01,ERBB2__CHEMBL116012,CHEMBL116012,ERBB2,CHEMBL1145020,1,CCOc1cc2[nH]cc(C#N)c(=Nc3cccc(Br)c3)c2cc1N=C(O)/C=C/CN1CCOCC1,0,data/quantum/erbB_xyz/ERBB2__CHEMBL116012__state01.xyz
ERBB2__CHEMBL116012__state02,ERBB2__CHEMBL116012,CHEMBL116012,ERBB2,CHEMBL1145020,2,CCOc1cc2[nH]cc(C#N)c(=Nc3cccc(Br)c3)c2cc1NC(=O)/C=C/CN1CCOCC1,0,data/quantum/erbB_xyz/ERBB2__CHEMBL116012__state02.xyz
ERBB2__CHEMBL116012__state03,ERBB2__CHEMBL116012,CHEMBL116012,ERBB2,CHEMBL1145020,3,CCOc1cc2ncc(C#N)c(Nc3cccc(Br)c3)c2cc1N=C(O)/C=C/CN1CCOCC1,0,data/quantum/erbB_xyz/ERBB2__CHEMBL116012__state03.xyz
ERBB2__CHEMBL1161234__state00,ERBB2__CHEMBL1161234,CHEMBL1161234,ERBB2,CHEMBL1136802,0,COc1cc(/C=C(\C#N)C(N)=O)cc(SCCCC(=O)O)c1O,0,data/quantum/erbB_xyz/ERBB2__CHEMBL1161234__state00.xyz
ERBB2__CHEMBL1161234__state01,ERBB2__CHEMBL1161234,CHEMBL1161234,ERBB2,CHEMBL1136802,1,COC1=CC(=CC(C#N)=C(N)O)C=C(SCCC=C(O)O)C1=O,0,data/quantum/erbB_xyz/ERBB2__CHEMBL1161234__state01.xyz
ERBB2__CHEMBL1161234__state02,ERBB2__CHEMBL1161234,CHEMBL1161234,ERBB2,CHEMBL1136802,2,COC1=CC(=CC(C#N)=C(N)O)C=C(SCCCC(=O)O)C1=O,0,data/quantum/erbB_xyz/ERBB2__CHEMBL1161234__state02.xyz
ERBB2__CHEMBL1161234__state03,ERBB2__CHEMBL1161234,CHEMBL1161234,ERBB2,CHEMBL1136802,3,COC1=CC(=CC(C#N)C(=N)O)C=C(SCCC=C(O)O)C1=O,0,data/quantum/erbB_xyz/ERBB2__CHEMBL1161234__state03.xyz
ERBB2__CHEMBL1161235__state00,ERBB2__CHEMBL1161235,CHEMBL1161235,ERBB2,CHEMBL1136802,0,COc1cc(/C=C(\C#N)C(N)=O)cc(SCCC(=O)O)c1O,0,data/quantum/erbB_xyz/ERBB2__CHEMBL1161235__state00.xyz
ERBB2__CHEMBL1161235__state01,ERBB2__CHEMBL1161235,CHEMBL1161235,ERBB2,CHEMBL1136802,1,COC1=CC(=CC(C#N)=C(N)O)C=C(SCC=C(O)O)C1=O,0,data/quantum/erbB_xyz/ERBB2__CHEMBL1161235__state01.xyz
ERBB2__CHEMBL1161235__state02,ERBB2__CHEMBL1161235,CHEMBL1161235,ERBB2,CHEMBL1136802,2,COC1=CC(=CC(C#N)=C(N)O)C=C(SCCC(=O)O)C1=O,0,data/quantum/erbB_xyz/ERBB2__CHEMBL1161235__state02.xyz
ERBB2__CHEMBL1161235__state03,ERBB2__CHEMBL1161235,CHEMBL1161235,ERBB2,CHEMBL1136802,3,COC1=CC(=CC(C#N)C(=N)O)C=C(SCC=C(O)O)C1=O,0,data/quantum/erbB_xyz/ERBB2__CHEMBL1161235__state03.xyz
ERBB2__CHEMBL116595__state00,ERBB2__CHEMBL116595,CHEMBL116595,ERBB2,CHEMBL1136802,0,COc1cc(/C=C(\C#N)C(N)=O)cc(CSc2ccccc2)c1O,0,data/quantum/erbB_xyz/ERBB2__CHEMBL116595__state00.xyz
ERBB2__CHEMBL116595__state01,ERBB2__CHEMBL116595,CHEMBL116595,ERBB2,CHEMBL1136802,1,COC1=CC(=CC(C#N)=C(N)O)C=C(CSc2ccccc2)C1=O,0,data/quantum/erbB_xyz/ERBB2__CHEMBL116595__state01.xyz
ERBB2__CHEMBL116595__state02,ERBB2__CHEMBL116595,CHEMBL116595,ERBB2,CHEMBL1136802,2,COC1=CC(=CC(C#N)C(=N)O)C=C(CSc2ccccc2)C1=O,0,data/quantum/erbB_xyz/ERBB2__CHEMBL116595__state02.xyz
ERBB2__CHEMBL116595__state03,ERBB2__CHEMBL116595,CHEMBL116595,ERBB2,CHEMBL1136802,3,COC1=CC(=CC(C#N)C(N)=O)C=C(CSc2ccccc2)C1=O,0,data/quantum/erbB_xyz/ERBB2__CHEMBL116595__state03.xyz
ERBB2__CHEMBL116853__state00,ERBB2__CHEMBL116853,CHEMBL116853,ERBB2,CHEMBL1145020,0,COc1cc2ncc(C#N)c(Nc3cccc(Br)c3)c2cc1NC(=O)C#CCN(C)C,0,data/quantum/erbB_xyz/ERBB2__CHEMBL116853__state00.xyz
ERBB2__CHEMBL116853__state01,ERBB2__CHEMBL116853,CHEMBL116853,ERBB2,CHEMBL1145020,1,COc1cc2[nH]cc(C#N)c(=Nc3cccc(Br)c3)c2cc1N=C(O)C#CCN(C)C,0,data/quantum/erbB_xyz/ERBB2__CHEMBL116853__state01.xyz
ERBB2__CHEMBL116853__state02,ERBB2__CHEMBL116853,CHEMBL116853,ERBB2,CHEMBL1145020,2,COc1cc2[nH]cc(C#N)c(=Nc3cccc(Br)c3)c2cc1NC(=O)C#CCN(C)C,0,data/quantum/erbB_xyz/ERBB2__CHEMBL116853__state02.xyz
ERBB2__CHEMBL116853__state03,ERBB2__CHEMBL116853,CHEMBL116853,ERBB2,CHEMBL1145020,3,COc1cc2ncc(C#N)c(Nc3cccc(Br)c3)c2cc1N=C(O)C#CCN(C)C,0,data/quantum/erbB_xyz/ERBB2__CHEMBL116853__state03.xyz
ERBB2__CHEMBL1173655__state00,ERBB2__CHEMBL1173655,CHEMBL1173655,ERBB2,CHEMBL1139297,0,CN(C)C/C=C/C(=O)Nc1cc2c(Nc3ccc(F)c(Cl)c3)ncnc2cc1O[C@H]1CCOC1,0,data/quantum/erbB_xyz/ERBB2__CHEMBL1173655__state00.xyz
ERBB2__CHEMBL1173655__state01,ERBB2__CHEMBL1173655,CHEMBL1173655,ERBB2,CHEMBL1139297,1,CN(C)C/C=C/C(=O)Nc1cc2c(=Nc3ccc(F)c(Cl)c3)[nH]cnc2cc1O[C@H]1CCOC1,0,data/quantum/erbB_xyz/ERBB2__CHEMBL1173655__state01.xyz
ERBB2__CHEMBL1173655__state02,ERBB2__CHEMBL1173655,CHEMBL1173655,ERBB2,CHEMBL1139297,2,CN(C)C/C=C/C(=O)Nc1cc2c(=Nc3ccc(F)c(Cl)c3)nc[nH]c2cc1O[C@H]1CCOC1,0,data/quantum/erbB_xyz/ERBB2__CHEMBL1173655__state02.xyz
ERBB2__CHEMBL1173655__state03,ERBB2__CHEMBL1173655,CHEMBL1173655,ERBB2,CHEMBL1139297,3,CN(C)C/C=C/C(O)=Nc1cc2c(=Nc3ccc(F)c(Cl)c3)[nH]cnc2cc1O[C@H]1CCOC1,0,data/quantum/erbB_xyz/ERBB2__CHEMBL1173655__state03.xyz
ERBB2__CHEMBL118109__state00,ERBB2__CHEMBL118109,CHEMBL118109,ERBB2,CHEMBL1136802,0,COc1cc(/C=C(\C#N)C(N)=O)cc(CSc2nc3ccccc3s2)c1O,0,data/quantum/erbB_xyz/ERBB2__CHEMBL118109__state00.xyz
ERBB2__CHEMBL118109__state01,ERBB2__CHEMBL118109,CHEMBL118109,ERBB2,CHEMBL1136802,1,COC1=CC(=CC(C#N)=C(N)O)C=C(CSc2nc3ccccc3s2)C1=O,0,data/quantum/erbB_xyz/ERBB2__CHEMBL118109__state01.xyz
ERBB2__CHEMBL118109__state02,ERBB2__CHEMBL118109,CHEMBL118109,ERBB2,CHEMBL1136802,2,COC1=CC(=CC(C#N)C(=N)O)C=C(CSc2nc3ccccc3s2)C1=O,0,data/quantum/erbB_xyz/ERBB2__CHEMBL118109__state02.xyz
ERBB2__CHEMBL118109__state03,ERBB2__CHEMBL118109,CHEMBL118109,ERBB2,CHEMBL1136802,3,COC1=CC(=CC(C#N)C(N)=O)C=C(CSc2nc3ccccc3s2)C1=O,0,data/quantum/erbB_xyz/ERBB2__CHEMBL118109__state03.xyz
ERBB2__CHEMBL119156__state00,ERBB2__CHEMBL119156,CHEMBL119156,ERBB2,CHEMBL1136802,0,COc1cc(/C=C(\C#N)C(N)=O)cc(CSc2ccccn2)c1O,0,data/quantum/erbB_xyz/ERBB2__CHEMBL119156__state00.xyz
ERBB2__CHEMBL119156__state01,ERBB2__CHEMBL119156,CHEMBL119156,ERBB2,CHEMBL1136802,1,COC1=CC(=CC(C#N)=C(N)O)C=C(CSc2ccccn2)C1=O,0,data/quantum/erbB_xyz/ERBB2__CHEMBL119156__state01.xyz
ERBB2__CHEMBL119156__state02,ERBB2__CHEMBL119156,CHEMBL119156,ERBB2,CHEMBL1136802,2,COC1=CC(=CC(C#N)C(=N)O)C=C(CSc2ccccn2)C1=O,0,data/quantum/erbB_xyz/ERBB2__CHEMBL119156__state02.xyz
ERBB2__CHEMBL119156__state03,ERBB2__CHEMBL119156,CHEMBL119156,ERBB2,CHEMBL1136802,3,COC1=CC(=CC(C#N)C(N)=O)C=C(CSc2ccccn2)C1=O,0,data/quantum/erbB_xyz/ERBB2__CHEMBL119156__state03.xyz
ERBB2__CHEMBL119987__state00,ERBB2__CHEMBL119987,CHEMBL119987,ERBB2,CHEMBL1136802,0,COc1cc(/C=C(\C#N)C(N)=O)cc(CSc2ccccc2C(=O)O)c1O,0,data/quantum/erbB_xyz/ERBB2__CHEMBL119987__state00.xyz
ERBB2__CHEMBL119987__state01,ERBB2__CHEMBL119987,CHEMBL119987,ERBB2,CHEMBL1136802,1,COC1=CC(=CC(C#N)=C(N)O)C=C(CSc2ccccc2C(=O)O)C1=O,0,data/quantum/erbB_xyz/ERBB2__CHEMBL119987__state01.xyz
ERBB2__CHEMBL119987__state02,ERBB2__CHEMBL119987,CHEMBL119987,ERBB2,CHEMBL1136802,2,COC1=CC(=CC(C#N)C(=N)O)C=C(CSc2ccccc2C(=O)O)C1=O,0,data/quantum/erbB_xyz/ERBB2__CHEMBL119987__state02.xyz
ERBB2__CHEMBL119987__state03,ERBB2__CHEMBL119987,CHEMBL119987,ERBB2,CHEMBL1136802,3,COC1=CC(=CC(C#N)C(N)=O)C=C(CSc2ccccc2C(=O)O)C1=O,0,data/quantum/erbB_xyz/ERBB2__CHEMBL119987__state03.xyz
ERBB2__CHEMBL136058__state00,ERBB2__CHEMBL136058,CHEMBL136058,ERBB2,CHEMBL1134843,0,O=C(/C=C/C(=O)Nc1cc2c(Nc3cccc(Br)c3)ncnc2cn1)NCCCN1CCOCC1,0,data/quantum/erbB_xyz/ERBB2__CHEMBL136058__state00.xyz
ERBB2__CHEMBL136058__state01,ERBB2__CHEMBL136058,CHEMBL136058,ERBB2,CHEMBL1134843,1,O=C(/C=C/C(=O)NCCCN1CCOCC1)N=c1cc2c(Nc3cccc(Br)c3)ncnc2c[nH]1,0,data/quantum/erbB_xyz/ERBB2__CHEMBL136058__state01.xyz
ERBB2__CHEMBL136058__state02,ERBB2__CHEMBL136058,CHEMBL136058,ERBB2,CHEMBL1134843,2,O=C(/C=C/C(=O)Nc1cc2c(=Nc3cccc(Br)c3)[nH]cnc2cn1)NCCCN1CCOCC1,0,data/quantum/erbB_xyz/ERBB2__CHEMBL136058__state02.xyz
ERBB2__CHEMBL136058__state03,ERBB2__CHEMBL136058,CHEMBL136058,ERBB2,CHEMBL1134843,3,O=C(/C=C/C(=O)Nc1cc2c(=Nc3cccc(Br)c3)nc[nH]c2cn1)NCCCN1CCOCC1,0,data/quantum/erbB_xyz/ERBB2__CHEMBL136058__state03.xyz
ERBB2__CHEMBL138940__state00,ERBB2__CHEMBL138940,CHEMBL138940,ERBB2,CHEMBL1134843,0,O=C(/C=C/C(=O)Nc1cc2c(Nc3ccc(F)c(Cl)c3)ncnc2cn1)NCCCN1CCOCC1,0,data/quantum/erbB_xyz/ERBB2__CHEMBL138940__state00.xyz
ERBB2__CHEMBL138940__state01,ERBB2__CHEMBL138940,CHEMBL138940,ERBB2,CHEMBL1134843,1,O=C(/C=C/C(=O)NCCCN1CCOCC1)N=c1cc2c(Nc3ccc(F)c(Cl)c3)ncnc2c[nH]1,0,data/quantum/erbB_xyz/ERBB2__CHEMBL138940__state01.xyz
ERBB2__CHEMBL138940__state02,ERBB2__CHEMBL138940,CHEMBL138940,ERBB2,CHEMBL1134843,2,O=C(/C=C/C(=O)Nc1cc2c(=Nc3ccc(F)c(Cl)c3)[nH]cnc2cn1)NCCCN1CCOCC1,0,data/quantum/erbB_xyz/ERBB2__CHEMBL138940__state02.xyz
ERBB2__CHEMBL138940__state03,ERBB2__CHEMBL138940,CHEMBL138940,ERBB2,CHEMBL1134843,3,O=C(/C=C/C(=O)Nc1cc2c(=Nc3ccc(F)c(Cl)c3)nc[nH]c2cn1)NCCCN1CCOCC1,0,data/quantum/erbB_xyz/ERBB2__CHEMBL138940__state03.xyz
ERBB2__CHEMBL140561__state00,ERBB2__CHEMBL140561,CHEMBL140561,ERBB2,CHEMBL1134843,0,CN(C)CCCOC(=O)/C=C/C(=O)Nc1ccc2ncnc(Nc3cccc(Br)c3)c2c1,0,data/quantum/erbB_xyz/ERBB2__CHEMBL140561__state00.xyz
ERBB2__CHEMBL140561__state01,ERBB2__CHEMBL140561,CHEMBL140561,ERBB2,CHEMBL1134843,1,CN(C)CCCOC(=O)/C=C/C(=O)Nc1ccc2[nH]cnc(=Nc3cccc(Br)c3)c2c1,0,data/quantum/erbB_xyz/ERBB2__CHEMBL140561__state01.xyz
ERBB2__CHEMBL140561__state02,ERBB2__CHEMBL140561,CHEMBL140561,ERBB2,CHEMBL1134843,2,CN(C)CCCOC(=O)/C=C/C(=O)Nc1ccc2nc[nH]c(=Nc3cccc(Br)c3)c2c1,0,data/quantum/erbB_xyz/ERBB2__CHEMBL140561__state02.xyz
ERBB2__CHEMBL140561__state03,ERBB2__CHEMBL140561,CHEMBL140561,ERBB2,CHEMBL1134843,3,CN(C)CCCOC(=O)/C=C/C(O)=Nc1ccc2[nH]cnc(=Nc3cccc(Br)c3)c2c1,0,data/quantum/erbB_xyz/ERBB2__CHEMBL140561__state03.xyz
ERBB2__CHEMBL141238__state00,ERBB2__CHEMBL141238,CHEMBL141238,ERBB2,CHEMBL1136802,0,Cc1cc(C)c(NC(=O)/C(C#N)=C/c2ccc(O)c(O)c2)c(C)c1,0,data/quantum/erbB_xyz/ERBB2__CHEMBL141238__state00.xyz
ERBB2__CHEMBL141238__state01,ERBB2__CHEMBL141238,CHEMBL141238,ERBB2,CHEMBL1136802,1,Cc1cc(C)c(N=C(O)C(C#N)=Cc2ccc(O)c(O)c2)c(C)c1,0,data/quantum/erbB_xyz/ERBB2__CHEMBL141238__state01.xyz
ERBB2__CHEMBL141238__state02,ERBB2__CHEMBL141238,CHEMBL141238,ERBB2,CHEMBL1136802,2,Cc1cc(C)c(N=C(O)C(C#N)C=C2C=CC(=O)C(O)=C2)c(C)c1,0,data/quantum/erbB_xyz/ERBB2__CHEMBL141238__state02.xyz
ERBB2__CHEMBL141238__state03,ERBB2__CHEMBL141238,CHEMBL141238,ERBB2,CHEMBL1136802,3,Cc1cc(C)c(N=C(O)C(C#N)CC2=CC(=O)C(=O)C=C2)c(C)c1,0,data/quantum/erbB_xyz/ERBB2__CHEMBL141238__state03.xyz
ERBB2__CHEMBL153763__state00,ERBB2__CHEMBL153763,CHEMBL153763,ERBB2,CHEMBL1142663,0,CCOc1cc2ncc(C#N)c(Nc3ccc(OCc4ccccc4)c(Cl)c3)c2cc1NC(=O)/C=C/CN1C(C)CCCC1C,0,data/quantum/erbB_xyz/ERBB2__CHEMBL153763__state00.xyz
ERBB2__CHEMBL153763__state01,ERBB2__CHEMBL153763,CHEMBL153763,ERBB2,CHEMBL1142663,1,CCOc1cc2[nH]cc(C#N)c(=Nc3ccc(OCc4ccccc4)c(Cl)c3)c2cc1N=C(O)/C=C/CN1C(C)CCCC1C,0,data/quantum/erbB_xyz/ERBB2__CHEMBL153763__state01.xyz
ERBB2__CHEMBL153763__state02,ERBB2__CHEMBL153763,CHEMBL153763,ERBB2,CHEMBL1142663,2,CCOc1cc2[nH]cc(C#N)c(=Nc3ccc(OCc4ccccc4)c(Cl)c3)c2cc1NC(=O)/C=C/CN1C(C)CCCC1C,0,data/quantum/erbB_xyz/ERBB2__CHEMBL153763__state02.xyz
ERBB2__CHEMBL153763__state03,ERBB2__CHEMBL153763,CHEMBL153763,ERBB2,CHEMBL1142663,3,CCOc1cc2ncc(C#N)c(Nc3ccc(OCc4ccccc4)c(Cl)c3)c2cc1N=C(O)/C=C/CN1C(C)CCCC1C,0,data/quantum/erbB_xyz/ERBB2__CHEMBL153763__state03.xyz
ERBB2__CHEMBL1630107__state00,ERBB2__CHEMBL1630107,CHEMBL1630107,ERBB2,CHEMBL1629443,0,O=C(/C=C/c1ccc(-c2ccc3ncnc(Nc4ccc(OCc5cccc(F)c5)c(Cl)c4)c3c2)o1)NO,0,data/quantum/erbB_xyz/ERBB2__CHEMBL1630107__state00.xyz
ERBB2__CHEMBL1630107__state01,ERBB2__CHEMBL1630107,CHEMBL1630107,ERBB2,CHEMBL1629443,1,O=C(/C=C/c1ccc(-c2ccc3[nH]cnc(=Nc4ccc(OCc5cccc(F)c5)c(Cl)c4)c3c2)o1)NO,0,data/quantum/erbB_xyz/ERBB2__CHEMBL1630107__state01.xyz
ERBB2__CHEMBL1630107__state02,ERBB2__CHEMBL1630107,CHEMBL1630107,ERBB2,CHEMBL1629443,2,O=C(/C=C/c1ccc(-c2ccc3nc[nH]c(=Nc4ccc(OCc5cccc(F)c5)c(Cl)c4)c3c2)o1)NO,0,data/quantum/erbB_xyz/ERBB2__CHEMBL1630107__state02.xyz
ERBB2__CHEMBL1630107__state03,ERBB2__CHEMBL1630107,CHEMBL1630107,ERBB2,CHEMBL1629443,3,O=NC(O)/C=C/c1ccc(-c2ccc3[nH]cnc(=Nc4ccc(OCc5cccc(F)c5)c(Cl)c4)c3c2)o1,0,data/quantum/erbB_xyz/ERBB2__CHEMBL1630107__state03.xyz
ERBB2__CHEMBL1630108__state00,ERBB2__CHEMBL1630108,CHEMBL1630108,ERBB2,CHEMBL1629443,0,O=C(/C=C/c1ccc(-c2ccc3ncnc(Nc4ccc(OCc5cccc(F)c5)c(Cl)c4)c3c2)s1)NO,0,data/quantum/erbB_xyz/ERBB2__CHEMBL1630108__state00.xyz
ERBB2__CHEMBL1630108__state01,ERBB2__CHEMBL1630108,CHEMBL1630108,ERBB2,CHEMBL1629443,1,O=C(/C=C/c1ccc(-c2ccc3[nH]cnc(=Nc4ccc(OCc5cccc(F)c5)c(Cl)c4)c3c2)s1)NO,0,data/quantum/erbB_xyz/ERBB2__CHEMBL1630108__state01.xyz
ERBB2__CHEMBL1630108__state02,ERBB2__CHEMBL1630108,CHEMBL1630108,ERBB2,CHEMBL1629443,2,O=C(/C=C/c1ccc(-c2ccc3nc[nH]c(=Nc4ccc(OCc5cccc(F)c5)c(Cl)c4)c3c2)s1)NO,0,data/quantum/erbB_xyz/ERBB2__CHEMBL1630108__state02.xyz
ERBB2__CHEMBL1630108__state03,ERBB2__CHEMBL1630108,CHEMBL1630108,ERBB2,CHEMBL1629443,3,O=NC(O)/C=C/c1ccc(-c2ccc3[nH]cnc(=Nc4ccc(OCc5cccc(F)c5)c(Cl)c4)c3c2)s1,0,data/quantum/erbB_xyz/ERBB2__CHEMBL1630108__state03.xyz
ERBB2__CHEMBL1630109__state00,ERBB2__CHEMBL1630109,CHEMBL1630109,ERBB2,CHEMBL1629443,0,O=C(/C=C/c1cccc(-c2ccc3ncnc(Nc4ccc(OCc5cccc(F)c5)c(Cl)c4)c3c2)c1)NO,0,data/quantum/erbB_xyz/ERBB2__CHEMBL1630109__state00.xyz
ERBB2__CHEMBL1630109__state01,ERBB2__CHEMBL1630109,CHEMBL1630109,ERBB2,CHEMBL1629443,1,O=C(/C=C/c1cccc(-c2ccc3[nH]cnc(=Nc4ccc(OCc5cccc(F)c5)c(Cl)c4)c3c2)c1)NO,0,data/quantum/erbB_xyz/ERBB2__CHEMBL1630109__state01.xyz
ERBB2__CHEMBL1630109__state02,ERBB2__CHEMBL1630109,CHEMBL1630109,ERBB2,CHEMBL1629443,2,O=C(/C=C/c1cccc(-c2ccc3nc[nH]c(=Nc4ccc(OCc5cccc(F)c5)c(Cl)c4)c3c2)c1)NO,0,data/quantum/erbB_xyz/ERBB2__CHEMBL1630109__state02.xyz
ERBB2__CHEMBL1630109__state03,ERBB2__CHEMBL1630109,CHEMBL1630109,ERBB2,CHEMBL1629443,3,O=NC(O)/C=C/c1cccc(-c2ccc3[nH]cnc(=Nc4ccc(OCc5cccc(F)c5)c(Cl)c4)c3c2)c1,0,data/quantum/erbB_xyz/ERBB2__CHEMBL1630109__state03.xyz
ERBB2__CHEMBL1630110__state00,ERBB2__CHEMBL1630110,CHEMBL1630110,ERBB2,CHEMBL1629443,0,O=C(/C=C/c1ccc(-c2ccc3ncnc(Nc4ccc(OCc5cccc(F)c5)c(Cl)c4)c3c2)cc1)NO,0,data/quantum/erbB_xyz/ERBB2__CHEMBL1630110__state00.xyz
ERBB2__CHEMBL1630110__state01,ERBB2__CHEMBL1630110,CHEMBL1630110,ERBB2,CHEMBL1629443,1,O=C(/C=C/c1ccc(-c2ccc3[nH]cnc(=Nc4ccc(OCc5cccc(F)c5)c(Cl)c4)c3c2)cc1)NO,0,data/quantum/erbB_xyz/ERBB2__CHEMBL1630110__state01.xyz
ERBB2__CHEMBL1630110__state02,ERBB2__CHEMBL1630110,CHEMBL1630110,ERBB2,CHEMBL1629443,2,O=C(/C=C/c1ccc(-c2ccc3nc[nH]c(=Nc4ccc(OCc5cccc(F)c5)c(Cl)c4)c3c2)cc1)NO,0,data/quantum/erbB_xyz/ERBB2__CHEMBL1630110__state02.xyz
ERBB2__CHEMBL1630110__state03,ERBB2__CHEMBL1630110,CHEMBL1630110,ERBB2,CHEMBL1629443,3,O=NC(O)/C=C/c1ccc(-c2ccc3[nH]cnc(=Nc4ccc(OCc5cccc(F)c5)c(Cl)c4)c3c2)cc1,0,data/quantum/erbB_xyz/ERBB2__CHEMBL1630110__state03.xyz
ERBB2__CHEMBL1630113__state00,ERBB2__CHEMBL1630113,CHEMBL1630113,ERBB2,CHEMBL1629443,0,Nc1ccccc1NC(=O)/C=C/c1ccc(-c2ccc3ncnc(Nc4ccc(OCc5cccc(F)c5)c(Cl)c4)c3c2)o1,0,data/quantum/erbB_xyz/ERBB2__CHEMBL1630113__state00.xyz
ERBB2__CHEMBL1630113__state01,ERBB2__CHEMBL1630113,CHEMBL1630113,ERBB2,CHEMBL1629443,1,Nc1ccccc1N=C(O)/C=C/c1ccc(-c2ccc3[nH]cnc(=Nc4ccc(OCc5cccc(F)c5)c(Cl)c4)c3c2)o1,0,data/quantum/erbB_xyz/ERBB2__CHEMBL1630113__state01.xyz
ERBB2__CHEMBL1630113__state02,ERBB2__CHEMBL1630113,CHEMBL1630113,ERBB2,CHEMBL1629443,2,Nc1ccccc1N=C(O)/C=C/c1ccc(-c2ccc3nc[nH]c(=Nc4ccc(OCc5cccc(F)c5)c(Cl)c4)c3c2)o1,0,data/quantum/erbB_xyz/ERBB2__CHEMBL1630113__state02.xyz
ERBB2__CHEMBL1630113__state03,ERBB2__CHEMBL1630113,CHEMBL1630113,ERBB2,CHEMBL1629443,3,Nc1ccccc1N=C(O)/C=C/c1ccc(-c2ccc3ncnc(Nc4ccc(OCc5cccc(F)c5)c(Cl)c4)c3c2)o1,0,data/quantum/erbB_xyz/ERBB2__CHEMBL1630113__state03.xyz
ERBB2__CHEMBL1630114__state00,ERBB2__CHEMBL1630114,CHEMBL1630114,ERBB2,CHEMBL1629443,0,Nc1ccccc1NC(=O)/C=C/c1cccc(-c2ccc3ncnc(Nc4ccc(OCc5cccc(F)c5)c(Cl)c4)c3c2)c1,0,data/quantum/erbB_xyz/ERBB2__CHEMBL1630114__state00.xyz
ERBB2__CHEMBL1630114__state01,ERBB2__CHEMBL1630114,CHEMBL1630114,ERBB2,CHEMBL1629443,1,Nc1ccccc1N=C(O)/C=C/c1cccc(-c2ccc3[nH]cnc(=Nc4ccc(OCc5cccc(F)c5)c(Cl)c4)c3c2)c1,0,data/quantum/erbB_xyz/ERBB2__CHEMBL1630114__state01.xyz
ERBB2__CHEMBL1630114__state02,ERBB2__CHEMBL1630114,CHEMBL1630114,ERBB2,CHEMBL1629443,2,Nc1ccccc1N=C(O)/C=C/c1cccc(-c2ccc3nc[nH]c(=Nc4ccc(OCc5cccc(F)c5)c(Cl)c4)c3c2)c1,0,data/quantum/erbB_xyz/ERBB2__CHEMBL1630114__state02.xyz
ERBB2__CHEMBL1630114__state03,ERBB2__CHEMBL1630114,CHEMBL1630114,ERBB2,CHEMBL1629443,3,Nc1ccccc1N=C(O)/C=C/c1cccc(-c2ccc3ncnc(Nc4ccc(OCc5cccc(F)c5)c(Cl)c4)c3c2)c1,0,data/quantum/erbB_xyz/ERBB2__CHEMBL1630114__state03.xyz
ERBB2__CHEMBL1630115__state00,ERBB2__CHEMBL1630115,CHEMBL1630115,ERBB2,CHEMBL1629443,0,Nc1ccccc1NC(=O)/C=C/c1ccc(-c2ccc3ncnc(Nc4ccc(OCc5cccc(F)c5)c(Cl)c4)c3c2)cc1,0,data/quantum/erbB_xyz/ERBB2__CHEMBL1630115__state00.xyz
ERBB2__CHEMBL1630115__state01,ERBB2__CHEMBL1630115,CHEMBL1630115,ERBB2,CHEMBL1629443,1,Nc1ccccc1N=C(O)/C=C/c1ccc(-c2ccc3[nH]cnc(=Nc4ccc(OCc5cccc(F)c5)c(Cl)c4)c3c2)cc1,0,data/quantum/erbB_xyz/ERBB2__CHEMBL1630115__state01.xyz
ERBB2__CHEMBL1630115__state02,ERBB2__CHEMBL1630115,CHEMBL1630115,ERBB2,CHEMBL1629443,2,Nc1ccccc1N=C(O)/C=C/c1ccc(-c2ccc3nc[nH]c(=Nc4ccc(OCc5cccc(F)c5)c(Cl)c4)c3c2)cc1,0,data/quantum/erbB_xyz/ERBB2__CHEMBL1630115__state02.xyz
ERBB2__CHEMBL1630115__state03,ERBB2__CHEMBL1630115,CHEMBL1630115,ERBB2,CHEMBL1629443,3,Nc1ccccc1N=C(O)/C=C/c1ccc(-c2ccc3ncnc(Nc4ccc(OCc5cccc(F)c5)c(Cl)c4)c3c2)cc1,0,data/quantum/erbB_xyz/ERBB2__CHEMBL1630115__state03.xyz
ERBB2__CHEMBL1683963__state00,ERBB2__CHEMBL1683963,CHEMBL1683963,ERBB2,CHEMBL1681756,0,C/C(=C\c1c(C)ncnc1Nc1ccc(OCc2cccc(F)c2)c(Cl)c1)C(=O)NCCN1CCOCC1,0,data/quantum/erbB_xyz/ERBB2__CHEMBL1683963__state00.xyz
ERBB2__CHEMBL1683963__state01,ERBB2__CHEMBL1683963,CHEMBL1683963,ERBB2,CHEMBL1681756,1,C/C(=C\c1c(C)nc[nH]c1=Nc1ccc(OCc2cccc(F)c2)c(Cl)c1)C(=O)NCCN1CCOCC1,0,data/quantum/erbB_xyz/ERBB2__CHEMBL1683963__state01.xyz
ERBB2__CHEMBL1683963__state02,ERBB2__CHEMBL1683963,CHEMBL1683963,ERBB2,CHEMBL1681756,2,C/C(=C\c1c(C)ncnc1Nc1ccc(OCc2cccc(F)c2)c(Cl)c1)C(O)=NCCN1CCOCC1,0,data/quantum/erbB_xyz/ERBB2__CHEMBL1683963__state02.xyz
ERBB2__CHEMBL1683963__state03,ERBB2__CHEMBL1683963,CHEMBL1683963,ERBB2,CHEMBL1681756,3,C=C1NC=NC(=Nc2ccc(OCc3cccc(F)c3)c(Cl)c2)C1C=C(C)C(=O)NCCN1CCOCC1,0,data/quantum/erbB_xyz/ERBB2__CHEMBL1683963__state03.xyz
ERBB2__CHEMBL1683965__state00,ERBB2__CHEMBL1683965,CHEMBL1683965,ERBB2,CHEMBL1681756,0,Cc1ncnc(Nc2ccc(OCc3cccc(F)c3)c(Cl)c2)c1/C=C(\F)C(=O)NCCN1CCOCC1,0,data/quantum/erbB_xyz/ERBB2__CHEMBL1683965__state00.xyz
ERBB2__CHEMBL1683965__state01,ERBB2__CHEMBL1683965,CHEMBL1683965,ERBB2,CHEMBL1681756,1,C=C1N=CNC(Nc2ccc(OCc3cccc(F)c3)c(Cl)c2)=C1C=C(F)C(=O)NCCN1CCOCC1,0,data/quantum/erbB_xyz/ERBB2__CHEMBL1683965__state01.xyz
ERBB2__CHEMBL1683965__state02,ERBB2__CHEMBL1683965,CHEMBL1683965,ERBB2,CHEMBL1681756,2,C=C1NC=NC(=Nc2ccc(OCc3cccc(F)c3)c(Cl)c2)C1C=C(F)C(=O)NCCN1CCOCC1,0,data/quantum/erbB_xyz/ERBB2__CHEMBL1683965__state02.xyz
ERBB2__CHEMBL1683965__state03,ERBB2__CHEMBL1683965,CHEMBL1683965,ERBB2,CHEMBL1681756,3,C=C1NC=NC(Nc2ccc(OCc3cccc(F)c3)c(Cl)c2)=C1C=C(F)C(=O)NCCN1CCOCC1,0,data/quantum/erbB_xyz/ERBB2__CHEMBL1683965__state03.xyz
ERBB2__CHEMBL1683966__state00,ERBB2__CHEMBL1683966,CHEMBL1683966,ERBB2,CHEMBL1681756,0,Cc1ncnc(Nc2ccc(OCc3cccc(F)c3)c(Cl)c2)c1/C=C/C(=O)NCCN1CCOCC1,0,data/quantum/erbB_xyz/ERBB2__CHEMBL1683966__state00.xyz
ERBB2__CHEMBL1683966__state01,ERBB2__CHEMBL1683966,CHEMBL1683966,ERBB2,CHEMBL1681756,1,C=C1N=CNC(Nc2ccc(OCc3cccc(F)c3)c(Cl)c2)=C1C=CC(=O)NCCN1CCOCC1,0,data/quantum/erbB_xyz/ERBB2__CHEMBL1683966__state01.xyz
ERBB2__CHEMBL1683966__state02,ERBB2__CHEMBL1683966,CHEMBL1683966,ERBB2,CHEMBL1681756,2,C=C1NC=NC(=Nc2ccc(OCc3cccc(F)c3)c(Cl)c2)C1C=CC(=O)NCCN1CCOCC1,0,data/quantum/erbB_xyz/ERBB2__CHEMBL1683966__state02.xyz
ERBB2__CHEMBL1683966__state03,ERBB2__CHEMBL1683966,CHEMBL1683966,ERBB2,CHEMBL1681756,3,C=C1NC=NC(Nc2ccc(OCc3cccc(F)c3)c(Cl)c2)=C1C=CC(=O)NCCN1CCOCC1,0,data/quantum/erbB_xyz/ERBB2__CHEMBL1683966__state03.xyz
ERBB2__CHEMBL1683967__state00,ERBB2__CHEMBL1683967,CHEMBL1683967,ERBB2,CHEMBL1681756,0,Cc1ncnc(Nc2ccc(OCc3cccc(F)c3)c(Cl)c2)c1/C=C(\F)C(=O)NCCN1CCCC1,0,data/quantum/erbB_xyz/ERBB2__CHEMBL1683967__state00.xyz
ERBB2__CHEMBL1683967__state01,ERBB2__CHEMBL1683967,CHEMBL1683967,ERBB2,CHEMBL1681756,1,C=C1N=CNC(Nc2ccc(OCc3cccc(F)c3)c(Cl)c2)=C1C=C(F)C(=O)NCCN1CCCC1,0,data/quantum/erbB_xyz/ERBB2__CHEMBL1683967__state01.xyz
ERBB2__CHEMBL1683967__state02,ERBB2__CHEMBL1683967,CHEMBL1683967,ERBB2,CHEMBL1681756,2,C=C1NC=NC(=Nc2ccc(OCc3cccc(F)c3)c(Cl)c2)C1C=C(F)C(=O)NCCN1CCCC1,0,data/quantum/erbB_xyz/ERBB2__CHEMBL1683967__state02.xyz
ERBB2__CHEMBL1683967__state03,ERBB2__CHEMBL1683967,CHEMBL1683967,ERBB2,CHEMBL1681756,3,C=C1NC=NC(Nc2ccc(OCc3cccc(F)c3)c(Cl)c2)=C1C=C(F)C(=O)NCCN1CCCC1,0,data/quantum/erbB_xyz/ERBB2__CHEMBL1683967__state03.xyz
ERBB2__CHEMBL1683968__state00,ERBB2__CHEMBL1683968,CHEMBL1683968,ERBB2,CHEMBL1681756,0,Cc1ncnc(Nc2ccc(OCc3cccc(F)c3)c(Cl)c2)c1/C=C(\F)C(=O)NCCS(C)(=O)=O,0,data/quantum/erbB_xyz/ERBB2__CHEMBL1683968__state00.xyz
ERBB2__CHEMBL1683968__state01,ERBB2__CHEMBL1683968,CHEMBL1683968,ERBB2,CHEMBL1681756,1,C=C1N=CNC(Nc2ccc(OCc3cccc(F)c3)c(Cl)c2)=C1C=C(F)C(=O)NCCS(C)(=O)=O,0,data/quantum/erbB_xyz/ERBB2__CHEMBL1683968__state01.xyz
ERBB2__CHEMBL1683968__state02,ERBB2__CHEMBL1683968,CHEMBL1683968,ERBB2,CHEMBL1681756,2,C=C1NC=NC(=Nc2ccc(OCc3cccc(F)c3)c(Cl)c2)C1C=C(F)C(=O)NCCS(C)(=O)=O,0,data/quantum/erbB_xyz/ERBB2__CHEMBL1683968__state02.xyz
ERBB2__CHEMBL1683968__state03,ERBB2__CHEMBL1683968,CHEMBL1683968,ERBB2,CHEMBL1681756,3,C=C1NC=NC(Nc2ccc(OCc3cccc(F)c3)c(Cl)c2)=C1C=C(F)C(=O)NCCS(C)(=O)=O,0,data/quantum/erbB_xyz/ERBB2__CHEMBL1683968__state03.xyz
ERBB2__CHEMBL1683969__state00,ERBB2__CHEMBL1683969,CHEMBL1683969,ERBB2,CHEMBL1681756,0,CCN1CCN(C(=O)/C(F)=C/c2c(C)ncnc2Nc2ccc(OCc3cccc(F)c3)c(Cl)c2)CC1,0,data/quantum/erbB_xyz/ERBB2__CHEMBL1683969__state00.xyz
ERBB2__CHEMBL1683969__state01,ERBB2__CHEMBL1683969,CHEMBL1683969,ERBB2,CHEMBL1681756,1,C=C1N=CNC(Nc2ccc(OCc3cccc(F)c3)c(Cl)c2)=C1C=C(F)C(=O)N1CCN(CC)CC1,0,data/quantum/erbB_xyz/ERBB2__CHEMBL1683969__state01.xyz
ERBB2__CHEMBL1683969__state02,ERBB2__CHEMBL1683969,CHEMBL1683969,ERBB2,CHEMBL1681756,2,C=C1NC=NC(=Nc2ccc(OCc3cccc(F)c3)c(Cl)c2)C1C=C(F)C(=O)N1CCN(CC)CC1,0,data/quantum/erbB_xyz/ERBB2__CHEMBL1683969__state02.xyz
ERBB2__CHEMBL1683969__state03,ERBB2__CHEMBL1683969,CHEMBL1683969,ERBB2,CHEMBL1681756,3,C=C1NC=NC(Nc2ccc(OCc3cccc(F)c3)c(Cl)c2)=C1C=C(F)C(=O)N1CCN(CC)CC1,0,data/quantum/erbB_xyz/ERBB2__CHEMBL1683969__state03.xyz
ERBB2__CHEMBL175492__state00,ERBB2__CHEMBL175492,CHEMBL175492,ERBB2,CHEMBL1142663,0,C=C(CN(C)C)C(=O)Nc1cc2c(Nc3ccc(OCc4ccccc4)c(Cl)c3)c(C#N)cnc2cc1OCC,0,data/quantum/erbB_xyz/ERBB2__CHEMBL175492__state00.xyz
ERBB2__CHEMBL175492__state01,ERBB2__CHEMBL175492,CHEMBL175492,ERBB2,CHEMBL1142663,1,C=C(CN(C)C)C(=O)Nc1cc2c(=Nc3ccc(OCc4ccccc4)c(Cl)c3)c(C#N)c[nH]c2cc1OCC,0,data/quantum/erbB_xyz/ERBB2__CHEMBL175492__state01.xyz
ERBB2__CHEMBL175492__state02,ERBB2__CHEMBL175492,CHEMBL175492,ERBB2,CHEMBL1142663,2,C=C(CN(C)C)C(O)=Nc1cc2c(=Nc3ccc(OCc4ccccc4)c(Cl)c3)c(C#N)c[nH]c2cc1OCC,0,data/quantum/erbB_xyz/ERBB2__CHEMBL175492__state02.xyz
ERBB2__CHEMBL175492__state03,ERBB2__CHEMBL175492,CHEMBL175492,ERBB2,CHEMBL1142663,3,C=C(CN(C)C)C(O)=Nc1cc2c(Nc3ccc(OCc4ccccc4)c(Cl)c3)c(C#N)cnc2cc1OCC,0,data/quantum/erbB_xyz/ERBB2__CHEMBL175492__state03.xyz
ERBB2__CHEMBL175513__state00,ERBB2__CHEMBL175513,CHEMBL175513,ERBB2,CHEMBL1142663,0,CCOc1cc2ncc(C#N)c(Nc3ccc(OCc4nc5ccccc5s4)c(Cl)c3)c2cc1NC(=O)/C=C/CN(C)C,0,data/quantum/erbB_xyz/ERBB2__CHEMBL175513__state00.xyz
ERBB2__CHEMBL175513__state01,ERBB2__CHEMBL175513,CHEMBL175513,ERBB2,CHEMBL1142663,1,CCOc1cc2[nH]cc(C#N)c(=Nc3ccc(OCc4nc5ccccc5s4)c(Cl)c3)c2cc1N=C(O)/C=C/CN(C)C,0,data/quantum/erbB_xyz/ERBB2__CHEMBL175513__state01.xyz
ERBB2__CHEMBL175513__state02,ERBB2__CHEMBL175513,CHEMBL175513,ERBB2,CHEMBL1142663,2,CCOc1cc2[nH]cc(C#N)c(=Nc3ccc(OCc4nc5ccccc5s4)c(Cl)c3)c2cc1NC(=O)/C=C/CN(C)C,0,data/quantum/erbB_xyz/ERBB2__CHEMBL175513__state02.xyz
ERBB2__CHEMBL175513__state03,ERBB2__CHEMBL175513,CHEMBL175513,ERBB2,CHEMBL1142663,3,CCOc1cc2ncc(C#N)c(Nc3ccc(OCc4nc5ccccc5s4)c(Cl)c3)c2cc1N=C(O)/C=C/CN(C)C,0,data/quantum/erbB_xyz/ERBB2__CHEMBL175513__state03.xyz
ERBB2__CHEMBL175556__state00,ERBB2__CHEMBL175556,CHEMBL175556,ERBB2,CHEMBL1142663,0,CCOc1cc2ncc(C#N)c(Nc3ccc(OCc4ccccc4)c(Cl)c3)c2cc1NC(=O)/C=C/CN1CCOCC1,0,data/quantum/erbB_xyz/ERBB2__CHEMBL175556__state00.xyz
ERBB2__CHEMBL175556__state01,ERBB2__CHEMBL175556,CHEMBL175556,ERBB2,CHEMBL1142663,1,CCOc1cc2[nH]cc(C#N)c(=Nc3ccc(OCc4ccccc4)c(Cl)c3)c2cc1N=C(O)/C=C/CN1CCOCC1,0,data/quantum/erbB_xyz/ERBB2__CHEMBL175556__state01.xyz
ERBB2__CHEMBL175556__state02,ERBB2__CHEMBL175556,CHEMBL175556,ERBB2,CHEMBL1142663,2,CCOc1cc2[nH]cc(C#N)c(=Nc3ccc(OCc4ccccc4)c(Cl)c3)c2cc1NC(=O)/C=C/CN1CCOCC1,0,data/quantum/erbB_xyz/ERBB2__CHEMBL175556__state02.xyz
ERBB2__CHEMBL175556__state03,ERBB2__CHEMBL175556,CHEMBL175556,ERBB2,CHEMBL1142663,3,CCOc1cc2ncc(C#N)c(Nc3ccc(OCc4ccccc4)c(Cl)c3)c2cc1N=C(O)/C=C/CN1CCOCC1,0,data/quantum/erbB_xyz/ERBB2__CHEMBL175556__state03.xyz
ERBB2__CHEMBL175557__state00,ERBB2__CHEMBL175557,CHEMBL175557,ERBB2,CHEMBL1142663,0,CCOc1cc2ncc(C#N)c(Nc3ccc(OCc4ccccc4)c(Cl)c3)c2cc1NC(=O)/C=C/CN1CCSCC1,0,data/quantum/erbB_xyz/ERBB2__CHEMBL175557__state00.xyz
ERBB2__CHEMBL175557__state01,ERBB2__CHEMBL175557,CHEMBL175557,ERBB2,CHEMBL1142663,1,CCOc1cc2[nH]cc(C#N)c(=Nc3ccc(OCc4ccccc4)c(Cl)c3)c2cc1N=C(O)/C=C/CN1CCSCC1,0,data/quantum/erbB_xyz/ERBB2__CHEMBL175557__state01.xyz
ERBB2__CHEMBL175557__state02,ERBB2__CHEMBL175557,CHEMBL175557,ERBB2,CHEMBL1142663,2,CCOc1cc2[nH]cc(C#N)c(=Nc3ccc(OCc4ccccc4)c(Cl)c3)c2cc1NC(=O)/C=C/CN1CCSCC1,0,data/quantum/erbB_xyz/ERBB2__CHEMBL175557__state02.xyz
ERBB2__CHEMBL175557__state03,ERBB2__CHEMBL175557,CHEMBL175557,ERBB2,CHEMBL1142663,3,CCOc1cc2ncc(C#N)c(Nc3ccc(OCc4ccccc4)c(Cl)c3)c2cc1N=C(O)/C=C/CN1CCSCC1,0,data/quantum/erbB_xyz/ERBB2__CHEMBL175557__state03.xyz
ERBB2__CHEMBL175558__state00,ERBB2__CHEMBL175558,CHEMBL175558,ERBB2,CHEMBL1142663,0,COc1cc2ncc(C#N)c(Nc3ccc(Sc4ncc(-c5ccccc5)s4)c(Cl)c3)c2cc1NC(=O)/C=C/CN(C)C,0,data/quantum/erbB_xyz/ERBB2__CHEMBL175558__state00.xyz
ERBB2__CHEMBL175558__state01,ERBB2__CHEMBL175558,CHEMBL175558,ERBB2,CHEMBL1142663,1,COc1cc2[nH]cc(C#N)c(=Nc3ccc(Sc4ncc(-c5ccccc5)s4)c(Cl)c3)c2cc1N=C(O)/C=C/CN(C)C,0,data/quantum/erbB_xyz/ERBB2__CHEMBL175558__state01.xyz
ERBB2__CHEMBL175558__state02,ERBB2__CHEMBL175558,CHEMBL175558,ERBB2,CHEMBL1142663,2,COc1cc2[nH]cc(C#N)c(=Nc3ccc(Sc4ncc(-c5ccccc5)s4)c(Cl)c3)c2cc1NC(=O)/C=C/CN(C)C,0,data/quantum/erbB_xyz/ERBB2__CHEMBL175558__state02.xyz
ERBB2__CHEMBL175558__state03,ERBB2__CHEMBL175558,CHEMBL175558,ERBB2,CHEMBL1142663,3,COc1cc2ncc(C#N)c(Nc3ccc(Sc4ncc(-c5ccccc5)s4)c(Cl)c3)c2cc1N=C(O)/C=C/CN(C)C,0,data/quantum/erbB_xyz/ERBB2__CHEMBL175558__state03.xyz
ERBB2__CHEMBL175840__state00,ERBB2__CHEMBL175840,CHEMBL175840,ERBB2,CHEMBL1142663,0,CCOc1cc2ncc(C#N)c(Nc3ccc(OCc4nccn4C)c(Cl)c3)c2cc1NC(=O)/C=C/CN(C)C,0,data/quantum/erbB_xyz/ERBB2__CHEMBL175840__state00.xyz
ERBB2__CHEMBL175840__state01,ERBB2__CHEMBL175840,CHEMBL175840,ERBB2,CHEMBL1142663,1,CCOc1cc2[nH]cc(C#N)c(=Nc3ccc(OCc4nccn4C)c(Cl)c3)c2cc1N=C(O)/C=C/CN(C)C,0,data/quantum/erbB_xyz/ERBB2__CHEMBL175840__state01.xyz
ERBB2__CHEMBL175840__state02,ERBB2__CHEMBL175840,CHEMBL175840,ERBB2,CHEMBL1142663,2,CCOc1cc2[nH]cc(C#N)c(=Nc3ccc(OCc4nccn4C)c(Cl)c3)c2cc1NC(=O)/C=C/CN(C)C,0,data/quantum/erbB_xyz/ERBB2__CHEMBL175840__state02.xyz
ERBB2__CHEMBL175840__state03,ERBB2__CHEMBL175840,CHEMBL175840,ERBB2,CHEMBL1142663,3,CCOc1cc2ncc(C#N)c(Nc3ccc(OCc4nccn4C)c(Cl)c3)c2cc1N=C(O)/C=C/CN(C)C,0,data/quantum/erbB_xyz/ERBB2__CHEMBL175840__state03.xyz
ERBB2__CHEMBL175933__state00,ERBB2__CHEMBL175933,CHEMBL175933,ERBB2,CHEMBL1142663,0,COc1cc2ncc(C#N)c(Nc3ccc(Sc4ncccn4)c(Cl)c3)c2cc1NC(=O)/C=C/CN(C)C,0,data/quantum/erbB_xyz/ERBB2__CHEMBL175933__state00.xyz
ERBB2__CHEMBL175933__state01,ERBB2__CHEMBL175933,CHEMBL175933,ERBB2,CHEMBL1142663,1,COc1cc2[nH]cc(C#N)c(=Nc3ccc(Sc4ncccn4)c(Cl)c3)c2cc1N=C(O)/C=C/CN(C)C,0,data/quantum/erbB_xyz/ERBB2__CHEMBL175933__state01.xyz
ERBB2__CHEMBL175933__state02,ERBB2__CHEMBL175933,CHEMBL175933,ERBB2,CHEMBL1142663,2,COc1cc2[nH]cc(C#N)c(=Nc3ccc(Sc4ncccn4)c(Cl)c3)c2cc1NC(=O)/C=C/CN(C)C,0,data/quantum/erbB_xyz/ERBB2__CHEMBL175933__state02.xyz
ERBB2__CHEMBL175933__state03,ERBB2__CHEMBL175933,CHEMBL175933,ERBB2,CHEMBL1142663,3,COc1cc2ncc(C#N)c(Nc3ccc(Sc4ncccn4)c(Cl)c3)c2cc1N=C(O)/C=C/CN(C)C,0,data/quantum/erbB_xyz/ERBB2__CHEMBL175933__state03.xyz
ERBB2__CHEMBL176199__state00,ERBB2__CHEMBL176199,CHEMBL176199,ERBB2,CHEMBL1142663,0,CCOc1cc2ncc(C#N)c(Nc3ccc(OCc4ccco4)c(Cl)c3)c2cc1NC(=O)/C=C/CN(C)C,0,data/quantum/erbB_xyz/ERBB2__CHEMBL176199__state00.xyz
ERBB2__CHEMBL176199__state01,ERBB2__CHEMBL176199,CHEMBL176199,ERBB2,CHEMBL1142663,1,CCOc1cc2[nH]cc(C#N)c(=Nc3ccc(OCc4ccco4)c(Cl)c3)c2cc1N=C(O)/C=C/CN(C)C,0,data/quantum/erbB_xyz/ERBB2__CHEMBL176199__state01.xyz
ERBB2__CHEMBL176199__state02,ERBB2__CHEMBL176199,CHEMBL176199,ERBB2,CHEMBL1142663,2,CCOc1cc2[nH]cc(C#N)c(=Nc3ccc(OCc4ccco4)c(Cl)c3)c2cc1NC(=O)/C=C/CN(C)C,0,data/quantum/erbB_xyz/ERBB2__CHEMBL176199__state02.xyz
ERBB2__CHEMBL176199__state03,ERBB2__CHEMBL176199,CHEMBL176199,ERBB2,CHEMBL1142663,3,CCOc1cc2ncc(C#N)c(Nc3ccc(OCc4ccco4)c(Cl)c3)c2cc1N=C(O)/C=C/CN(C)C,0,data/quantum/erbB_xyz/ERBB2__CHEMBL176199__state03.xyz
ERBB2__CHEMBL178144__state00,ERBB2__CHEMBL178144,CHEMBL178144,ERBB2,CHEMBL1142663,0,CCOc1cc2ncc(C#N)c(Nc3ccc(OCc4ccccc4)c(Cl)c3)c2cc1NC(=O)/C=C/CN(C)CCOC,0,data/quantum/erbB_xyz/ERBB2__CHEMBL178144__state00.xyz
ERBB2__CHEMBL178144__state01,ERBB2__CHEMBL178144,CHEMBL178144,ERBB2,CHEMBL1142663,1,CCOc1cc2[nH]cc(C#N)c(=Nc3ccc(OCc4ccccc4)c(Cl)c3)c2cc1N=C(O)/C=C/CN(C)CCOC,0,data/quantum/erbB_xyz/ERBB2__CHEMBL178144__state01.xyz
ERBB2__CHEMBL178144__state02,ERBB2__CHEMBL178144,CHEMBL178144,ERBB2,CHEMBL1142663,2,CCOc1cc2[nH]cc(C#N)c(=Nc3ccc(OCc4ccccc4)c(Cl)c3)c2cc1NC(=O)/C=C/CN(C)CCOC,0,data/quantum/erbB_xyz/ERBB2__CHEMBL178144__state02.xyz
ERBB2__CHEMBL178144__state03,ERBB2__CHEMBL178144,CHEMBL178144,ERBB2,CHEMBL1142663,3,CCOc1cc2ncc(C#N)c(Nc3ccc(OCc4ccccc4)c(Cl)c3)c2cc1N=C(O)/C=C/CN(C)CCOC,0,data/quantum/erbB_xyz/ERBB2__CHEMBL178144__state03.xyz
ERBB2__CHEMBL178199__state00,ERBB2__CHEMBL178199,CHEMBL178199,ERBB2,CHEMBL1142663,0,CCOc1cc2ncc(C#N)c(Nc3ccc(OCCc4ccccc4)c(Cl)c3)c2cc1NC(=O)/C=C/CN(C)C,0,data/quantum/erbB_xyz/ERBB2__CHEMBL178199__state00.xyz
ERBB2__CHEMBL178199__state01,ERBB2__CHEMBL178199,CHEMBL178199,ERBB2,CHEMBL1142663,1,CCOc1cc2[nH]cc(C#N)c(=Nc3ccc(OCCc4ccccc4)c(Cl)c3)c2cc1N=C(O)/C=C/CN(C)C,0,data/quantum/erbB_xyz/ERBB2__CHEMBL178199__state01.xyz
ERBB2__CHEMBL178199__state02,ERBB2__CHEMBL178199,CHEMBL178199,ERBB2,CHEMBL1142663,2,CCOc1cc2[nH]cc(C#N)c(=Nc3ccc(OCCc4ccccc4)c(Cl)c3)c2cc1NC(=O)/C=C/CN(C)C,0,data/quantum/erbB_xyz/ERBB2__CHEMBL178199__state02.xyz
ERBB2__CHEMBL178199__state03,ERBB2__CHEMBL178199,CHEMBL178199,ERBB2,CHEMBL1142663,3,CCOc1cc2ncc(C#N)c(Nc3ccc(OCCc4ccccc4)c(Cl)c3)c2cc1N=C(O)/C=C/CN(C)C,0,data/quantum/erbB_xyz/ERBB2__CHEMBL178199__state03.xyz
ERBB2__CHEMBL178290__state00,ERBB2__CHEMBL178290,CHEMBL178290,ERBB2,CHEMBL1142663,0,CCOc1cc2ncc(C#N)c(Nc3ccc(OCc4cc(F)cc(F)c4)c(Cl)c3)c2cc1NC(=O)/C=C/CN(C)C,0,data/quantum/erbB_xyz/ERBB2__CHEMBL178290__state00.xyz
ERBB2__CHEMBL178290__state01,ERBB2__CHEMBL178290,CHEMBL178290,ERBB2,CHEMBL1142663,1,CCOc1cc2[nH]cc(C#N)c(=Nc3ccc(OCc4cc(F)cc(F)c4)c(Cl)c3)c2cc1N=C(O)/C=C/CN(C)C,0,data/quantum/erbB_xyz/ERBB2__CHEMBL178290__state01.xyz
ERBB2__CHEMBL178290__state02,ERBB2__CHEMBL178290,CHEMBL178290,ERBB2,CHEMBL1142663,2,CCOc1cc2[nH]cc(C#N)c(=Nc3ccc(OCc4cc(F)cc(F)c4)c(Cl)c3)c2cc1NC(=O)/C=C/CN(C)C,0,data/quantum/erbB_xyz/ERBB2__CHEMBL178290__state02.xyz
ERBB2__CHEMBL178290__state03,ERBB2__CHEMBL178290,CHEMBL178290,ERBB2,CHEMBL1142663,3,CCOc1cc2ncc(C#N)c(Nc3ccc(OCc4cc(F)cc(F)c4)c(Cl)c3)c2cc1N=C(O)/C=C/CN(C)C,0,data/quantum/erbB_xyz/ERBB2__CHEMBL178290__state03.xyz
ERBB2__CHEMBL178312__state00,ERBB2__CHEMBL178312,CHEMBL178312,ERBB2,CHEMBL1142663,0,CCOc1cc2ncc(C#N)c(Nc3ccc(OCc4ccccc4)c(Cl)c3)c2cc1NC(=O)/C=C/CN1CCCC1,0,data/quantum/erbB_xyz/ERBB2__CHEMBL178312__state00.xyz
ERBB2__CHEMBL178312__state01,ERBB2__CHEMBL178312,CHEMBL178312,ERBB2,CHEMBL1142663,1,CCOc1cc2[nH]cc(C#N)c(=Nc3ccc(OCc4ccccc4)c(Cl)c3)c2cc1N=C(O)/C=C/CN1CCCC1,0,data/quantum/erbB_xyz/ERBB2__CHEMBL178312__state01.xyz
ERBB2__CHEMBL178312__state02,ERBB2__CHEMBL178312,CHEMBL178312,ERBB2,CHEMBL1142663,2,CCOc1cc2[nH]cc(C#N)c(=Nc3ccc(OCc4ccccc4)c(Cl)c3)c2cc1NC(=O)/C=C/CN1CCCC1,0,data/quantum/erbB_xyz/ERBB2__CHEMBL178312__state02.xyz
ERBB2__CHEMBL178312__state03,ERBB2__CHEMBL178312,CHEMBL178312,ERBB2,CHEMBL1142663,3,CCOc1cc2ncc(C#N)c(Nc3ccc(OCc4ccccc4)c(Cl)c3)c2cc1N=C(O)/C=C/CN1CCCC1,0,data/quantum/erbB_xyz/ERBB2__CHEMBL178312__state03.xyz
ERBB2__CHEMBL178573__state00,ERBB2__CHEMBL178573,CHEMBL178573,ERBB2,CHEMBL1142663,0,CCOc1cc2ncc(C#N)c(Nc3ccc(OCc4ccc5ccccc5c4)c(Cl)c3)c2cc1NC(=O)/C=C/CN(C)C,0,data/quantum/erbB_xyz/ERBB2__CHEMBL178573__state00.xyz
ERBB2__CHEMBL178573__state01,ERBB2__CHEMBL178573,CHEMBL178573,ERBB2,CHEMBL1142663,1,CCOc1cc2[nH]cc(C#N)c(=Nc3ccc(OCc4ccc5ccccc5c4)c(Cl)c3)c2cc1N=C(O)/C=C/CN(C)C,0,data/quantum/erbB_xyz/ERBB2__CHEMBL178573__state01.xyz
ERBB2__CHEMBL178573__state02,ERBB2__CHEMBL178573,CHEMBL178573,ERBB2,CHEMBL1142663,2,CCOc1cc2[nH]cc(C#N)c(=Nc3ccc(OCc4ccc5ccccc5c4)c(Cl)c3)c2cc1NC(=O)/C=C/CN(C)C,0,data/quantum/erbB_xyz/ERBB2__CHEMBL178573__state02.xyz
ERBB2__CHEMBL178573__state03,ERBB2__CHEMBL178573,CHEMBL178573,ERBB2,CHEMBL1142663,3,CCOc1cc2ncc(C#N)c(Nc3ccc(OCc4ccc5ccccc5c4)c(Cl)c3)c2cc1N=C(O)/C=C/CN(C)C,0,data/quantum/erbB_xyz/ERBB2__CHEMBL178573__state03.xyz
ERBB2__CHEMBL178654__state00,ERBB2__CHEMBL178654,CHEMBL178654,ERBB2,CHEMBL1142663,0,CCOc1cc2ncc(C#N)c(Nc3ccc(OCc4cccc(F)c4)c(Cl)c3)c2cc1NC(=O)/C=C/CN(C)C,0,data/quantum/erbB_xyz/ERBB2__CHEMBL178654__state00.xyz
ERBB2__CHEMBL178654__state01,ERBB2__CHEMBL178654,CHEMBL178654,ERBB2,CHEMBL1142663,1,CCOc1cc2[nH]cc(C#N)c(=Nc3ccc(OCc4cccc(F)c4)c(Cl)c3)c2cc1N=C(O)/C=C/CN(C)C,0,data/quantum/erbB_xyz/ERBB2__CHEMBL178654__state01.xyz
ERBB2__CHEMBL178654__state02,ERBB2__CHEMBL178654,CHEMBL178654,ERBB2,CHEMBL1142663,2,CCOc1cc2[nH]cc(C#N)c(=Nc3ccc(OCc4cccc(F)c4)c(Cl)c3)c2cc1NC(=O)/C=C/CN(C)C,0,data/quantum/erbB_xyz/ERBB2__CHEMBL178654__state02.xyz
ERBB2__CHEMBL178654__state03,ERBB2__CHEMBL178654,CHEMBL178654,ERBB2,CHEMBL1142663,3,CCOc1cc2ncc(C#N)c(Nc3ccc(OCc4cccc(F)c4)c(Cl)c3)c2cc1N=C(O)/C=C/CN(C)C,0,data/quantum/erbB_xyz/ERBB2__CHEMBL178654__state03.xyz
ERBB2__CHEMBL178958__state00,ERBB2__CHEMBL178958,CHEMBL178958,ERBB2,CHEMBL1142663,0,CCOc1cc2ncc(C#N)c(Nc3ccc(OCc4ccccc4)c(Cl)c3)c2cc1NC(=O)/C=C/CN1CCCC1COC,0,data/quantum/erbB_xyz/ERBB2__CHEMBL178958__state00.xyz
ERBB2__CHEMBL178958__state01,ERBB2__CHEMBL178958,CHEMBL178958,ERBB2,CHEMBL1142663,1,CCOc1cc2[nH]cc(C#N)c(=Nc3ccc(OCc4ccccc4)c(Cl)c3)c2cc1N=C(O)/C=C/CN1CCCC1COC,0,data/quantum/erbB_xyz/ERBB2__CHEMBL178958__state01.xyz
ERBB2__CHEMBL178958__state02,ERBB2__CHEMBL178958,CHEMBL178958,ERBB2,CHEMBL1142663,2,CCOc1cc2[nH]cc(C#N)c(=Nc3ccc(OCc4ccccc4)c(Cl)c3)c2cc1NC(=O)/C=C/CN1CCCC1COC,0,data/quantum/erbB_xyz/ERBB2__CHEMBL178958__state02.xyz
ERBB2__CHEMBL178958__state03,ERBB2__CHEMBL178958,CHEMBL178958,ERBB2,CHEMBL1142663,3,CCOc1cc2ncc(C#N)c(Nc3ccc(OCc4ccccc4)c(Cl)c3)c2cc1N=C(O)/C=C/CN1CCCC1COC,0,data/quantum/erbB_xyz/ERBB2__CHEMBL178958__state03.xyz
ERBB2__CHEMBL179052__state00,ERBB2__CHEMBL179052,CHEMBL179052,ERBB2,CHEMBL1142663,0,CCOc1cc2ncc(C#N)c(Nc3ccc(OCc4ccccc4)c(Cl)c3)c2cc1NC(=O)/C=C/CN(C(C)C)C(C)C,0,data/quantum/erbB_xyz/ERBB2__CHEMBL179052__state00.xyz
ERBB2__CHEMBL179052__state01,ERBB2__CHEMBL179052,CHEMBL179052,ERBB2,CHEMBL1142663,1,CCOc1cc2[nH]cc(C#N)c(=Nc3ccc(OCc4ccccc4)c(Cl)c3)c2cc1N=C(O)/C=C/CN(C(C)C)C(C)C,0,data/quantum/erbB_xyz/ERBB2__CHEMBL179052__state01.xyz
ERBB2__CHEMBL179052__state02,ERBB2__CHEMBL179052,CHEMBL179052,ERBB2,CHEMBL1142663,2,CCOc1cc2[nH]cc(C#N)c(=Nc3ccc(OCc4ccccc4)c(Cl)c3)c2cc1NC(=O)/C=C/CN(C(C)C)C(C)C,0,data/quantum/erbB_xyz/ERBB2__CHEMBL179052__state02.xyz
ERBB2__CHEMBL179052__state03,ERBB2__CHEMBL179052,CHEMBL179052,ERBB2,CHEMBL1142663,3,CCOc1cc2ncc(C#N)c(Nc3ccc(OCc4ccccc4)c(Cl)c3)c2cc1N=C(O)/C=C/CN(C(C)C)C(C)C,0,data/quantum/erbB_xyz/ERBB2__CHEMBL179052__state03.xyz
ERBB2__CHEMBL179123__state00,ERBB2__CHEMBL179123,CHEMBL179123,ERBB2,CHEMBL1142663,0,CCOc1cc2ncc(C#N)c(Nc3ccc(OCC4CCCCC4)c(Cl)c3)c2cc1NC(=O)/C=C/CN(C)C,0,data/quantum/erbB_xyz/ERBB2__CHEMBL179123__state00.xyz
ERBB2__CHEMBL179123__state01,ERBB2__CHEMBL179123,CHEMBL179123,ERBB2,CHEMBL1142663,1,CCOc1cc2[nH]cc(C#N)c(=Nc3ccc(OCC4CCCCC4)c(Cl)c3)c2cc1N=C(O)/C=C/CN(C)C,0,data/quantum/erbB_xyz/ERBB2__CHEMBL179123__state01.xyz
ERBB2__CHEMBL179123__state02,ERBB2__CHEMBL179123,CHEMBL179123,ERBB2,CHEMBL1142663,2,CCOc1cc2[nH]cc(C#N)c(=Nc3ccc(OCC4CCCCC4)c(Cl)c3)c2cc1NC(=O)/C=C/CN(C)C,0,data/quantum/erbB_xyz/ERBB2__CHEMBL179123__state02.xyz
ERBB2__CHEMBL179123__state03,ERBB2__CHEMBL179123,CHEMBL179123,ERBB2,CHEMBL1142663,3,CCOc1cc2ncc(C#N)c(Nc3ccc(OCC4CCCCC4)c(Cl)c3)c2cc1N=C(O)/C=C/CN(C)C,0,data/quantum/erbB_xyz/ERBB2__CHEMBL179123__state03.xyz
ERBB2__CHEMBL179164__state00,ERBB2__CHEMBL179164,CHEMBL179164,ERBB2,CHEMBL1142663,0,CCOc1cc2ncc(C#N)c(Nc3ccc4c(ccn4S(=O)(=O)c4ccccc4)c3)c2cc1NC(=O)/C=C/CN(C)C,0,data/quantum/erbB_xyz/ERBB2__CHEMBL179164__state00.xyz
ERBB2__CHEMBL179164__state01,ERBB2__CHEMBL179164,CHEMBL179164,ERBB2,CHEMBL1142663,1,CCOc1cc2[nH]cc(C#N)c(=Nc3ccc4c(ccn4S(=O)(=O)c4ccccc4)c3)c2cc1N=C(O)/C=C/CN(C)C,0,data/quantum/erbB_xyz/ERBB2__CHEMBL179164__state01.xyz
ERBB2__CHEMBL179164__state02,ERBB2__CHEMBL179164,CHEMBL179164,ERBB2,CHEMBL1142663,2,CCOc1cc2[nH]cc(C#N)c(=Nc3ccc4c(ccn4S(=O)(=O)c4ccccc4)c3)c2cc1NC(=O)/C=C/CN(C)C,0,data/quantum/erbB_xyz/ERBB2__CHEMBL179164__state02.xyz
ERBB2__CHEMBL179164__state03,ERBB2__CHEMBL179164,CHEMBL179164,ERBB2,CHEMBL1142663,3,CCOc1cc2ncc(C#N)c(Nc3ccc4c(ccn4S(=O)(=O)c4ccccc4)c3)c2cc1N=C(O)/C=C/CN(C)C,0,data/quantum/erbB_xyz/ERBB2__CHEMBL179164__state03.xyz
ERBB2__CHEMBL179310__state00,ERBB2__CHEMBL179310,CHEMBL179310,ERBB2,CHEMBL1142663,0,CCOc1cc2ncc(C#N)c(Nc3ccc4c(c3)CCN4Cc3ccccc3)c2cc1NC(=O)/C=C/CN(C)C,0,data/quantum/erbB_xyz/ERBB2__CHEMBL179310__state00.xyz
ERBB2__CHEMBL179310__state01,ERBB2__CHEMBL179310,CHEMBL179310,ERBB2,CHEMBL1142663,1,CCOc1cc2[nH]cc(C#N)c(=Nc3ccc4c(c3)CCN4Cc3ccccc3)c2cc1N=C(O)/C=C/CN(C)C,0,data/quantum/erbB_xyz/ERBB2__CHEMBL179310__state01.xyz
ERBB2__CHEMBL179310__state02,ERBB2__CHEMBL179310,CHEMBL179310,ERBB2,CHEMBL1142663,2,CCOc1cc2[nH]cc(C#N)c(=Nc3ccc4c(c3)CCN4Cc3ccccc3)c2cc1NC(=O)/C=C/CN(C)C,0,data/quantum/erbB_xyz/ERBB2__CHEMBL179310__state02.xyz
ERBB2__CHEMBL179310__state03,ERBB2__CHEMBL179310,CHEMBL179310,ERBB2,CHEMBL1142663,3,CCOc1cc2ncc(C#N)c(Nc3ccc4c(c3)CCN4Cc3ccccc3)c2cc1N=C(O)/C=C/CN(C)C,0,data/quantum/erbB_xyz/ERBB2__CHEMBL179310__state03.xyz
ERBB2__CHEMBL179313__state00,ERBB2__CHEMBL179313,CHEMBL179313,ERBB2,CHEMBL1142663,0,CCOc1cc2ncc(C#N)c(Nc3ccc(OCc4cccnc4)c(Cl)c3)c2cc1NC(=O)/C=C/CN(C)C,0,data/quantum/erbB_xyz/ERBB2__CHEMBL179313__state00.xyz
ERBB2__CHEMBL179313__state01,ERBB2__CHEMBL179313,CHEMBL179313,ERBB2,CHEMBL1142663,1,CCOc1cc2[nH]cc(C#N)c(=Nc3ccc(OCc4cccnc4)c(Cl)c3)c2cc1N=C(O)/C=C/CN(C)C,0,data/quantum/erbB_xyz/ERBB2__CHEMBL179313__state01.xyz
ERBB2__CHEMBL179313__state02,ERBB2__CHEMBL179313,CHEMBL179313,ERBB2,CHEMBL1142663,2,CCOc1cc2[nH]cc(C#N)c(=Nc3ccc(OCc4cccnc4)c(Cl)c3)c2cc1NC(=O)/C=C/CN(C)C,0,data/quantum/erbB_xyz/ERBB2__CHEMBL179313__state02.xyz
ERBB2__CHEMBL179313__state03,ERBB2__CHEMBL179313,CHEMBL179313,ERBB2,CHEMBL1142663,3,CCOc1cc2ncc(C#N)c(Nc3ccc(OCc4cccnc4)c(Cl)c3)c2cc1N=C(O)/C=C/CN(C)C,0,data/quantum/erbB_xyz/ERBB2__CHEMBL179313__state03.xyz
ERBB2__CHEMBL179363__state00,ERBB2__CHEMBL179363,CHEMBL179363,ERBB2,CHEMBL1142663,0,CCOc1cc2ncc(C#N)c(Nc3ccc(OCc4cccc(Cl)c4)c(Cl)c3)c2cc1NC(=O)/C=C/CN(C)C,0,data/quantum/erbB_xyz/ERBB2__CHEMBL179363__state00.xyz
ERBB2__CHEMBL179363__state01,ERBB2__CHEMBL179363,CHEMBL179363,ERBB2,CHEMBL1142663,1,CCOc1cc2[nH]cc(C#N)c(=Nc3ccc(OCc4cccc(Cl)c4)c(Cl)c3)c2cc1N=C(O)/C=C/CN(C)C,0,data/quantum/erbB_xyz/ERBB2__CHEMBL179363__state01.xyz
ERBB2__CHEMBL179363__state02,ERBB2__CHEMBL179363,CHEMBL179363,ERBB2,CHEMBL1142663,2,CCOc1cc2[nH]cc(C#N)c(=Nc3ccc(OCc4cccc(Cl)c4)c(Cl)c3)c2cc1NC(=O)/C=C/CN(C)C,0,data/quantum/erbB_xyz/ERBB2__CHEMBL179363__state02.xyz
ERBB2__CHEMBL179363__state03,ERBB2__CHEMBL179363,CHEMBL179363,ERBB2,CHEMBL1142663,3,CCOc1cc2ncc(C#N)c(Nc3ccc(OCc4cccc(Cl)c4)c(Cl)c3)c2cc1N=C(O)/C=C/CN(C)C,0,data/quantum/erbB_xyz/ERBB2__CHEMBL179363__state03.xyz
ERBB2__CHEMBL179458__state00,ERBB2__CHEMBL179458,CHEMBL179458,ERBB2,CHEMBL1142663,0,COc1cc2ncc(C#N)c(Nc3ccc(-n4ccnc4)c(Cl)c3)c2cc1NC(=O)/C=C/CN(C)C,0,data/quantum/erbB_xyz/ERBB2__CHEMBL179458__state00.xyz
ERBB2__CHEMBL179458__state01,ERBB2__CHEMBL179458,CHEMBL179458,ERBB2,CHEMBL1142663,1,COc1cc2[nH]cc(C#N)c(=Nc3ccc(-n4ccnc4)c(Cl)c3)c2cc1N=C(O)/C=C/CN(C)C,0,data/quantum/erbB_xyz/ERBB2__CHEMBL179458__state01.xyz
ERBB2__CHEMBL179458__state02,ERBB2__CHEMBL179458,CHEMBL179458,ERBB2,CHEMBL1142663,2,COc1cc2[nH]cc(C#N)c(=Nc3ccc(-n4ccnc4)c(Cl)c3)c2cc1NC(=O)/C=C/CN(C)C,0,data/quantum/erbB_xyz/ERBB2__CHEMBL179458__state02.xyz
ERBB2__CHEMBL179458__state03,ERBB2__CHEMBL179458,CHEMBL179458,ERBB2,CHEMBL1142663,3,COc1cc2ncc(C#N)c(Nc3ccc(-n4ccnc4)c(Cl)c3)c2cc1N=C(O)/C=C/CN(C)C,0,data/quantum/erbB_xyz/ERBB2__CHEMBL179458__state03.xyz
ERBB2__CHEMBL179521__state00,ERBB2__CHEMBL179521,CHEMBL179521,ERBB2,CHEMBL1142663,0,COc1cc2ncc(C#N)c(Nc3ccc(NCc4ccccc4)c(Cl)c3)c2cc1NC(=O)/C=C/CN(C)C,0,data/quantum/erbB_xyz/ERBB2__CHEMBL179521__state00.xyz
ERBB2__CHEMBL179521__state01,ERBB2__CHEMBL179521,CHEMBL179521,ERBB2,CHEMBL1142663,1,COc1cc2[nH]cc(C#N)c(=Nc3ccc(NCc4ccccc4)c(Cl)c3)c2cc1N=C(O)/C=C/CN(C)C,0,data/quantum/erbB_xyz/ERBB2__CHEMBL179521__state01.xyz
ERBB2__CHEMBL179521__state02,ERBB2__CHEMBL179521,CHEMBL179521,ERBB2,CHEMBL1142663,2,COc1cc2[nH]cc(C#N)c(=Nc3ccc(NCc4ccccc4)c(Cl)c3)c2cc1NC(=O)/C=C/CN(C)C,0,data/quantum/erbB_xyz/ERBB2__CHEMBL179521__state02.xyz
ERBB2__CHEMBL179521__state03,ERBB2__CHEMBL179521,CHEMBL179521,ERBB2,CHEMBL1142663,3,COc1cc2ncc(C#N)c(Nc3ccc(NCc4ccccc4)c(Cl)c3)c2cc1N=C(O)/C=C/CN(C)C,0,data/quantum/erbB_xyz/ERBB2__CHEMBL179521__state03.xyz
ERBB2__CHEMBL179527__state00,ERBB2__CHEMBL179527,CHEMBL179527,ERBB2,CHEMBL1142663,0,CCOc1cc2ncc(C#N)c(Nc3ccc(OCc4cccc(C#N)c4)c(Cl)c3)c2cc1NC(=O)/C=C/CN(C)C,0,data/quantum/erbB_xyz/ERBB2__CHEMBL179527__state00.xyz
ERBB2__CHEMBL179527__state01,ERBB2__CHEMBL179527,CHEMBL179527,ERBB2,CHEMBL1142663,1,CCOc1cc2[nH]cc(C#N)c(=Nc3ccc(OCc4cccc(C#N)c4)c(Cl)c3)c2cc1N=C(O)/C=C/CN(C)C,0,data/quantum/erbB_xyz/ERBB2__CHEMBL179527__state01.xyz
ERBB2__CHEMBL179527__state02,ERBB2__CHEMBL179527,CHEMBL179527,ERBB2,CHEMBL1142663,2,CCOc1cc2[nH]cc(C#N)c(=Nc3ccc(OCc4cccc(C#N)c4)c(Cl)c3)c2cc1NC(=O)/C=C/CN(C)C,0,data/quantum/erbB_xyz/ERBB2__CHEMBL179527__state02.xyz
ERBB2__CHEMBL179527__state03,ERBB2__CHEMBL179527,CHEMBL179527,ERBB2,CHEMBL1142663,3,CCOc1cc2ncc(C#N)c(Nc3ccc(OCc4cccc(C#N)c4)c(Cl)c3)c2cc1N=C(O)/C=C/CN(C)C,0,data/quantum/erbB_xyz/ERBB2__CHEMBL179527__state03.xyz
ERBB2__CHEMBL179572__state00,ERBB2__CHEMBL179572,CHEMBL179572,ERBB2,CHEMBL1142663,0,COc1cc2ncc(C#N)c(Nc3ccc(Sc4nccs4)c(Cl)c3)c2cc1NC(=O)/C=C/CN(C)C,0,data/quantum/erbB_xyz/ERBB2__CHEMBL179572__state00.xyz
ERBB2__CHEMBL179572__state01,ERBB2__CHEMBL179572,CHEMBL179572,ERBB2,CHEMBL1142663,1,COc1cc2[nH]cc(C#N)c(=Nc3ccc(Sc4nccs4)c(Cl)c3)c2cc1N=C(O)/C=C/CN(C)C,0,data/quantum/erbB_xyz/ERBB2__CHEMBL179572__state01.xyz
ERBB2__CHEMBL179572__state02,ERBB2__CHEMBL179572,CHEMBL179572,ERBB2,CHEMBL1142663,2,COc1cc2[nH]cc(C#N)c(=Nc3ccc(Sc4nccs4)c(Cl)c3)c2cc1NC(=O)/C=C/CN(C)C,0,data/quantum/erbB_xyz/ERBB2__CHEMBL179572__state02.xyz
ERBB2__CHEMBL179572__state03,ERBB2__CHEMBL179572,CHEMBL179572,ERBB2,CHEMBL1142663,3,COc1cc2ncc(C#N)c(Nc3ccc(Sc4nccs4)c(Cl)c3)c2cc1N=C(O)/C=C/CN(C)C,0,data/quantum/erbB_xyz/ERBB2__CHEMBL179572__state03.xyz
ERBB2__CHEMBL179577__state00,ERBB2__CHEMBL179577,CHEMBL179577,ERBB2,CHEMBL1142663,0,CCOc1cc2ncc(C#N)c(Nc3ccc(NCc4ccccc4)c(Cl)c3)c2cc1NC(=O)/C=C/CN(C)C,0,data/quantum/erbB_xyz/ERBB2__CHEMBL179577__state00.xyz
ERBB2__CHEMBL179577__state01,ERBB2__CHEMBL179577,CHEMBL179577,ERBB2,CHEMBL1142663,1,CCOc1cc2[nH]cc(C#N)c(=Nc3ccc(NCc4ccccc4)c(Cl)c3)c2cc1N=C(O)/C=C/CN(C)C,0,data/quantum/erbB_xyz/ERBB2__CHEMBL179577__state01.xyz
ERBB2__CHEMBL179577__state02,ERBB2__CHEMBL179577,CHEMBL179577,ERBB2,CHEMBL1142663,2,CCOc1cc2[nH]cc(C#N)c(=Nc3ccc(NCc4ccccc4)c(Cl)c3)c2cc1NC(=O)/C=C/CN(C)C,0,data/quantum/erbB_xyz/ERBB2__CHEMBL179577__state02.xyz
ERBB2__CHEMBL179577__state03,ERBB2__CHEMBL179577,CHEMBL179577,ERBB2,CHEMBL1142663,3,CCOc1cc2ncc(C#N)c(Nc3ccc(NCc4ccccc4)c(Cl)c3)c2cc1N=C(O)/C=C/CN(C)C,0,data/quantum/erbB_xyz/ERBB2__CHEMBL179577__state03.xyz
ERBB2__CHEMBL179607__state00,ERBB2__CHEMBL179607,CHEMBL179607,ERBB2,CHEMBL1142663,0,C=C(CN1CCOCC1)C(=O)Nc1cc2c(Nc3ccc(OCc4ccccc4)c(Cl)c3)c(C#N)cnc2cc1OCC,0,data/quantum/erbB_xyz/ERBB2__CHEMBL179607__state00.xyz
ERBB2__CHEMBL179607__state01,ERBB2__CHEMBL179607,CHEMBL179607,ERBB2,CHEMBL1142663,1,C=C(CN1CCOCC1)C(=O)Nc1cc2c(=Nc3ccc(OCc4ccccc4)c(Cl)c3)c(C#N)c[nH]c2cc1OCC,0,data/quantum/erbB_xyz/ERBB2__CHEMBL179607__state01.xyz
ERBB2__CHEMBL179607__state02,ERBB2__CHEMBL179607,CHEMBL179607,ERBB2,CHEMBL1142663,2,C=C(CN1CCOCC1)C(O)=Nc1cc2c(=Nc3ccc(OCc4ccccc4)c(Cl)c3)c(C#N)c[nH]c2cc1OCC,0,data/quantum/erbB_xyz/ERBB2__CHEMBL179607__state02.xyz
ERBB2__CHEMBL179607__state03,ERBB2__CHEMBL179607,CHEMBL179607,ERBB2,CHEMBL1142663,3,C=C(CN1CCOCC1)C(O)=Nc1cc2c(Nc3ccc(OCc4ccccc4)c(Cl)c3)c(C#N)cnc2cc1OCC,0,data/quantum/erbB_xyz/ERBB2__CHEMBL179607__state03.xyz
ERBB2__CHEMBL179652__state00,ERBB2__CHEMBL179652,CHEMBL179652,ERBB2,CHEMBL1142663,0,CCOc1cc2ncc(C#N)c(Nc3ccc4c(ccn4Cc4ccccc4)c3)c2cc1NC(=O)/C=C/CN(C)C,0,data/quantum/erbB_xyz/ERBB2__CHEMBL179652__state00.xyz
ERBB2__CHEMBL179652__state01,ERBB2__CHEMBL179652,CHEMBL179652,ERBB2,CHEMBL1142663,1,CCOc1cc2[nH]cc(C#N)c(=Nc3ccc4c(ccn4Cc4ccccc4)c3)c2cc1N=C(O)/C=C/CN(C)C,0,data/quantum/erbB_xyz/ERBB2__CHEMBL179652__state01.xyz
ERBB2__CHEMBL179652__state02,ERBB2__CHEMBL179652,CHEMBL179652,ERBB2,CHEMBL1142663,2,CCOc1cc2[nH]cc(C#N)c(=Nc3ccc4c(ccn4Cc4ccccc4)c3)c2cc1NC(=O)/C=C/CN(C)C,0,data/quantum/erbB_xyz/ERBB2__CHEMBL179652__state02.xyz
ERBB2__CHEMBL179652__state03,ERBB2__CHEMBL179652,CHEMBL179652,ERBB2,CHEMBL1142663,3,CCOc1cc2ncc(C#N)c(Nc3ccc4c(ccn4Cc4ccccc4)c3)c2cc1N=C(O)/C=C/CN(C)C,0,data/quantum/erbB_xyz/ERBB2__CHEMBL179652__state03.xyz
ERBB2__CHEMBL179659__state00,ERBB2__CHEMBL179659,CHEMBL179659,ERBB2,CHEMBL1142663,0,CCOc1cc2ncc(C#N)c(Nc3ccc(OCc4cccc(C)c4)c(Cl)c3)c2cc1NC(=O)/C=C/CN(C)C,0,data/quantum/erbB_xyz/ERBB2__CHEMBL179659__state00.xyz
ERBB2__CHEMBL179659__state01,ERBB2__CHEMBL179659,CHEMBL179659,ERBB2,CHEMBL1142663,1,CCOc1cc2[nH]cc(C#N)c(=Nc3ccc(OCc4cccc(C)c4)c(Cl)c3)c2cc1N=C(O)/C=C/CN(C)C,0,data/quantum/erbB_xyz/ERBB2__CHEMBL179659__state01.xyz
ERBB2__CHEMBL179659__state02,ERBB2__CHEMBL179659,CHEMBL179659,ERBB2,CHEMBL1142663,2,CCOc1cc2[nH]cc(C#N)c(=Nc3ccc(OCc4cccc(C)c4)c(Cl)c3)c2cc1NC(=O)/C=C/CN(C)C,0,data/quantum/erbB_xyz/ERBB2__CHEMBL179659__state02.xyz
ERBB2__CHEMBL179659__state03,ERBB2__CHEMBL179659,CHEMBL179659,ERBB2,CHEMBL1142663,3,CCOc1cc2ncc(C#N)c(Nc3ccc(OCc4cccc(C)c4)c(Cl)c3)c2cc1N=C(O)/C=C/CN(C)C,0,data/quantum/erbB_xyz/ERBB2__CHEMBL179659__state03.xyz
ERBB2__CHEMBL179726__state00,ERBB2__CHEMBL179726,CHEMBL179726,ERBB2,CHEMBL1142663,0,COc1cc2ncc(C#N)c(Nc3ccc(OCc4ccccc4)c(Cl)c3)c2cc1NC(=O)/C=C/CN(C)C,0,data/quantum/erbB_xyz/ERBB2__CHEMBL179726__state00.xyz
ERBB2__CHEMBL179726__state01,ERBB2__CHEMBL179726,CHEMBL179726,ERBB2,CHEMBL1142663,1,COc1cc2[nH]cc(C#N)c(=Nc3ccc(OCc4ccccc4)c(Cl)c3)c2cc1N=C(O)/C=C/CN(C)C,0,data/quantum/erbB_xyz/ERBB2__CHEMBL179726__state01.xyz
ERBB2__CHEMBL179726__state02,ERBB2__CHEMBL179726,CHEMBL179726,ERBB2,CHEMBL1142663,2,COc1cc2[nH]cc(C#N)c(=Nc3ccc(OCc4ccccc4)c(Cl)c3)c2cc1NC(=O)/C=C/CN(C)C,0,data/quantum/erbB_xyz/ERBB2__CHEMBL179726__state02.xyz
ERBB2__CHEMBL179726__state03,ERBB2__CHEMBL179726,CHEMBL179726,ERBB2,CHEMBL1142663,3,COc1cc2ncc(C#N)c(Nc3ccc(OCc4ccccc4)c(Cl)c3)c2cc1N=C(O)/C=C/CN(C)C,0,data/quantum/erbB_xyz/ERBB2__CHEMBL179726__state03.xyz
ERBB2__CHEMBL179766__state00,ERBB2__CHEMBL179766,CHEMBL179766,ERBB2,CHEMBL1142663,0,CCOc1cc2ncc(C#N)c(Nc3ccc(NCc4cccc5ccccc45)c(Cl)c3)c2cc1NC(=O)/C=C/CN(C)C,0,data/quantum/erbB_xyz/ERBB2__CHEMBL179766__state00.xyz
ERBB2__CHEMBL179766__state01,ERBB2__CHEMBL179766,CHEMBL179766,ERBB2,CHEMBL1142663,1,CCOc1cc2[nH]cc(C#N)c(=Nc3ccc(NCc4cccc5ccccc45)c(Cl)c3)c2cc1N=C(O)/C=C/CN(C)C,0,data/quantum/erbB_xyz/ERBB2__CHEMBL179766__state01.xyz
ERBB2__CHEMBL179766__state02,ERBB2__CHEMBL179766,CHEMBL179766,ERBB2,CHEMBL1142663,2,CCOc1cc2[nH]cc(C#N)c(=Nc3ccc(NCc4cccc5ccccc45)c(Cl)c3)c2cc1NC(=O)/C=C/CN(C)C,0,data/quantum/erbB_xyz/ERBB2__CHEMBL179766__state02.xyz
ERBB2__CHEMBL179766__state03,ERBB2__CHEMBL179766,CHEMBL179766,ERBB2,CHEMBL1142663,3,CCOc1cc2ncc(C#N)c(Nc3ccc(NCc4cccc5ccccc45)c(Cl)c3)c2cc1N=C(O)/C=C/CN(C)C,0,data/quantum/erbB_xyz/ERBB2__CHEMBL179766__state03.xyz
ERBB2__CHEMBL179923__state00,ERBB2__CHEMBL179923,CHEMBL179923,ERBB2,CHEMBL1142663,0,CCOc1cc2ncc(C#N)c(Nc3ccc(OCc4ccccc4F)c(Cl)c3)c2cc1NC(=O)/C=C/CN(C)C,0,data/quantum/erbB_xyz/ERBB2__CHEMBL179923__state00.xyz
ERBB2__CHEMBL179923__state01,ERBB2__CHEMBL179923,CHEMBL179923,ERBB2,CHEMBL1142663,1,CCOc1cc2[nH]cc(C#N)c(=Nc3ccc(OCc4ccccc4F)c(Cl)c3)c2cc1N=C(O)/C=C/CN(C)C,0,data/quantum/erbB_xyz/ERBB2__CHEMBL179923__state01.xyz
ERBB2__CHEMBL179923__state02,ERBB2__CHEMBL179923,CHEMBL179923,ERBB2,CHEMBL1142663,2,CCOc1cc2[nH]cc(C#N)c(=Nc3ccc(OCc4ccccc4F)c(Cl)c3)c2cc1NC(=O)/C=C/CN(C)C,0,data/quantum/erbB_xyz/ERBB2__CHEMBL179923__state02.xyz
ERBB2__CHEMBL179923__state03,ERBB2__CHEMBL179923,CHEMBL179923,ERBB2,CHEMBL1142663,3,CCOc1cc2ncc(C#N)c(Nc3ccc(OCc4ccccc4F)c(Cl)c3)c2cc1N=C(O)/C=C/CN(C)C,0,data/quantum/erbB_xyz/ERBB2__CHEMBL179923__state03.xyz
ERBB2__CHEMBL179969__state00,ERBB2__CHEMBL179969,CHEMBL179969,ERBB2,CHEMBL1142663,0,C=CS(=O)(=O)Nc1cc2c(Nc3ccc(OCc4ccccc4)c(Cl)c3)c(C#N)cnc2cc1OCC,0,data/quantum/erbB_xyz/ERBB2__CHEMBL179969__state00.xyz
ERBB2__CHEMBL179969__state01,ERBB2__CHEMBL179969,CHEMBL179969,ERBB2,CHEMBL1142663,1,C=CS(=O)(=O)Nc1cc2c(=Nc3ccc(OCc4ccccc4)c(Cl)c3)c(C#N)c[nH]c2cc1OCC,0,data/quantum/erbB_xyz/ERBB2__CHEMBL179969__state01.xyz
ERBB2__CHEMBL180018__state00,ERBB2__CHEMBL180018,CHEMBL180018,ERBB2,CHEMBL1142663,0,CCOc1cc2ncc(C#N)c(Nc3ccc(Oc4ccccc4)c(Cl)c3)c2cc1NC(=O)/C=C/CN(C)C,0,data/quantum/erbB_xyz/ERBB2__CHEMBL180018__state00.xyz
ERBB2__CHEMBL180018__state01,ERBB2__CHEMBL180018,CHEMBL180018,ERBB2,CHEMBL1142663,1,CCOc1cc2[nH]cc(C#N)c(=Nc3ccc(Oc4ccccc4)c(Cl)c3)c2cc1N=C(O)/C=C/CN(C)C,0,data/quantum/erbB_xyz/ERBB2__CHEMBL180018__state01.xyz
ERBB2__CHEMBL180018__state02,ERBB2__CHEMBL180018,CHEMBL180018,ERBB2,CHEMBL1142663,2,CCOc1cc2[nH]cc(C#N)c(=Nc3ccc(Oc4ccccc4)c(Cl)c3)c2cc1NC(=O)/C=C/CN(C)C,0,data/quantum/erbB_xyz/ERBB2__CHEMBL180018__state02.xyz
ERBB2__CHEMBL180018__state03,ERBB2__CHEMBL180018,CHEMBL180018,ERBB2,CHEMBL1142663,3,CCOc1cc2ncc(C#N)c(Nc3ccc(Oc4ccccc4)c(Cl)c3)c2cc1N=C(O)/C=C/CN(C)C,0,data/quantum/erbB_xyz/ERBB2__CHEMBL180018__state03.xyz
ERBB2__CHEMBL180022__state00,ERBB2__CHEMBL180022,CHEMBL180022,ERBB2,CHEMBL1142663,0,CCOc1cc2ncc(C#N)c(Nc3ccc(OCc4ccccn4)c(Cl)c3)c2cc1NC(=O)/C=C/CN(C)C,0,data/quantum/erbB_xyz/ERBB2__CHEMBL180022__state00.xyz
ERBB2__CHEMBL180022__state01,ERBB2__CHEMBL180022,CHEMBL180022,ERBB2,CHEMBL1142663,1,CCOc1cc2[nH]cc(C#N)c(=Nc3ccc(OCc4ccccn4)c(Cl)c3)c2cc1N=C(O)/C=C/CN(C)C,0,data/quantum/erbB_xyz/ERBB2__CHEMBL180022__state01.xyz
ERBB2__CHEMBL180022__state02,ERBB2__CHEMBL180022,CHEMBL180022,ERBB2,CHEMBL1142663,2,CCOc1cc2[nH]cc(C#N)c(=Nc3ccc(OCc4ccccn4)c(Cl)c3)c2cc1NC(=O)/C=C/CN(C)C,0,data/quantum/erbB_xyz/ERBB2__CHEMBL180022__state02.xyz
ERBB2__CHEMBL180022__state03,ERBB2__CHEMBL180022,CHEMBL180022,ERBB2,CHEMBL1142663,3,CCOc1cc2ncc(C#N)c(Nc3ccc(OCc4ccccn4)c(Cl)c3)c2cc1N=C(O)/C=C/CN(C)C,0,data/quantum/erbB_xyz/ERBB2__CHEMBL180022__state03.xyz
ERBB2__CHEMBL180175__state00,ERBB2__CHEMBL180175,CHEMBL180175,ERBB2,CHEMBL1142663,0,COc1cc2ncc(C#N)c(Nc3ccc(Sc4nccn4C)c(Cl)c3)c2cc1NC(=O)/C=C/CN(C)C,0,data/quantum/erbB_xyz/ERBB2__CHEMBL180175__state00.xyz
ERBB2__CHEMBL180175__state01,ERBB2__CHEMBL180175,CHEMBL180175,ERBB2,CHEMBL1142663,1,COc1cc2[nH]cc(C#N)c(=Nc3ccc(Sc4nccn4C)c(Cl)c3)c2cc1N=C(O)/C=C/CN(C)C,0,data/quantum/erbB_xyz/ERBB2__CHEMBL180175__state01.xyz
ERBB2__CHEMBL180175__state02,ERBB2__CHEMBL180175,CHEMBL180175,ERBB2,CHEMBL1142663,2,COc1cc2[nH]cc(C#N)c(=Nc3ccc(Sc4nccn4C)c(Cl)c3)c2cc1NC(=O)/C=C/CN(C)C,0,data/quantum/erbB_xyz/ERBB2__CHEMBL180175__state02.xyz
ERBB2__CHEMBL180175__state03,ERBB2__CHEMBL180175,CHEMBL180175,ERBB2,CHEMBL1142663,3,COc1cc2ncc(C#N)c(Nc3ccc(Sc4nccn4C)c(Cl)c3)c2cc1N=C(O)/C=C/CN(C)C,0,data/quantum/erbB_xyz/ERBB2__CHEMBL180175__state03.xyz
ERBB2__CHEMBL180227__state00,ERBB2__CHEMBL180227,CHEMBL180227,ERBB2,CHEMBL1142663,0,COc1cc2ncc(C#N)c(Nc3ccc4c(cnn4Cc4ccccc4)c3)c2cc1NC(=O)/C=C/CN(C)C,0,data/quantum/erbB_xyz/ERBB2__CHEMBL180227__state00.xyz
ERBB2__CHEMBL180227__state01,ERBB2__CHEMBL180227,CHEMBL180227,ERBB2,CHEMBL1142663,1,COc1cc2[nH]cc(C#N)c(=Nc3ccc4c(cnn4Cc4ccccc4)c3)c2cc1N=C(O)/C=C/CN(C)C,0,data/quantum/erbB_xyz/ERBB2__CHEMBL180227__state01.xyz
ERBB2__CHEMBL180227__state02,ERBB2__CHEMBL180227,CHEMBL180227,ERBB2,CHEMBL1142663,2,COc1cc2[nH]cc(C#N)c(=Nc3ccc4c(cnn4Cc4ccccc4)c3)c2cc1NC(=O)/C=C/CN(C)C,0,data/quantum/erbB_xyz/ERBB2__CHEMBL180227__state02.xyz
ERBB2__CHEMBL180227__state03,ERBB2__CHEMBL180227,CHEMBL180227,ERBB2,CHEMBL1142663,3,COc1cc2ncc(C#N)c(Nc3ccc4c(cnn4Cc4ccccc4)c3)c2cc1N=C(O)/C=C/CN(C)C,0,data/quantum/erbB_xyz/ERBB2__CHEMBL180227__state03.xyz
ERBB2__CHEMBL180415__state00,ERBB2__CHEMBL180415,CHEMBL180415,ERBB2,CHEMBL1142663,0,CCOc1cc2ncc(C#N)c(Nc3ccc(OCc4ccc(Cl)cc4)c(Cl)c3)c2cc1NC(=O)/C=C/CN(C)C,0,data/quantum/erbB_xyz/ERBB2__CHEMBL180415__state00.xyz
ERBB2__CHEMBL180415__state01,ERBB2__CHEMBL180415,CHEMBL180415,ERBB2,CHEMBL1142663,1,CCOc1cc2[nH]cc(C#N)c(=Nc3ccc(OCc4ccc(Cl)cc4)c(Cl)c3)c2cc1N=C(O)/C=C/CN(C)C,0,data/quantum/erbB_xyz/ERBB2__CHEMBL180415__state01.xyz
ERBB2__CHEMBL180415__state02,ERBB2__CHEMBL180415,CHEMBL180415,ERBB2,CHEMBL1142663,2,CCOc1cc2[nH]cc(C#N)c(=Nc3ccc(OCc4ccc(Cl)cc4)c(Cl)c3)c2cc1NC(=O)/C=C/CN(C)C,0,data/quantum/erbB_xyz/ERBB2__CHEMBL180415__state02.xyz
ERBB2__CHEMBL180415__state03,ERBB2__CHEMBL180415,CHEMBL180415,ERBB2,CHEMBL1142663,3,CCOc1cc2ncc(C#N)c(Nc3ccc(OCc4ccc(Cl)cc4)c(Cl)c3)c2cc1N=C(O)/C=C/CN(C)C,0,data/quantum/erbB_xyz/ERBB2__CHEMBL180415__state03.xyz
ERBB2__CHEMBL180516__state00,ERBB2__CHEMBL180516,CHEMBL180516,ERBB2,CHEMBL1142663,0,CCOc1cc2ncc(C#N)c(Nc3ccc(OCc4ccc(F)cc4)c(Cl)c3)c2cc1NC(=O)/C=C/CN(C)C,0,data/quantum/erbB_xyz/ERBB2__CHEMBL180516__state00.xyz
ERBB2__CHEMBL180516__state01,ERBB2__CHEMBL180516,CHEMBL180516,ERBB2,CHEMBL1142663,1,CCOc1cc2[nH]cc(C#N)c(=Nc3ccc(OCc4ccc(F)cc4)c(Cl)c3)c2cc1N=C(O)/C=C/CN(C)C,0,data/quantum/erbB_xyz/ERBB2__CHEMBL180516__state01.xyz
ERBB2__CHEMBL180516__state02,ERBB2__CHEMBL180516,CHEMBL180516,ERBB2,CHEMBL1142663,2,CCOc1cc2[nH]cc(C#N)c(=Nc3ccc(OCc4ccc(F)cc4)c(Cl)c3)c2cc1NC(=O)/C=C/CN(C)C,0,data/quantum/erbB_xyz/ERBB2__CHEMBL180516__state02.xyz
ERBB2__CHEMBL180516__state03,ERBB2__CHEMBL180516,CHEMBL180516,ERBB2,CHEMBL1142663,3,CCOc1cc2ncc(C#N)c(Nc3ccc(OCc4ccc(F)cc4)c(Cl)c3)c2cc1N=C(O)/C=C/CN(C)C,0,data/quantum/erbB_xyz/ERBB2__CHEMBL180516__state03.xyz
ERBB2__CHEMBL190094__state00,ERBB2__CHEMBL190094,CHEMBL190094,ERBB2,CHEMBL1141151,0,CN(C)C/C=C/C(=O)Nc1ccc2ncnc(Nc3cc(Cl)c(Cl)cc3F)c2c1,0,data/quantum/erbB_xyz/ERBB2__CHEMBL190094__state00.xyz
ERBB2__CHEMBL190094__state01,ERBB2__CHEMBL190094,CHEMBL190094,ERBB2,CHEMBL1141151,1,CN(C)C/C=C/C(=O)Nc1ccc2[nH]cnc(=Nc3cc(Cl)c(Cl)cc3F)c2c1,0,data/quantum/erbB_xyz/ERBB2__CHEMBL190094__state01.xyz
ERBB2__CHEMBL190094__state02,ERBB2__CHEMBL190094,CHEMBL190094,ERBB2,CHEMBL1141151,2,CN(C)C/C=C/C(=O)Nc1ccc2nc[nH]c(=Nc3cc(Cl)c(Cl)cc3F)c2c1,0,data/quantum/erbB_xyz/ERBB2__CHEMBL190094__state02.xyz
ERBB2__CHEMBL190094__state03,ERBB2__CHEMBL190094,CHEMBL190094,ERBB2,CHEMBL1141151,3,CN(C)C/C=C/C(O)=Nc1ccc2[nH]cnc(=Nc3cc(Cl)c(Cl)cc3F)c2c1,0,data/quantum/erbB_xyz/ERBB2__CHEMBL190094__state03.xyz
ERBB2__CHEMBL201511__state00,ERBB2__CHEMBL201511,CHEMBL201511,ERBB2,CHEMBL1157465,0,COc1cc(C2=C(c3c[nH]c4ccccc34)C(=O)NC2=O)cc(OC)c1OC,0,data/quantum/erbB_xyz/ERBB2__CHEMBL201511__state00.xyz
ERBB2__CHEMBL201511__state01,ERBB2__CHEMBL201511,CHEMBL201511,ERBB2,CHEMBL1157465,1,COc1cc(C2=C(C3C=Nc4ccccc43)C(=O)N=C2O)cc(OC)c1OC,0,data/quantum/erbB_xyz/ERBB2__CHEMBL201511__state01.xyz
ERBB2__CHEMBL201511__state02,ERBB2__CHEMBL201511,CHEMBL201511,ERBB2,CHEMBL1157465,2,COc1cc(C2=C(C3C=Nc4ccccc43)C(=O)NC2=O)cc(OC)c1OC,0,data/quantum/erbB_xyz/ERBB2__CHEMBL201511__state02.xyz
ERBB2__CHEMBL201511__state03,ERBB2__CHEMBL201511,CHEMBL201511,ERBB2,CHEMBL1157465,3,COc1cc(C2=C(C3C=Nc4ccccc43)C(O)=NC2=O)cc(OC)c1OC,0,data/quantum/erbB_xyz/ERBB2__CHEMBL201511__state03.xyz
ERBB2__CHEMBL202360__state00,ERBB2__CHEMBL202360,CHEMBL202360,ERBB2,CHEMBL1138126,0,C#CC(=O)Nc1ccc2ncnc(Nc3cccc(Br)c3)c2c1,0,data/quantum/erbB_xyz/ERBB2__CHEMBL202360__state00.xyz
ERBB2__CHEMBL202360__state01,ERBB2__CHEMBL202360,CHEMBL202360,ERBB2,CHEMBL1138126,1,C#CC(=O)Nc1ccc2[nH]cnc(=Nc3cccc(Br)c3)c2c1,0,data/quantum/erbB_xyz/ERBB2__CHEMBL202360__state01.xyz
ERBB2__CHEMBL202360__state02,ERBB2__CHEMBL202360,CHEMBL202360,ERBB2,CHEMBL1138126,2,C#CC(=O)Nc1ccc2nc[nH]c(=Nc3cccc(Br)c3)c2c1,0,data/quantum/erbB_xyz/ERBB2__CHEMBL202360__state02.xyz
ERBB2__CHEMBL202360__state03,ERBB2__CHEMBL202360,CHEMBL202360,ERBB2,CHEMBL1138126,3,C#CC(O)=Nc1ccc2[nH]cnc(=Nc3cccc(Br)c3)c2c1,0,data/quantum/erbB_xyz/ERBB2__CHEMBL202360__state03.xyz
ERBB2__CHEMBL202398__state00,ERBB2__CHEMBL202398,CHEMBL202398,ERBB2,CHEMBL1138126,0,CCCCN(CC#CC(=O)Nc1ccc2ncnc(Nc3ccc(F)c(Cl)c3)c2c1)CCCC,0,data/quantum/erbB_xyz/ERBB2__CHEMBL202398__state00.xyz
ERBB2__CHEMBL202398__state01,ERBB2__CHEMBL202398,CHEMBL202398,ERBB2,CHEMBL1138126,1,CCCCN(CC#CC(=O)Nc1ccc2[nH]cnc(=Nc3ccc(F)c(Cl)c3)c2c1)CCCC,0,data/quantum/erbB_xyz/ERBB2__CHEMBL202398__state01.xyz
ERBB2__CHEMBL202398__state02,ERBB2__CHEMBL202398,CHEMBL202398,ERBB2,CHEMBL1138126,2,CCCCN(CC#CC(=O)Nc1ccc2nc[nH]c(=Nc3ccc(F)c(Cl)c3)c2c1)CCCC,0,data/quantum/erbB_xyz/ERBB2__CHEMBL202398__state02.xyz
ERBB2__CHEMBL202398__state03,ERBB2__CHEMBL202398,CHEMBL202398,ERBB2,CHEMBL1138126,3,CCCCN(CC#CC(O)=Nc1ccc2[nH]cnc(=Nc3ccc(F)c(Cl)c3)c2c1)CCCC,0,data/quantum/erbB_xyz/ERBB2__CHEMBL202398__state03.xyz
ERBB2__CHEMBL202411__state00,ERBB2__CHEMBL202411,CHEMBL202411,ERBB2,CHEMBL1138126,0,O=C(C#CCO)Nc1ccc2ncnc(Nc3ccc(F)c(Cl)c3)c2c1,0,data/quantum/erbB_xyz/ERBB2__CHEMBL202411__state00.xyz
ERBB2__CHEMBL202411__state01,ERBB2__CHEMBL202411,CHEMBL202411,ERBB2,CHEMBL1138126,1,O=C(C#CCO)Nc1ccc2[nH]cnc(=Nc3ccc(F)c(Cl)c3)c2c1,0,data/quantum/erbB_xyz/ERBB2__CHEMBL202411__state01.xyz
ERBB2__CHEMBL202411__state02,ERBB2__CHEMBL202411,CHEMBL202411,ERBB2,CHEMBL1138126,2,O=C(C#CCO)Nc1ccc2nc[nH]c(=Nc3ccc(F)c(Cl)c3)c2c1,0,data/quantum/erbB_xyz/ERBB2__CHEMBL202411__state02.xyz
ERBB2__CHEMBL202411__state03,ERBB2__CHEMBL202411,CHEMBL202411,ERBB2,CHEMBL1138126,3,OCC#CC(O)=Nc1ccc2[nH]cnc(=Nc3ccc(F)c(Cl)c3)c2c1,0,data/quantum/erbB_xyz/ERBB2__CHEMBL202411__state03.xyz
ERBB2__CHEMBL202421__state00,ERBB2__CHEMBL202421,CHEMBL202421,ERBB2,CHEMBL1138126,0,CCCCN(CC#CC(=O)Nc1cc2c(Nc3ccc(F)c(Cl)c3)ncnc2cn1)CCCC,0,data/quantum/erbB_xyz/ERBB2__CHEMBL202421__state00.xyz
ERBB2__CHEMBL202421__state01,ERBB2__CHEMBL202421,CHEMBL202421,ERBB2,CHEMBL1138126,1,CCCCN(CC#CC(=O)N=c1cc2c(=Nc3ccc(F)c(Cl)c3)[nH]cnc2c[nH]1)CCCC,0,data/quantum/erbB_xyz/ERBB2__CHEMBL202421__state01.xyz
ERBB2__CHEMBL202421__state02,ERBB2__CHEMBL202421,CHEMBL202421,ERBB2,CHEMBL1138126,2,CCCCN(CC#CC(=O)N=c1cc2c(=Nc3ccc(F)c(Cl)c3)nc[nH]c2c[nH]1)CCCC,0,data/quantum/erbB_xyz/ERBB2__CHEMBL202421__state02.xyz
ERBB2__CHEMBL202421__state03,ERBB2__CHEMBL202421,CHEMBL202421,ERBB2,CHEMBL1138126,3,CCCCN(CC#CC(=O)N=c1cc2c(Nc3ccc(F)c(Cl)c3)ncnc2c[nH]1)CCCC,0,data/quantum/erbB_xyz/ERBB2__CHEMBL202421__state03.xyz
ERBB2__CHEMBL202424__state00,ERBB2__CHEMBL202424,CHEMBL202424,ERBB2,CHEMBL1138126,0,CCCCC#CC(=O)Nc1cc2c(Nc3ccc(F)c(Cl)c3)ncnc2cn1,0,data/quantum/erbB_xyz/ERBB2__CHEMBL202424__state00.xyz
ERBB2__CHEMBL202424__state01,ERBB2__CHEMBL202424,CHEMBL202424,ERBB2,CHEMBL1138126,1,CCCCC#CC(=O)N=c1cc2c(=Nc3ccc(F)c(Cl)c3)[nH]cnc2c[nH]1,0,data/quantum/erbB_xyz/ERBB2__CHEMBL202424__state01.xyz
ERBB2__CHEMBL202424__state02,ERBB2__CHEMBL202424,CHEMBL202424,ERBB2,CHEMBL1138126,2,CCCCC#CC(=O)N=c1cc2c(=Nc3ccc(F)c(Cl)c3)nc[nH]c2c[nH]1,0,data/quantum/erbB_xyz/ERBB2__CHEMBL202424__state02.xyz
ERBB2__CHEMBL202424__state03,ERBB2__CHEMBL202424,CHEMBL202424,ERBB2,CHEMBL1138126,3,CCCCC#CC(=O)N=c1cc2c(Nc3ccc(F)c(Cl)c3)ncnc2c[nH]1,0,data/quantum/erbB_xyz/ERBB2__CHEMBL202424__state03.xyz
ERBB2__CHEMBL202425__state00,ERBB2__CHEMBL202425,CHEMBL202425,ERBB2,CHEMBL1138126,0,CCN(CC)CC#CC(=O)Nc1cc2c(Nc3ccc(F)c(Cl)c3)ncnc2cn1,0,data/quantum/erbB_xyz/ERBB2__CHEMBL202425__state00.xyz
ERBB2__CHEMBL202425__state01,ERBB2__CHEMBL202425,CHEMBL202425,ERBB2,CHEMBL1138126,1,CCN(CC)CC#CC(=O)N=c1cc2c(=Nc3ccc(F)c(Cl)c3)[nH]cnc2c[nH]1,0,data/quantum/erbB_xyz/ERBB2__CHEMBL202425__state01.xyz
ERBB2__CHEMBL202425__state02,ERBB2__CHEMBL202425,CHEMBL202425,ERBB2,CHEMBL1138126,2,CCN(CC)CC#CC(=O)N=c1cc2c(=Nc3ccc(F)c(Cl)c3)nc[nH]c2c[nH]1,0,data/quantum/erbB_xyz/ERBB2__CHEMBL202425__state02.xyz
ERBB2__CHEMBL202425__state03,ERBB2__CHEMBL202425,CHEMBL202425,ERBB2,CHEMBL1138126,3,CCN(CC)CC#CC(=O)N=c1cc2c(Nc3ccc(F)c(Cl)c3)ncnc2c[nH]1,0,data/quantum/erbB_xyz/ERBB2__CHEMBL202425__state03.xyz
ERBB2__CHEMBL202556__state00,ERBB2__CHEMBL202556,CHEMBL202556,ERBB2,CHEMBL1138126,0,O=C(C#CCN1CCOCC1)Nc1cc2c(Nc3ccc(F)c(Cl)c3)ncnc2cn1,0,data/quantum/erbB_xyz/ERBB2__CHEMBL202556__state00.xyz
ERBB2__CHEMBL202556__state01,ERBB2__CHEMBL202556,CHEMBL202556,ERBB2,CHEMBL1138126,1,O=C(C#CCN1CCOCC1)N=c1cc2c(=Nc3ccc(F)c(Cl)c3)[nH]cnc2c[nH]1,0,data/quantum/erbB_xyz/ERBB2__CHEMBL202556__state01.xyz
ERBB2__CHEMBL202556__state02,ERBB2__CHEMBL202556,CHEMBL202556,ERBB2,CHEMBL1138126,2,O=C(C#CCN1CCOCC1)N=c1cc2c(=Nc3ccc(F)c(Cl)c3)nc[nH]c2c[nH]1,0,data/quantum/erbB_xyz/ERBB2__CHEMBL202556__state02.xyz
ERBB2__CHEMBL202556__state03,ERBB2__CHEMBL202556,CHEMBL202556,ERBB2,CHEMBL1138126,3,O=C(C#CCN1CCOCC1)N=c1cc2c(Nc3ccc(F)c(Cl)c3)ncnc2c[nH]1,0,data/quantum/erbB_xyz/ERBB2__CHEMBL202556__state03.xyz
ERBB2__CHEMBL202621__state00,ERBB2__CHEMBL202621,CHEMBL202621,ERBB2,CHEMBL1138126,0,O=C(C#CCN1CCOCC1)Nc1ccc2ncnc(Nc3ccc(F)c(Cl)c3)c2c1,0,data/quantum/erbB_xyz/ERBB2__CHEMBL202621__state00.xyz
ERBB2__CHEMBL202621__state01,ERBB2__CHEMBL202621,CHEMBL202621,ERBB2,CHEMBL1138126,1,O=C(C#CCN1CCOCC1)Nc1ccc2[nH]cnc(=Nc3ccc(F)c(Cl)c3)c2c1,0,data/quantum/erbB_xyz/ERBB2__CHEMBL202621__state01.xyz
ERBB2__CHEMBL202621__state02,ERBB2__CHEMBL202621,CHEMBL202621,ERBB2,CHEMBL1138126,2,O=C(C#CCN1CCOCC1)Nc1ccc2nc[nH]c(=Nc3ccc(F)c(Cl)c3)c2c1,0,data/quantum/erbB_xyz/ERBB2__CHEMBL202621__state02.xyz
ERBB2__CHEMBL202621__state03,ERBB2__CHEMBL202621,CHEMBL202621,ERBB2,CHEMBL1138126,3,OC(C#CCN1CCOCC1)=Nc1ccc2[nH]cnc(=Nc3ccc(F)c(Cl)c3)c2c1,0,data/quantum/erbB_xyz/ERBB2__CHEMBL202621__state03.xyz
ERBB2__CHEMBL203599__state00,ERBB2__CHEMBL203599,CHEMBL203599,ERBB2,CHEMBL1138126,0,CN1CCN(CCC#CC(=O)Nc2cc3c(Nc4ccc(F)c(Cl)c4)ncnc3cn2)CC1,0,data/quantum/erbB_xyz/ERBB2__CHEMBL203599__state00.xyz
ERBB2__CHEMBL203599__state01,ERBB2__CHEMBL203599,CHEMBL203599,ERBB2,CHEMBL1138126,1,CN1CCN(CCC#CC(=O)N=c2cc3c(=Nc4ccc(F)c(Cl)c4)[nH]cnc3c[nH]2)CC1,0,data/quantum/erbB_xyz/ERBB2__CHEMBL203599__state01.xyz
ERBB2__CHEMBL203599__state02,ERBB2__CHEMBL203599,CHEMBL203599,ERBB2,CHEMBL1138126,2,CN1CCN(CCC#CC(=O)N=c2cc3c(=Nc4ccc(F)c(Cl)c4)nc[nH]c3c[nH]2)CC1,0,data/quantum/erbB_xyz/ERBB2__CHEMBL203599__state02.xyz
ERBB2__CHEMBL203599__state03,ERBB2__CHEMBL203599,CHEMBL203599,ERBB2,CHEMBL1138126,3,CN1CCN(CCC#CC(=O)N=c2cc3c(Nc4ccc(F)c(Cl)c4)ncnc3c[nH]2)CC1,0,data/quantum/erbB_xyz/ERBB2__CHEMBL203599__state03.xyz
ERBB2__CHEMBL203644__state00,ERBB2__CHEMBL203644,CHEMBL203644,ERBB2,CHEMBL1138126,0,CC#CC(=O)Nc1cc2c(Nc3ccc(F)c(Cl)c3)ncnc2cn1,0,data/quantum/erbB_xyz/ERBB2__CHEMBL203644__state00.xyz
ERBB2__CHEMBL203644__state01,ERBB2__CHEMBL203644,CHEMBL203644,ERBB2,CHEMBL1138126,1,CC#CC(=O)N=c1cc2c(=Nc3ccc(F)c(Cl)c3)[nH]cnc2c[nH]1,0,data/quantum/erbB_xyz/ERBB2__CHEMBL203644__state01.xyz
ERBB2__CHEMBL203644__state02,ERBB2__CHEMBL203644,CHEMBL203644,ERBB2,CHEMBL1138126,2,CC#CC(=O)N=c1cc2c(=Nc3ccc(F)c(Cl)c3)nc[nH]c2c[nH]1,0,data/quantum/erbB_xyz/ERBB2__CHEMBL203644__state02.xyz
ERBB2__CHEMBL203644__state03,ERBB2__CHEMBL203644,CHEMBL203644,ERBB2,CHEMBL1138126,3,CC#CC(=O)N=c1cc2c(Nc3ccc(F)c(Cl)c3)ncnc2c[nH]1,0,data/quantum/erbB_xyz/ERBB2__CHEMBL203644__state03.xyz
ERBB2__CHEMBL203645__state00,ERBB2__CHEMBL203645,CHEMBL203645,ERBB2,CHEMBL1138126,0,CCCC#CC(=O)Nc1cc2c(Nc3ccc(F)c(Cl)c3)ncnc2cn1,0,data/quantum/erbB_xyz/ERBB2__CHEMBL203645__state00.xyz
ERBB2__CHEMBL203645__state01,ERBB2__CHEMBL203645,CHEMBL203645,ERBB2,CHEMBL1138126,1,CCCC#CC(=O)N=c1cc2c(=Nc3ccc(F)c(Cl)c3)[nH]cnc2c[nH]1,0,data/quantum/erbB_xyz/ERBB2__CHEMBL203645__state01.xyz
ERBB2__CHEMBL203645__state02,ERBB2__CHEMBL203645,CHEMBL203645,ERBB2,CHEMBL1138126,2,CCCC#CC(=O)N=c1cc2c(=Nc3ccc(F)c(Cl)c3)nc[nH]c2c[nH]1,0,data/quantum/erbB_xyz/ERBB2__CHEMBL203645__state02.xyz
ERBB2__CHEMBL203645__state03,ERBB2__CHEMBL203645,CHEMBL203645,ERBB2,CHEMBL1138126,3,CCCC#CC(=O)N=c1cc2c(Nc3ccc(F)c(Cl)c3)ncnc2c[nH]1,0,data/quantum/erbB_xyz/ERBB2__CHEMBL203645__state03.xyz
ERBB2__CHEMBL203661__state00,ERBB2__CHEMBL203661,CHEMBL203661,ERBB2,CHEMBL1138126,0,O=C(C#CCCN1CCOCC1)Nc1cc2c(Nc3ccc(F)c(Cl)c3)ncnc2cn1,0,data/quantum/erbB_xyz/ERBB2__CHEMBL203661__state00.xyz
ERBB2__CHEMBL203661__state01,ERBB2__CHEMBL203661,CHEMBL203661,ERBB2,CHEMBL1138126,1,O=C(C#CCCN1CCOCC1)N=c1cc2c(=Nc3ccc(F)c(Cl)c3)[nH]cnc2c[nH]1,0,data/quantum/erbB_xyz/ERBB2__CHEMBL203661__state01.xyz
ERBB2__CHEMBL203661__state02,ERBB2__CHEMBL203661,CHEMBL203661,ERBB2,CHEMBL1138126,2,O=C(C#CCCN1CCOCC1)N=c1cc2c(=Nc3ccc(F)c(Cl)c3)nc[nH]c2c[nH]1,0,data/quantum/erbB_xyz/ERBB2__CHEMBL203661__state02.xyz
ERBB2__CHEMBL203661__state03,ERBB2__CHEMBL203661,CHEMBL203661,ERBB2,CHEMBL1138126,3,O=C(C#CCCN1CCOCC1)N=c1cc2c(Nc3ccc(F)c(Cl)c3)ncnc2c[nH]1,0,data/quantum/erbB_xyz/ERBB2__CHEMBL203661__state03.xyz
ERBB2__CHEMBL204085__state00,ERBB2__CHEMBL204085,CHEMBL204085,ERBB2,CHEMBL1138126,0,O=C(C#CCCN1CCOCC1)Nc1ccc2ncnc(Nc3ccc(F)c(Cl)c3)c2c1,0,data/quantum/erbB_xyz/ERBB2__CHEMBL204085__state00.xyz
ERBB2__CHEMBL204085__state01,ERBB2__CHEMBL204085,CHEMBL204085,ERBB2,CHEMBL1138126,1,O=C(C#CCCN1CCOCC1)Nc1ccc2[nH]cnc(=Nc3ccc(F)c(Cl)c3)c2c1,0,data/quantum/erbB_xyz/ERBB2__CHEMBL204085__state01.xyz
ERBB2__CHEMBL204085__state02,ERBB2__CHEMBL204085,CHEMBL204085,ERBB2,CHEMBL1138126,2,O=C(C#CCCN1CCOCC1)Nc1ccc2nc[nH]c(=Nc3ccc(F)c(Cl)c3)c2c1,0,data/quantum/erbB_xyz/ERBB2__CHEMBL204085__state02.xyz
ERBB2__CHEMBL204085__state03,ERBB2__CHEMBL204085,CHEMBL204085,ERBB2,CHEMBL1138126,3,OC(C#CCCN1CCOCC1)=Nc1ccc2[nH]cnc(=Nc3ccc(F)c(Cl)c3)c2c1,0,data/quantum/erbB_xyz/ERBB2__CHEMBL204085__state03.xyz
ERBB2__CHEMBL204638__state00,ERBB2__CHEMBL204638,CHEMBL204638,ERBB2,CHEMBL1138126,0,O=C(C#CCCN1CCOCC1)Nc1cc2c(Nc3ccc(F)c(Br)c3)ncnc2cn1,0,data/quantum/erbB_xyz/ERBB2__CHEMBL204638__state00.xyz
ERBB2__CHEMBL204638__state01,ERBB2__CHEMBL204638,CHEMBL204638,ERBB2,CHEMBL1138126,1,O=C(C#CCCN1CCOCC1)N=c1cc2c(=Nc3ccc(F)c(Br)c3)[nH]cnc2c[nH]1,0,data/quantum/erbB_xyz/ERBB2__CHEMBL204638__state01.xyz
ERBB2__CHEMBL204638__state02,ERBB2__CHEMBL204638,CHEMBL204638,ERBB2,CHEMBL1138126,2,O=C(C#CCCN1CCOCC1)N=c1cc2c(=Nc3ccc(F)c(Br)c3)nc[nH]c2c[nH]1,0,data/quantum/erbB_xyz/ERBB2__CHEMBL204638__state02.xyz
ERBB2__CHEMBL204638__state03,ERBB2__CHEMBL204638,CHEMBL204638,ERBB2,CHEMBL1138126,3,O=C(C#CCCN1CCOCC1)N=c1cc2c(Nc3ccc(F)c(Br)c3)ncnc2c[nH]1,0,data/quantum/erbB_xyz/ERBB2__CHEMBL204638__state03.xyz
ERBB2__CHEMBL205059__state00,ERBB2__CHEMBL205059,CHEMBL205059,ERBB2,CHEMBL1138126,0,O=C(C#CCCN1CCCCC1)Nc1cc2c(Nc3ccc(F)c(Cl)c3)ncnc2cn1,0,data/quantum/erbB_xyz/ERBB2__CHEMBL205059__state00.xyz
ERBB2__CHEMBL205059__state01,ERBB2__CHEMBL205059,CHEMBL205059,ERBB2,CHEMBL1138126,1,O=C(C#CCCN1CCCCC1)N=c1cc2c(=Nc3ccc(F)c(Cl)c3)[nH]cnc2c[nH]1,0,data/quantum/erbB_xyz/ERBB2__CHEMBL205059__state01.xyz
ERBB2__CHEMBL205059__state02,ERBB2__CHEMBL205059,CHEMBL205059,ERBB2,CHEMBL1138126,2,O=C(C#CCCN1CCCCC1)N=c1cc2c(=Nc3ccc(F)c(Cl)c3)nc[nH]c2c[nH]1,0,data/quantum/erbB_xyz/ERBB2__CHEMBL205059__state02.xyz
ERBB2__CHEMBL205059__state03,ERBB2__CHEMBL205059,CHEMBL205059,ERBB2,CHEMBL1138126,3,O=C(C#CCCN1CCCCC1)N=c1cc2c(Nc3ccc(F)c(Cl)c3)ncnc2c[nH]1,0,data/quantum/erbB_xyz/ERBB2__CHEMBL205059__state03.xyz
ERBB2__CHEMBL2112990__state00,ERBB2__CHEMBL2112990,CHEMBL2112990,ERBB2,CHEMBL1142663,0,CCOc1cc2ncc(C#N)c(Nc3ccc(OCc4ccccc4)c(Cl)c3)c2cc1NC(=O)/C=C/CN(C)NC[C@H](O)[C@@H](O)[C@H](O)[C@H](O)CO,0,data/quantum/erbB_xyz/ERBB2__CHEMBL2112990__state00.xyz
ERBB2__CHEMBL2112990__state01,ERBB2__CHEMBL2112990,CHEMBL2112990,ERBB2,CHEMBL1142663,1,CCOc1cc2[nH]cc(C#N)c(=Nc3ccc(OCc4ccccc4)c(Cl)c3)c2cc1N=C(O)/C=C/CN(C)NC[C@H](O)[C@@H](O)[C@H](O)[C@H](O)CO,0,data/quantum/erbB_xyz/ERBB2__CHEMBL2112990__state01.xyz
ERBB2__CHEMBL2112990__state02,ERBB2__CHEMBL2112990,CHEMBL2112990,ERBB2,CHEMBL1142663,2,CCOc1cc2[nH]cc(C#N)c(=Nc3ccc(OCc4ccccc4)c(Cl)c3)c2cc1NC(=O)/C=C/CN(C)NC[C@H](O)[C@@H](O)[C@H](O)[C@H](O)CO,0,data/quantum/erbB_xyz/ERBB2__CHEMBL2112990__state02.xyz
ERBB2__CHEMBL2112990__state03,ERBB2__CHEMBL2112990,CHEMBL2112990,ERBB2,CHEMBL1142663,3,CCOc1cc2ncc(C#N)c(Nc3ccc(OCc4ccccc4)c(Cl)c3)c2cc1N=C(O)/C=C/CN(C)NC[C@H](O)[C@@H](O)[C@H](O)[C@H](O)CO,0,data/quantum/erbB_xyz/ERBB2__CHEMBL2112990__state03.xyz
ERBB2__CHEMBL264382__state00,ERBB2__CHEMBL264382,CHEMBL264382,ERBB2,CHEMBL1134862,0,Cc1cc(C(=O)NCCN2CCOCC2)[nH]c1/C=C1\C(=O)Nc2ncnc(Nc3ccc4c(ccn4Cc4ccccc4)c3)c21,0,data/quantum/erbB_xyz/ERBB2__CHEMBL264382__state00.xyz
ERBB2__CHEMBL264382__state01,ERBB2__CHEMBL264382,CHEMBL264382,ERBB2,CHEMBL1134862,1,C=c1cc(C(=O)NCCN2CCOCC2)[nH]c1=Cc1c(O)[nH]c2ncnc(Nc3ccc4c(ccn4Cc4ccccc4)c3)c12,0,data/quantum/erbB_xyz/ERBB2__CHEMBL264382__state01.xyz
ERBB2__CHEMBL264382__state02,ERBB2__CHEMBL264382,CHEMBL264382,ERBB2,CHEMBL1134862,2,CC1=CC(=C(O)NCCN2CCOCC2)N=C1C=C1C(=O)Nc2ncnc(Nc3ccc4c(ccn4Cc4ccccc4)c3)c21,0,data/quantum/erbB_xyz/ERBB2__CHEMBL264382__state02.xyz
ERBB2__CHEMBL264382__state03,ERBB2__CHEMBL264382,CHEMBL264382,ERBB2,CHEMBL1134862,3,CC1=CC(C(=O)NCCN2CCOCC2)=NC1=CC1C(=O)Nc2ncnc(Nc3ccc4c(ccn4Cc4ccccc4)c3)c21,0,data/quantum/erbB_xyz/ERBB2__CHEMBL264382__state03.xyz
ERBB2__CHEMBL275762__state00,ERBB2__CHEMBL275762,CHEMBL275762,ERBB2,CHEMBL1141151,0,O=C(CCl)Nc1ccc2ncnc(Nc3cc(Cl)c(Cl)cc3F)c2c1,0,data/quantum/erbB_xyz/ERBB2__CHEMBL275762__state00.xyz
ERBB2__CHEMBL275762__state01,ERBB2__CHEMBL275762,CHEMBL275762,ERBB2,CHEMBL1141151,1,O=C(CCl)Nc1ccc2[nH]cnc(=Nc3cc(Cl)c(Cl)cc3F)c2c1,0,data/quantum/erbB_xyz/ERBB2__CHEMBL275762__state01.xyz
ERBB2__CHEMBL275762__state02,ERBB2__CHEMBL275762,CHEMBL275762,ERBB2,CHEMBL1141151,2,O=C(CCl)Nc1ccc2nc[nH]c(=Nc3cc(Cl)c(Cl)cc3F)c2c1,0,data/quantum/erbB_xyz/ERBB2__CHEMBL275762__state02.xyz
ERBB2__CHEMBL275762__state03,ERBB2__CHEMBL275762,CHEMBL275762,ERBB2,CHEMBL1141151,3,OC(=CCl)Nc1ccc2[nH]cnc(=Nc3cc(Cl)c(Cl)cc3F)c2c1,0,data/quantum/erbB_xyz/ERBB2__CHEMBL275762__state03.xyz
ERBB2__CHEMBL27685__state00,ERBB2__CHEMBL27685,CHEMBL27685,ERBB2,CHEMBL1133162,0,C=CC(=O)Nc1cc2c(Nc3ccc(F)c(Br)c3)ncnc2cc1OCCCN1CCOCC1,0,data/quantum/erbB_xyz/ERBB2__CHEMBL27685__state00.xyz
ERBB2__CHEMBL27685__state01,ERBB2__CHEMBL27685,CHEMBL27685,ERBB2,CHEMBL1133162,1,C=CC(=O)Nc1cc2c(=Nc3ccc(F)c(Br)c3)[nH]cnc2cc1OCCCN1CCOCC1,0,data/quantum/erbB_xyz/ERBB2__CHEMBL27685__state01.xyz
ERBB2__CHEMBL27685__state02,ERBB2__CHEMBL27685,CHEMBL27685,ERBB2,CHEMBL1133162,2,C=CC(=O)Nc1cc2c(=Nc3ccc(F)c(Br)c3)nc[nH]c2cc1OCCCN1CCOCC1,0,data/quantum/erbB_xyz/ERBB2__CHEMBL27685__state02.xyz
ERBB2__CHEMBL27685__state03,ERBB2__CHEMBL27685,CHEMBL27685,ERBB2,CHEMBL1133162,3,C=CC(O)=Nc1cc2c(=Nc3ccc(F)c(Br)c3)[nH]cnc2cc1OCCCN1CCOCC1,0,data/quantum/erbB_xyz/ERBB2__CHEMBL27685__state03.xyz
ERBB2__CHEMBL280757__state00,ERBB2__CHEMBL280757,CHEMBL280757,ERBB2,CHEMBL1133162,0,C=CC(=O)Nc1ccc2ncnc(Nc3ccc(F)c(Br)c3)c2c1,0,data/quantum/erbB_xyz/ERBB2__CHEMBL280757__state00.xyz
ERBB2__CHEMBL280757__state01,ERBB2__CHEMBL280757,CHEMBL280757,ERBB2,CHEMBL1133162,1,C=CC(=O)Nc1ccc2[nH]cnc(=Nc3ccc(F)c(Br)c3)c2c1,0,data/quantum/erbB_xyz/ERBB2__CHEMBL280757__state01.xyz
ERBB2__CHEMBL280757__state02,ERBB2__CHEMBL280757,CHEMBL280757,ERBB2,CHEMBL1133162,2,C=CC(=O)Nc1ccc2nc[nH]c(=Nc3ccc(F)c(Br)c3)c2c1,0,data/quantum/erbB_xyz/ERBB2__CHEMBL280757__state02.xyz
ERBB2__CHEMBL280757__state03,ERBB2__CHEMBL280757,CHEMBL280757,ERBB2,CHEMBL1133162,3,C=CC(O)=Nc1ccc2[nH]cnc(=Nc3ccc(F)c(Br)c3)c2c1,0,data/quantum/erbB_xyz/ERBB2__CHEMBL280757__state03.xyz
ERBB2__CHEMBL28418__state00,ERBB2__CHEMBL28418,CHEMBL28418,ERBB2,CHEMBL1133162,0,C=CC(=O)Nc1ccc2ncnc(Nc3ccc(F)c(Cl)c3)c2n1,0,data/quantum/erbB_xyz/ERBB2__CHEMBL28418__state00.xyz
ERBB2__CHEMBL28418__state01,ERBB2__CHEMBL28418,CHEMBL28418,ERBB2,CHEMBL1133162,1,C=CC(=O)N=c1ccc2[nH]cnc(=Nc3ccc(F)c(Cl)c3)c2[nH]1,0,data/quantum/erbB_xyz/ERBB2__CHEMBL28418__state01.xyz
ERBB2__CHEMBL28418__state02,ERBB2__CHEMBL28418,CHEMBL28418,ERBB2,CHEMBL1133162,2,C=CC(=O)N=c1ccc2nc[nH]c(=Nc3ccc(F)c(Cl)c3)c2[nH]1,0,data/quantum/erbB_xyz/ERBB2__CHEMBL28418__state02.xyz
ERBB2__CHEMBL28418__state03,ERBB2__CHEMBL28418,CHEMBL28418,ERBB2,CHEMBL1133162,3,C=CC(=O)N=c1ccc2ncnc(Nc3ccc(F)c(Cl)c3)c2[nH]1,0,data/quantum/erbB_xyz/ERBB2__CHEMBL28418__state03.xyz
ERBB2__CHEMBL284326__state00,ERBB2__CHEMBL284326,CHEMBL284326,ERBB2,CHEMBL1133162,0,C=CC(=O)Nc1nc2c(Nc3ccc(F)c(Cl)c3)ncnc2cc1OCCCN1CCN(C)CC1,0,data/quantum/erbB_xyz/ERBB2__CHEMBL284326__state00.xyz
ERBB2__CHEMBL284326__state01,ERBB2__CHEMBL284326,CHEMBL284326,ERBB2,CHEMBL1133162,1,C=CC(=O)N=c1[nH]c2c(=Nc3ccc(F)c(Cl)c3)[nH]cnc2cc1OCCCN1CCN(C)CC1,0,data/quantum/erbB_xyz/ERBB2__CHEMBL284326__state01.xyz
ERBB2__CHEMBL284326__state02,ERBB2__CHEMBL284326,CHEMBL284326,ERBB2,CHEMBL1133162,2,C=CC(=O)N=c1[nH]c2c(=Nc3ccc(F)c(Cl)c3)nc[nH]c2cc1OCCCN1CCN(C)CC1,0,data/quantum/erbB_xyz/ERBB2__CHEMBL284326__state02.xyz
ERBB2__CHEMBL284326__state03,ERBB2__CHEMBL284326,CHEMBL284326,ERBB2,CHEMBL1133162,3,C=CC(=O)N=c1[nH]c2c(Nc3ccc(F)c(Cl)c3)ncnc2cc1OCCCN1CCN(C)CC1,0,data/quantum/erbB_xyz/ERBB2__CHEMBL284326__state03.xyz
ERBB2__CHEMBL285063__state00,ERBB2__CHEMBL285063,CHEMBL285063,ERBB2,CHEMBL1133162,0,C=CC(=O)Nc1ccc2ncnc(Nc3cccc(Br)c3)c2c1,0,data/quantum/erbB_xyz/ERBB2__CHEMBL285063__state00.xyz
ERBB2__CHEMBL285063__state01,ERBB2__CHEMBL285063,CHEMBL285063,ERBB2,CHEMBL1133162,1,C=CC(=O)Nc1ccc2[nH]cnc(=Nc3cccc(Br)c3)c2c1,0,data/quantum/erbB_xyz/ERBB2__CHEMBL285063__state01.xyz
ERBB2__CHEMBL285063__state02,ERBB2__CHEMBL285063,CHEMBL285063,ERBB2,CHEMBL1133162,2,C=CC(=O)Nc1ccc2nc[nH]c(=Nc3cccc(Br)c3)c2c1,0,data/quantum/erbB_xyz/ERBB2__CHEMBL285063__state02.xyz
ERBB2__CHEMBL285063__state03,ERBB2__CHEMBL285063,CHEMBL285063,ERBB2,CHEMBL1133162,3,C=CC(O)=Nc1ccc2[nH]cnc(=Nc3cccc(Br)c3)c2c1,0,data/quantum/erbB_xyz/ERBB2__CHEMBL285063__state03.xyz
ERBB2__CHEMBL291986__state00,ERBB2__CHEMBL291986,CHEMBL291986,ERBB2,CHEMBL1125266,0,N#C/C(=C\c1ccc(O)c(O)c1)C(=O)N1CCN(c2ccccc2)CC1,0,data/quantum/erbB_xyz/ERBB2__CHEMBL291986__state00.xyz
ERBB2__CHEMBL291986__state01,ERBB2__CHEMBL291986,CHEMBL291986,ERBB2,CHEMBL1125266,1,N#CC(=CC1=CC(=O)C(O)C=C1)C(=O)N1CCN(c2ccccc2)CC1,0,data/quantum/erbB_xyz/ERBB2__CHEMBL291986__state01.xyz
ERBB2__CHEMBL291986__state02,ERBB2__CHEMBL291986,CHEMBL291986,ERBB2,CHEMBL1125266,2,N#CC(=CC1=CC(O)C(=O)C=C1)C(=O)N1CCN(c2ccccc2)CC1,0,data/quantum/erbB_xyz/ERBB2__CHEMBL291986__state02.xyz
ERBB2__CHEMBL291986__state03,ERBB2__CHEMBL291986,CHEMBL291986,ERBB2,CHEMBL1125266,3,N#CC(=CC1=CCC(=O)C(=O)C1)C(=O)N1CCN(c2ccccc2)CC1,0,data/quantum/erbB_xyz/ERBB2__CHEMBL291986__state03.xyz
ERBB2__CHEMBL293749__state00,ERBB2__CHEMBL293749,CHEMBL293749,ERBB2,CHEMBL1136802,0,N#C/C(=C\c1ccc(O)c(O)c1)C(=O)NCCc1ccccc1,0,data/quantum/erbB_xyz/ERBB2__CHEMBL293749__state00.xyz
ERBB2__CHEMBL293749__state01,ERBB2__CHEMBL293749,CHEMBL293749,ERBB2,CHEMBL1136802,1,N#CC(=CC1=CC(=O)C(O)C=C1)C(=O)NCCc1ccccc1,0,data/quantum/erbB_xyz/ERBB2__CHEMBL293749__state01.xyz
ERBB2__CHEMBL293749__state02,ERBB2__CHEMBL293749,CHEMBL293749,ERBB2,CHEMBL1136802,2,N#CC(=CC1=CC(=O)C(O)C=C1)C(O)=NCCc1ccccc1,0,data/quantum/erbB_xyz/ERBB2__CHEMBL293749__state02.xyz
ERBB2__CHEMBL293749__state03,ERBB2__CHEMBL293749,CHEMBL293749,ERBB2,CHEMBL1136802,3,N#CC(=CC1=CC(O)C(=O)C=C1)C(=O)NCCc1ccccc1,0,data/quantum/erbB_xyz/ERBB2__CHEMBL293749__state03.xyz
ERBB2__CHEMBL305194__state00,ERBB2__CHEMBL305194,CHEMBL305194,ERBB2,CHEMBL1134862,0,Cc1cc(C(=O)O)[nH]c1/C=C1\C(=O)Nc2ncnc(Nc3ccc(F)c(Cl)c3)c21,0,data/quantum/erbB_xyz/ERBB2__CHEMBL305194__state00.xyz
ERBB2__CHEMBL305194__state01,ERBB2__CHEMBL305194,CHEMBL305194,ERBB2,CHEMBL1134862,1,C=c1cc(C(=O)O)[nH]c1=Cc1c(O)[nH]c2ncnc(Nc3ccc(F)c(Cl)c3)c12,0,data/quantum/erbB_xyz/ERBB2__CHEMBL305194__state01.xyz
ERBB2__CHEMBL305194__state02,ERBB2__CHEMBL305194,CHEMBL305194,ERBB2,CHEMBL1134862,2,CC1=CC(=C(O)O)N=C1C=C1C(=O)Nc2ncnc(Nc3ccc(F)c(Cl)c3)c21,0,data/quantum/erbB_xyz/ERBB2__CHEMBL305194__state02.xyz
ERBB2__CHEMBL305194__state03,ERBB2__CHEMBL305194,CHEMBL305194,ERBB2,CHEMBL1134862,3,CC1=CC(C(=O)O)=NC1=CC1C(=O)Nc2ncnc(Nc3ccc(F)c(Cl)c3)c21,0,data/quantum/erbB_xyz/ERBB2__CHEMBL305194__state03.xyz
ERBB2__CHEMBL305246__state00,ERBB2__CHEMBL305246,CHEMBL305246,ERBB2,CHEMBL1134862,0,Cc1cc(C(=O)N2CCN(C)CC2)[nH]c1/C=C1\C(=O)Nc2ncnc(Nc3ccc(F)c(Cl)c3)c21,0,data/quantum/erbB_xyz/ERBB2__CHEMBL305246__state00.xyz
ERBB2__CHEMBL305246__state01,ERBB2__CHEMBL305246,CHEMBL305246,ERBB2,CHEMBL1134862,1,C=c1cc(C(=O)N2CCN(C)CC2)[nH]c1=Cc1c(O)[nH]c2ncnc(Nc3ccc(F)c(Cl)c3)c12,0,data/quantum/erbB_xyz/ERBB2__CHEMBL305246__state01.xyz
ERBB2__CHEMBL305246__state02,ERBB2__CHEMBL305246,CHEMBL305246,ERBB2,CHEMBL1134862,2,CC1=CC(=C(O)N2CCN(C)CC2)N=C1C=C1C(=O)Nc2ncnc(Nc3ccc(F)c(Cl)c3)c21,0,data/quantum/erbB_xyz/ERBB2__CHEMBL305246__state02.xyz
ERBB2__CHEMBL305246__state03,ERBB2__CHEMBL305246,CHEMBL305246,ERBB2,CHEMBL1134862,3,CC1=CC(C(=O)N2CCN(C)CC2)=NC1=CC1C(=O)Nc2ncnc(Nc3ccc(F)c(Cl)c3)c21,0,data/quantum/erbB_xyz/ERBB2__CHEMBL305246__state03.xyz
ERBB2__CHEMBL31373__state00,ERBB2__CHEMBL31373,CHEMBL31373,ERBB2,CHEMBL1133162,0,C=CC(=O)Nc1ccc2ncnc(Nc3ccc(F)c(Cl)c3)c2c1,0,data/quantum/erbB_xyz/ERBB2__CHEMBL31373__state00.xyz
ERBB2__CHEMBL31373__state01,ERBB2__CHEMBL31373,CHEMBL31373,ERBB2,CHEMBL1133162,1,C=CC(=O)Nc1ccc2[nH]cnc(=Nc3ccc(F)c(Cl)c3)c2c1,0,data/quantum/erbB_xyz/ERBB2__CHEMBL31373__state01.xyz
ERBB2__CHEMBL31373__state02,ERBB2__CHEMBL31373,CHEMBL31373,ERBB2,CHEMBL1133162,2,C=CC(=O)Nc1ccc2nc[nH]c(=Nc3ccc(F)c(Cl)c3)c2c1,0,data/quantum/erbB_xyz/ERBB2__CHEMBL31373__state02.xyz
ERBB2__CHEMBL31373__state03,ERBB2__CHEMBL31373,CHEMBL31373,ERBB2,CHEMBL1133162,3,C=CC(O)=Nc1ccc2[nH]cnc(=Nc3ccc(F)c(Cl)c3)c2c1,0,data/quantum/erbB_xyz/ERBB2__CHEMBL31373__state03.xyz
ERBB2__CHEMBL314021__state00,ERBB2__CHEMBL314021,CHEMBL314021,ERBB2,CHEMBL1131018,0,CN1C(=O)/C(=C\c2ccc(Br)cc2)c2ccccc21,0,data/quantum/erbB_xyz/ERBB2__CHEMBL314021__state00.xyz
ERBB2__CHEMBL31419__state00,ERBB2__CHEMBL31419,CHEMBL31419,ERBB2,CHEMBL1133162,0,C=CC(=O)Nc1cc2c(Nc3cccc(Br)c3)ncnc2cc1OCCCN1CCOCC1,0,data/quantum/erbB_xyz/ERBB2__CHEMBL31419__state00.xyz
ERBB2__CHEMBL31419__state01,ERBB2__CHEMBL31419,CHEMBL31419,ERBB2,CHEMBL1133162,1,C=CC(=O)Nc1cc2c(=Nc3cccc(Br)c3)[nH]cnc2cc1OCCCN1CCOCC1,0,data/quantum/erbB_xyz/ERBB2__CHEMBL31419__state01.xyz
ERBB2__CHEMBL31419__state02,ERBB2__CHEMBL31419,CHEMBL31419,ERBB2,CHEMBL1133162,2,C=CC(=O)Nc1cc2c(=Nc3cccc(Br)c3)nc[nH]c2cc1OCCCN1CCOCC1,0,data/quantum/erbB_xyz/ERBB2__CHEMBL31419__state02.xyz
ERBB2__CHEMBL31419__state03,ERBB2__CHEMBL31419,CHEMBL31419,ERBB2,CHEMBL1133162,3,C=CC(O)=Nc1cc2c(=Nc3cccc(Br)c3)[nH]cnc2cc1OCCCN1CCOCC1,0,data/quantum/erbB_xyz/ERBB2__CHEMBL31419__state03.xyz
ERBB2__CHEMBL315546__state00,ERBB2__CHEMBL315546,CHEMBL315546,ERBB2,CHEMBL1131018,0,O=CN1CCN(c2ccc(/C=C3\C(=O)Nc4ccccc43)cc2)CC1,0,data/quantum/erbB_xyz/ERBB2__CHEMBL315546__state00.xyz
ERBB2__CHEMBL315546__state01,ERBB2__CHEMBL315546,CHEMBL315546,ERBB2,CHEMBL1131018,1,O=CN1CCN(c2ccc(/C=C3\C(O)=Nc4ccccc43)cc2)CC1,0,data/quantum/erbB_xyz/ERBB2__CHEMBL315546__state01.xyz
ERBB2__CHEMBL315701__state00,ERBB2__CHEMBL315701,CHEMBL315701,ERBB2,CHEMBL1131018,0,O=C1Nc2ccccc2/C1=C/c1ccc(N2CCCCC2)cc1,0,data/quantum/erbB_xyz/ERBB2__CHEMBL315701__state00.xyz
ERBB2__CHEMBL315701__state01,ERBB2__CHEMBL315701,CHEMBL315701,ERBB2,CHEMBL1131018,1,OC1=Nc2ccccc2/C1=C/c1ccc(N2CCCCC2)cc1,0,data/quantum/erbB_xyz/ERBB2__CHEMBL315701__state01.xyz
ERBB2__CHEMBL31656__state00,ERBB2__CHEMBL31656,CHEMBL31656,ERBB2,CHEMBL1133162,0,C=CC(=O)Nc1nc2c(Nc3ccc(F)c(Cl)c3)ncnc2cc1OCCCN1CCOCC1,0,data/quantum/erbB_xyz/ERBB2__CHEMBL31656__state00.xyz
ERBB2__CHEMBL31656__state01,ERBB2__CHEMBL31656,CHEMBL31656,ERBB2,CHEMBL1133162,1,C=CC(=O)N=c1[nH]c2c(=Nc3ccc(F)c(Cl)c3)[nH]cnc2cc1OCCCN1CCOCC1,0,data/quantum/erbB_xyz/ERBB2__CHEMBL31656__state01.xyz
ERBB2__CHEMBL31656__state02,ERBB2__CHEMBL31656,CHEMBL31656,ERBB2,CHEMBL1133162,2,C=CC(=O)N=c1[nH]c2c(=Nc3ccc(F)c(Cl)c3)nc[nH]c2cc1OCCCN1CCOCC1,0,data/quantum/erbB_xyz/ERBB2__CHEMBL31656__state02.xyz
ERBB2__CHEMBL31656__state03,ERBB2__CHEMBL31656,CHEMBL31656,ERBB2,CHEMBL1133162,3,C=CC(=O)N=c1[nH]c2c(Nc3ccc(F)c(Cl)c3)ncnc2cc1OCCCN1CCOCC1,0,data/quantum/erbB_xyz/ERBB2__CHEMBL31656__state03.xyz
ERBB2__CHEMBL31815__state00,ERBB2__CHEMBL31815,CHEMBL31815,ERBB2,CHEMBL1132213,0,C=CC(=O)Nc1ccc2ncnc(Nc3cccc(C)c3)c2c1,0,data/quantum/erbB_xyz/ERBB2__CHEMBL31815__state00.xyz
ERBB2__CHEMBL31815__state01,ERBB2__CHEMBL31815,CHEMBL31815,ERBB2,CHEMBL1132213,1,C=CC(=O)Nc1ccc2[nH]cnc(=Nc3cccc(C)c3)c2c1,0,data/quantum/erbB_xyz/ERBB2__CHEMBL31815__state01.xyz
ERBB2__CHEMBL31815__state02,ERBB2__CHEMBL31815,CHEMBL31815,ERBB2,CHEMBL1132213,2,C=CC(=O)Nc1ccc2nc[nH]c(=Nc3cccc(C)c3)c2c1,0,data/quantum/erbB_xyz/ERBB2__CHEMBL31815__state02.xyz
ERBB2__CHEMBL31815__state03,ERBB2__CHEMBL31815,CHEMBL31815,ERBB2,CHEMBL1132213,3,C=CC(O)=Nc1ccc2[nH]cnc(=Nc3cccc(C)c3)c2c1,0,data/quantum/erbB_xyz/ERBB2__CHEMBL31815__state03.xyz
ERBB2__CHEMBL31816__state00,ERBB2__CHEMBL31816,CHEMBL31816,ERBB2,CHEMBL1133162,0,C=CC(=O)Nc1nc2c(Nc3ccc(F)c(Cl)c3)ncnc2cc1OC,0,data/quantum/erbB_xyz/ERBB2__CHEMBL31816__state00.xyz
ERBB2__CHEMBL31816__state01,ERBB2__CHEMBL31816,CHEMBL31816,ERBB2,CHEMBL1133162,1,C=CC(=O)N=c1[nH]c2c(=Nc3ccc(F)c(Cl)c3)[nH]cnc2cc1OC,0,data/quantum/erbB_xyz/ERBB2__CHEMBL31816__state01.xyz
ERBB2__CHEMBL31816__state02,ERBB2__CHEMBL31816,CHEMBL31816,ERBB2,CHEMBL1133162,2,C=CC(=O)N=c1[nH]c2c(=Nc3ccc(F)c(Cl)c3)nc[nH]c2cc1OC,0,data/quantum/erbB_xyz/ERBB2__CHEMBL31816__state02.xyz
ERBB2__CHEMBL31816__state03,ERBB2__CHEMBL31816,CHEMBL31816,ERBB2,CHEMBL1133162,3,C=CC(=O)N=c1[nH]c2c(Nc3ccc(F)c(Cl)c3)ncnc2cc1OC,0,data/quantum/erbB_xyz/ERBB2__CHEMBL31816__state03.xyz
ERBB2__CHEMBL31965__state00,ERBB2__CHEMBL31965,CHEMBL31965,ERBB2,CHEMBL1154498,0,C=CC(=O)Nc1cc2c(Nc3ccc(F)c(Cl)c3)ncnc2cc1OCCCN1CCOCC1,0,data/quantum/erbB_xyz/ERBB2__CHEMBL31965__state00.xyz
ERBB2__CHEMBL31965__state01,ERBB2__CHEMBL31965,CHEMBL31965,ERBB2,CHEMBL1154498,1,C=CC(=O)Nc1cc2c(=Nc3ccc(F)c(Cl)c3)[nH]cnc2cc1OCCCN1CCOCC1,0,data/quantum/erbB_xyz/ERBB2__CHEMBL31965__state01.xyz
ERBB2__CHEMBL31965__state02,ERBB2__CHEMBL31965,CHEMBL31965,ERBB2,CHEMBL1154498,2,C=CC(=O)Nc1cc2c(=Nc3ccc(F)c(Cl)c3)nc[nH]c2cc1OCCCN1CCOCC1,0,data/quantum/erbB_xyz/ERBB2__CHEMBL31965__state02.xyz
ERBB2__CHEMBL31965__state03,ERBB2__CHEMBL31965,CHEMBL31965,ERBB2,CHEMBL1154498,3,C=CC(O)=Nc1cc2c(=Nc3ccc(F)c(Cl)c3)[nH]cnc2cc1OCCCN1CCOCC1,0,data/quantum/erbB_xyz/ERBB2__CHEMBL31965__state03.xyz
ERBB2__CHEMBL326100__state00,ERBB2__CHEMBL326100,CHEMBL326100,ERBB2,CHEMBL1136802,0,COc1cc(/C=C(\C#N)C(N)=O)cc(CSCc2ccccc2Cl)c1O,0,data/quantum/erbB_xyz/ERBB2__CHEMBL326100__state00.xyz
ERBB2__CHEMBL326100__state01,ERBB2__CHEMBL326100,CHEMBL326100,ERBB2,CHEMBL1136802,1,COC1=CC(=CC(C#N)=C(N)O)C=C(CSCc2ccccc2Cl)C1=O,0,data/quantum/erbB_xyz/ERBB2__CHEMBL326100__state01.xyz
ERBB2__CHEMBL326100__state02,ERBB2__CHEMBL326100,CHEMBL326100,ERBB2,CHEMBL1136802,2,COC1=CC(=CC(C#N)C(=N)O)C=C(CSCc2ccccc2Cl)C1=O,0,data/quantum/erbB_xyz/ERBB2__CHEMBL326100__state02.xyz
ERBB2__CHEMBL326100__state03,ERBB2__CHEMBL326100,CHEMBL326100,ERBB2,CHEMBL1136802,3,COC1=CC(=CC(C#N)C(N)=O)C=C(CSCc2ccccc2Cl)C1=O,0,data/quantum/erbB_xyz/ERBB2__CHEMBL326100__state03.xyz
ERBB2__CHEMBL326280__state00,ERBB2__CHEMBL326280,CHEMBL326280,ERBB2,CHEMBL1145020,0,COCC#CC(=O)Nc1cc2c(Nc3cccc(Br)c3)c(C#N)cnc2cc1OC,0,data/quantum/erbB_xyz/ERBB2__CHEMBL326280__state00.xyz
ERBB2__CHEMBL326280__state01,ERBB2__CHEMBL326280,CHEMBL326280,ERBB2,CHEMBL1145020,1,COCC#CC(=O)Nc1cc2c(=Nc3cccc(Br)c3)c(C#N)c[nH]c2cc1OC,0,data/quantum/erbB_xyz/ERBB2__CHEMBL326280__state01.xyz
ERBB2__CHEMBL326280__state02,ERBB2__CHEMBL326280,CHEMBL326280,ERBB2,CHEMBL1145020,2,COCC#CC(O)=Nc1cc2c(=Nc3cccc(Br)c3)c(C#N)c[nH]c2cc1OC,0,data/quantum/erbB_xyz/ERBB2__CHEMBL326280__state02.xyz
ERBB2__CHEMBL326280__state03,ERBB2__CHEMBL326280,CHEMBL326280,ERBB2,CHEMBL1145020,3,COCC#CC(O)=Nc1cc2c(Nc3cccc(Br)c3)c(C#N)cnc2cc1OC,0,data/quantum/erbB_xyz/ERBB2__CHEMBL326280__state03.xyz
ERBB2__CHEMBL327838__state00,ERBB2__CHEMBL327838,CHEMBL327838,ERBB2,CHEMBL1134561,0,COCCOCC#CC(=O)Nc1ccc2ncnc(Nc3cccc(Br)c3)c2c1,0,data/quantum/erbB_xyz/ERBB2__CHEMBL327838__state00.xyz
ERBB2__CHEMBL327838__state01,ERBB2__CHEMBL327838,CHEMBL327838,ERBB2,CHEMBL1134561,1,COCCOCC#CC(=O)Nc1ccc2[nH]cnc(=Nc3cccc(Br)c3)c2c1,0,data/quantum/erbB_xyz/ERBB2__CHEMBL327838__state01.xyz
ERBB2__CHEMBL327838__state02,ERBB2__CHEMBL327838,CHEMBL327838,ERBB2,CHEMBL1134561,2,COCCOCC#CC(=O)Nc1ccc2nc[nH]c(=Nc3cccc(Br)c3)c2c1,0,data/quantum/erbB_xyz/ERBB2__CHEMBL327838__state02.xyz
ERBB2__CHEMBL327838__state03,ERBB2__CHEMBL327838,CHEMBL327838,ERBB2,CHEMBL1134561,3,COCCOCC#CC(O)=Nc1ccc2[nH]cnc(=Nc3cccc(Br)c3)c2c1,0,data/quantum/erbB_xyz/ERBB2__CHEMBL327838__state03.xyz
ERBB2__CHEMBL328245__state00,ERBB2__CHEMBL328245,CHEMBL328245,ERBB2,CHEMBL1134561,0,CCCN(CC#CC(=O)Nc1ccc2ncnc(Nc3cccc(Br)c3)c2c1)CCC,0,data/quantum/erbB_xyz/ERBB2__CHEMBL328245__state00.xyz
ERBB2__CHEMBL328245__state01,ERBB2__CHEMBL328245,CHEMBL328245,ERBB2,CHEMBL1134561,1,CCCN(CC#CC(=O)Nc1ccc2[nH]cnc(=Nc3cccc(Br)c3)c2c1)CCC,0,data/quantum/erbB_xyz/ERBB2__CHEMBL328245__state01.xyz
ERBB2__CHEMBL328245__state02,ERBB2__CHEMBL328245,CHEMBL328245,ERBB2,CHEMBL1134561,2,CCCN(CC#CC(=O)Nc1ccc2nc[nH]c(=Nc3cccc(Br)c3)c2c1)CCC,0,data/quantum/erbB_xyz/ERBB2__CHEMBL328245__state02.xyz
ERBB2__CHEMBL328245__state03,ERBB2__CHEMBL328245,CHEMBL328245,ERBB2,CHEMBL1134561,3,CCCN(CC#CC(O)=Nc1ccc2[nH]cnc(=Nc3cccc(Br)c3)c2c1)CCC,0,data/quantum/erbB_xyz/ERBB2__CHEMBL328245__state03.xyz
ERBB2__CHEMBL328704__state00,ERBB2__CHEMBL328704,CHEMBL328704,ERBB2,CHEMBL1134561,0,CCN(CC)CC#CC(=O)Nc1ccc2ncnc(Nc3cccc(Br)c3)c2c1,0,data/quantum/erbB_xyz/ERBB2__CHEMBL328704__state00.xyz
ERBB2__CHEMBL328704__state01,ERBB2__CHEMBL328704,CHEMBL328704,ERBB2,CHEMBL1134561,1,CCN(CC)CC#CC(=O)Nc1ccc2[nH]cnc(=Nc3cccc(Br)c3)c2c1,0,data/quantum/erbB_xyz/ERBB2__CHEMBL328704__state01.xyz
ERBB2__CHEMBL328704__state02,ERBB2__CHEMBL328704,CHEMBL328704,ERBB2,CHEMBL1134561,2,CCN(CC)CC#CC(=O)Nc1ccc2nc[nH]c(=Nc3cccc(Br)c3)c2c1,0,data/quantum/erbB_xyz/ERBB2__CHEMBL328704__state02.xyz
ERBB2__CHEMBL328704__state03,ERBB2__CHEMBL328704,CHEMBL328704,ERBB2,CHEMBL1134561,3,CCN(CC)CC#CC(O)=Nc1ccc2[nH]cnc(=Nc3cccc(Br)c3)c2c1,0,data/quantum/erbB_xyz/ERBB2__CHEMBL328704__state03.xyz
ERBB2__CHEMBL328977__state00,ERBB2__CHEMBL328977,CHEMBL328977,ERBB2,CHEMBL1134561,0,O=C(C#CCN1CCSCC1)Nc1ccc2ncnc(Nc3cccc(Br)c3)c2c1,0,data/quantum/erbB_xyz/ERBB2__CHEMBL328977__state00.xyz
ERBB2__CHEMBL328977__state01,ERBB2__CHEMBL328977,CHEMBL328977,ERBB2,CHEMBL1134561,1,O=C(C#CCN1CCSCC1)Nc1ccc2[nH]cnc(=Nc3cccc(Br)c3)c2c1,0,data/quantum/erbB_xyz/ERBB2__CHEMBL328977__state01.xyz
ERBB2__CHEMBL328977__state02,ERBB2__CHEMBL328977,CHEMBL328977,ERBB2,CHEMBL1134561,2,O=C(C#CCN1CCSCC1)Nc1ccc2nc[nH]c(=Nc3cccc(Br)c3)c2c1,0,data/quantum/erbB_xyz/ERBB2__CHEMBL328977__state02.xyz
ERBB2__CHEMBL328977__state03,ERBB2__CHEMBL328977,CHEMBL328977,ERBB2,CHEMBL1134561,3,OC(C#CCN1CCSCC1)=Nc1ccc2[nH]cnc(=Nc3cccc(Br)c3)c2c1,0,data/quantum/erbB_xyz/ERBB2__CHEMBL328977__state03.xyz
ERBB2__CHEMBL329642__state00,ERBB2__CHEMBL329642,CHEMBL329642,ERBB2,CHEMBL1134561,0,C/C=C\C(=O)Nc1ccc2ncnc(Nc3cccc(Br)c3)c2c1,0,data/quantum/erbB_xyz/ERBB2__CHEMBL329642__state00.xyz
ERBB2__CHEMBL329642__state01,ERBB2__CHEMBL329642,CHEMBL329642,ERBB2,CHEMBL1134561,1,C/C=C\C(=O)Nc1ccc2[nH]cnc(=Nc3cccc(Br)c3)c2c1,0,data/quantum/erbB_xyz/ERBB2__CHEMBL329642__state01.xyz
ERBB2__CHEMBL329642__state02,ERBB2__CHEMBL329642,CHEMBL329642,ERBB2,CHEMBL1134561,2,C/C=C\C(=O)Nc1ccc2nc[nH]c(=Nc3cccc(Br)c3)c2c1,0,data/quantum/erbB_xyz/ERBB2__CHEMBL329642__state02.xyz
ERBB2__CHEMBL329642__state03,ERBB2__CHEMBL329642,CHEMBL329642,ERBB2,CHEMBL1134561,3,C/C=C\C(O)=Nc1ccc2[nH]cnc(=Nc3cccc(Br)c3)c2c1,0,data/quantum/erbB_xyz/ERBB2__CHEMBL329642__state03.xyz
ERBB2__CHEMBL329856__state00,ERBB2__CHEMBL329856,CHEMBL329856,ERBB2,CHEMBL1134561,0,CN(C)CC#CC(=O)Nc1ccc2ncnc(Nc3cccc(Br)c3)c2c1,0,data/quantum/erbB_xyz/ERBB2__CHEMBL329856__state00.xyz
ERBB2__CHEMBL329856__state01,ERBB2__CHEMBL329856,CHEMBL329856,ERBB2,CHEMBL1134561,1,CN(C)CC#CC(=O)Nc1ccc2[nH]cnc(=Nc3cccc(Br)c3)c2c1,0,data/quantum/erbB_xyz/ERBB2__CHEMBL329856__state01.xyz
ERBB2__CHEMBL329856__state02,ERBB2__CHEMBL329856,CHEMBL329856,ERBB2,CHEMBL1134561,2,CN(C)CC#CC(=O)Nc1ccc2nc[nH]c(=Nc3cccc(Br)c3)c2c1,0,data/quantum/erbB_xyz/ERBB2__CHEMBL329856__state02.xyz
ERBB2__CHEMBL329856__state03,ERBB2__CHEMBL329856,CHEMBL329856,ERBB2,CHEMBL1134561,3,CN(C)CC#CC(O)=Nc1ccc2[nH]cnc(=Nc3cccc(Br)c3)c2c1,0,data/quantum/erbB_xyz/ERBB2__CHEMBL329856__state03.xyz
ERBB2__CHEMBL332497__state00,ERBB2__CHEMBL332497,CHEMBL332497,ERBB2,CHEMBL1145020,0,COc1cc2ncc(C#N)c(Nc3cccc(Br)c3)c2cc1NC(=O)/C=C/CN1CCOCC1,0,data/quantum/erbB_xyz/ERBB2__CHEMBL332497__state00.xyz
ERBB2__CHEMBL332497__state01,ERBB2__CHEMBL332497,CHEMBL332497,ERBB2,CHEMBL1145020,1,COc1cc2[nH]cc(C#N)c(=Nc3cccc(Br)c3)c2cc1N=C(O)/C=C/CN1CCOCC1,0,data/quantum/erbB_xyz/ERBB2__CHEMBL332497__state01.xyz
ERBB2__CHEMBL332497__state02,ERBB2__CHEMBL332497,CHEMBL332497,ERBB2,CHEMBL1145020,2,COc1cc2[nH]cc(C#N)c(=Nc3cccc(Br)c3)c2cc1NC(=O)/C=C/CN1CCOCC1,0,data/quantum/erbB_xyz/ERBB2__CHEMBL332497__state02.xyz
ERBB2__CHEMBL332497__state03,ERBB2__CHEMBL332497,CHEMBL332497,ERBB2,CHEMBL1145020,3,COc1cc2ncc(C#N)c(Nc3cccc(Br)c3)c2cc1N=C(O)/C=C/CN1CCOCC1,0,data/quantum/erbB_xyz/ERBB2__CHEMBL332497__state03.xyz
ERBB2__CHEMBL334801__state00,ERBB2__CHEMBL334801,CHEMBL334801,ERBB2,CHEMBL1134843,0,CN(C)CCCNC(=O)/C=C/C(=O)Nc1cc2c(Nc3cccc(Br)c3)ncnc2cn1,0,data/quantum/erbB_xyz/ERBB2__CHEMBL334801__state00.xyz
ERBB2__CHEMBL334801__state01,ERBB2__CHEMBL334801,CHEMBL334801,ERBB2,CHEMBL1134843,1,CN(C)CCCN=C(O)/C=C/C(=O)N=c1cc2c(Nc3cccc(Br)c3)ncnc2c[nH]1,0,data/quantum/erbB_xyz/ERBB2__CHEMBL334801__state01.xyz
ERBB2__CHEMBL334801__state02,ERBB2__CHEMBL334801,CHEMBL334801,ERBB2,CHEMBL1134843,2,CN(C)CCCN=C(O)/C=C/C(=O)Nc1cc2c(=Nc3cccc(Br)c3)[nH]cnc2cn1,0,data/quantum/erbB_xyz/ERBB2__CHEMBL334801__state02.xyz
ERBB2__CHEMBL334801__state03,ERBB2__CHEMBL334801,CHEMBL334801,ERBB2,CHEMBL1134843,3,CN(C)CCCN=C(O)/C=C/C(=O)Nc1cc2c(=Nc3cccc(Br)c3)nc[nH]c2cn1,0,data/quantum/erbB_xyz/ERBB2__CHEMBL334801__state03.xyz
ERBB2__CHEMBL342828__state00,ERBB2__CHEMBL342828,CHEMBL342828,ERBB2,CHEMBL1134843,0,O=C(/C=C/C(=O)Nc1cc2c(Nc3cccc(Br)c3)ncnc2cn1)NCCCn1ccnc1,0,data/quantum/erbB_xyz/ERBB2__CHEMBL342828__state00.xyz
ERBB2__CHEMBL342828__state01,ERBB2__CHEMBL342828,CHEMBL342828,ERBB2,CHEMBL1134843,1,O=C(/C=C/C(=O)NCCCn1ccnc1)N=c1cc2c(Nc3cccc(Br)c3)ncnc2c[nH]1,0,data/quantum/erbB_xyz/ERBB2__CHEMBL342828__state01.xyz
ERBB2__CHEMBL342828__state02,ERBB2__CHEMBL342828,CHEMBL342828,ERBB2,CHEMBL1134843,2,O=C(/C=C/C(=O)Nc1cc2c(=Nc3cccc(Br)c3)[nH]cnc2cn1)NCCCn1ccnc1,0,data/quantum/erbB_xyz/ERBB2__CHEMBL342828__state02.xyz
ERBB2__CHEMBL342828__state03,ERBB2__CHEMBL342828,CHEMBL342828,ERBB2,CHEMBL1134843,3,O=C(/C=C/C(=O)Nc1cc2c(=Nc3cccc(Br)c3)nc[nH]c2cn1)NCCCn1ccnc1,0,data/quantum/erbB_xyz/ERBB2__CHEMBL342828__state03.xyz
ERBB2__CHEMBL345109__state00,ERBB2__CHEMBL345109,CHEMBL345109,ERBB2,CHEMBL1134843,0,CN(C)CCCNC(=O)/C=C/C(=O)Nc1ccc2ncnc(Nc3cccc(Br)c3)c2c1,0,data/quantum/erbB_xyz/ERBB2__CHEMBL345109__state00.xyz
ERBB2__CHEMBL345109__state01,ERBB2__CHEMBL345109,CHEMBL345109,ERBB2,CHEMBL1134843,1,CN(C)CCCN=C(O)/C=C/C(=O)Nc1ccc2[nH]cnc(=Nc3cccc(Br)c3)c2c1,0,data/quantum/erbB_xyz/ERBB2__CHEMBL345109__state01.xyz
ERBB2__CHEMBL345109__state02,ERBB2__CHEMBL345109,CHEMBL345109,ERBB2,CHEMBL1134843,2,CN(C)CCCN=C(O)/C=C/C(=O)Nc1ccc2nc[nH]c(=Nc3cccc(Br)c3)c2c1,0,data/quantum/erbB_xyz/ERBB2__CHEMBL345109__state02.xyz
ERBB2__CHEMBL345109__state03,ERBB2__CHEMBL345109,CHEMBL345109,ERBB2,CHEMBL1134843,3,CN(C)CCCN=C(O)/C=C/C(=O)Nc1ccc2ncnc(Nc3cccc(Br)c3)c2c1,0,data/quantum/erbB_xyz/ERBB2__CHEMBL345109__state03.xyz
ERBB2__CHEMBL359629__state00,ERBB2__CHEMBL359629,CHEMBL359629,ERBB2,CHEMBL1142663,0,CCOc1cc2ncc(C#N)c(Nc3ccc(OCc4cccc5ccccc45)c(Cl)c3)c2cc1NC(=O)/C=C/CN(C)C,0,data/quantum/erbB_xyz/ERBB2__CHEMBL359629__state00.xyz
ERBB2__CHEMBL359629__state01,ERBB2__CHEMBL359629,CHEMBL359629,ERBB2,CHEMBL1142663,1,CCOc1cc2[nH]cc(C#N)c(=Nc3ccc(OCc4cccc5ccccc45)c(Cl)c3)c2cc1N=C(O)/C=C/CN(C)C,0,data/quantum/erbB_xyz/ERBB2__CHEMBL359629__state01.xyz
ERBB2__CHEMBL359629__state02,ERBB2__CHEMBL359629,CHEMBL359629,ERBB2,CHEMBL1142663,2,CCOc1cc2[nH]cc(C#N)c(=Nc3ccc(OCc4cccc5ccccc45)c(Cl)c3)c2cc1NC(=O)/C=C/CN(C)C,0,data/quantum/erbB_xyz/ERBB2__CHEMBL359629__state02.xyz
ERBB2__CHEMBL359629__state03,ERBB2__CHEMBL359629,CHEMBL359629,ERBB2,CHEMBL1142663,3,CCOc1cc2ncc(C#N)c(Nc3ccc(OCc4cccc5ccccc45)c(Cl)c3)c2cc1N=C(O)/C=C/CN(C)C,0,data/quantum/erbB_xyz/ERBB2__CHEMBL359629__state03.xyz
ERBB2__CHEMBL359630__state00,ERBB2__CHEMBL359630,CHEMBL359630,ERBB2,CHEMBL1142663,0,CCOc1cc2ncc(C#N)c(Nc3ccc(OCc4ccccc4)c(Cl)c3)c2cc1NC(=O)/C=C/Cc1c[nH]cn1,0,data/quantum/erbB_xyz/ERBB2__CHEMBL359630__state00.xyz
ERBB2__CHEMBL359630__state01,ERBB2__CHEMBL359630,CHEMBL359630,ERBB2,CHEMBL1142663,1,CCOc1cc2[nH]cc(C#N)c(=Nc3ccc(OCc4ccccc4)c(Cl)c3)c2cc1N=C(O)/C=C/Cc1c[nH]cn1,0,data/quantum/erbB_xyz/ERBB2__CHEMBL359630__state01.xyz
ERBB2__CHEMBL359630__state02,ERBB2__CHEMBL359630,CHEMBL359630,ERBB2,CHEMBL1142663,2,CCOc1cc2[nH]cc(C#N)c(=Nc3ccc(OCc4ccccc4)c(Cl)c3)c2cc1N=C(O)/C=C/Cc1cnc[nH]1,0,data/quantum/erbB_xyz/ERBB2__CHEMBL359630__state02.xyz
ERBB2__CHEMBL359630__state03,ERBB2__CHEMBL359630,CHEMBL359630,ERBB2,CHEMBL1142663,3,CCOc1cc2[nH]cc(C#N)c(=Nc3ccc(OCc4ccccc4)c(Cl)c3)c2cc1NC(=O)/C=C/Cc1c[nH]cn1,0,data/quantum/erbB_xyz/ERBB2__CHEMBL359630__state03.xyz
ERBB2__CHEMBL359660__state00,ERBB2__CHEMBL359660,CHEMBL359660,ERBB2,CHEMBL1142663,0,CCOc1cc2ncc(C#N)c(Nc3ccc(OCc4ccccc4)c(Cl)c3)c2cc1NC(=O)/C=C/CN1CC1C(=O)OC,0,data/quantum/erbB_xyz/ERBB2__CHEMBL359660__state00.xyz
ERBB2__CHEMBL359660__state01,ERBB2__CHEMBL359660,CHEMBL359660,ERBB2,CHEMBL1142663,1,CCOc1cc2[nH]cc(C#N)c(=Nc3ccc(OCc4ccccc4)c(Cl)c3)c2cc1N=C(O)/C=C/CN1CC1=C(O)OC,0,data/quantum/erbB_xyz/ERBB2__CHEMBL359660__state01.xyz
ERBB2__CHEMBL359660__state02,ERBB2__CHEMBL359660,CHEMBL359660,ERBB2,CHEMBL1142663,2,CCOc1cc2[nH]cc(C#N)c(=Nc3ccc(OCc4ccccc4)c(Cl)c3)c2cc1N=C(O)/C=C/CN1CC1C(=O)OC,0,data/quantum/erbB_xyz/ERBB2__CHEMBL359660__state02.xyz
ERBB2__CHEMBL359660__state03,ERBB2__CHEMBL359660,CHEMBL359660,ERBB2,CHEMBL1142663,3,CCOc1cc2[nH]cc(C#N)c(=Nc3ccc(OCc4ccccc4)c(Cl)c3)c2cc1NC(=O)/C=C/CN1CC1=C(O)OC,0,data/quantum/erbB_xyz/ERBB2__CHEMBL359660__state03.xyz
ERBB2__CHEMBL360028__state00,ERBB2__CHEMBL360028,CHEMBL360028,ERBB2,CHEMBL1142663,0,CCOc1cc2ncc(C#N)c(Nc3ccc(OCc4ccc(F)cc4F)c(Cl)c3)c2cc1NC(=O)/C=C/CN(C)C,0,data/quantum/erbB_xyz/ERBB2__CHEMBL360028__state00.xyz
ERBB2__CHEMBL360028__state01,ERBB2__CHEMBL360028,CHEMBL360028,ERBB2,CHEMBL1142663,1,CCOc1cc2[nH]cc(C#N)c(=Nc3ccc(OCc4ccc(F)cc4F)c(Cl)c3)c2cc1N=C(O)/C=C/CN(C)C,0,data/quantum/erbB_xyz/ERBB2__CHEMBL360028__state01.xyz
ERBB2__CHEMBL360028__state02,ERBB2__CHEMBL360028,CHEMBL360028,ERBB2,CHEMBL1142663,2,CCOc1cc2[nH]cc(C#N)c(=Nc3ccc(OCc4ccc(F)cc4F)c(Cl)c3)c2cc1NC(=O)/C=C/CN(C)C,0,data/quantum/erbB_xyz/ERBB2__CHEMBL360028__state02.xyz
ERBB2__CHEMBL360028__state03,ERBB2__CHEMBL360028,CHEMBL360028,ERBB2,CHEMBL1142663,3,CCOc1cc2ncc(C#N)c(Nc3ccc(OCc4ccc(F)cc4F)c(Cl)c3)c2cc1N=C(O)/C=C/CN(C)C,0,data/quantum/erbB_xyz/ERBB2__CHEMBL360028__state03.xyz
ERBB2__CHEMBL360211__state00,ERBB2__CHEMBL360211,CHEMBL360211,ERBB2,CHEMBL1142663,0,CCOc1cc2ncc(C#N)c(Nc3ccc(OCc4ccccc4)c(Cl)c3)c2cc1NC(=O)/C=C/CN1CCOCCOCCOCC1,0,data/quantum/erbB_xyz/ERBB2__CHEMBL360211__state00.xyz
ERBB2__CHEMBL360211__state01,ERBB2__CHEMBL360211,CHEMBL360211,ERBB2,CHEMBL1142663,1,CCOc1cc2[nH]cc(C#N)c(=Nc3ccc(OCc4ccccc4)c(Cl)c3)c2cc1N=C(O)/C=C/CN1CCOCCOCCOCC1,0,data/quantum/erbB_xyz/ERBB2__CHEMBL360211__state01.xyz
ERBB2__CHEMBL360211__state02,ERBB2__CHEMBL360211,CHEMBL360211,ERBB2,CHEMBL1142663,2,CCOc1cc2[nH]cc(C#N)c(=Nc3ccc(OCc4ccccc4)c(Cl)c3)c2cc1NC(=O)/C=C/CN1CCOCCOCCOCC1,0,data/quantum/erbB_xyz/ERBB2__CHEMBL360211__state02.xyz
ERBB2__CHEMBL360211__state03,ERBB2__CHEMBL360211,CHEMBL360211,ERBB2,CHEMBL1142663,3,CCOc1cc2ncc(C#N)c(Nc3ccc(OCc4ccccc4)c(Cl)c3)c2cc1N=C(O)/C=C/CN1CCOCCOCCOCC1,0,data/quantum/erbB_xyz/ERBB2__CHEMBL360211__state03.xyz
ERBB2__CHEMBL360519__state00,ERBB2__CHEMBL360519,CHEMBL360519,ERBB2,CHEMBL1142663,0,CCOc1cc2ncc(C#N)c(Nc3ccc(OCc4ccccc4Cl)c(Cl)c3)c2cc1NC(=O)/C=C/CN(C)C,0,data/quantum/erbB_xyz/ERBB2__CHEMBL360519__state00.xyz
ERBB2__CHEMBL360519__state01,ERBB2__CHEMBL360519,CHEMBL360519,ERBB2,CHEMBL1142663,1,CCOc1cc2[nH]cc(C#N)c(=Nc3ccc(OCc4ccccc4Cl)c(Cl)c3)c2cc1N=C(O)/C=C/CN(C)C,0,data/quantum/erbB_xyz/ERBB2__CHEMBL360519__state01.xyz
ERBB2__CHEMBL360519__state02,ERBB2__CHEMBL360519,CHEMBL360519,ERBB2,CHEMBL1142663,2,CCOc1cc2[nH]cc(C#N)c(=Nc3ccc(OCc4ccccc4Cl)c(Cl)c3)c2cc1NC(=O)/C=C/CN(C)C,0,data/quantum/erbB_xyz/ERBB2__CHEMBL360519__state02.xyz
ERBB2__CHEMBL360519__state03,ERBB2__CHEMBL360519,CHEMBL360519,ERBB2,CHEMBL1142663,3,CCOc1cc2ncc(C#N)c(Nc3ccc(OCc4ccccc4Cl)c(Cl)c3)c2cc1N=C(O)/C=C/CN(C)C,0,data/quantum/erbB_xyz/ERBB2__CHEMBL360519__state03.xyz
ERBB2__CHEMBL360662__state00,ERBB2__CHEMBL360662,CHEMBL360662,ERBB2,CHEMBL1142663,0,CCOc1cc2ncc(C#N)c(Nc3ccc(O[C@H](C)c4ccccc4)c(Cl)c3)c2cc1NC(=O)/C=C/CN(C)C,0,data/quantum/erbB_xyz/ERBB2__CHEMBL360662__state00.xyz
ERBB2__CHEMBL360662__state01,ERBB2__CHEMBL360662,CHEMBL360662,ERBB2,CHEMBL1142663,1,CCOc1cc2[nH]cc(C#N)c(=Nc3ccc(O[C@H](C)c4ccccc4)c(Cl)c3)c2cc1N=C(O)/C=C/CN(C)C,0,data/quantum/erbB_xyz/ERBB2__CHEMBL360662__state01.xyz
ERBB2__CHEMBL360662__state02,ERBB2__CHEMBL360662,CHEMBL360662,ERBB2,CHEMBL1142663,2,CCOc1cc2[nH]cc(C#N)c(=Nc3ccc(O[C@H](C)c4ccccc4)c(Cl)c3)c2cc1NC(=O)/C=C/CN(C)C,0,data/quantum/erbB_xyz/ERBB2__CHEMBL360662__state02.xyz
ERBB2__CHEMBL360662__state03,ERBB2__CHEMBL360662,CHEMBL360662,ERBB2,CHEMBL1142663,3,CCOc1cc2ncc(C#N)c(Nc3ccc(O[C@H](C)c4ccccc4)c(Cl)c3)c2cc1N=C(O)/C=C/CN(C)C,0,data/quantum/erbB_xyz/ERBB2__CHEMBL360662__state03.xyz
ERBB2__CHEMBL360780__state00,ERBB2__CHEMBL360780,CHEMBL360780,ERBB2,CHEMBL1142663,0,CCOc1cc2ncc(C#N)c(Nc3cc(Cl)c(OCc4ccccc4)c(Cl)c3)c2cc1NC(=O)/C=C/CN(C)C,0,data/quantum/erbB_xyz/ERBB2__CHEMBL360780__state00.xyz
ERBB2__CHEMBL360780__state01,ERBB2__CHEMBL360780,CHEMBL360780,ERBB2,CHEMBL1142663,1,CCOc1cc2[nH]cc(C#N)c(=Nc3cc(Cl)c(OCc4ccccc4)c(Cl)c3)c2cc1N=C(O)/C=C/CN(C)C,0,data/quantum/erbB_xyz/ERBB2__CHEMBL360780__state01.xyz
ERBB2__CHEMBL360780__state02,ERBB2__CHEMBL360780,CHEMBL360780,ERBB2,CHEMBL1142663,2,CCOc1cc2[nH]cc(C#N)c(=Nc3cc(Cl)c(OCc4ccccc4)c(Cl)c3)c2cc1NC(=O)/C=C/CN(C)C,0,data/quantum/erbB_xyz/ERBB2__CHEMBL360780__state02.xyz
ERBB2__CHEMBL360780__state03,ERBB2__CHEMBL360780,CHEMBL360780,ERBB2,CHEMBL1142663,3,CCOc1cc2ncc(C#N)c(Nc3cc(Cl)c(OCc4ccccc4)c(Cl)c3)c2cc1N=C(O)/C=C/CN(C)C,0,data/quantum/erbB_xyz/ERBB2__CHEMBL360780__state03.xyz
ERBB2__CHEMBL360933__state00,ERBB2__CHEMBL360933,CHEMBL360933,ERBB2,CHEMBL1142663,0,CCOc1cc2ncc(C#N)c(Nc3ccc(OCc4ccccc4)c(Cl)c3)c2cc1NC(=O)/C=C/CN1CCN(C)CC1,0,data/quantum/erbB_xyz/ERBB2__CHEMBL360933__state00.xyz
ERBB2__CHEMBL360933__state01,ERBB2__CHEMBL360933,CHEMBL360933,ERBB2,CHEMBL1142663,1,CCOc1cc2[nH]cc(C#N)c(=Nc3ccc(OCc4ccccc4)c(Cl)c3)c2cc1N=C(O)/C=C/CN1CCN(C)CC1,0,data/quantum/erbB_xyz/ERBB2__CHEMBL360933__state01.xyz
ERBB2__CHEMBL360933__state02,ERBB2__CHEMBL360933,CHEMBL360933,ERBB2,CHEMBL1142663,2,CCOc1cc2[nH]cc(C#N)c(=Nc3ccc(OCc4ccccc4)c(Cl)c3)c2cc1NC(=O)/C=C/CN1CCN(C)CC1,0,data/quantum/erbB_xyz/ERBB2__CHEMBL360933__state02.xyz
ERBB2__CHEMBL360933__state03,ERBB2__CHEMBL360933,CHEMBL360933,ERBB2,CHEMBL1142663,3,CCOc1cc2ncc(C#N)c(Nc3ccc(OCc4ccccc4)c(Cl)c3)c2cc1N=C(O)/C=C/CN1CCN(C)CC1,0,data/quantum/erbB_xyz/ERBB2__CHEMBL360933__state03.xyz
ERBB2__CHEMBL360958__state00,ERBB2__CHEMBL360958,CHEMBL360958,ERBB2,CHEMBL1142663,0,CCOc1cc2ncc(C#N)c(Nc3ccc(OCc4ccccc4)c(Cl)c3)c2cc1NC(=O)/C=C/CN1CCCCC1,0,data/quantum/erbB_xyz/ERBB2__CHEMBL360958__state00.xyz
ERBB2__CHEMBL360958__state01,ERBB2__CHEMBL360958,CHEMBL360958,ERBB2,CHEMBL1142663,1,CCOc1cc2[nH]cc(C#N)c(=Nc3ccc(OCc4ccccc4)c(Cl)c3)c2cc1N=C(O)/C=C/CN1CCCCC1,0,data/quantum/erbB_xyz/ERBB2__CHEMBL360958__state01.xyz
ERBB2__CHEMBL360958__state02,ERBB2__CHEMBL360958,CHEMBL360958,ERBB2,CHEMBL1142663,2,CCOc1cc2[nH]cc(C#N)c(=Nc3ccc(OCc4ccccc4)c(Cl)c3)c2cc1NC(=O)/C=C/CN1CCCCC1,0,data/quantum/erbB_xyz/ERBB2__CHEMBL360958__state02.xyz
ERBB2__CHEMBL360958__state03,ERBB2__CHEMBL360958,CHEMBL360958,ERBB2,CHEMBL1142663,3,CCOc1cc2ncc(C#N)c(Nc3ccc(OCc4ccccc4)c(Cl)c3)c2cc1N=C(O)/C=C/CN1CCCCC1,0,data/quantum/erbB_xyz/ERBB2__CHEMBL360958__state03.xyz
ERBB2__CHEMBL360979__state00,ERBB2__CHEMBL360979,CHEMBL360979,ERBB2,CHEMBL1142663,0,COc1cc2ncc(C#N)c(Nc3ccc(Cc4nc(-c5ccccc5)cs4)c(Cl)c3)c2cc1NC(=O)/C=C/CN(C)C,0,data/quantum/erbB_xyz/ERBB2__CHEMBL360979__state00.xyz
ERBB2__CHEMBL360979__state01,ERBB2__CHEMBL360979,CHEMBL360979,ERBB2,CHEMBL1142663,1,COc1cc2[nH]cc(C#N)c(=Nc3ccc(C=C4NC(c5ccccc5)=CS4)c(Cl)c3)c2cc1N=C(O)/C=C/CN(C)C,0,data/quantum/erbB_xyz/ERBB2__CHEMBL360979__state01.xyz
ERBB2__CHEMBL360979__state02,ERBB2__CHEMBL360979,CHEMBL360979,ERBB2,CHEMBL1142663,2,COc1cc2[nH]cc(C#N)c(=Nc3ccc(C=C4NC(c5ccccc5)=CS4)c(Cl)c3)c2cc1NC(=O)/C=C/CN(C)C,0,data/quantum/erbB_xyz/ERBB2__CHEMBL360979__state02.xyz
ERBB2__CHEMBL360979__state03,ERBB2__CHEMBL360979,CHEMBL360979,ERBB2,CHEMBL1142663,3,COc1cc2[nH]cc(C#N)c(=Nc3ccc(Cc4nc(-c5ccccc5)cs4)c(Cl)c3)c2cc1N=C(O)/C=C/CN(C)C,0,data/quantum/erbB_xyz/ERBB2__CHEMBL360979__state03.xyz
ERBB2__CHEMBL361343__state00,ERBB2__CHEMBL361343,CHEMBL361343,ERBB2,CHEMBL1142663,0,CCOc1cc2ncc(C#N)c(Nc3ccc(OCc4ccccc4)c(Cl)c3)c2cc1NC(=O)/C=C/CN(C)CCO,0,data/quantum/erbB_xyz/ERBB2__CHEMBL361343__state00.xyz
ERBB2__CHEMBL361343__state01,ERBB2__CHEMBL361343,CHEMBL361343,ERBB2,CHEMBL1142663,1,CCOc1cc2[nH]cc(C#N)c(=Nc3ccc(OCc4ccccc4)c(Cl)c3)c2cc1N=C(O)/C=C/CN(C)CCO,0,data/quantum/erbB_xyz/ERBB2__CHEMBL361343__state01.xyz
ERBB2__CHEMBL361343__state02,ERBB2__CHEMBL361343,CHEMBL361343,ERBB2,CHEMBL1142663,2,CCOc1cc2[nH]cc(C#N)c(=Nc3ccc(OCc4ccccc4)c(Cl)c3)c2cc1NC(=O)/C=C/CN(C)CCO,0,data/quantum/erbB_xyz/ERBB2__CHEMBL361343__state02.xyz
ERBB2__CHEMBL361343__state03,ERBB2__CHEMBL361343,CHEMBL361343,ERBB2,CHEMBL1142663,3,CCOc1cc2ncc(C#N)c(Nc3ccc(OCc4ccccc4)c(Cl)c3)c2cc1N=C(O)/C=C/CN(C)CCO,0,data/quantum/erbB_xyz/ERBB2__CHEMBL361343__state03.xyz
ERBB2__CHEMBL362232__state00,ERBB2__CHEMBL362232,CHEMBL362232,ERBB2,CHEMBL1142663,0,CCOc1cc2ncc(C#N)c(Nc3ccc(OCc4ccccc4OC)c(Cl)c3)c2cc1NC(=O)/C=C/CN(C)C,0,data/quantum/erbB_xyz/ERBB2__CHEMBL362232__state00.xyz
ERBB2__CHEMBL362232__state01,ERBB2__CHEMBL362232,CHEMBL362232,ERBB2,CHEMBL1142663,1,CCOc1cc2[nH]cc(C#N)c(=Nc3ccc(OCc4ccccc4OC)c(Cl)c3)c2cc1N=C(O)/C=C/CN(C)C,0,data/quantum/erbB_xyz/ERBB2__CHEMBL362232__state01.xyz
ERBB2__CHEMBL362232__state02,ERBB2__CHEMBL362232,CHEMBL362232,ERBB2,CHEMBL1142663,2,CCOc1cc2[nH]cc(C#N)c(=Nc3ccc(OCc4ccccc4OC)c(Cl)c3)c2cc1NC(=O)/C=C/CN(C)C,0,data/quantum/erbB_xyz/ERBB2__CHEMBL362232__state02.xyz
ERBB2__CHEMBL362232__state03,ERBB2__CHEMBL362232,CHEMBL362232,ERBB2,CHEMBL1142663,3,CCOc1cc2ncc(C#N)c(Nc3ccc(OCc4ccccc4OC)c(Cl)c3)c2cc1N=C(O)/C=C/CN(C)C,0,data/quantum/erbB_xyz/ERBB2__CHEMBL362232__state03.xyz
ERBB2__CHEMBL362611__state00,ERBB2__CHEMBL362611,CHEMBL362611,ERBB2,CHEMBL1142663,0,CCOc1cc2ncc(C#N)c(Nc3ccc(OCc4ccccc4)c(Cl)c3)c2cc1NC(=O)/C=C/CN1CCC(O)CC1,0,data/quantum/erbB_xyz/ERBB2__CHEMBL362611__state00.xyz
ERBB2__CHEMBL362611__state01,ERBB2__CHEMBL362611,CHEMBL362611,ERBB2,CHEMBL1142663,1,CCOc1cc2[nH]cc(C#N)c(=Nc3ccc(OCc4ccccc4)c(Cl)c3)c2cc1N=C(O)/C=C/CN1CCC(O)CC1,0,data/quantum/erbB_xyz/ERBB2__CHEMBL362611__state01.xyz
ERBB2__CHEMBL362611__state02,ERBB2__CHEMBL362611,CHEMBL362611,ERBB2,CHEMBL1142663,2,CCOc1cc2[nH]cc(C#N)c(=Nc3ccc(OCc4ccccc4)c(Cl)c3)c2cc1NC(=O)/C=C/CN1CCC(O)CC1,0,data/quantum/erbB_xyz/ERBB2__CHEMBL362611__state02.xyz
ERBB2__CHEMBL362611__state03,ERBB2__CHEMBL362611,CHEMBL362611,ERBB2,CHEMBL1142663,3,CCOc1cc2ncc(C#N)c(Nc3ccc(OCc4ccccc4)c(Cl)c3)c2cc1N=C(O)/C=C/CN1CCC(O)CC1,0,data/quantum/erbB_xyz/ERBB2__CHEMBL362611__state03.xyz
ERBB2__CHEMBL362824__state00,ERBB2__CHEMBL362824,CHEMBL362824,ERBB2,CHEMBL1142663,0,CCOc1cc2ncc(C#N)c(Nc3ccc(OCc4ccccc4)c(Cl)c3)c2cc1NC(=O)/C=C/CN1CCC(O)(O)CC1,0,data/quantum/erbB_xyz/ERBB2__CHEMBL362824__state00.xyz
ERBB2__CHEMBL362824__state01,ERBB2__CHEMBL362824,CHEMBL362824,ERBB2,CHEMBL1142663,1,CCOc1cc2[nH]cc(C#N)c(=Nc3ccc(OCc4ccccc4)c(Cl)c3)c2cc1N=C(O)/C=C/CN1CCC(O)(O)CC1,0,data/quantum/erbB_xyz/ERBB2__CHEMBL362824__state01.xyz
ERBB2__CHEMBL362824__state02,ERBB2__CHEMBL362824,CHEMBL362824,ERBB2,CHEMBL1142663,2,CCOc1cc2[nH]cc(C#N)c(=Nc3ccc(OCc4ccccc4)c(Cl)c3)c2cc1NC(=O)/C=C/CN1CCC(O)(O)CC1,0,data/quantum/erbB_xyz/ERBB2__CHEMBL362824__state02.xyz
ERBB2__CHEMBL362824__state03,ERBB2__CHEMBL362824,CHEMBL362824,ERBB2,CHEMBL1142663,3,CCOc1cc2ncc(C#N)c(Nc3ccc(OCc4ccccc4)c(Cl)c3)c2cc1N=C(O)/C=C/CN1CCC(O)(O)CC1,0,data/quantum/erbB_xyz/ERBB2__CHEMBL362824__state03.xyz
ERBB2__CHEMBL367492__state00,ERBB2__CHEMBL367492,CHEMBL367492,ERBB2,CHEMBL1142663,0,CCOc1cc2ncc(C#N)c(Nc3ccc(Sc4nc(-c5ccccc5)cs4)c(Cl)c3)c2cc1NC(=O)/C=C/CN(C)C,0,data/quantum/erbB_xyz/ERBB2__CHEMBL367492__state00.xyz
ERBB2__CHEMBL367492__state01,ERBB2__CHEMBL367492,CHEMBL367492,ERBB2,CHEMBL1142663,1,CCOc1cc2[nH]cc(C#N)c(=Nc3ccc(Sc4nc(-c5ccccc5)cs4)c(Cl)c3)c2cc1N=C(O)/C=C/CN(C)C,0,data/quantum/erbB_xyz/ERBB2__CHEMBL367492__state01.xyz
ERBB2__CHEMBL367492__state02,ERBB2__CHEMBL367492,CHEMBL367492,ERBB2,CHEMBL1142663,2,CCOc1cc2[nH]cc(C#N)c(=Nc3ccc(Sc4nc(-c5ccccc5)cs4)c(Cl)c3)c2cc1NC(=O)/C=C/CN(C)C,0,data/quantum/erbB_xyz/ERBB2__CHEMBL367492__state02.xyz
ERBB2__CHEMBL367492__state03,ERBB2__CHEMBL367492,CHEMBL367492,ERBB2,CHEMBL1142663,3,CCOc1cc2ncc(C#N)c(Nc3ccc(Sc4nc(-c5ccccc5)cs4)c(Cl)c3)c2cc1N=C(O)/C=C/CN(C)C,0,data/quantum/erbB_xyz/ERBB2__CHEMBL367492__state03.xyz
ERBB2__CHEMBL368234__state00,ERBB2__CHEMBL368234,CHEMBL368234,ERBB2,CHEMBL1142663,0,CCOc1cc2ncc(C#N)c(Nc3ccc(OCc4ccccc4)c(Cl)c3)c2cc1NC(=O)/C=C/c1cn(C)cn1,0,data/quantum/erbB_xyz/ERBB2__CHEMBL368234__state00.xyz
ERBB2__CHEMBL368234__state01,ERBB2__CHEMBL368234,CHEMBL368234,ERBB2,CHEMBL1142663,1,CCOc1cc2[nH]cc(C#N)c(=Nc3ccc(OCc4ccccc4)c(Cl)c3)c2cc1N=C(O)/C=C/c1cn(C)cn1,0,data/quantum/erbB_xyz/ERBB2__CHEMBL368234__state01.xyz
ERBB2__CHEMBL368234__state02,ERBB2__CHEMBL368234,CHEMBL368234,ERBB2,CHEMBL1142663,2,CCOc1cc2[nH]cc(C#N)c(=Nc3ccc(OCc4ccccc4)c(Cl)c3)c2cc1NC(=O)/C=C/c1cn(C)cn1,0,data/quantum/erbB_xyz/ERBB2__CHEMBL368234__state02.xyz
ERBB2__CHEMBL368234__state03,ERBB2__CHEMBL368234,CHEMBL368234,ERBB2,CHEMBL1142663,3,CCOc1cc2ncc(C#N)c(Nc3ccc(OCc4ccccc4)c(Cl)c3)c2cc1N=C(O)/C=C/c1cn(C)cn1,0,data/quantum/erbB_xyz/ERBB2__CHEMBL368234__state03.xyz
ERBB2__CHEMBL368702__state00,ERBB2__CHEMBL368702,CHEMBL368702,ERBB2,CHEMBL1142663,0,CCOc1cc2ncc(C#N)c(Nc3ccc(OCc4ccccc4)c(Cl)c3)c2cc1NC(=O)/C=C/CN1CCC1,0,data/quantum/erbB_xyz/ERBB2__CHEMBL368702__state00.xyz
ERBB2__CHEMBL368702__state01,ERBB2__CHEMBL368702,CHEMBL368702,ERBB2,CHEMBL1142663,1,CCOc1cc2[nH]cc(C#N)c(=Nc3ccc(OCc4ccccc4)c(Cl)c3)c2cc1N=C(O)/C=C/CN1CCC1,0,data/quantum/erbB_xyz/ERBB2__CHEMBL368702__state01.xyz
ERBB2__CHEMBL368702__state02,ERBB2__CHEMBL368702,CHEMBL368702,ERBB2,CHEMBL1142663,2,CCOc1cc2[nH]cc(C#N)c(=Nc3ccc(OCc4ccccc4)c(Cl)c3)c2cc1NC(=O)/C=C/CN1CCC1,0,data/quantum/erbB_xyz/ERBB2__CHEMBL368702__state02.xyz
ERBB2__CHEMBL368702__state03,ERBB2__CHEMBL368702,CHEMBL368702,ERBB2,CHEMBL1142663,3,CCOc1cc2ncc(C#N)c(Nc3ccc(OCc4ccccc4)c(Cl)c3)c2cc1N=C(O)/C=C/CN1CCC1,0,data/quantum/erbB_xyz/ERBB2__CHEMBL368702__state03.xyz
ERBB2__CHEMBL369088__state00,ERBB2__CHEMBL369088,CHEMBL369088,ERBB2,CHEMBL1142663,0,CCOc1cc2ncc(C#N)c(Nc3ccc(OCc4ccccc4)c(Cl)c3)c2cc1NC(=O)/C=C/CN(CC(C)O)CC(C)O,0,data/quantum/erbB_xyz/ERBB2__CHEMBL369088__state00.xyz
ERBB2__CHEMBL369088__state01,ERBB2__CHEMBL369088,CHEMBL369088,ERBB2,CHEMBL1142663,1,CCOc1cc2[nH]cc(C#N)c(=Nc3ccc(OCc4ccccc4)c(Cl)c3)c2cc1N=C(O)/C=C/CN(CC(C)O)CC(C)O,0,data/quantum/erbB_xyz/ERBB2__CHEMBL369088__state01.xyz
ERBB2__CHEMBL369088__state02,ERBB2__CHEMBL369088,CHEMBL369088,ERBB2,CHEMBL1142663,2,CCOc1cc2[nH]cc(C#N)c(=Nc3ccc(OCc4ccccc4)c(Cl)c3)c2cc1NC(=O)/C=C/CN(CC(C)O)CC(C)O,0,data/quantum/erbB_xyz/ERBB2__CHEMBL369088__state02.xyz
ERBB2__CHEMBL369088__state03,ERBB2__CHEMBL369088,CHEMBL369088,ERBB2,CHEMBL1142663,3,CCOc1cc2ncc(C#N)c(Nc3ccc(OCc4ccccc4)c(Cl)c3)c2cc1N=C(O)/C=C/CN(CC(C)O)CC(C)O,0,data/quantum/erbB_xyz/ERBB2__CHEMBL369088__state03.xyz
ERBB2__CHEMBL369299__state00,ERBB2__CHEMBL369299,CHEMBL369299,ERBB2,CHEMBL1142663,0,CCOc1cc2ncc(C#N)c(Nc3ccc(OCc4ccccc4)cc3)c2cc1NC(=O)/C=C/CN(C)C,0,data/quantum/erbB_xyz/ERBB2__CHEMBL369299__state00.xyz
ERBB2__CHEMBL369299__state01,ERBB2__CHEMBL369299,CHEMBL369299,ERBB2,CHEMBL1142663,1,CCOc1cc2[nH]cc(C#N)c(=Nc3ccc(OCc4ccccc4)cc3)c2cc1N=C(O)/C=C/CN(C)C,0,data/quantum/erbB_xyz/ERBB2__CHEMBL369299__state01.xyz
ERBB2__CHEMBL369299__state02,ERBB2__CHEMBL369299,CHEMBL369299,ERBB2,CHEMBL1142663,2,CCOc1cc2[nH]cc(C#N)c(=Nc3ccc(OCc4ccccc4)cc3)c2cc1NC(=O)/C=C/CN(C)C,0,data/quantum/erbB_xyz/ERBB2__CHEMBL369299__state02.xyz
ERBB2__CHEMBL369299__state03,ERBB2__CHEMBL369299,CHEMBL369299,ERBB2,CHEMBL1142663,3,CCOc1cc2ncc(C#N)c(Nc3ccc(OCc4ccccc4)cc3)c2cc1N=C(O)/C=C/CN(C)C,0,data/quantum/erbB_xyz/ERBB2__CHEMBL369299__state03.xyz
ERBB2__CHEMBL373207__state00,ERBB2__CHEMBL373207,CHEMBL373207,ERBB2,CHEMBL1138126,0,CCN(CC)CC#CC(=O)Nc1ccc2ncnc(Nc3ccc(F)c(Cl)c3)c2c1,0,data/quantum/erbB_xyz/ERBB2__CHEMBL373207__state00.xyz
ERBB2__CHEMBL373207__state01,ERBB2__CHEMBL373207,CHEMBL373207,ERBB2,CHEMBL1138126,1,CCN(CC)CC#CC(=O)Nc1ccc2[nH]cnc(=Nc3ccc(F)c(Cl)c3)c2c1,0,data/quantum/erbB_xyz/ERBB2__CHEMBL373207__state01.xyz
ERBB2__CHEMBL373207__state02,ERBB2__CHEMBL373207,CHEMBL373207,ERBB2,CHEMBL1138126,2,CCN(CC)CC#CC(=O)Nc1ccc2nc[nH]c(=Nc3ccc(F)c(Cl)c3)c2c1,0,data/quantum/erbB_xyz/ERBB2__CHEMBL373207__state02.xyz
ERBB2__CHEMBL373207__state03,ERBB2__CHEMBL373207,CHEMBL373207,ERBB2,CHEMBL1138126,3,CCN(CC)CC#CC(O)=Nc1ccc2[nH]cnc(=Nc3ccc(F)c(Cl)c3)c2c1,0,data/quantum/erbB_xyz/ERBB2__CHEMBL373207__state03.xyz
ERBB2__CHEMBL378144__state00,ERBB2__CHEMBL378144,CHEMBL378144,ERBB2,CHEMBL1138126,0,C#CC(=O)Nc1cc2c(Nc3cccc(Br)c3)ncnc2cn1,0,data/quantum/erbB_xyz/ERBB2__CHEMBL378144__state00.xyz
ERBB2__CHEMBL378144__state01,ERBB2__CHEMBL378144,CHEMBL378144,ERBB2,CHEMBL1138126,1,C#CC(=O)N=c1cc2c(=Nc3cccc(Br)c3)[nH]cnc2c[nH]1,0,data/quantum/erbB_xyz/ERBB2__CHEMBL378144__state01.xyz
ERBB2__CHEMBL378144__state02,ERBB2__CHEMBL378144,CHEMBL378144,ERBB2,CHEMBL1138126,2,C#CC(=O)N=c1cc2c(=Nc3cccc(Br)c3)nc[nH]c2c[nH]1,0,data/quantum/erbB_xyz/ERBB2__CHEMBL378144__state02.xyz
ERBB2__CHEMBL378144__state03,ERBB2__CHEMBL378144,CHEMBL378144,ERBB2,CHEMBL1138126,3,C#CC(=O)N=c1cc2c(Nc3cccc(Br)c3)ncnc2c[nH]1,0,data/quantum/erbB_xyz/ERBB2__CHEMBL378144__state03.xyz
ERBB2__CHEMBL380669__state00,ERBB2__CHEMBL380669,CHEMBL380669,ERBB2,CHEMBL1138126,0,CC(C)N(CC#CC(=O)Nc1ccc2ncnc(Nc3ccc(F)c(Cl)c3)c2c1)C(C)C,0,data/quantum/erbB_xyz/ERBB2__CHEMBL380669__state00.xyz
ERBB2__CHEMBL380669__state01,ERBB2__CHEMBL380669,CHEMBL380669,ERBB2,CHEMBL1138126,1,CC(C)N(CC#CC(=O)Nc1ccc2[nH]cnc(=Nc3ccc(F)c(Cl)c3)c2c1)C(C)C,0,data/quantum/erbB_xyz/ERBB2__CHEMBL380669__state01.xyz
ERBB2__CHEMBL380669__state02,ERBB2__CHEMBL380669,CHEMBL380669,ERBB2,CHEMBL1138126,2,CC(C)N(CC#CC(=O)Nc1ccc2nc[nH]c(=Nc3ccc(F)c(Cl)c3)c2c1)C(C)C,0,data/quantum/erbB_xyz/ERBB2__CHEMBL380669__state02.xyz
ERBB2__CHEMBL380669__state03,ERBB2__CHEMBL380669,CHEMBL380669,ERBB2,CHEMBL1138126,3,CC(C)N(CC#CC(O)=Nc1ccc2[nH]cnc(=Nc3ccc(F)c(Cl)c3)c2c1)C(C)C,0,data/quantum/erbB_xyz/ERBB2__CHEMBL380669__state03.xyz
ERBB2__CHEMBL382073__state00,ERBB2__CHEMBL382073,CHEMBL382073,ERBB2,CHEMBL1138126,0,CCN(CC)CCC#CC(=O)Nc1ccc2ncnc(Nc3ccc(F)c(Cl)c3)c2c1,0,data/quantum/erbB_xyz/ERBB2__CHEMBL382073__state00.xyz
ERBB2__CHEMBL382073__state01,ERBB2__CHEMBL382073,CHEMBL382073,ERBB2,CHEMBL1138126,1,CCN(CC)CCC#CC(=O)Nc1ccc2[nH]cnc(=Nc3ccc(F)c(Cl)c3)c2c1,0,data/quantum/erbB_xyz/ERBB2__CHEMBL382073__state01.xyz
ERBB2__CHEMBL382073__state02,ERBB2__CHEMBL382073,CHEMBL382073,ERBB2,CHEMBL1138126,2,CCN(CC)CCC#CC(=O)Nc1ccc2nc[nH]c(=Nc3ccc(F)c(Cl)c3)c2c1,0,data/quantum/erbB_xyz/ERBB2__CHEMBL382073__state02.xyz
ERBB2__CHEMBL382073__state03,ERBB2__CHEMBL382073,CHEMBL382073,ERBB2,CHEMBL1138126,3,CCN(CC)CCC#CC(O)=Nc1ccc2[nH]cnc(=Nc3ccc(F)c(Cl)c3)c2c1,0,data/quantum/erbB_xyz/ERBB2__CHEMBL382073__state03.xyz
ERBB2__CHEMBL383499__state00,ERBB2__CHEMBL383499,CHEMBL383499,ERBB2,CHEMBL1138126,0,CC(C)N(CC#CC(=O)Nc1cc2c(Nc3ccc(F)c(Cl)c3)ncnc2cn1)C(C)C,0,data/quantum/erbB_xyz/ERBB2__CHEMBL383499__state00.xyz
ERBB2__CHEMBL383499__state01,ERBB2__CHEMBL383499,CHEMBL383499,ERBB2,CHEMBL1138126,1,CC(C)N(CC#CC(=O)N=c1cc2c(=Nc3ccc(F)c(Cl)c3)[nH]cnc2c[nH]1)C(C)C,0,data/quantum/erbB_xyz/ERBB2__CHEMBL383499__state01.xyz
ERBB2__CHEMBL383499__state02,ERBB2__CHEMBL383499,CHEMBL383499,ERBB2,CHEMBL1138126,2,CC(C)N(CC#CC(=O)N=c1cc2c(=Nc3ccc(F)c(Cl)c3)nc[nH]c2c[nH]1)C(C)C,0,data/quantum/erbB_xyz/ERBB2__CHEMBL383499__state02.xyz
ERBB2__CHEMBL383499__state03,ERBB2__CHEMBL383499,CHEMBL383499,ERBB2,CHEMBL1138126,3,CC(C)N(CC#CC(=O)N=c1cc2c(Nc3ccc(F)c(Cl)c3)ncnc2c[nH]1)C(C)C,0,data/quantum/erbB_xyz/ERBB2__CHEMBL383499__state03.xyz
ERBB2__CHEMBL414220__state00,ERBB2__CHEMBL414220,CHEMBL414220,ERBB2,CHEMBL1134561,0,C=CCN(C)CC#CC(=O)Nc1ccc2ncnc(Nc3cccc(Br)c3)c2c1,0,data/quantum/erbB_xyz/ERBB2__CHEMBL414220__state00.xyz
ERBB2__CHEMBL414220__state01,ERBB2__CHEMBL414220,CHEMBL414220,ERBB2,CHEMBL1134561,1,C=CCN(C)CC#CC(=O)Nc1ccc2[nH]cnc(=Nc3cccc(Br)c3)c2c1,0,data/quantum/erbB_xyz/ERBB2__CHEMBL414220__state01.xyz
ERBB2__CHEMBL414220__state02,ERBB2__CHEMBL414220,CHEMBL414220,ERBB2,CHEMBL1134561,2,C=CCN(C)CC#CC(=O)Nc1ccc2nc[nH]c(=Nc3cccc(Br)c3)c2c1,0,data/quantum/erbB_xyz/ERBB2__CHEMBL414220__state02.xyz
ERBB2__CHEMBL414220__state03,ERBB2__CHEMBL414220,CHEMBL414220,ERBB2,CHEMBL1134561,3,C=CCN(C)CC#CC(O)=Nc1ccc2[nH]cnc(=Nc3cccc(Br)c3)c2c1,0,data/quantum/erbB_xyz/ERBB2__CHEMBL414220__state03.xyz
ERBB2__CHEMBL414631__state00,ERBB2__CHEMBL414631,CHEMBL414631,ERBB2,CHEMBL1145020,0,COCOC#CC(=O)Nc1ccc2ncc(C#N)c(Nc3cccc(Br)c3)c2c1,0,data/quantum/erbB_xyz/ERBB2__CHEMBL414631__state00.xyz
ERBB2__CHEMBL414631__state01,ERBB2__CHEMBL414631,CHEMBL414631,ERBB2,CHEMBL1145020,1,COCOC#CC(=O)Nc1ccc2[nH]cc(C#N)c(=Nc3cccc(Br)c3)c2c1,0,data/quantum/erbB_xyz/ERBB2__CHEMBL414631__state01.xyz
ERBB2__CHEMBL414631__state02,ERBB2__CHEMBL414631,CHEMBL414631,ERBB2,CHEMBL1145020,2,COCOC#CC(O)=Nc1ccc2[nH]cc(C#N)c(=Nc3cccc(Br)c3)c2c1,0,data/quantum/erbB_xyz/ERBB2__CHEMBL414631__state02.xyz
ERBB2__CHEMBL414631__state03,ERBB2__CHEMBL414631,CHEMBL414631,ERBB2,CHEMBL1145020,3,COCOC#CC(O)=Nc1ccc2ncc(C#N)c(Nc3cccc(Br)c3)c2c1,0,data/quantum/erbB_xyz/ERBB2__CHEMBL414631__state03.xyz
ERBB2__CHEMBL417478__state00,ERBB2__CHEMBL417478,CHEMBL417478,ERBB2,CHEMBL1133162,0,C=CC(=O)Nc1nc2c(Nc3ccc(F)c(Cl)c3)ncnc2cc1/C=C/CCN1CCOCC1,0,data/quantum/erbB_xyz/ERBB2__CHEMBL417478__state00.xyz
ERBB2__CHEMBL417478__state01,ERBB2__CHEMBL417478,CHEMBL417478,ERBB2,CHEMBL1133162,1,C=CC(=O)N=C1N=c2c(=Nc3ccc(F)c(Cl)c3)nc[nH]c2=CC1=CCCCN1CCOCC1,0,data/quantum/erbB_xyz/ERBB2__CHEMBL417478__state01.xyz
ERBB2__CHEMBL417478__state02,ERBB2__CHEMBL417478,CHEMBL417478,ERBB2,CHEMBL1133162,2,C=CC(=O)N=C1N=c2c(Nc3ccc(F)c(Cl)c3)ncnc2=CC1=CCCCN1CCOCC1,0,data/quantum/erbB_xyz/ERBB2__CHEMBL417478__state02.xyz
ERBB2__CHEMBL417478__state03,ERBB2__CHEMBL417478,CHEMBL417478,ERBB2,CHEMBL1133162,3,C=CC(=O)N=C1N=c2c(nc[nH]c2=Nc2ccc(F)c(Cl)c2)=CC1=CCCCN1CCOCC1,0,data/quantum/erbB_xyz/ERBB2__CHEMBL417478__state03.xyz
ERBB2__CHEMBL417941__state00,ERBB2__CHEMBL417941,CHEMBL417941,ERBB2,CHEMBL1136802,0,N#C/C(=C\c1ccc(O)c(O)c1)C(=O)NC1CCCCC1,0,data/quantum/erbB_xyz/ERBB2__CHEMBL417941__state00.xyz
ERBB2__CHEMBL417941__state01,ERBB2__CHEMBL417941,CHEMBL417941,ERBB2,CHEMBL1136802,1,N#CC(=CC1=CC(=O)C(O)C=C1)C(=O)NC1CCCCC1,0,data/quantum/erbB_xyz/ERBB2__CHEMBL417941__state01.xyz
ERBB2__CHEMBL417941__state02,ERBB2__CHEMBL417941,CHEMBL417941,ERBB2,CHEMBL1136802,2,N#CC(=CC1=CC(=O)C(O)C=C1)C(O)=NC1CCCCC1,0,data/quantum/erbB_xyz/ERBB2__CHEMBL417941__state02.xyz
ERBB2__CHEMBL417941__state03,ERBB2__CHEMBL417941,CHEMBL417941,ERBB2,CHEMBL1136802,3,N#CC(=CC1=CC(O)C(=O)C=C1)C(=O)NC1CCCCC1,0,data/quantum/erbB_xyz/ERBB2__CHEMBL417941__state03.xyz
ERBB2__CHEMBL419501__state00,ERBB2__CHEMBL419501,CHEMBL419501,ERBB2,CHEMBL1134561,0,COC[C@H]1CCCN1C/C=C/C(=O)Nc1ccc2ncnc(Nc3cccc(Br)c3)c2c1,0,data/quantum/erbB_xyz/ERBB2__CHEMBL419501__state00.xyz
ERBB2__CHEMBL419501__state01,ERBB2__CHEMBL419501,CHEMBL419501,ERBB2,CHEMBL1134561,1,COC[C@H]1CCCN1C/C=C/C(=O)Nc1ccc2[nH]cnc(=Nc3cccc(Br)c3)c2c1,0,data/quantum/erbB_xyz/ERBB2__CHEMBL419501__state01.xyz
ERBB2__CHEMBL419501__state02,ERBB2__CHEMBL419501,CHEMBL419501,ERBB2,CHEMBL1134561,2,COC[C@H]1CCCN1C/C=C/C(=O)Nc1ccc2nc[nH]c(=Nc3cccc(Br)c3)c2c1,0,data/quantum/erbB_xyz/ERBB2__CHEMBL419501__state02.xyz
ERBB2__CHEMBL419501__state03,ERBB2__CHEMBL419501,CHEMBL419501,ERBB2,CHEMBL1134561,3,COC[C@H]1CCCN1C/C=C/C(O)=Nc1ccc2[nH]cnc(=Nc3cccc(Br)c3)c2c1,0,data/quantum/erbB_xyz/ERBB2__CHEMBL419501__state03.xyz
ERBB2__CHEMBL424959__state00,ERBB2__CHEMBL424959,CHEMBL424959,ERBB2,CHEMBL1142663,0,COc1cc2ncc(C#N)c(Nc3ccc(OCc4ccccc4)cc3)c2cc1NC(=O)/C=C/CN(C)C,0,data/quantum/erbB_xyz/ERBB2__CHEMBL424959__state00.xyz
ERBB2__CHEMBL424959__state01,ERBB2__CHEMBL424959,CHEMBL424959,ERBB2,CHEMBL1142663,1,COc1cc2[nH]cc(C#N)c(=Nc3ccc(OCc4ccccc4)cc3)c2cc1N=C(O)/C=C/CN(C)C,0,data/quantum/erbB_xyz/ERBB2__CHEMBL424959__state01.xyz
ERBB2__CHEMBL424959__state02,ERBB2__CHEMBL424959,CHEMBL424959,ERBB2,CHEMBL1142663,2,COc1cc2[nH]cc(C#N)c(=Nc3ccc(OCc4ccccc4)cc3)c2cc1NC(=O)/C=C/CN(C)C,0,data/quantum/erbB_xyz/ERBB2__CHEMBL424959__state02.xyz
ERBB2__CHEMBL424959__state03,ERBB2__CHEMBL424959,CHEMBL424959,ERBB2,CHEMBL1142663,3,COc1cc2ncc(C#N)c(Nc3ccc(OCc4ccccc4)cc3)c2cc1N=C(O)/C=C/CN(C)C,0,data/quantum/erbB_xyz/ERBB2__CHEMBL424959__state03.xyz
ERBB2__CHEMBL426051__state00,ERBB2__CHEMBL426051,CHEMBL426051,ERBB2,CHEMBL1142663,0,CCOc1cc2ncc(C#N)c(Nc3ccc(OCc4cccs4)c(Cl)c3)c2cc1NC(=O)/C=C/CN(C)C,0,data/quantum/erbB_xyz/ERBB2__CHEMBL426051__state00.xyz
ERBB2__CHEMBL426051__state01,ERBB2__CHEMBL426051,CHEMBL426051,ERBB2,CHEMBL1142663,1,CCOc1cc2[nH]cc(C#N)c(=Nc3ccc(OCc4cccs4)c(Cl)c3)c2cc1N=C(O)/C=C/CN(C)C,0,data/quantum/erbB_xyz/ERBB2__CHEMBL426051__state01.xyz
ERBB2__CHEMBL426051__state02,ERBB2__CHEMBL426051,CHEMBL426051,ERBB2,CHEMBL1142663,2,CCOc1cc2[nH]cc(C#N)c(=Nc3ccc(OCc4cccs4)c(Cl)c3)c2cc1NC(=O)/C=C/CN(C)C,0,data/quantum/erbB_xyz/ERBB2__CHEMBL426051__state02.xyz
ERBB2__CHEMBL426051__state03,ERBB2__CHEMBL426051,CHEMBL426051,ERBB2,CHEMBL1142663,3,CCOc1cc2ncc(C#N)c(Nc3ccc(OCc4cccs4)c(Cl)c3)c2cc1N=C(O)/C=C/CN(C)C,0,data/quantum/erbB_xyz/ERBB2__CHEMBL426051__state03.xyz
ERBB2__CHEMBL427314__state00,ERBB2__CHEMBL427314,CHEMBL427314,ERBB2,CHEMBL1142663,0,CCOc1cc2ncc(C#N)c(Nc3cccc(OCc4ccccc4)c3)c2cc1NC(=O)/C=C/CN(C)C,0,data/quantum/erbB_xyz/ERBB2__CHEMBL427314__state00.xyz
ERBB2__CHEMBL427314__state01,ERBB2__CHEMBL427314,CHEMBL427314,ERBB2,CHEMBL1142663,1,CCOc1cc2[nH]cc(C#N)c(=Nc3cccc(OCc4ccccc4)c3)c2cc1N=C(O)/C=C/CN(C)C,0,data/quantum/erbB_xyz/ERBB2__CHEMBL427314__state01.xyz
ERBB2__CHEMBL427314__state02,ERBB2__CHEMBL427314,CHEMBL427314,ERBB2,CHEMBL1142663,2,CCOc1cc2[nH]cc(C#N)c(=Nc3cccc(OCc4ccccc4)c3)c2cc1NC(=O)/C=C/CN(C)C,0,data/quantum/erbB_xyz/ERBB2__CHEMBL427314__state02.xyz
ERBB2__CHEMBL427314__state03,ERBB2__CHEMBL427314,CHEMBL427314,ERBB2,CHEMBL1142663,3,CCOc1cc2ncc(C#N)c(Nc3cccc(OCc4ccccc4)c3)c2cc1N=C(O)/C=C/CN(C)C,0,data/quantum/erbB_xyz/ERBB2__CHEMBL427314__state03.xyz
ERBB2__CHEMBL427315__state00,ERBB2__CHEMBL427315,CHEMBL427315,ERBB2,CHEMBL1142663,0,CCOc1cc2ncc(C#N)c(Nc3ccc(O[C@@H](C)c4ccccc4)c(Cl)c3)c2cc1NC(=O)/C=C/CN(C)C,0,data/quantum/erbB_xyz/ERBB2__CHEMBL427315__state00.xyz
ERBB2__CHEMBL427315__state01,ERBB2__CHEMBL427315,CHEMBL427315,ERBB2,CHEMBL1142663,1,CCOc1cc2[nH]cc(C#N)c(=Nc3ccc(O[C@@H](C)c4ccccc4)c(Cl)c3)c2cc1N=C(O)/C=C/CN(C)C,0,data/quantum/erbB_xyz/ERBB2__CHEMBL427315__state01.xyz
ERBB2__CHEMBL427315__state02,ERBB2__CHEMBL427315,CHEMBL427315,ERBB2,CHEMBL1142663,2,CCOc1cc2[nH]cc(C#N)c(=Nc3ccc(O[C@@H](C)c4ccccc4)c(Cl)c3)c2cc1NC(=O)/C=C/CN(C)C,0,data/quantum/erbB_xyz/ERBB2__CHEMBL427315__state02.xyz
ERBB2__CHEMBL427315__state03,ERBB2__CHEMBL427315,CHEMBL427315,ERBB2,CHEMBL1142663,3,CCOc1cc2ncc(C#N)c(Nc3ccc(O[C@@H](C)c4ccccc4)c(Cl)c3)c2cc1N=C(O)/C=C/CN(C)C,0,data/quantum/erbB_xyz/ERBB2__CHEMBL427315__state03.xyz
ERBB2__CHEMBL430571__state00,ERBB2__CHEMBL430571,CHEMBL430571,ERBB2,CHEMBL1132213,0,C=CC(=O)Nc1ccc2ncnc(Nc3ccc(OCc4ccccc4)cc3)c2c1,0,data/quantum/erbB_xyz/ERBB2__CHEMBL430571__state00.xyz
ERBB2__CHEMBL430571__state01,ERBB2__CHEMBL430571,CHEMBL430571,ERBB2,CHEMBL1132213,1,C=CC(=O)Nc1ccc2[nH]cnc(=Nc3ccc(OCc4ccccc4)cc3)c2c1,0,data/quantum/erbB_xyz/ERBB2__CHEMBL430571__state01.xyz
ERBB2__CHEMBL430571__state02,ERBB2__CHEMBL430571,CHEMBL430571,ERBB2,CHEMBL1132213,2,C=CC(=O)Nc1ccc2nc[nH]c(=Nc3ccc(OCc4ccccc4)cc3)c2c1,0,data/quantum/erbB_xyz/ERBB2__CHEMBL430571__state02.xyz
ERBB2__CHEMBL430571__state03,ERBB2__CHEMBL430571,CHEMBL430571,ERBB2,CHEMBL1132213,3,C=CC(O)=Nc1ccc2[nH]cnc(=Nc3ccc(OCc4ccccc4)cc3)c2c1,0,data/quantum/erbB_xyz/ERBB2__CHEMBL430571__state03.xyz
ERBB2__CHEMBL434720__state00,ERBB2__CHEMBL434720,CHEMBL434720,ERBB2,CHEMBL1142663,0,CCOc1cc2ncc(C#N)c(Nc3ccc(OCc4ccccc4)c(Cl)c3)c2cc1NC(=O)/C=C/CN(C)C,0,data/quantum/erbB_xyz/ERBB2__CHEMBL434720__state00.xyz
ERBB2__CHEMBL434720__state01,ERBB2__CHEMBL434720,CHEMBL434720,ERBB2,CHEMBL1142663,1,CCOc1cc2[nH]cc(C#N)c(=Nc3ccc(OCc4ccccc4)c(Cl)c3)c2cc1N=C(O)/C=C/CN(C)C,0,data/quantum/erbB_xyz/ERBB2__CHEMBL434720__state01.xyz
ERBB2__CHEMBL434720__state02,ERBB2__CHEMBL434720,CHEMBL434720,ERBB2,CHEMBL1142663,2,CCOc1cc2[nH]cc(C#N)c(=Nc3ccc(OCc4ccccc4)c(Cl)c3)c2cc1NC(=O)/C=C/CN(C)C,0,data/quantum/erbB_xyz/ERBB2__CHEMBL434720__state02.xyz
ERBB2__CHEMBL434720__state03,ERBB2__CHEMBL434720,CHEMBL434720,ERBB2,CHEMBL1142663,3,CCOc1cc2ncc(C#N)c(Nc3ccc(OCc4ccccc4)c(Cl)c3)c2cc1N=C(O)/C=C/CN(C)C,0,data/quantum/erbB_xyz/ERBB2__CHEMBL434720__state03.xyz
ERBB2__CHEMBL434827__state00,ERBB2__CHEMBL434827,CHEMBL434827,ERBB2,CHEMBL1134843,0,CCN(CC)CCCNC(=O)/C=C/C(=O)Nc1cc2c(Nc3cccc(Br)c3)ncnc2cn1,0,data/quantum/erbB_xyz/ERBB2__CHEMBL434827__state00.xyz
ERBB2__CHEMBL434827__state01,ERBB2__CHEMBL434827,CHEMBL434827,ERBB2,CHEMBL1134843,1,CCN(CC)CCCN=C(O)/C=C/C(=O)N=c1cc2c(Nc3cccc(Br)c3)ncnc2c[nH]1,0,data/quantum/erbB_xyz/ERBB2__CHEMBL434827__state01.xyz
ERBB2__CHEMBL434827__state02,ERBB2__CHEMBL434827,CHEMBL434827,ERBB2,CHEMBL1134843,2,CCN(CC)CCCN=C(O)/C=C/C(=O)Nc1cc2c(=Nc3cccc(Br)c3)[nH]cnc2cn1,0,data/quantum/erbB_xyz/ERBB2__CHEMBL434827__state02.xyz
ERBB2__CHEMBL434827__state03,ERBB2__CHEMBL434827,CHEMBL434827,ERBB2,CHEMBL1134843,3,CCN(CC)CCCN=C(O)/C=C/C(=O)Nc1cc2c(=Nc3cccc(Br)c3)nc[nH]c2cn1,0,data/quantum/erbB_xyz/ERBB2__CHEMBL434827__state03.xyz
ERBB2__CHEMBL437890__state00,ERBB2__CHEMBL437890,CHEMBL437890,ERBB2,CHEMBL1138126,0,CN1CCN(CCC#CC(=O)Nc2cc3c(Nc4ccc(F)c(Br)c4)ncnc3cn2)CC1,0,data/quantum/erbB_xyz/ERBB2__CHEMBL437890__state00.xyz
ERBB2__CHEMBL437890__state01,ERBB2__CHEMBL437890,CHEMBL437890,ERBB2,CHEMBL1138126,1,CN1CCN(CCC#CC(=O)N=c2cc3c(=Nc4ccc(F)c(Br)c4)[nH]cnc3c[nH]2)CC1,0,data/quantum/erbB_xyz/ERBB2__CHEMBL437890__state01.xyz
ERBB2__CHEMBL437890__state02,ERBB2__CHEMBL437890,CHEMBL437890,ERBB2,CHEMBL1138126,2,CN1CCN(CCC#CC(=O)N=c2cc3c(=Nc4ccc(F)c(Br)c4)nc[nH]c3c[nH]2)CC1,0,data/quantum/erbB_xyz/ERBB2__CHEMBL437890__state02.xyz
ERBB2__CHEMBL437890__state03,ERBB2__CHEMBL437890,CHEMBL437890,ERBB2,CHEMBL1138126,3,CN1CCN(CCC#CC(=O)N=c2cc3c(Nc4ccc(F)c(Br)c4)ncnc3c[nH]2)CC1,0,data/quantum/erbB_xyz/ERBB2__CHEMBL437890__state03.xyz
ERBB2__CHEMBL440298__state00,ERBB2__CHEMBL440298,CHEMBL440298,ERBB2,CHEMBL1136802,0,N#C/C(=C\c1ccc(O)c(O)c1)C(=O)NCCCCc1ccccc1,0,data/quantum/erbB_xyz/ERBB2__CHEMBL440298__state00.xyz
ERBB2__CHEMBL440298__state01,ERBB2__CHEMBL440298,CHEMBL440298,ERBB2,CHEMBL1136802,1,N#CC(=CC1=CC(=O)C(O)C=C1)C(=O)NCCCCc1ccccc1,0,data/quantum/erbB_xyz/ERBB2__CHEMBL440298__state01.xyz
ERBB2__CHEMBL440298__state02,ERBB2__CHEMBL440298,CHEMBL440298,ERBB2,CHEMBL1136802,2,N#CC(=CC1=CC(=O)C(O)C=C1)C(O)=NCCCCc1ccccc1,0,data/quantum/erbB_xyz/ERBB2__CHEMBL440298__state02.xyz
ERBB2__CHEMBL440298__state03,ERBB2__CHEMBL440298,CHEMBL440298,ERBB2,CHEMBL1136802,3,N#CC(=CC1=CC(O)C(=O)C=C1)C(=O)NCCCCc1ccccc1,0,data/quantum/erbB_xyz/ERBB2__CHEMBL440298__state03.xyz
ERBB2__CHEMBL442754__state00,ERBB2__CHEMBL442754,CHEMBL442754,ERBB2,CHEMBL1134561,0,COCCN(C)C/C=C/C(=O)Nc1ccc2ncnc(Nc3cccc(Br)c3)c2c1,0,data/quantum/erbB_xyz/ERBB2__CHEMBL442754__state00.xyz
ERBB2__CHEMBL442754__state01,ERBB2__CHEMBL442754,CHEMBL442754,ERBB2,CHEMBL1134561,1,COCCN(C)C/C=C/C(=O)Nc1ccc2[nH]cnc(=Nc3cccc(Br)c3)c2c1,0,data/quantum/erbB_xyz/ERBB2__CHEMBL442754__state01.xyz
ERBB2__CHEMBL442754__state02,ERBB2__CHEMBL442754,CHEMBL442754,ERBB2,CHEMBL1134561,2,COCCN(C)C/C=C/C(=O)Nc1ccc2nc[nH]c(=Nc3cccc(Br)c3)c2c1,0,data/quantum/erbB_xyz/ERBB2__CHEMBL442754__state02.xyz
ERBB2__CHEMBL442754__state03,ERBB2__CHEMBL442754,CHEMBL442754,ERBB2,CHEMBL1134561,3,COCCN(C)C/C=C/C(O)=Nc1ccc2[nH]cnc(=Nc3cccc(Br)c3)c2c1,0,data/quantum/erbB_xyz/ERBB2__CHEMBL442754__state03.xyz
ERBB2__CHEMBL443523__state00,ERBB2__CHEMBL443523,CHEMBL443523,ERBB2,CHEMBL1132213,0,C=CC(=O)Nc1ccc2c(Nc3cccc(Br)c3)ncnc2c1,0,data/quantum/erbB_xyz/ERBB2__CHEMBL443523__state00.xyz
ERBB2__CHEMBL443523__state01,ERBB2__CHEMBL443523,CHEMBL443523,ERBB2,CHEMBL1132213,1,C=CC(=O)N=c1ccc2c(Nc3cccc(Br)c3)[nH]cnc-2c1,0,data/quantum/erbB_xyz/ERBB2__CHEMBL443523__state01.xyz
ERBB2__CHEMBL443523__state02,ERBB2__CHEMBL443523,CHEMBL443523,ERBB2,CHEMBL1132213,2,C=CC(=O)N=c1ccc2c(Nc3cccc(Br)c3)nc[nH]c-2c1,0,data/quantum/erbB_xyz/ERBB2__CHEMBL443523__state02.xyz
ERBB2__CHEMBL443523__state03,ERBB2__CHEMBL443523,CHEMBL443523,ERBB2,CHEMBL1132213,3,C=CC(=O)Nc1ccc2c(=Nc3cccc(Br)c3)[nH]cnc2c1,0,data/quantum/erbB_xyz/ERBB2__CHEMBL443523__state03.xyz
ERBB2__CHEMBL453336__state00,ERBB2__CHEMBL453336,CHEMBL453336,ERBB2,CHEMBL1157465,0,COc1cc(C2=C(c3cn(COCc4ccccc4)c4ccccc34)CNC2=O)cc(OC)c1OC,0,data/quantum/erbB_xyz/ERBB2__CHEMBL453336__state00.xyz
ERBB2__CHEMBL453336__state01,ERBB2__CHEMBL453336,CHEMBL453336,ERBB2,CHEMBL1157465,1,COc1cc(C2=C(c3cn(COCc4ccccc4)c4ccccc34)CN=C2O)cc(OC)c1OC,0,data/quantum/erbB_xyz/ERBB2__CHEMBL453336__state01.xyz
ERBB2__CHEMBL483085__state00,ERBB2__CHEMBL483085,CHEMBL483085,ERBB2,CHEMBL1150417,0,N#C/C(=C\c1ccc(O)c(O)c1)C(=O)Nc1cccc(C(F)(F)F)c1,0,data/quantum/erbB_xyz/ERBB2__CHEMBL483085__state00.xyz
ERBB2__CHEMBL483085__state01,ERBB2__CHEMBL483085,CHEMBL483085,ERBB2,CHEMBL1150417,1,N#CC(=CC1=CC(=O)C(O)C=C1)C(=O)Nc1cccc(C(F)(F)F)c1,0,data/quantum/erbB_xyz/ERBB2__CHEMBL483085__state01.xyz
ERBB2__CHEMBL483085__state02,ERBB2__CHEMBL483085,CHEMBL483085,ERBB2,CHEMBL1150417,2,N#CC(=CC1=CC(=O)C(O)C=C1)C(O)=Nc1cccc(C(F)(F)F)c1,0,data/quantum/erbB_xyz/ERBB2__CHEMBL483085__state02.xyz
ERBB2__CHEMBL483085__state03,ERBB2__CHEMBL483085,CHEMBL483085,ERBB2,CHEMBL1150417,3,N#CC(=CC1=CC(O)C(=O)C=C1)C(=O)Nc1cccc(C(F)(F)F)c1,0,data/quantum/erbB_xyz/ERBB2__CHEMBL483085__state03.xyz
ERBB2__CHEMBL48760__state00,ERBB2__CHEMBL48760,CHEMBL48760,ERBB2,CHEMBL1131018,0,CC(C)c1ccc(/C=C2/C(=O)Nc3ccccc32)cc1,0,data/quantum/erbB_xyz/ERBB2__CHEMBL48760__state00.xyz
ERBB2__CHEMBL48760__state01,ERBB2__CHEMBL48760,CHEMBL48760,ERBB2,CHEMBL1131018,1,CC(C)c1ccc(/C=C2/C(O)=Nc3ccccc32)cc1,0,data/quantum/erbB_xyz/ERBB2__CHEMBL48760__state01.xyz
ERBB2__CHEMBL488646__state00,ERBB2__CHEMBL488646,CHEMBL488646,ERBB2,CHEMBL1157465,0,COc1cc(C2=C(c3cn(COC(C)(C)C)c4ccccc34)CNC2=O)cc(OC)c1OC,0,data/quantum/erbB_xyz/ERBB2__CHEMBL488646__state00.xyz
ERBB2__CHEMBL488646__state01,ERBB2__CHEMBL488646,CHEMBL488646,ERBB2,CHEMBL1157465,1,COc1cc(C2=C(c3cn(COC(C)(C)C)c4ccccc34)CN=C2O)cc(OC)c1OC,0,data/quantum/erbB_xyz/ERBB2__CHEMBL488646__state01.xyz
ERBB2__CHEMBL488811__state00,ERBB2__CHEMBL488811,CHEMBL488811,ERBB2,CHEMBL1157465,0,COc1cc(C2=C(c3cn(COc4ccccc4)c4ccccc34)CNC2=O)cc(OC)c1OC,0,data/quantum/erbB_xyz/ERBB2__CHEMBL488811__state00.xyz
ERBB2__CHEMBL488811__state01,ERBB2__CHEMBL488811,CHEMBL488811,ERBB2,CHEMBL1157465,1,COc1cc(C2=C(c3cn(COc4ccccc4)c4ccccc34)CN=C2O)cc(OC)c1OC,0,data/quantum/erbB_xyz/ERBB2__CHEMBL488811__state01.xyz
ERBB2__CHEMBL51659__state00,ERBB2__CHEMBL51659,CHEMBL51659,ERBB2,CHEMBL1132213,0,C=CC(=O)Nc1cc2c(Nc3cccc(Br)c3)ncnc2cn1,0,data/quantum/erbB_xyz/ERBB2__CHEMBL51659__state00.xyz
ERBB2__CHEMBL51659__state01,ERBB2__CHEMBL51659,CHEMBL51659,ERBB2,CHEMBL1132213,1,C=CC(=O)N=c1cc2c(=Nc3cccc(Br)c3)[nH]cnc2c[nH]1,0,data/quantum/erbB_xyz/ERBB2__CHEMBL51659__state01.xyz
ERBB2__CHEMBL51659__state02,ERBB2__CHEMBL51659,CHEMBL51659,ERBB2,CHEMBL1132213,2,C=CC(=O)N=c1cc2c(=Nc3cccc(Br)c3)nc[nH]c2c[nH]1,0,data/quantum/erbB_xyz/ERBB2__CHEMBL51659__state02.xyz
ERBB2__CHEMBL51659__state03,ERBB2__CHEMBL51659,CHEMBL51659,ERBB2,CHEMBL1132213,3,C=CC(=O)N=c1cc2c(Nc3cccc(Br)c3)ncnc2c[nH]1,0,data/quantum/erbB_xyz/ERBB2__CHEMBL51659__state03.xyz
ERBB2__CHEMBL53203__state00,ERBB2__CHEMBL53203,CHEMBL53203,ERBB2,CHEMBL1132213,0,C=CC(=O)Nc1ccc2ncnc(Nc3ccc(Oc4ccccc4)cc3)c2c1,0,data/quantum/erbB_xyz/ERBB2__CHEMBL53203__state00.xyz
ERBB2__CHEMBL53203__state01,ERBB2__CHEMBL53203,CHEMBL53203,ERBB2,CHEMBL1132213,1,C=CC(=O)Nc1ccc2[nH]cnc(=Nc3ccc(Oc4ccccc4)cc3)c2c1,0,data/quantum/erbB_xyz/ERBB2__CHEMBL53203__state01.xyz
ERBB2__CHEMBL53203__state02,ERBB2__CHEMBL53203,CHEMBL53203,ERBB2,CHEMBL1132213,2,C=CC(=O)Nc1ccc2nc[nH]c(=Nc3ccc(Oc4ccccc4)cc3)c2c1,0,data/quantum/erbB_xyz/ERBB2__CHEMBL53203__state02.xyz
ERBB2__CHEMBL53203__state03,ERBB2__CHEMBL53203,CHEMBL53203,ERBB2,CHEMBL1132213,3,C=CC(O)=Nc1ccc2[nH]cnc(=Nc3ccc(Oc4ccccc4)cc3)c2c1,0,data/quantum/erbB_xyz/ERBB2__CHEMBL53203__state03.xyz
ERBB2__CHEMBL53555__state00,ERBB2__CHEMBL53555,CHEMBL53555,ERBB2,CHEMBL1132213,0,C=CC(=O)Nc1cc2c(Nc3ccc(F)c(Cl)c3)ncnc2cn1,0,data/quantum/erbB_xyz/ERBB2__CHEMBL53555__state00.xyz
ERBB2__CHEMBL53555__state01,ERBB2__CHEMBL53555,CHEMBL53555,ERBB2,CHEMBL1132213,1,C=CC(=O)N=c1cc2c(=Nc3ccc(F)c(Cl)c3)[nH]cnc2c[nH]1,0,data/quantum/erbB_xyz/ERBB2__CHEMBL53555__state01.xyz
ERBB2__CHEMBL53555__state02,ERBB2__CHEMBL53555,CHEMBL53555,ERBB2,CHEMBL1132213,2,C=CC(=O)N=c1cc2c(=Nc3ccc(F)c(Cl)c3)nc[nH]c2c[nH]1,0,data/quantum/erbB_xyz/ERBB2__CHEMBL53555__state02.xyz
ERBB2__CHEMBL53555__state03,ERBB2__CHEMBL53555,CHEMBL53555,ERBB2,CHEMBL1132213,3,C=CC(=O)N=c1cc2c(Nc3ccc(F)c(Cl)c3)ncnc2c[nH]1,0,data/quantum/erbB_xyz/ERBB2__CHEMBL53555__state03.xyz
ERBB2__CHEMBL53665__state00,ERBB2__CHEMBL53665,CHEMBL53665,ERBB2,CHEMBL1132213,0,C=CC(=O)Nc1ccc2ncnc(Nc3ccc(F)c(Br)c3)c2n1,0,data/quantum/erbB_xyz/ERBB2__CHEMBL53665__state00.xyz
ERBB2__CHEMBL53665__state01,ERBB2__CHEMBL53665,CHEMBL53665,ERBB2,CHEMBL1132213,1,C=CC(=O)N=c1ccc2[nH]cnc(=Nc3ccc(F)c(Br)c3)c2[nH]1,0,data/quantum/erbB_xyz/ERBB2__CHEMBL53665__state01.xyz
ERBB2__CHEMBL53665__state02,ERBB2__CHEMBL53665,CHEMBL53665,ERBB2,CHEMBL1132213,2,C=CC(=O)N=c1ccc2nc[nH]c(=Nc3ccc(F)c(Br)c3)c2[nH]1,0,data/quantum/erbB_xyz/ERBB2__CHEMBL53665__state02.xyz
ERBB2__CHEMBL53665__state03,ERBB2__CHEMBL53665,CHEMBL53665,ERBB2,CHEMBL1132213,3,C=CC(=O)N=c1ccc2ncnc(Nc3ccc(F)c(Br)c3)c2[nH]1,0,data/quantum/erbB_xyz/ERBB2__CHEMBL53665__state03.xyz
ERBB2__CHEMBL53898__state00,ERBB2__CHEMBL53898,CHEMBL53898,ERBB2,CHEMBL1136802,0,N#C/C(=C\c1ccc(O)c(O)c1)C(=O)NCCCc1ccccc1,0,data/quantum/erbB_xyz/ERBB2__CHEMBL53898__state00.xyz
ERBB2__CHEMBL53898__state01,ERBB2__CHEMBL53898,CHEMBL53898,ERBB2,CHEMBL1136802,1,N#CC(=CC1=CC(=O)C(O)C=C1)C(=O)NCCCc1ccccc1,0,data/quantum/erbB_xyz/ERBB2__CHEMBL53898__state01.xyz
ERBB2__CHEMBL53898__state02,ERBB2__CHEMBL53898,CHEMBL53898,ERBB2,CHEMBL1136802,2,N#CC(=CC1=CC(=O)C(O)C=C1)C(O)=NCCCc1ccccc1,0,data/quantum/erbB_xyz/ERBB2__CHEMBL53898__state02.xyz
ERBB2__CHEMBL53898__state03,ERBB2__CHEMBL53898,CHEMBL53898,ERBB2,CHEMBL1136802,3,N#CC(=CC1=CC(O)C(=O)C=C1)C(=O)NCCCc1ccccc1,0,data/quantum/erbB_xyz/ERBB2__CHEMBL53898__state03.xyz
ERBB2__CHEMBL54088__state00,ERBB2__CHEMBL54088,CHEMBL54088,ERBB2,CHEMBL1132213,0,C=CC(=O)Nc1cc2c(Nc3cccc(C)c3)ncnc2cn1,0,data/quantum/erbB_xyz/ERBB2__CHEMBL54088__state00.xyz
ERBB2__CHEMBL54088__state01,ERBB2__CHEMBL54088,CHEMBL54088,ERBB2,CHEMBL1132213,1,C=CC(=O)N=c1cc2c(=Nc3cccc(C)c3)[nH]cnc2c[nH]1,0,data/quantum/erbB_xyz/ERBB2__CHEMBL54088__state01.xyz
ERBB2__CHEMBL54088__state02,ERBB2__CHEMBL54088,CHEMBL54088,ERBB2,CHEMBL1132213,2,C=CC(=O)N=c1cc2c(=Nc3cccc(C)c3)nc[nH]c2c[nH]1,0,data/quantum/erbB_xyz/ERBB2__CHEMBL54088__state02.xyz
ERBB2__CHEMBL54088__state03,ERBB2__CHEMBL54088,CHEMBL54088,ERBB2,CHEMBL1132213,3,C=CC(=O)N=c1cc2c(Nc3cccc(C)c3)ncnc2c[nH]1,0,data/quantum/erbB_xyz/ERBB2__CHEMBL54088__state03.xyz
ERBB2__CHEMBL54091__state00,ERBB2__CHEMBL54091,CHEMBL54091,ERBB2,CHEMBL1132213,0,C=CC(=O)Nc1cc2c(Nc3ccc(F)c(Br)c3)ncnc2cn1,0,data/quantum/erbB_xyz/ERBB2__CHEMBL54091__state00.xyz
ERBB2__CHEMBL54091__state01,ERBB2__CHEMBL54091,CHEMBL54091,ERBB2,CHEMBL1132213,1,C=CC(=O)N=c1cc2c(=Nc3ccc(F)c(Br)c3)[nH]cnc2c[nH]1,0,data/quantum/erbB_xyz/ERBB2__CHEMBL54091__state01.xyz
ERBB2__CHEMBL54091__state02,ERBB2__CHEMBL54091,CHEMBL54091,ERBB2,CHEMBL1132213,2,C=CC(=O)N=c1cc2c(=Nc3ccc(F)c(Br)c3)nc[nH]c2c[nH]1,0,data/quantum/erbB_xyz/ERBB2__CHEMBL54091__state02.xyz
ERBB2__CHEMBL54091__state03,ERBB2__CHEMBL54091,CHEMBL54091,ERBB2,CHEMBL1132213,3,C=CC(=O)N=c1cc2c(Nc3ccc(F)c(Br)c3)ncnc2c[nH]1,0,data/quantum/erbB_xyz/ERBB2__CHEMBL54091__state03.xyz
ERBB2__CHEMBL545315__state00,ERBB2__CHEMBL545315,CHEMBL545315,ERBB2,CHEMBL1134843,0,C=CC(=O)Nc1cc2c(Nc3ccc(F)c(Cl)c3)ncnc2cc1OCCCN1CCOCC1.Cl.Cl,0,data/quantum/erbB_xyz/ERBB2__CHEMBL545315__state00.xyz
ERBB2__CHEMBL545315__state01,ERBB2__CHEMBL545315,CHEMBL545315,ERBB2,CHEMBL1134843,1,C=CC(=O)Nc1cc2c(=Nc3ccc(F)c(Cl)c3)[nH]cnc2cc1OCCCN1CCOCC1.Cl.Cl,0,data/quantum/erbB_xyz/ERBB2__CHEMBL545315__state01.xyz
ERBB2__CHEMBL545315__state02,ERBB2__CHEMBL545315,CHEMBL545315,ERBB2,CHEMBL1134843,2,C=CC(=O)Nc1cc2c(=Nc3ccc(F)c(Cl)c3)nc[nH]c2cc1OCCCN1CCOCC1.Cl.Cl,0,data/quantum/erbB_xyz/ERBB2__CHEMBL545315__state02.xyz
ERBB2__CHEMBL545315__state03,ERBB2__CHEMBL545315,CHEMBL545315,ERBB2,CHEMBL1134843,3,C=CC(O)=Nc1cc2c(=Nc3ccc(F)c(Cl)c3)[nH]cnc2cc1OCCCN1CCOCC1.Cl.Cl,0,data/quantum/erbB_xyz/ERBB2__CHEMBL545315__state03.xyz
ERBB2__CHEMBL55360__state00,ERBB2__CHEMBL55360,CHEMBL55360,ERBB2,CHEMBL1136802,0,Cc1cccc(C)c1NC(=O)/C(C#N)=C/c1ccc(O)c(O)c1,0,data/quantum/erbB_xyz/ERBB2__CHEMBL55360__state00.xyz
ERBB2__CHEMBL55360__state01,ERBB2__CHEMBL55360,CHEMBL55360,ERBB2,CHEMBL1136802,1,Cc1cccc(C)c1N=C(O)C(C#N)=Cc1ccc(O)c(O)c1,0,data/quantum/erbB_xyz/ERBB2__CHEMBL55360__state01.xyz
ERBB2__CHEMBL55360__state02,ERBB2__CHEMBL55360,CHEMBL55360,ERBB2,CHEMBL1136802,2,Cc1cccc(C)c1N=C(O)C(C#N)C=C1C=CC(=O)C(O)=C1,0,data/quantum/erbB_xyz/ERBB2__CHEMBL55360__state02.xyz
ERBB2__CHEMBL55360__state03,ERBB2__CHEMBL55360,CHEMBL55360,ERBB2,CHEMBL1136802,3,Cc1cccc(C)c1N=C(O)C(C#N)CC1=CC(=O)C(=O)C=C1,0,data/quantum/erbB_xyz/ERBB2__CHEMBL55360__state03.xyz
ERBB2__CHEMBL55979__state00,ERBB2__CHEMBL55979,CHEMBL55979,ERBB2,CHEMBL1136802,0,CC(NC(=O)/C(C#N)=C/c1ccc(O)c(O)c1)c1ccccc1,0,data/quantum/erbB_xyz/ERBB2__CHEMBL55979__state00.xyz
ERBB2__CHEMBL55979__state01,ERBB2__CHEMBL55979,CHEMBL55979,ERBB2,CHEMBL1136802,1,CC(N=C(O)C(C#N)=Cc1ccc(O)c(O)c1)c1ccccc1,0,data/quantum/erbB_xyz/ERBB2__CHEMBL55979__state01.xyz
ERBB2__CHEMBL55979__state02,ERBB2__CHEMBL55979,CHEMBL55979,ERBB2,CHEMBL1136802,2,CC(N=C(O)C(C#N)C=C1C=CC(=O)C(O)=C1)c1ccccc1,0,data/quantum/erbB_xyz/ERBB2__CHEMBL55979__state02.xyz
ERBB2__CHEMBL55979__state03,ERBB2__CHEMBL55979,CHEMBL55979,ERBB2,CHEMBL1136802,3,CC(N=C(O)C(C#N)CC1=CC(=O)C(=O)C=C1)c1ccccc1,0,data/quantum/erbB_xyz/ERBB2__CHEMBL55979__state03.xyz
ERBB2__CHEMBL56219__state00,ERBB2__CHEMBL56219,CHEMBL56219,ERBB2,CHEMBL1136802,0,N#C/C(=C\c1ccc(O)c(O)c1)C(=O)Nc1ccccc1Cl,0,data/quantum/erbB_xyz/ERBB2__CHEMBL56219__state00.xyz
ERBB2__CHEMBL56219__state01,ERBB2__CHEMBL56219,CHEMBL56219,ERBB2,CHEMBL1136802,1,N#CC(=CC1=CC(=O)C(O)C=C1)C(=O)Nc1ccccc1Cl,0,data/quantum/erbB_xyz/ERBB2__CHEMBL56219__state01.xyz
ERBB2__CHEMBL56219__state02,ERBB2__CHEMBL56219,CHEMBL56219,ERBB2,CHEMBL1136802,2,N#CC(=CC1=CC(=O)C(O)C=C1)C(O)=Nc1ccccc1Cl,0,data/quantum/erbB_xyz/ERBB2__CHEMBL56219__state02.xyz
ERBB2__CHEMBL56219__state03,ERBB2__CHEMBL56219,CHEMBL56219,ERBB2,CHEMBL1136802,3,N#CC(=CC1=CC(O)C(=O)C=C1)C(=O)Nc1ccccc1Cl,0,data/quantum/erbB_xyz/ERBB2__CHEMBL56219__state03.xyz
ERBB2__CHEMBL56319__state00,ERBB2__CHEMBL56319,CHEMBL56319,ERBB2,CHEMBL1136802,0,CCOC(=O)C(Cc1ccccc1)NC(=O)/C(C#N)=C/c1ccc(O)c(O)c1,0,data/quantum/erbB_xyz/ERBB2__CHEMBL56319__state00.xyz
ERBB2__CHEMBL56319__state01,ERBB2__CHEMBL56319,CHEMBL56319,ERBB2,CHEMBL1136802,1,CCOC(=O)C(Cc1ccccc1)N=C(O)C(C#N)=Cc1ccc(O)c(O)c1,0,data/quantum/erbB_xyz/ERBB2__CHEMBL56319__state01.xyz
ERBB2__CHEMBL56319__state02,ERBB2__CHEMBL56319,CHEMBL56319,ERBB2,CHEMBL1136802,2,CCOC(=O)C(Cc1ccccc1)N=C(O)C(C#N)C=C1C=CC(=O)C(O)=C1,0,data/quantum/erbB_xyz/ERBB2__CHEMBL56319__state02.xyz
ERBB2__CHEMBL56319__state03,ERBB2__CHEMBL56319,CHEMBL56319,ERBB2,CHEMBL1136802,3,CCOC(=O)C(Cc1ccccc1)NC(=O)/C(C#N)=C/C1=CC(O)C(=O)C=C1,0,data/quantum/erbB_xyz/ERBB2__CHEMBL56319__state03.xyz
ERBB2__CHEMBL56543__state00,ERBB2__CHEMBL56543,CHEMBL56543,ERBB2,CHEMBL1136802,0,N#C/C(=C\c1ccc(O)c(O)c1)C(=O)NCc1ccccc1,0,data/quantum/erbB_xyz/ERBB2__CHEMBL56543__state00.xyz
ERBB2__CHEMBL56543__state01,ERBB2__CHEMBL56543,CHEMBL56543,ERBB2,CHEMBL1136802,1,N#CC(=CC1=CC(=O)C(O)C=C1)C(=O)NCc1ccccc1,0,data/quantum/erbB_xyz/ERBB2__CHEMBL56543__state01.xyz
ERBB2__CHEMBL56543__state02,ERBB2__CHEMBL56543,CHEMBL56543,ERBB2,CHEMBL1136802,2,N#CC(=CC1=CC(=O)C(O)C=C1)C(O)=NCc1ccccc1,0,data/quantum/erbB_xyz/ERBB2__CHEMBL56543__state02.xyz
ERBB2__CHEMBL56543__state03,ERBB2__CHEMBL56543,CHEMBL56543,ERBB2,CHEMBL1136802,3,N#CC(=CC1=CC(O)C(=O)C=C1)C(=O)NCc1ccccc1,0,data/quantum/erbB_xyz/ERBB2__CHEMBL56543__state03.xyz
ERBB2__CHEMBL56731__state00,ERBB2__CHEMBL56731,CHEMBL56731,ERBB2,CHEMBL1136802,0,N#C/C(=C\c1ccc(O)c(O)c1)C(=O)Nc1ccccc1,0,data/quantum/erbB_xyz/ERBB2__CHEMBL56731__state00.xyz
ERBB2__CHEMBL56731__state01,ERBB2__CHEMBL56731,CHEMBL56731,ERBB2,CHEMBL1136802,1,N#CC(=CC1=CC(=O)C(O)C=C1)C(=O)Nc1ccccc1,0,data/quantum/erbB_xyz/ERBB2__CHEMBL56731__state01.xyz
ERBB2__CHEMBL56731__state02,ERBB2__CHEMBL56731,CHEMBL56731,ERBB2,CHEMBL1136802,2,N#CC(=CC1=CC(=O)C(O)C=C1)C(O)=Nc1ccccc1,0,data/quantum/erbB_xyz/ERBB2__CHEMBL56731__state02.xyz
ERBB2__CHEMBL56731__state03,ERBB2__CHEMBL56731,CHEMBL56731,ERBB2,CHEMBL1136802,3,N#CC(=CC1=CC(O)C(=O)C=C1)C(=O)Nc1ccccc1,0,data/quantum/erbB_xyz/ERBB2__CHEMBL56731__state03.xyz
ERBB2__CHEMBL569880__state00,ERBB2__CHEMBL569880,CHEMBL569880,ERBB2,CHEMBL1154692,0,C=CC(=O)N1CCC[C@H]1C(=O)Nc1cc2c(Nc3ccc(F)c(Cl)c3F)ncnc2cc1OCCOC,0,data/quantum/erbB_xyz/ERBB2__CHEMBL569880__state00.xyz
ERBB2__CHEMBL569880__state01,ERBB2__CHEMBL569880,CHEMBL569880,ERBB2,CHEMBL1154692,1,C=CC(=O)N1CCCC1=C(O)Nc1cc2c(=Nc3ccc(F)c(Cl)c3F)[nH]cnc2cc1OCCOC,0,data/quantum/erbB_xyz/ERBB2__CHEMBL569880__state01.xyz
ERBB2__CHEMBL569880__state02,ERBB2__CHEMBL569880,CHEMBL569880,ERBB2,CHEMBL1154692,2,C=CC(=O)N1CCCC1=C(O)Nc1cc2c(=Nc3ccc(F)c(Cl)c3F)nc[nH]c2cc1OCCOC,0,data/quantum/erbB_xyz/ERBB2__CHEMBL569880__state02.xyz
ERBB2__CHEMBL569880__state03,ERBB2__CHEMBL569880,CHEMBL569880,ERBB2,CHEMBL1154692,3,C=CC(=O)N1CCCC1=C(O)Nc1cc2c(Nc3ccc(F)c(Cl)c3F)ncnc2cc1OCCOC,0,data/quantum/erbB_xyz/ERBB2__CHEMBL569880__state03.xyz
ERBB2__CHEMBL571040__state00,ERBB2__CHEMBL571040,CHEMBL571040,ERBB2,CHEMBL1154692,0,C=CC(=O)N1CCC[C@H]1C(=O)Nc1cc2c(Nc3cccc(Cl)c3F)ncnc2cc1OCCOC,0,data/quantum/erbB_xyz/ERBB2__CHEMBL571040__state00.xyz
ERBB2__CHEMBL571040__state01,ERBB2__CHEMBL571040,CHEMBL571040,ERBB2,CHEMBL1154692,1,C=CC(=O)N1CCCC1=C(O)Nc1cc2c(=Nc3cccc(Cl)c3F)[nH]cnc2cc1OCCOC,0,data/quantum/erbB_xyz/ERBB2__CHEMBL571040__state01.xyz
ERBB2__CHEMBL571040__state02,ERBB2__CHEMBL571040,CHEMBL571040,ERBB2,CHEMBL1154692,2,C=CC(=O)N1CCCC1=C(O)Nc1cc2c(=Nc3cccc(Cl)c3F)nc[nH]c2cc1OCCOC,0,data/quantum/erbB_xyz/ERBB2__CHEMBL571040__state02.xyz
ERBB2__CHEMBL571040__state03,ERBB2__CHEMBL571040,CHEMBL571040,ERBB2,CHEMBL1154692,3,C=CC(=O)N1CCCC1=C(O)Nc1cc2c(Nc3cccc(Cl)c3F)ncnc2cc1OCCOC,0,data/quantum/erbB_xyz/ERBB2__CHEMBL571040__state03.xyz
ERBB2__CHEMBL57251__state00,ERBB2__CHEMBL57251,CHEMBL57251,ERBB2,CHEMBL1136802,0,COc1ccc(NC(=O)/C(C#N)=C/c2ccc(O)c(O)c2)c(OC)c1,0,data/quantum/erbB_xyz/ERBB2__CHEMBL57251__state00.xyz
ERBB2__CHEMBL57251__state01,ERBB2__CHEMBL57251,CHEMBL57251,ERBB2,CHEMBL1136802,1,COc1ccc(N=C(O)C(C#N)=Cc2ccc(O)c(O)c2)c(OC)c1,0,data/quantum/erbB_xyz/ERBB2__CHEMBL57251__state01.xyz
ERBB2__CHEMBL57251__state02,ERBB2__CHEMBL57251,CHEMBL57251,ERBB2,CHEMBL1136802,2,COc1ccc(N=C(O)C(C#N)C=C2C=CC(=O)C(O)=C2)c(OC)c1,0,data/quantum/erbB_xyz/ERBB2__CHEMBL57251__state02.xyz
ERBB2__CHEMBL57251__state03,ERBB2__CHEMBL57251,CHEMBL57251,ERBB2,CHEMBL1136802,3,COc1ccc(N=C(O)C(C#N)CC2=CC(=O)C(=O)C=C2)c(OC)c1,0,data/quantum/erbB_xyz/ERBB2__CHEMBL57251__state03.xyz
ERBB2__CHEMBL597492__state00,ERBB2__CHEMBL597492,CHEMBL597492,ERBB2,CHEMBL1158526,0,COc1cc(C2=C(c3c[nH]c4ccc(I)cc34)C(=O)NC2=O)cc(OC)c1OC,0,data/quantum/erbB_xyz/ERBB2__CHEMBL597492__state00.xyz
ERBB2__CHEMBL597492__state01,ERBB2__CHEMBL597492,CHEMBL597492,ERBB2,CHEMBL1158526,1,COc1cc(C2=C(C3C=Nc4ccc(I)cc43)C(=O)N=C2O)cc(OC)c1OC,0,data/quantum/erbB_xyz/ERBB2__CHEMBL597492__state01.xyz
ERBB2__CHEMBL597492__state02,ERBB2__CHEMBL597492,CHEMBL597492,ERBB2,CHEMBL1158526,2,COc1cc(C2=C(C3C=Nc4ccc(I)cc43)C(=O)NC2=O)cc(OC)c1OC,0,data/quantum/erbB_xyz/ERBB2__CHEMBL597492__state02.xyz
ERBB2__CHEMBL597492__state03,ERBB2__CHEMBL597492,CHEMBL597492,ERBB2,CHEMBL1158526,3,COc1cc(C2=C(C3C=Nc4ccc(I)cc43)C(O)=NC2=O)cc(OC)c1OC,0,data/quantum/erbB_xyz/ERBB2__CHEMBL597492__state03.xyz
ERBB2__CHEMBL605957__state00,ERBB2__CHEMBL605957,CHEMBL605957,ERBB2,CHEMBL1158526,0,COc1cc(C2=C(c3c[nH]c4ccc(Br)cc34)C(=O)NC2=O)cc(OC)c1OC,0,data/quantum/erbB_xyz/ERBB2__CHEMBL605957__state00.xyz
ERBB2__CHEMBL605957__state01,ERBB2__CHEMBL605957,CHEMBL605957,ERBB2,CHEMBL1158526,1,COc1cc(C2=C(C3C=Nc4ccc(Br)cc43)C(=O)N=C2O)cc(OC)c1OC,0,data/quantum/erbB_xyz/ERBB2__CHEMBL605957__state01.xyz
ERBB2__CHEMBL605957__state02,ERBB2__CHEMBL605957,CHEMBL605957,ERBB2,CHEMBL1158526,2,COc1cc(C2=C(C3C=Nc4ccc(Br)cc43)C(=O)NC2=O)cc(OC)c1OC,0,data/quantum/erbB_xyz/ERBB2__CHEMBL605957__state02.xyz
ERBB2__CHEMBL605957__state03,ERBB2__CHEMBL605957,CHEMBL605957,ERBB2,CHEMBL1158526,3,COc1cc(C2=C(C3C=Nc4ccc(Br)cc43)C(O)=NC2=O)cc(OC)c1OC,0,data/quantum/erbB_xyz/ERBB2__CHEMBL605957__state03.xyz
ERBB2__CHEMBL66570__state00,ERBB2__CHEMBL66570,CHEMBL66570,ERBB2,CHEMBL1134862,0,CCN1CCN(C(=O)c2cc(C)c(/C=C3\C(=O)Nc4ncnc(Nc5ccc(F)c(Cl)c5)c43)[nH]2)CC1,0,data/quantum/erbB_xyz/ERBB2__CHEMBL66570__state00.xyz
ERBB2__CHEMBL66570__state01,ERBB2__CHEMBL66570,CHEMBL66570,ERBB2,CHEMBL1134862,1,C=c1cc(C(=O)N2CCN(CC)CC2)[nH]c1=CC1C(=O)Nc2ncnc(Nc3ccc(F)c(Cl)c3)c21,0,data/quantum/erbB_xyz/ERBB2__CHEMBL66570__state01.xyz
ERBB2__CHEMBL66570__state02,ERBB2__CHEMBL66570,CHEMBL66570,ERBB2,CHEMBL1134862,2,C=c1cc(C(=O)N2CCN(CC)CC2)[nH]c1=Cc1c(O)[nH]c2ncnc(Nc3ccc(F)c(Cl)c3)c12,0,data/quantum/erbB_xyz/ERBB2__CHEMBL66570__state02.xyz
ERBB2__CHEMBL66570__state03,ERBB2__CHEMBL66570,CHEMBL66570,ERBB2,CHEMBL1134862,3,CCN1CCN(C(=O)C2=NC(=CC3C(=O)Nc4ncnc(Nc5ccc(F)c(Cl)c5)c43)C(C)=C2)CC1,0,data/quantum/erbB_xyz/ERBB2__CHEMBL66570__state03.xyz
ERBB2__CHEMBL67003__state00,ERBB2__CHEMBL67003,CHEMBL67003,ERBB2,CHEMBL1134862,0,Cc1cc(C(=O)N2CCOCC2)[nH]c1/C=C1\C(=O)Nc2ncnc(Nc3ccc4c(cnn4Cc4ccccc4)c3)c21,0,data/quantum/erbB_xyz/ERBB2__CHEMBL67003__state00.xyz
ERBB2__CHEMBL67003__state01,ERBB2__CHEMBL67003,CHEMBL67003,ERBB2,CHEMBL1134862,1,C=c1cc(C(=O)N2CCOCC2)[nH]c1=Cc1c(O)[nH]c2ncnc(Nc3ccc4c(cnn4Cc4ccccc4)c3)c12,0,data/quantum/erbB_xyz/ERBB2__CHEMBL67003__state01.xyz
ERBB2__CHEMBL67003__state02,ERBB2__CHEMBL67003,CHEMBL67003,ERBB2,CHEMBL1134862,2,CC1=CC(=C(O)N2CCOCC2)N=C1C=C1C(=O)Nc2ncnc(Nc3ccc4c(cnn4Cc4ccccc4)c3)c21,0,data/quantum/erbB_xyz/ERBB2__CHEMBL67003__state02.xyz
ERBB2__CHEMBL67003__state03,ERBB2__CHEMBL67003,CHEMBL67003,ERBB2,CHEMBL1134862,3,CC1=CC(C(=O)N2CCOCC2)=NC1=CC1C(=O)Nc2ncnc(Nc3ccc4c(cnn4Cc4ccccc4)c3)c21,0,data/quantum/erbB_xyz/ERBB2__CHEMBL67003__state03.xyz
ERBB2__CHEMBL67057__state00,ERBB2__CHEMBL67057,CHEMBL67057,ERBB2,CHEMBL1134862,0,Cc1cc(C(=O)N2CCOCC2)[nH]c1/C=C1\C(=O)Nc2ncnc(Nc3ccc4c(ccn4Cc4ccccc4)c3)c21,0,data/quantum/erbB_xyz/ERBB2__CHEMBL67057__state00.xyz
ERBB2__CHEMBL67057__state01,ERBB2__CHEMBL67057,CHEMBL67057,ERBB2,CHEMBL1134862,1,C=c1cc(C(=O)N2CCOCC2)[nH]c1=Cc1c(O)[nH]c2ncnc(Nc3ccc4c(ccn4Cc4ccccc4)c3)c12,0,data/quantum/erbB_xyz/ERBB2__CHEMBL67057__state01.xyz
ERBB2__CHEMBL67057__state02,ERBB2__CHEMBL67057,CHEMBL67057,ERBB2,CHEMBL1134862,2,CC1=CC(=C(O)N2CCOCC2)N=C1C=C1C(=O)Nc2ncnc(Nc3ccc4c(ccn4Cc4ccccc4)c3)c21,0,data/quantum/erbB_xyz/ERBB2__CHEMBL67057__state02.xyz
ERBB2__CHEMBL67057__state03,ERBB2__CHEMBL67057,CHEMBL67057,ERBB2,CHEMBL1134862,3,CC1=CC(C(=O)N2CCOCC2)=NC1=CC1C(=O)Nc2ncnc(Nc3ccc4c(ccn4Cc4ccccc4)c3)c21,0,data/quantum/erbB_xyz/ERBB2__CHEMBL67057__state03.xyz
ERBB2__CHEMBL68920__state00,ERBB2__CHEMBL68920,CHEMBL68920,ERBB2,CHEMBL1134862,0,Cc1cc(C)c(/C=C2\C(=O)Nc3ncnc(Nc4ccc(F)c(Cl)c4)c32)[nH]1,0,data/quantum/erbB_xyz/ERBB2__CHEMBL68920__state00.xyz
ERBB2__CHEMBL68920__state01,ERBB2__CHEMBL68920,CHEMBL68920,ERBB2,CHEMBL1134862,1,C=c1cc(C)[nH]c1=Cc1c(O)[nH]c2ncnc(Nc3ccc(F)c(Cl)c3)c12,0,data/quantum/erbB_xyz/ERBB2__CHEMBL68920__state01.xyz
ERBB2__CHEMBL68920__state02,ERBB2__CHEMBL68920,CHEMBL68920,ERBB2,CHEMBL1134862,2,CC1=CC(C)=NC1=CC1C(=O)Nc2ncnc(Nc3ccc(F)c(Cl)c3)c21,0,data/quantum/erbB_xyz/ERBB2__CHEMBL68920__state02.xyz
ERBB2__CHEMBL68920__state03,ERBB2__CHEMBL68920,CHEMBL68920,ERBB2,CHEMBL1134862,3,CC1=CC(C)=NC1=Cc1c(O)[nH]c2ncnc(Nc3ccc(F)c(Cl)c3)c12,0,data/quantum/erbB_xyz/ERBB2__CHEMBL68920__state03.xyz
ERBB2__CHEMBL69071__state00,ERBB2__CHEMBL69071,CHEMBL69071,ERBB2,CHEMBL1134862,0,Cc1cc(C(=O)N2CC(C)NC(C)C2)[nH]c1/C=C1\C(=O)Nc2ncnc(Nc3ccc(F)c(Cl)c3)c21,0,data/quantum/erbB_xyz/ERBB2__CHEMBL69071__state00.xyz
ERBB2__CHEMBL69071__state01,ERBB2__CHEMBL69071,CHEMBL69071,ERBB2,CHEMBL1134862,1,C=c1cc(C(=O)N2CC(C)NC(C)C2)[nH]c1=Cc1c(O)[nH]c2ncnc(Nc3ccc(F)c(Cl)c3)c12,0,data/quantum/erbB_xyz/ERBB2__CHEMBL69071__state01.xyz
ERBB2__CHEMBL69071__state02,ERBB2__CHEMBL69071,CHEMBL69071,ERBB2,CHEMBL1134862,2,CC1=CC(=C(O)N2CC(C)NC(C)C2)N=C1C=C1C(=O)Nc2ncnc(Nc3ccc(F)c(Cl)c3)c21,0,data/quantum/erbB_xyz/ERBB2__CHEMBL69071__state02.xyz
ERBB2__CHEMBL69071__state03,ERBB2__CHEMBL69071,CHEMBL69071,ERBB2,CHEMBL1134862,3,CC1=CC(C(=O)N2CC(C)NC(C)C2)=NC1=CC1C(=O)Nc2ncnc(Nc3ccc(F)c(Cl)c3)c21,0,data/quantum/erbB_xyz/ERBB2__CHEMBL69071__state03.xyz
ERBB2__CHEMBL69358__state00,ERBB2__CHEMBL69358,CHEMBL69358,ERBB2,CHEMBL1134862,0,CCN(CC)CCNC(=O)c1cc(C)c(/C=C2\C(=O)Nc3ncnc(Nc4ccc(F)c(Cl)c4)c32)[nH]1,0,data/quantum/erbB_xyz/ERBB2__CHEMBL69358__state00.xyz
ERBB2__CHEMBL69358__state01,ERBB2__CHEMBL69358,CHEMBL69358,ERBB2,CHEMBL1134862,1,C=c1cc(C(=O)NCCN(CC)CC)[nH]c1=CC1C(=O)Nc2ncnc(Nc3ccc(F)c(Cl)c3)c21,0,data/quantum/erbB_xyz/ERBB2__CHEMBL69358__state01.xyz
ERBB2__CHEMBL69358__state02,ERBB2__CHEMBL69358,CHEMBL69358,ERBB2,CHEMBL1134862,2,C=c1cc(C(=O)NCCN(CC)CC)[nH]c1=Cc1c(O)[nH]c2ncnc(Nc3ccc(F)c(Cl)c3)c12,0,data/quantum/erbB_xyz/ERBB2__CHEMBL69358__state02.xyz
ERBB2__CHEMBL69358__state03,ERBB2__CHEMBL69358,CHEMBL69358,ERBB2,CHEMBL1134862,3,CCN(CC)CCN=C(O)c1cc(C)c(C=C2C(=O)Nc3ncnc(Nc4ccc(F)c(Cl)c4)c32)[nH]1,0,data/quantum/erbB_xyz/ERBB2__CHEMBL69358__state03.xyz
ERBB2__CHEMBL69629__state00,ERBB2__CHEMBL69629,CHEMBL69629,ERBB2,CHEMBL1134862,0,Cc1cc(C(=O)NCCN2CCOCC2)[nH]c1/C=C1\C(=O)Nc2ncnc(Nc3ccc(F)c(Cl)c3)c21,0,data/quantum/erbB_xyz/ERBB2__CHEMBL69629__state00.xyz
ERBB2__CHEMBL69629__state01,ERBB2__CHEMBL69629,CHEMBL69629,ERBB2,CHEMBL1134862,1,C=c1cc(C(=O)NCCN2CCOCC2)[nH]c1=Cc1c(O)[nH]c2ncnc(Nc3ccc(F)c(Cl)c3)c12,0,data/quantum/erbB_xyz/ERBB2__CHEMBL69629__state01.xyz
ERBB2__CHEMBL69629__state02,ERBB2__CHEMBL69629,CHEMBL69629,ERBB2,CHEMBL1134862,2,CC1=CC(=C(O)NCCN2CCOCC2)N=C1C=C1C(=O)Nc2ncnc(Nc3ccc(F)c(Cl)c3)c21,0,data/quantum/erbB_xyz/ERBB2__CHEMBL69629__state02.xyz
ERBB2__CHEMBL69629__state03,ERBB2__CHEMBL69629,CHEMBL69629,ERBB2,CHEMBL1134862,3,CC1=CC(C(=O)NCCN2CCOCC2)=NC1=CC1C(=O)Nc2ncnc(Nc3ccc(F)c(Cl)c3)c21,0,data/quantum/erbB_xyz/ERBB2__CHEMBL69629__state03.xyz
ERBB2__CHEMBL69960__state00,ERBB2__CHEMBL69960,CHEMBL69960,ERBB2,CHEMBL1134862,0,Cc1cc(C(=O)N2CCOCC2)[nH]c1/C=C1\C(=O)Nc2ncnc(Nc3ccc(F)c(Cl)c3)c21,0,data/quantum/erbB_xyz/ERBB2__CHEMBL69960__state00.xyz
ERBB2__CHEMBL69960__state01,ERBB2__CHEMBL69960,CHEMBL69960,ERBB2,CHEMBL1134862,1,C=c1cc(C(=O)N2CCOCC2)[nH]c1=Cc1c(O)[nH]c2ncnc(Nc3ccc(F)c(Cl)c3)c12,0,data/quantum/erbB_xyz/ERBB2__CHEMBL69960__state01.xyz
ERBB2__CHEMBL69960__state02,ERBB2__CHEMBL69960,CHEMBL69960,ERBB2,CHEMBL1134862,2,CC1=CC(=C(O)N2CCOCC2)N=C1C=C1C(=O)Nc2ncnc(Nc3ccc(F)c(Cl)c3)c21,0,data/quantum/erbB_xyz/ERBB2__CHEMBL69960__state02.xyz
ERBB2__CHEMBL69960__state03,ERBB2__CHEMBL69960,CHEMBL69960,ERBB2,CHEMBL1134862,3,CC1=CC(C(=O)N2CCOCC2)=NC1=CC1C(=O)Nc2ncnc(Nc3ccc(F)c(Cl)c3)c21,0,data/quantum/erbB_xyz/ERBB2__CHEMBL69960__state03.xyz
ERBB2__CHEMBL69966__state00,ERBB2__CHEMBL69966,CHEMBL69966,ERBB2,CHEMBL1134862,0,C#Cc1cccc(Nc2ncnc3c2/C(=C/c2[nH]c(C(=O)NCCN4CCOCC4)cc2C)C(=O)N3)c1,0,data/quantum/erbB_xyz/ERBB2__CHEMBL69966__state00.xyz
ERBB2__CHEMBL69966__state01,ERBB2__CHEMBL69966,CHEMBL69966,ERBB2,CHEMBL1134862,1,C#Cc1cccc(N=c2[nH]cnc3c2C(=Cc2[nH]c(C(=O)NCCN4CCOCC4)cc2C)C(=O)N3)c1,0,data/quantum/erbB_xyz/ERBB2__CHEMBL69966__state01.xyz
ERBB2__CHEMBL69966__state02,ERBB2__CHEMBL69966,CHEMBL69966,ERBB2,CHEMBL1134862,2,C#Cc1cccc(N=c2[nH]cnc3c2C(=Cc2[nH]c(C(=O)NCCN4CCOCC4)cc2C)C(O)=N3)c1,0,data/quantum/erbB_xyz/ERBB2__CHEMBL69966__state02.xyz
ERBB2__CHEMBL69966__state03,ERBB2__CHEMBL69966,CHEMBL69966,ERBB2,CHEMBL1134862,3,C#Cc1cccc(N=c2nc[nH]c3c2C(=Cc2[nH]c(C(=O)NCCN4CCOCC4)cc2C)C(=O)N3)c1,0,data/quantum/erbB_xyz/ERBB2__CHEMBL69966__state03.xyz
ERBB2__CHEMBL86326__state00,ERBB2__CHEMBL86326,CHEMBL86326,ERBB2,CHEMBL1131018,0,COc1ccc(/C=C2\C(=O)Nc3ccc(Cl)cc32)cc1C(C)(C)C,0,data/quantum/erbB_xyz/ERBB2__CHEMBL86326__state00.xyz
ERBB2__CHEMBL86326__state01,ERBB2__CHEMBL86326,CHEMBL86326,ERBB2,CHEMBL1131018,1,COc1ccc(C=C2C(=O)Nc3ccc(Cl)cc32)cc1C(C)(C)C,0,data/quantum/erbB_xyz/ERBB2__CHEMBL86326__state01.xyz
ERBB2__CHEMBL86326__state02,ERBB2__CHEMBL86326,CHEMBL86326,ERBB2,CHEMBL1131018,2,COc1ccc(C=C2C(O)=Nc3ccc(Cl)cc32)cc1C(C)(C)C,0,data/quantum/erbB_xyz/ERBB2__CHEMBL86326__state02.xyz
ERBB2__CHEMBL86326__state03,ERBB2__CHEMBL86326,CHEMBL86326,ERBB2,CHEMBL1131018,3,COc1ccc(CC2=c3cc(Cl)ccc3=NC2=O)cc1C(C)(C)C,0,data/quantum/erbB_xyz/ERBB2__CHEMBL86326__state03.xyz
ERBB2__CHEMBL86432__state00,ERBB2__CHEMBL86432,CHEMBL86432,ERBB2,CHEMBL1131018,0,CSc1ccc(/C=C2\C(=O)Nc3cccc(C)c32)s1,0,data/quantum/erbB_xyz/ERBB2__CHEMBL86432__state00.xyz
ERBB2__CHEMBL86432__state01,ERBB2__CHEMBL86432,CHEMBL86432,ERBB2,CHEMBL1131018,1,CSc1ccc(/C=C2\C(O)=Nc3cccc(C)c32)s1,0,data/quantum/erbB_xyz/ERBB2__CHEMBL86432__state01.xyz
ERBB2__CHEMBL86944__state00,ERBB2__CHEMBL86944,CHEMBL86944,ERBB2,CHEMBL1131018,0,COc1c(Br)cc(/C=C2\C(=O)Nc3ccc(Cl)cc32)cc1C(C)(C)C,0,data/quantum/erbB_xyz/ERBB2__CHEMBL86944__state00.xyz
ERBB2__CHEMBL86944__state01,ERBB2__CHEMBL86944,CHEMBL86944,ERBB2,CHEMBL1131018,1,COc1c(Br)cc(C=C2C(=O)Nc3ccc(Cl)cc32)cc1C(C)(C)C,0,data/quantum/erbB_xyz/ERBB2__CHEMBL86944__state01.xyz
ERBB2__CHEMBL86944__state02,ERBB2__CHEMBL86944,CHEMBL86944,ERBB2,CHEMBL1131018,2,COc1c(Br)cc(C=C2C(O)=Nc3ccc(Cl)cc32)cc1C(C)(C)C,0,data/quantum/erbB_xyz/ERBB2__CHEMBL86944__state02.xyz
ERBB2__CHEMBL86944__state03,ERBB2__CHEMBL86944,CHEMBL86944,ERBB2,CHEMBL1131018,3,COc1c(Br)cc(CC2=c3cc(Cl)ccc3=NC2=O)cc1C(C)(C)C,0,data/quantum/erbB_xyz/ERBB2__CHEMBL86944__state03.xyz
ERBB2__CHEMBL86945__state00,ERBB2__CHEMBL86945,CHEMBL86945,ERBB2,CHEMBL1131018,0,COc1ccc(/C=C2\C(=O)Nc3ccccc32)cc1C(C)(C)C,0,data/quantum/erbB_xyz/ERBB2__CHEMBL86945__state00.xyz
ERBB2__CHEMBL86945__state01,ERBB2__CHEMBL86945,CHEMBL86945,ERBB2,CHEMBL1131018,1,COc1ccc(/C=C2\C(O)=Nc3ccccc32)cc1C(C)(C)C,0,data/quantum/erbB_xyz/ERBB2__CHEMBL86945__state01.xyz
ERBB2__CHEMBL87746__state00,ERBB2__CHEMBL87746,CHEMBL87746,ERBB2,CHEMBL1131018,0,COc1c(Br)cc(/C=C2\C(=O)Nc3ccccc32)cc1C(C)(C)C,0,data/quantum/erbB_xyz/ERBB2__CHEMBL87746__state00.xyz
ERBB2__CHEMBL87746__state01,ERBB2__CHEMBL87746,CHEMBL87746,ERBB2,CHEMBL1131018,1,COc1c(Br)cc(/C=C2\C(O)=Nc3ccccc32)cc1C(C)(C)C,0,data/quantum/erbB_xyz/ERBB2__CHEMBL87746__state01.xyz
ERBB2__CHEMBL89505__state00,ERBB2__CHEMBL89505,CHEMBL89505,ERBB2,CHEMBL1131018,0,CC(C)(C)c1cc(/C=C2\C(=O)Nc3ccccc32)cc(C(C)(C)C)c1O,0,data/quantum/erbB_xyz/ERBB2__CHEMBL89505__state00.xyz
ERBB2__CHEMBL89505__state01,ERBB2__CHEMBL89505,CHEMBL89505,ERBB2,CHEMBL1131018,1,CC(C)(C)C1=CC(=CC2C(=O)Nc3ccccc32)C=C(C(C)(C)C)C1=O,0,data/quantum/erbB_xyz/ERBB2__CHEMBL89505__state01.xyz
ERBB2__CHEMBL89505__state02,ERBB2__CHEMBL89505,CHEMBL89505,ERBB2,CHEMBL1131018,2,CC(C)(C)C1=CC(=CC2C(O)=Nc3ccccc32)C=C(C(C)(C)C)C1=O,0,data/quantum/erbB_xyz/ERBB2__CHEMBL89505__state02.xyz
ERBB2__CHEMBL89505__state03,ERBB2__CHEMBL89505,CHEMBL89505,ERBB2,CHEMBL1131018,3,CC(C)(C)C1=CC(=Cc2c(O)[nH]c3ccccc23)C=C(C(C)(C)C)C1=O,0,data/quantum/erbB_xyz/ERBB2__CHEMBL89505__state03.xyz
ERBB2__CHEMBL90277__state00,ERBB2__CHEMBL90277,CHEMBL90277,ERBB2,CHEMBL1131018,0,Cc1cccc2c1/C(=C/c1ccc(N3CCOCC3)cc1)C(=O)N2,0,data/quantum/erbB_xyz/ERBB2__CHEMBL90277__state00.xyz
ERBB2__CHEMBL90277__state01,ERBB2__CHEMBL90277,CHEMBL90277,ERBB2,CHEMBL1131018,1,Cc1cccc2c1/C(=C/c1ccc(N3CCOCC3)cc1)C(O)=N2,0,data/quantum/erbB_xyz/ERBB2__CHEMBL90277__state01.xyz
ERBB2__CHEMBL90595__state00,ERBB2__CHEMBL90595,CHEMBL90595,ERBB2,CHEMBL1134561,0,O=C(C#CCN1CCCCC1)Nc1ccc2ncnc(Nc3cccc(Br)c3)c2c1,0,data/quantum/erbB_xyz/ERBB2__CHEMBL90595__state00.xyz
ERBB2__CHEMBL90595__state01,ERBB2__CHEMBL90595,CHEMBL90595,ERBB2,CHEMBL1134561,1,O=C(C#CCN1CCCCC1)Nc1ccc2[nH]cnc(=Nc3cccc(Br)c3)c2c1,0,data/quantum/erbB_xyz/ERBB2__CHEMBL90595__state01.xyz
ERBB2__CHEMBL90595__state02,ERBB2__CHEMBL90595,CHEMBL90595,ERBB2,CHEMBL1134561,2,O=C(C#CCN1CCCCC1)Nc1ccc2nc[nH]c(=Nc3cccc(Br)c3)c2c1,0,data/quantum/erbB_xyz/ERBB2__CHEMBL90595__state02.xyz
ERBB2__CHEMBL90595__state03,ERBB2__CHEMBL90595,CHEMBL90595,ERBB2,CHEMBL1134561,3,OC(C#CCN1CCCCC1)=Nc1ccc2[nH]cnc(=Nc3cccc(Br)c3)c2c1,0,data/quantum/erbB_xyz/ERBB2__CHEMBL90595__state03.xyz
ERBB2__CHEMBL91009__state00,ERBB2__CHEMBL91009,CHEMBL91009,ERBB2,CHEMBL1134561,0,COCC#CC(=O)Nc1ccc2ncnc(Nc3cccc(Br)c3)c2c1,0,data/quantum/erbB_xyz/ERBB2__CHEMBL91009__state00.xyz
ERBB2__CHEMBL91009__state01,ERBB2__CHEMBL91009,CHEMBL91009,ERBB2,CHEMBL1134561,1,COCC#CC(=O)Nc1ccc2[nH]cnc(=Nc3cccc(Br)c3)c2c1,0,data/quantum/erbB_xyz/ERBB2__CHEMBL91009__state01.xyz
ERBB2__CHEMBL91009__state02,ERBB2__CHEMBL91009,CHEMBL91009,ERBB2,CHEMBL1134561,2,COCC#CC(=O)Nc1ccc2nc[nH]c(=Nc3cccc(Br)c3)c2c1,0,data/quantum/erbB_xyz/ERBB2__CHEMBL91009__state02.xyz
ERBB2__CHEMBL91009__state03,ERBB2__CHEMBL91009,CHEMBL91009,ERBB2,CHEMBL1134561,3,COCC#CC(O)=Nc1ccc2[nH]cnc(=Nc3cccc(Br)c3)c2c1,0,data/quantum/erbB_xyz/ERBB2__CHEMBL91009__state03.xyz
ERBB2__CHEMBL91748__state00,ERBB2__CHEMBL91748,CHEMBL91748,ERBB2,CHEMBL1134561,0,CN(C)/C=C/C(=O)Nc1ccc2ncnc(Nc3cccc(Br)c3)c2c1,0,data/quantum/erbB_xyz/ERBB2__CHEMBL91748__state00.xyz
ERBB2__CHEMBL91748__state01,ERBB2__CHEMBL91748,CHEMBL91748,ERBB2,CHEMBL1134561,1,CN(C)/C=C/C(=O)Nc1ccc2[nH]cnc(=Nc3cccc(Br)c3)c2c1,0,data/quantum/erbB_xyz/ERBB2__CHEMBL91748__state01.xyz
ERBB2__CHEMBL91748__state02,ERBB2__CHEMBL91748,CHEMBL91748,ERBB2,CHEMBL1134561,2,CN(C)/C=C/C(=O)Nc1ccc2nc[nH]c(=Nc3cccc(Br)c3)c2c1,0,data/quantum/erbB_xyz/ERBB2__CHEMBL91748__state02.xyz
ERBB2__CHEMBL91748__state03,ERBB2__CHEMBL91748,CHEMBL91748,ERBB2,CHEMBL1134561,3,CN(C)/C=C/C(O)=Nc1ccc2[nH]cnc(=Nc3cccc(Br)c3)c2c1,0,data/quantum/erbB_xyz/ERBB2__CHEMBL91748__state03.xyz
ERBB2__CHEMBL91811__state00,ERBB2__CHEMBL91811,CHEMBL91811,ERBB2,CHEMBL1134561,0,CC(C)N(C)CC#CC(=O)Nc1ccc2ncnc(Nc3cccc(Br)c3)c2c1,0,data/quantum/erbB_xyz/ERBB2__CHEMBL91811__state00.xyz
ERBB2__CHEMBL91811__state01,ERBB2__CHEMBL91811,CHEMBL91811,ERBB2,CHEMBL1134561,1,CC(C)N(C)CC#CC(=O)Nc1ccc2[nH]cnc(=Nc3cccc(Br)c3)c2c1,0,data/quantum/erbB_xyz/ERBB2__CHEMBL91811__state01.xyz
ERBB2__CHEMBL91811__state02,ERBB2__CHEMBL91811,CHEMBL91811,ERBB2,CHEMBL1134561,2,CC(C)N(C)CC#CC(=O)Nc1ccc2nc[nH]c(=Nc3cccc(Br)c3)c2c1,0,data/quantum/erbB_xyz/ERBB2__CHEMBL91811__state02.xyz
ERBB2__CHEMBL91811__state03,ERBB2__CHEMBL91811,CHEMBL91811,ERBB2,CHEMBL1134561,3,CC(C)N(C)CC#CC(O)=Nc1ccc2[nH]cnc(=Nc3cccc(Br)c3)c2c1,0,data/quantum/erbB_xyz/ERBB2__CHEMBL91811__state03.xyz
ERBB2__CHEMBL91867__state00,ERBB2__CHEMBL91867,CHEMBL91867,ERBB2,CHEMBL1138126,0,CC#CC(=O)Nc1ccc2ncnc(Nc3cccc(Br)c3)c2c1,0,data/quantum/erbB_xyz/ERBB2__CHEMBL91867__state00.xyz
ERBB2__CHEMBL91867__state01,ERBB2__CHEMBL91867,CHEMBL91867,ERBB2,CHEMBL1138126,1,CC#CC(=O)Nc1ccc2[nH]cnc(=Nc3cccc(Br)c3)c2c1,0,data/quantum/erbB_xyz/ERBB2__CHEMBL91867__state01.xyz
ERBB2__CHEMBL91867__state02,ERBB2__CHEMBL91867,CHEMBL91867,ERBB2,CHEMBL1138126,2,CC#CC(=O)Nc1ccc2nc[nH]c(=Nc3cccc(Br)c3)c2c1,0,data/quantum/erbB_xyz/ERBB2__CHEMBL91867__state02.xyz
ERBB2__CHEMBL91867__state03,ERBB2__CHEMBL91867,CHEMBL91867,ERBB2,CHEMBL1138126,3,CC#CC(O)=Nc1ccc2[nH]cnc(=Nc3cccc(Br)c3)c2c1,0,data/quantum/erbB_xyz/ERBB2__CHEMBL91867__state03.xyz
ERBB2__CHEMBL92086__state00,ERBB2__CHEMBL92086,CHEMBL92086,ERBB2,CHEMBL1134561,0,C=C(C)C(=O)Nc1ccc2ncnc(Nc3cccc(Br)c3)c2c1,0,data/quantum/erbB_xyz/ERBB2__CHEMBL92086__state00.xyz
ERBB2__CHEMBL92086__state01,ERBB2__CHEMBL92086,CHEMBL92086,ERBB2,CHEMBL1134561,1,C=C(C)C(=O)Nc1ccc2[nH]cnc(=Nc3cccc(Br)c3)c2c1,0,data/quantum/erbB_xyz/ERBB2__CHEMBL92086__state01.xyz
ERBB2__CHEMBL92086__state02,ERBB2__CHEMBL92086,CHEMBL92086,ERBB2,CHEMBL1134561,2,C=C(C)C(=O)Nc1ccc2nc[nH]c(=Nc3cccc(Br)c3)c2c1,0,data/quantum/erbB_xyz/ERBB2__CHEMBL92086__state02.xyz
ERBB2__CHEMBL92086__state03,ERBB2__CHEMBL92086,CHEMBL92086,ERBB2,CHEMBL1134561,3,C=C(C)C(O)=Nc1ccc2[nH]cnc(=Nc3cccc(Br)c3)c2c1,0,data/quantum/erbB_xyz/ERBB2__CHEMBL92086__state03.xyz
ERBB2__CHEMBL92356__state00,ERBB2__CHEMBL92356,CHEMBL92356,ERBB2,CHEMBL1134561,0,CCN1CCN(CC#CC(=O)Nc2ccc3ncnc(Nc4cccc(Br)c4)c3c2)CC1,0,data/quantum/erbB_xyz/ERBB2__CHEMBL92356__state00.xyz
ERBB2__CHEMBL92356__state01,ERBB2__CHEMBL92356,CHEMBL92356,ERBB2,CHEMBL1134561,1,CCN1CCN(CC#CC(=O)Nc2ccc3[nH]cnc(=Nc4cccc(Br)c4)c3c2)CC1,0,data/quantum/erbB_xyz/ERBB2__CHEMBL92356__state01.xyz
ERBB2__CHEMBL92356__state02,ERBB2__CHEMBL92356,CHEMBL92356,ERBB2,CHEMBL1134561,2,CCN1CCN(CC#CC(=O)Nc2ccc3nc[nH]c(=Nc4cccc(Br)c4)c3c2)CC1,0,data/quantum/erbB_xyz/ERBB2__CHEMBL92356__state02.xyz
ERBB2__CHEMBL92356__state03,ERBB2__CHEMBL92356,CHEMBL92356,ERBB2,CHEMBL1134561,3,CCN1CCN(CC#CC(O)=Nc2ccc3[nH]cnc(=Nc4cccc(Br)c4)c3c2)CC1,0,data/quantum/erbB_xyz/ERBB2__CHEMBL92356__state03.xyz
ERBB2__CHEMBL92961__state00,ERBB2__CHEMBL92961,CHEMBL92961,ERBB2,CHEMBL1134561,0,CC(C)N(CC#CC(=O)Nc1ccc2ncnc(Nc3cccc(Br)c3)c2c1)C(C)C,0,data/quantum/erbB_xyz/ERBB2__CHEMBL92961__state00.xyz
ERBB2__CHEMBL92961__state01,ERBB2__CHEMBL92961,CHEMBL92961,ERBB2,CHEMBL1134561,1,CC(C)N(CC#CC(=O)Nc1ccc2[nH]cnc(=Nc3cccc(Br)c3)c2c1)C(C)C,0,data/quantum/erbB_xyz/ERBB2__CHEMBL92961__state01.xyz
ERBB2__CHEMBL92961__state02,ERBB2__CHEMBL92961,CHEMBL92961,ERBB2,CHEMBL1134561,2,CC(C)N(CC#CC(=O)Nc1ccc2nc[nH]c(=Nc3cccc(Br)c3)c2c1)C(C)C,0,data/quantum/erbB_xyz/ERBB2__CHEMBL92961__state02.xyz
ERBB2__CHEMBL92961__state03,ERBB2__CHEMBL92961,CHEMBL92961,ERBB2,CHEMBL1134561,3,CC(C)N(CC#CC(O)=Nc1ccc2[nH]cnc(=Nc3cccc(Br)c3)c2c1)C(C)C,0,data/quantum/erbB_xyz/ERBB2__CHEMBL92961__state03.xyz
ERBB2__CHEMBL93049__state00,ERBB2__CHEMBL93049,CHEMBL93049,ERBB2,CHEMBL1150417,0,COCOCC#CC(=O)Nc1ccc2ncnc(Nc3cccc(Br)c3)c2c1,0,data/quantum/erbB_xyz/ERBB2__CHEMBL93049__state00.xyz
ERBB2__CHEMBL93049__state01,ERBB2__CHEMBL93049,CHEMBL93049,ERBB2,CHEMBL1150417,1,COCOCC#CC(=O)Nc1ccc2[nH]cnc(=Nc3cccc(Br)c3)c2c1,0,data/quantum/erbB_xyz/ERBB2__CHEMBL93049__state01.xyz
ERBB2__CHEMBL93049__state02,ERBB2__CHEMBL93049,CHEMBL93049,ERBB2,CHEMBL1150417,2,COCOCC#CC(=O)Nc1ccc2nc[nH]c(=Nc3cccc(Br)c3)c2c1,0,data/quantum/erbB_xyz/ERBB2__CHEMBL93049__state02.xyz
ERBB2__CHEMBL93049__state03,ERBB2__CHEMBL93049,CHEMBL93049,ERBB2,CHEMBL1150417,3,COCOCC#CC(O)=Nc1ccc2[nH]cnc(=Nc3cccc(Br)c3)c2c1,0,data/quantum/erbB_xyz/ERBB2__CHEMBL93049__state03.xyz
ERBB2__CHEMBL93386__state00,ERBB2__CHEMBL93386,CHEMBL93386,ERBB2,CHEMBL1134561,0,O=C(C#CCN1CCOCC1)Nc1ccc2ncnc(Nc3cccc(Br)c3)c2c1,0,data/quantum/erbB_xyz/ERBB2__CHEMBL93386__state00.xyz
ERBB2__CHEMBL93386__state01,ERBB2__CHEMBL93386,CHEMBL93386,ERBB2,CHEMBL1134561,1,O=C(C#CCN1CCOCC1)Nc1ccc2[nH]cnc(=Nc3cccc(Br)c3)c2c1,0,data/quantum/erbB_xyz/ERBB2__CHEMBL93386__state01.xyz
ERBB2__CHEMBL93386__state02,ERBB2__CHEMBL93386,CHEMBL93386,ERBB2,CHEMBL1134561,2,O=C(C#CCN1CCOCC1)Nc1ccc2nc[nH]c(=Nc3cccc(Br)c3)c2c1,0,data/quantum/erbB_xyz/ERBB2__CHEMBL93386__state02.xyz
ERBB2__CHEMBL93386__state03,ERBB2__CHEMBL93386,CHEMBL93386,ERBB2,CHEMBL1134561,3,OC(C#CCN1CCOCC1)=Nc1ccc2[nH]cnc(=Nc3cccc(Br)c3)c2c1,0,data/quantum/erbB_xyz/ERBB2__CHEMBL93386__state03.xyz
ERBB2__CHEMBL93464__state00,ERBB2__CHEMBL93464,CHEMBL93464,ERBB2,CHEMBL1134561,0,C/C=C/C(=O)Nc1ccc2ncnc(Nc3cccc(Br)c3)c2c1,0,data/quantum/erbB_xyz/ERBB2__CHEMBL93464__state00.xyz
ERBB2__CHEMBL93464__state01,ERBB2__CHEMBL93464,CHEMBL93464,ERBB2,CHEMBL1134561,1,C/C=C/C(=O)Nc1ccc2[nH]cnc(=Nc3cccc(Br)c3)c2c1,0,data/quantum/erbB_xyz/ERBB2__CHEMBL93464__state01.xyz
ERBB2__CHEMBL93464__state02,ERBB2__CHEMBL93464,CHEMBL93464,ERBB2,CHEMBL1134561,2,C/C=C/C(=O)Nc1ccc2nc[nH]c(=Nc3cccc(Br)c3)c2c1,0,data/quantum/erbB_xyz/ERBB2__CHEMBL93464__state02.xyz
ERBB2__CHEMBL93464__state03,ERBB2__CHEMBL93464,CHEMBL93464,ERBB2,CHEMBL1134561,3,C/C=C/C(O)=Nc1ccc2[nH]cnc(=Nc3cccc(Br)c3)c2c1,0,data/quantum/erbB_xyz/ERBB2__CHEMBL93464__state03.xyz
ERBB2__CHEMBL93754__state00,ERBB2__CHEMBL93754,CHEMBL93754,ERBB2,CHEMBL1134561,0,O=C(/C=C/Cn1cccn1)Nc1ccc2ncnc(Nc3cccc(Br)c3)c2c1,0,data/quantum/erbB_xyz/ERBB2__CHEMBL93754__state00.xyz
ERBB2__CHEMBL93754__state01,ERBB2__CHEMBL93754,CHEMBL93754,ERBB2,CHEMBL1134561,1,O=C(/C=C/Cn1cccn1)Nc1ccc2[nH]cnc(=Nc3cccc(Br)c3)c2c1,0,data/quantum/erbB_xyz/ERBB2__CHEMBL93754__state01.xyz
ERBB2__CHEMBL93754__state02,ERBB2__CHEMBL93754,CHEMBL93754,ERBB2,CHEMBL1134561,2,O=C(/C=C/Cn1cccn1)Nc1ccc2nc[nH]c(=Nc3cccc(Br)c3)c2c1,0,data/quantum/erbB_xyz/ERBB2__CHEMBL93754__state02.xyz
ERBB2__CHEMBL93754__state03,ERBB2__CHEMBL93754,CHEMBL93754,ERBB2,CHEMBL1134561,3,OC(/C=C/Cn1cccn1)=Nc1ccc2[nH]cnc(=Nc3cccc(Br)c3)c2c1,0,data/quantum/erbB_xyz/ERBB2__CHEMBL93754__state03.xyz
ERBB2__CHEMBL93783__state00,ERBB2__CHEMBL93783,CHEMBL93783,ERBB2,CHEMBL1134561,0,CN(C/C=C/C(=O)Nc1ccc2ncnc(Nc3cccc(Br)c3)c2c1)CCO,0,data/quantum/erbB_xyz/ERBB2__CHEMBL93783__state00.xyz
ERBB2__CHEMBL93783__state01,ERBB2__CHEMBL93783,CHEMBL93783,ERBB2,CHEMBL1134561,1,CN(C/C=C/C(=O)Nc1ccc2[nH]cnc(=Nc3cccc(Br)c3)c2c1)CCO,0,data/quantum/erbB_xyz/ERBB2__CHEMBL93783__state01.xyz
ERBB2__CHEMBL93783__state02,ERBB2__CHEMBL93783,CHEMBL93783,ERBB2,CHEMBL1134561,2,CN(C/C=C/C(=O)Nc1ccc2nc[nH]c(=Nc3cccc(Br)c3)c2c1)CCO,0,data/quantum/erbB_xyz/ERBB2__CHEMBL93783__state02.xyz
ERBB2__CHEMBL93783__state03,ERBB2__CHEMBL93783,CHEMBL93783,ERBB2,CHEMBL1134561,3,CN(C/C=C/C(O)=Nc1ccc2[nH]cnc(=Nc3cccc(Br)c3)c2c1)CCO,0,data/quantum/erbB_xyz/ERBB2__CHEMBL93783__state03.xyz
ERBB2__CHEMBL93784__state00,ERBB2__CHEMBL93784,CHEMBL93784,ERBB2,CHEMBL1134561,0,COCC1CCCN1CC#CC(=O)Nc1ccc2ncnc(Nc3cccc(Br)c3)c2c1,0,data/quantum/erbB_xyz/ERBB2__CHEMBL93784__state00.xyz
ERBB2__CHEMBL93784__state01,ERBB2__CHEMBL93784,CHEMBL93784,ERBB2,CHEMBL1134561,1,COCC1CCCN1CC#CC(=O)Nc1ccc2[nH]cnc(=Nc3cccc(Br)c3)c2c1,0,data/quantum/erbB_xyz/ERBB2__CHEMBL93784__state01.xyz
ERBB2__CHEMBL93784__state02,ERBB2__CHEMBL93784,CHEMBL93784,ERBB2,CHEMBL1134561,2,COCC1CCCN1CC#CC(=O)Nc1ccc2nc[nH]c(=Nc3cccc(Br)c3)c2c1,0,data/quantum/erbB_xyz/ERBB2__CHEMBL93784__state02.xyz
ERBB2__CHEMBL93784__state03,ERBB2__CHEMBL93784,CHEMBL93784,ERBB2,CHEMBL1134561,3,COCC1CCCN1CC#CC(O)=Nc1ccc2[nH]cnc(=Nc3cccc(Br)c3)c2c1,0,data/quantum/erbB_xyz/ERBB2__CHEMBL93784__state03.xyz
ERBB2__CHEMBL94061__state00,ERBB2__CHEMBL94061,CHEMBL94061,ERBB2,CHEMBL1134561,0,CN(C)C/C=C/C(=O)Nc1ccc2ncnc(Nc3cccc(Br)c3)c2c1,0,data/quantum/erbB_xyz/ERBB2__CHEMBL94061__state00.xyz
ERBB2__CHEMBL94061__state01,ERBB2__CHEMBL94061,CHEMBL94061,ERBB2,CHEMBL1134561,1,CN(C)C/C=C/C(=O)Nc1ccc2[nH]cnc(=Nc3cccc(Br)c3)c2c1,0,data/quantum/erbB_xyz/ERBB2__CHEMBL94061__state01.xyz
ERBB2__CHEMBL94061__state02,ERBB2__CHEMBL94061,CHEMBL94061,ERBB2,CHEMBL1134561,2,CN(C)C/C=C/C(=O)Nc1ccc2nc[nH]c(=Nc3cccc(Br)c3)c2c1,0,data/quantum/erbB_xyz/ERBB2__CHEMBL94061__state02.xyz
ERBB2__CHEMBL94061__state03,ERBB2__CHEMBL94061,CHEMBL94061,ERBB2,CHEMBL1134561,3,CN(C)C/C=C/C(O)=Nc1ccc2[nH]cnc(=Nc3cccc(Br)c3)c2c1,0,data/quantum/erbB_xyz/ERBB2__CHEMBL94061__state03.xyz
ERBB2__CHEMBL94062__state00,ERBB2__CHEMBL94062,CHEMBL94062,ERBB2,CHEMBL1134561,0,O=C(C#CCO)Nc1ccc2ncnc(Nc3cccc(Br)c3)c2c1,0,data/quantum/erbB_xyz/ERBB2__CHEMBL94062__state00.xyz
ERBB2__CHEMBL94062__state01,ERBB2__CHEMBL94062,CHEMBL94062,ERBB2,CHEMBL1134561,1,O=C(C#CCO)Nc1ccc2[nH]cnc(=Nc3cccc(Br)c3)c2c1,0,data/quantum/erbB_xyz/ERBB2__CHEMBL94062__state01.xyz
ERBB2__CHEMBL94062__state02,ERBB2__CHEMBL94062,CHEMBL94062,ERBB2,CHEMBL1134561,2,O=C(C#CCO)Nc1ccc2nc[nH]c(=Nc3cccc(Br)c3)c2c1,0,data/quantum/erbB_xyz/ERBB2__CHEMBL94062__state02.xyz
ERBB2__CHEMBL94062__state03,ERBB2__CHEMBL94062,CHEMBL94062,ERBB2,CHEMBL1134561,3,OCC#CC(O)=Nc1ccc2[nH]cnc(=Nc3cccc(Br)c3)c2c1,0,data/quantum/erbB_xyz/ERBB2__CHEMBL94062__state03.xyz
ERBB2__CHEMBL94066__state00,ERBB2__CHEMBL94066,CHEMBL94066,ERBB2,CHEMBL1134561,0,C=C(CN1CCOCC1)C(=O)Nc1ccc2ncnc(Nc3cccc(Br)c3)c2c1,0,data/quantum/erbB_xyz/ERBB2__CHEMBL94066__state00.xyz
ERBB2__CHEMBL94066__state01,ERBB2__CHEMBL94066,CHEMBL94066,ERBB2,CHEMBL1134561,1,C=C(CN1CCOCC1)C(=O)Nc1ccc2[nH]cnc(=Nc3cccc(Br)c3)c2c1,0,data/quantum/erbB_xyz/ERBB2__CHEMBL94066__state01.xyz
ERBB2__CHEMBL94066__state02,ERBB2__CHEMBL94066,CHEMBL94066,ERBB2,CHEMBL1134561,2,C=C(CN1CCOCC1)C(=O)Nc1ccc2nc[nH]c(=Nc3cccc(Br)c3)c2c1,0,data/quantum/erbB_xyz/ERBB2__CHEMBL94066__state02.xyz
ERBB2__CHEMBL94066__state03,ERBB2__CHEMBL94066,CHEMBL94066,ERBB2,CHEMBL1134561,3,C=C(CN1CCOCC1)C(O)=Nc1ccc2[nH]cnc(=Nc3cccc(Br)c3)c2c1,0,data/quantum/erbB_xyz/ERBB2__CHEMBL94066__state03.xyz
