record_id,target_label,molecule_chembl_id,target_chembl_id,assay_chembl_id,document_chembl_id,standard_type,standard_relation,standard_value,standard_units,pchembl_value,activity_class,warhead_class,molecular_weight,canonical_smiles,activity_comment,source_record_count,source_document_count,tpsa,logp,hbond_donors,hbond_acceptors,rotatable_bonds,aromatic_rings,fraction_csp3,heavy_atom_count,murcko_scaffold,y,quantum_states_requested,quantum_states_success,mean_gap_ev,min_gap_ev,max_gap_ev,gap_spread_ev,gap_std_ev,quantum_method
EGFR__CHEMBL113900,EGFR,CHEMBL113900,CHEMBL203,CHEMBL680028,CHEMBL1145020,IC50,=,250.0,nM,6.600000,active,propiolamide,504.43200000,CC(C)N(CC#CC(=O)Nc1ccc2ncc(C#N)c(Nc3cccc(Br)c3)c2c1)C(C)C,,2,2,81.05000000,5.67328000,2,5,6,3,0.26923077,33,c1ccc(Nc2ccnc3ccccc23)cc1,1,4,4,0.03769729,0.01142173,0.07469912,0.06327739,0.02311094,GFN2-xTB_single_point_on_RDKit_MMFF_geometry
EGFR__CHEMBL113996,EGFR,CHEMBL113996,CHEMBL203,CHEMBL680028,CHEMBL1145020,IC50,=,13570.0,nM,4.870000,inactive,acrylamide,495.94200000,COc1cc2ncc(C#N)c(Nc3ccc(F)c(Cl)c3)c2cc1NC(=O)/C=C/CN1CCOCC1,,2,2,99.51000000,4.47808000,2,7,7,3,0.24000000,35,O=C(C=CCN1CCOCC1)Nc1ccc2nccc(Nc3ccccc3)c2c1,0,4,4,0.05386340,0.02375614,0.09849461,0.07473847,0.03177317,GFN2-xTB_single_point_on_RDKit_MMFF_geometry
EGFR__CHEMBL114073,EGFR,CHEMBL114073,CHEMBL203,CHEMBL680028,CHEMBL1145020,IC50,=,10590.0,nM,4.970000,inactive,acrylamide,509.96900000,COc1cc2ncc(C#N)c(Nc3ccc(F)c(Cl)c3)c2cc1NC(=O)/C=C/C(C)N1CCOCC1,,2,2,99.51000000,4.86658000,2,7,7,3,0.26923077,36,O=C(C=CCN1CCOCC1)Nc1ccc2nccc(Nc3ccccc3)c2c1,0,4,4,0.04607262,0.01724360,0.06561806,0.04837446,0.01955403,GFN2-xTB_single_point_on_RDKit_MMFF_geometry
EGFR__CHEMBL114593,EGFR,CHEMBL114593,CHEMBL203,CHEMBL680028,CHEMBL1145020,IC50,=,960.0,nM,6.020000,active,propiolamide,435.28100000,COCC#CC(=O)Nc1ccc2ncc(C#N)c(Nc3cccc(Br)c3)c2c1,,2,2,87.04000000,4.20088000,2,5,4,3,0.09523810,28,c1ccc(Nc2ccnc3ccccc23)cc1,1,4,4,0.03753038,0.01160587,0.07667378,0.06506791,0.02413224,GFN2-xTB_single_point_on_RDKit_MMFF_geometry
EGFR__CHEMBL115187,EGFR,CHEMBL115187,CHEMBL203,CHEMBL680028,CHEMBL1145020,IC50,=,130.0,nM,6.890000,active,propiolamide,504.43200000,CCCN(CC#CC(=O)Nc1ccc2ncc(C#N)c(Nc3cccc(Br)c3)c2c1)CCC,,2,2,81.05000000,5.67648000,2,5,8,3,0.26923077,33,c1ccc(Nc2ccnc3ccccc23)cc1,1,4,4,0.05042858,0.03626342,0.06342593,0.02716251,0.00997874,GFN2-xTB_single_point_on_RDKit_MMFF_geometry
EGFR__CHEMBL115440,EGFR,CHEMBL115440,CHEMBL203,CHEMBL680028,CHEMBL1145020,IC50,=,930.0,nM,6.030000,active,propiolamide,479.33400000,COCCOCC#CC(=O)Nc1ccc2ncc(C#N)c(Nc3cccc(Br)c3)c2c1,,2,2,96.27000000,4.21748000,2,6,7,3,0.17391304,31,c1ccc(Nc2ccnc3ccccc23)cc1,1,4,4,0.05275263,0.02950557,0.07433728,0.04483171,0.02109336,GFN2-xTB_single_point_on_RDKit_MMFF_geometry
EGFR__CHEMBL115519,EGFR,CHEMBL115519,CHEMBL203,CHEMBL676067,CHEMBL1136802,IC50,=,83176.38,nM,4.080000,inactive,acrylamide,431.92600000,COc1cc(/C=C(\C#N)C(N)=O)cc(CSc2nc3cc(Cl)ccc3s2)c1O,,1,1,109.23000000,4.34848000,2,7,6,3,0.10526316,28,c1ccc(CSc2nc3ccccc3s2)cc1,0,4,4,0.03632708,0.03086863,0.03900001,0.00813138,0.00320866,GFN2-xTB_single_point_on_RDKit_MMFF_geometry
EGFR__CHEMBL115895,EGFR,CHEMBL115895,CHEMBL203,CHEMBL676067,CHEMBL1136802,IC50,=,21877.62,nM,4.660000,inactive,acrylamide,397.45600000,COc1cc(/C=C(\C#N)C(N)=O)cc(CSc2ccccc2NC(C)=O)c1O,,2,2,125.44000000,3.04378000,3,6,7,2,0.15000000,28,c1ccc(CSc2ccccc2)cc1,0,4,4,0.02858068,0.01535022,0.05950400,0.04415378,0.01795245,GFN2-xTB_single_point_on_RDKit_MMFF_geometry
EGFR__CHEMBL116012,EGFR,CHEMBL116012,CHEMBL203,CHEMBL680028,CHEMBL1145020,IC50,=,10320.0,nM,4.990000,inactive,acrylamide,536.43000000,CCOc1cc2ncc(C#N)c(Nc3cccc(Br)c3)c2cc1NC(=O)/C=C/CN1CCOCC1,,2,2,99.51000000,4.83818000,2,7,8,3,0.26923077,35,O=C(C=CCN1CCOCC1)Nc1ccc2nccc(Nc3ccccc3)c2c1,0,4,4,0.04996563,0.02487584,0.09387893,0.06900309,0.02617077,GFN2-xTB_single_point_on_RDKit_MMFF_geometry
EGFR__CHEMBL1161234,EGFR,CHEMBL1161234,CHEMBL203,CHEMBL676067,CHEMBL1136802,IC50,=,47863.01,nM,4.320000,inactive,acrylamide,336.36900000,COc1cc(/C=C(\C#N)C(N)=O)cc(SCCCC(=O)O)c1O,,1,1,133.64000000,1.74998000,3,6,8,1,0.26666667,23,c1ccccc1,0,4,4,0.03451303,0.01866855,0.04842235,0.02975380,0.01330481,GFN2-xTB_single_point_on_RDKit_MMFF_geometry
EGFR__CHEMBL116525,EGFR,CHEMBL116525,CHEMBL203,CHEMBL680028,CHEMBL1145020,IC50,=,910.0,nM,6.040000,active,propiolamide,435.28100000,CC#CC(=O)Nc1cc2c(Nc3cccc(Br)c3)c(C#N)cnc2cc1OC,,2,2,87.04000000,4.58298000,2,5,4,3,0.09523810,28,c1ccc(Nc2ccnc3ccccc23)cc1,1,4,4,0.02530703,0.01179003,0.06290008,0.05111004,0.02171291,GFN2-xTB_single_point_on_RDKit_MMFF_geometry
EGFR__CHEMBL116853,EGFR,CHEMBL116853,CHEMBL203,CHEMBL680028,CHEMBL1145020,IC50,=,90.0,nM,7.050000,active,propiolamide,478.35000000,COc1cc2ncc(C#N)c(Nc3cccc(Br)c3)c2cc1NC(=O)C#CCN(C)C,,2,2,90.28000000,4.12468000,2,6,5,3,0.17391304,31,c1ccc(Nc2ccnc3ccccc23)cc1,1,4,4,0.07513155,0.05292532,0.10627636,0.05335103,0.02067853,GFN2-xTB_single_point_on_RDKit_MMFF_geometry
EGFR__CHEMBL117324,EGFR,CHEMBL117324,CHEMBL203,CHEMBL680027,CHEMBL1147456,IC50,=,150.0,nM,6.820000,active,propiolamide,518.41500000,COC[C@@H]1CCCN1CC#CC(=O)Nc1ccc2ncc(C#N)c(Nc3cccc(Br)c3)c2c1,,1,1,90.28000000,4.66528000,2,6,6,3,0.26923077,34,O=C(C#CCN1CCCC1)Nc1ccc2nccc(Nc3ccccc3)c2c1,1,4,4,0.04261430,0.02016446,0.07874154,0.05857708,0.02182779,GFN2-xTB_single_point_on_RDKit_MMFF_geometry
EGFR__CHEMBL117326,EGFR,CHEMBL117326,CHEMBL203,CHEMBL680028,CHEMBL1145020,IC50,=,560.0,nM,6.250000,active,acrylamide,467.93200000,C=C(CN(C)C)C(=O)Nc1cc2c(Nc3ccc(F)c(Cl)c3)c(C#N)cnc2cc1OCC,,2,2,90.28000000,5.09758000,2,6,8,3,0.20833333,33,c1ccc(Nc2ccnc3ccccc23)cc1,1,4,4,0.03099212,0.01894682,0.04513654,0.02618971,0.00948737,GFN2-xTB_single_point_on_RDKit_MMFF_geometry
EGFR__CHEMBL118109,EGFR,CHEMBL118109,CHEMBL203,CHEMBL676067,CHEMBL1136802,IC50,=,19054.61,nM,4.720000,inactive,acrylamide,397.48100000,COc1cc(/C=C(\C#N)C(N)=O)cc(CSc2nc3ccccc3s2)c1O,,4,2,109.23000000,3.69508000,2,7,6,3,0.10526316,27,c1ccc(CSc2nc3ccccc3s2)cc1,0,4,4,0.02449315,0.01878293,0.03203003,0.01324710,0.00547505,GFN2-xTB_single_point_on_RDKit_MMFF_geometry
EGFR__CHEMBL118205,EGFR,CHEMBL118205,CHEMBL203,CHEMBL677392,CHEMBL1126897,IC50,=,12500.0,nM,4.900000,inactive,acrylamide,381.41300000,COc1cc(/C=C(\C#N)C(N)=O)cc(CSc2nc3ccccc3o2)c1O,,1,1,122.37000000,3.22658000,2,7,6,3,0.10526316,27,c1ccc(CSc2nc3ccccc3o2)cc1,0,4,4,0.01484843,0.00666570,0.02474073,0.01807503,0.00700417,GFN2-xTB_single_point_on_RDKit_MMFF_geometry
EGFR__CHEMBL119156,EGFR,CHEMBL119156,CHEMBL203,CHEMBL689290,CHEMBL1126897,IC50,=,16000.0,nM,4.800000,inactive,acrylamide,341.39200000,COc1cc(/C=C(\C#N)C(N)=O)cc(CSc2ccccn2)c1O,,2,1,109.23000000,2.48038000,2,6,6,2,0.11764706,24,c1ccc(CSc2ccccn2)cc1,0,4,4,0.02726684,0.01367889,0.03966211,0.02598322,0.00999052,GFN2-xTB_single_point_on_RDKit_MMFF_geometry
EGFR__CHEMBL119923,EGFR,CHEMBL119923,CHEMBL203,CHEMBL677393,CHEMBL1126897,IC50,=,16000.0,nM,4.800000,inactive,acrylamide,388.87600000,COc1cc(/C=C(\C#N)C(N)=O)cc(CSCc2ccc(Cl)cc2)c1O,,3,1,96.34000000,3.87988000,2,5,7,2,0.15789474,26,c1ccc(CSCc2ccccc2)cc1,0,4,4,0.02685025,0.01619601,0.03707267,0.02087666,0.00759967,GFN2-xTB_single_point_on_RDKit_MMFF_geometry
EGFR__CHEMBL134371,EGFR,CHEMBL134371,CHEMBL203,CHEMBL673925,CHEMBL1134843,IC50,=,0.37,nM,9.430000,active,acrylamide,413.23100000,O=C(O)/C=C/C(=O)Nc1ccc2ncnc(Nc3cccc(Br)c3)c2c1,,1,1,104.21000000,3.71520000,3,5,5,3,0.00000000,26,c1ccc(Nc2ncnc3ccccc23)cc1,1,4,4,0.04627024,0.01832533,0.07587703,0.05755170,0.02452517,GFN2-xTB_single_point_on_RDKit_MMFF_geometry
EGFR__CHEMBL135142,EGFR,CHEMBL135142,CHEMBL203,CHEMBL673925,CHEMBL1134843,IC50,=,1.75,nM,8.760000,active,acrylamide,437.21900000,O=C(/C=C/C(F)(F)F)Nc1ccc2ncnc(Nc3cccc(Br)c3)c2c1,,2,1,66.91000000,5.19290000,2,4,4,3,0.05555556,27,c1ccc(Nc2ncnc3ccccc23)cc1,1,4,4,0.04709366,0.03898061,0.05606269,0.01708208,0.00606592,GFN2-xTB_single_point_on_RDKit_MMFF_geometry
EGFR__CHEMBL136058,EGFR,CHEMBL136058,CHEMBL203,CHEMBL677216,CHEMBL1134843,IC50,=,8.8,nM,8.060000,active,acrylamide,540.42200000,O=C(/C=C/C(=O)Nc1cc2c(Nc3cccc(Br)c3)ncnc2cn1)NCCCN1CCOCC1,,3,1,121.37000000,2.86410000,3,8,9,3,0.29166667,35,O=C(C=CC(=O)Nc1cc2c(Nc3ccccc3)ncnc2cn1)NCCCN1CCOCC1,1,4,4,0.00895710,0.00235396,0.01809495,0.01574099,0.00651602,GFN2-xTB_single_point_on_RDKit_MMFF_geometry
EGFR__CHEMBL136102,EGFR,CHEMBL136102,CHEMBL203,CHEMBL673925,CHEMBL1134843,IC50,=,1.45,nM,8.840000,active,acrylamide,512.41200000,CN(C)CCCNC(=O)/C=C/C(=O)N(C)c1cc2c(Nc3cccc(Br)c3)ncnc2cn1,,2,1,103.35000000,3.11780000,2,7,9,3,0.26086957,33,c1ccc(Nc2ncnc3cnccc23)cc1,1,4,4,0.02927701,0.01268111,0.04428939,0.03160828,0.01248941,GFN2-xTB_single_point_on_RDKit_MMFF_geometry
EGFR__CHEMBL136178,EGFR,CHEMBL136178,CHEMBL203,CHEMBL673925,CHEMBL1134843,IC50,=,1.2,nM,8.920000,active,acrylamide,411.25900000,CC(=O)/C=C/C(=O)Nc1ccc2ncnc(Nc3cccc(Br)c3)c2c1,,1,1,83.98000000,4.21960000,2,5,5,3,0.05263158,26,c1ccc(Nc2ncnc3ccccc23)cc1,1,4,4,0.06152050,0.04471736,0.08202937,0.03731202,0.01566970,GFN2-xTB_single_point_on_RDKit_MMFF_geometry
EGFR__CHEMBL136404,EGFR,CHEMBL136404,CHEMBL203,CHEMBL673925,CHEMBL1134843,IC50,=,0.5,nM,9.300000,active,acrylamide,384.23700000,C/C=C/C(=O)Nc1cc2c(Nc3cccc(Br)c3)ncnc2cn1,,2,1,79.80000000,4.04550000,2,5,4,3,0.05882353,24,c1ccc(Nc2ncnc3cnccc23)cc1,1,4,4,0.13731439,0.11491916,0.16530319,0.05038403,0.01853728,GFN2-xTB_single_point_on_RDKit_MMFF_geometry
EGFR__CHEMBL136511,EGFR,CHEMBL136511,CHEMBL203,CHEMBL673925,CHEMBL1134843,IC50,=,1.4,nM,8.850000,active,vinyl_sulfonamide,405.27700000,C=CS(=O)(=O)Nc1ccc2ncnc(Nc3cccc(Br)c3)c2c1,,2,1,83.98000000,4.02110000,2,5,5,3,0.00000000,24,c1ccc(Nc2ncnc3ccccc23)cc1,1,3,3,0.05612209,0.01452525,0.09295481,0.07842956,0.03219546,GFN2-xTB_single_point_on_RDKit_MMFF_geometry
EGFR__CHEMBL137082,EGFR,CHEMBL137082,CHEMBL203,CHEMBL673925,CHEMBL1134843,IC50,=,2.7,nM,8.570000,active,acrylamide,497.39700000,C=CC(=O)N(CCCN1CCOCC1)c1cc2c(Nc3cccc(Br)c3)ncnc2cn1,,2,1,83.48000000,3.77220000,1,7,8,3,0.30434783,32,c1ccc(Nc2ncnc3cnc(NCCCN4CCOCC4)cc23)cc1,1,3,3,0.07912268,0.03017035,0.15822442,0.12805407,0.05645766,GFN2-xTB_single_point_on_RDKit_MMFF_geometry
EGFR__CHEMBL138363,EGFR,CHEMBL138363,CHEMBL203,CHEMBL673925,CHEMBL1134843,IC50,=,1.6,nM,8.800000,active,acrylamide,384.23700000,C=C(C)C(=O)Nc1cc2c(Nc3cccc(Br)c3)ncnc2cn1,,2,1,79.80000000,4.04550000,2,5,4,3,0.05882353,24,c1ccc(Nc2ncnc3cnccc23)cc1,1,4,4,0.06056710,0.04663128,0.07474726,0.02811597,0.01220066,GFN2-xTB_single_point_on_RDKit_MMFF_geometry
EGFR__CHEMBL138691,EGFR,CHEMBL138691,CHEMBL203,CHEMBL673925,CHEMBL1134843,IC50,=,4.2,nM,8.380000,active,acrylamide,441.33300000,C=CC(=O)N(CCN(C)C)c1cc2c(Nc3cccc(Br)c3)ncnc2cn1,,1,1,74.25000000,3.61150000,1,6,7,3,0.20000000,28,c1ccc(Nc2ncnc3cnccc23)cc1,1,3,3,0.04929829,0.02780392,0.08815658,0.06035266,0.02752865,GFN2-xTB_single_point_on_RDKit_MMFF_geometry
EGFR__CHEMBL138940,EGFR,CHEMBL138940,CHEMBL203,CHEMBL677216,CHEMBL1134843,IC50,=,14.0,nM,7.850000,active,acrylamide,513.96100000,O=C(/C=C/C(=O)Nc1cc2c(Nc3ccc(F)c(Cl)c3)ncnc2cn1)NCCCN1CCOCC1,,3,1,121.37000000,2.89410000,3,8,9,3,0.29166667,36,O=C(C=CC(=O)Nc1cc2c(Nc3ccccc3)ncnc2cn1)NCCCN1CCOCC1,1,4,4,0.02681024,0.01794392,0.03482017,0.01687626,0.00615104,GFN2-xTB_single_point_on_RDKit_MMFF_geometry
EGFR__CHEMBL139044,EGFR,CHEMBL139044,CHEMBL203,CHEMBL673925,CHEMBL1134843,IC50,=,1.1,nM,8.960000,active,acrylamide,396.24800000,C=C/C=C/C(=O)Nc1cc2c(Nc3cccc(Br)c3)ncnc2cn1,,2,1,79.80000000,4.21160000,2,5,5,3,0.00000000,25,c1ccc(Nc2ncnc3cnccc23)cc1,1,4,4,0.09144213,0.01697569,0.15433232,0.13735663,0.05169409,GFN2-xTB_single_point_on_RDKit_MMFF_geometry
EGFR__CHEMBL139095,EGFR,CHEMBL139095,CHEMBL203,CHEMBL673925,CHEMBL1134843,IC50,=,0.76,nM,9.120000,active,vinyl_sulfonamide,406.26500000,C=CS(=O)(=O)Nc1cc2c(Nc3cccc(Br)c3)ncnc2cn1,,2,1,96.87000000,3.41610000,2,6,5,3,0.00000000,24,c1ccc(Nc2ncnc3cnccc23)cc1,1,4,4,0.11239362,0.05477376,0.18984871,0.13507495,0.04883584,GFN2-xTB_single_point_on_RDKit_MMFF_geometry
EGFR__CHEMBL139307,EGFR,CHEMBL139307,CHEMBL203,CHEMBL673925,CHEMBL1134843,IC50,=,3.3,nM,8.480000,active,acrylamide,496.40900000,C=CC(=O)N(CCCN1CCOCC1)c1ccc2ncnc(Nc3cccc(Br)c3)c2c1,,2,1,70.59000000,4.37720000,1,6,8,3,0.29166667,32,c1ccc(Nc2ncnc3ccc(NCCCN4CCOCC4)cc23)cc1,1,3,3,0.05605057,0.00954236,0.13093813,0.12139577,0.05346820,GFN2-xTB_single_point_on_RDKit_MMFF_geometry
EGFR__CHEMBL140561,EGFR,CHEMBL140561,CHEMBL203,CHEMBL677216,CHEMBL1134843,IC50,=,108.0,nM,6.970000,active,acrylamide,498.38100000,CN(C)CCCOC(=O)/C=C/C(=O)Nc1ccc2ncnc(Nc3cccc(Br)c3)c2c1,,3,1,96.45000000,4.12550000,2,7,9,3,0.21739130,32,c1ccc(Nc2ncnc3ccccc23)cc1,1,4,4,0.03831505,0.01925787,0.05394603,0.03468816,0.01296885,GFN2-xTB_single_point_on_RDKit_MMFF_geometry
EGFR__CHEMBL141175,EGFR,CHEMBL141175,CHEMBL203,CHEMBL676067,CHEMBL1136802,IC50,=,15848.93,nM,4.800000,inactive,acrylamide,388.87600000,COc1cc(/C=C(/C#N)C(N)=O)cc(CSCc2ccc(Cl)cc2)c1O,,1,1,96.34000000,3.87988000,2,5,7,2,0.15789474,26,c1ccc(CSCc2ccccc2)cc1,0,4,4,0.02939397,0.01619601,0.03978228,0.02358627,0.00954952,GFN2-xTB_single_point_on_RDKit_MMFF_geometry
EGFR__CHEMBL141238,EGFR,CHEMBL141238,CHEMBL203,CHEMBL676067,CHEMBL1136802,IC50,=,19054.61,nM,4.720000,inactive,acrylamide,322.36400000,Cc1cc(C)c(NC(=O)/C(C#N)=C/c2ccc(O)c(O)c2)c(C)c1,,1,1,93.35000000,3.56874000,3,4,3,2,0.15789474,24,O=C(C=Cc1ccccc1)Nc1ccccc1,0,4,4,0.03312514,0.01360695,0.04696969,0.03336274,0.01225295,GFN2-xTB_single_point_on_RDKit_MMFF_geometry
EGFR__CHEMBL144159,EGFR,CHEMBL144159,CHEMBL203,CHEMBL679672,CHEMBL1129590,IC50,=,10300.0,nM,4.990000,inactive,acrylamide,510.50600000,N#C/C(=C\c1ccc(O)c(O)c1)C(=O)NCc1cccc(CNC(=O)/C(C#N)=C/c2ccc(O)c(O)c2)c1,,1,1,186.70000000,2.95576000,6,8,8,3,0.07142857,38,O=C(C=Cc1ccccc1)NCc1cccc(CNC(=O)C=Cc2ccccc2)c1,0,4,4,0.01442740,0.01180369,0.01851286,0.00670917,0.00258181,GFN2-xTB_single_point_on_RDKit_MMFF_geometry
EGFR__CHEMBL144589,EGFR,CHEMBL144589,CHEMBL203,CHEMBL677831,CHEMBL1129590,IC50,=,600.0,nM,6.220000,active,acrylamide,462.46200000,N#C/C(=C\c1ccc(O)c(O)c1)C(=O)NCCCCNC(=O)/C(C#N)=C/c1ccc(O)c(O)c1,,1,1,186.70000000,2.03576000,6,8,9,2,0.16666667,34,O=C(C=Cc1ccccc1)NCCCCNC(=O)C=Cc1ccccc1,1,4,4,0.09189537,0.04977619,0.11323938,0.06346319,0.02555070,GFN2-xTB_single_point_on_RDKit_MMFF_geometry
EGFR__CHEMBL144632,EGFR,CHEMBL144632,CHEMBL203,CHEMBL689298,CHEMBL1129590,IC50,=,35000.0,nM,4.460000,inactive,acrylamide,538.42900000,N#C/C(=C\c1cc(O)c(O)c([N+](=O)[O-])c1)C(=O)NCCCNC(=O)/C(C#N)=C/c1cc(O)c(O)c([N+](=O)[O-])c1,,1,1,272.98000000,1.46206000,6,12,10,2,0.13043478,39,O=C(C=Cc1ccccc1)NCCCNC(=O)C=Cc1ccccc1,0,4,4,0.02228331,0.01349033,0.02814211,0.01465179,0.00588451,GFN2-xTB_single_point_on_RDKit_MMFF_geometry
EGFR__CHEMBL144770,EGFR,CHEMBL144770,CHEMBL203,CHEMBL677831,CHEMBL1129590,IC50,=,340.0,nM,6.470000,active,acrylamide,606.22700000,N#C/C(=C\c1cc(O)c(O)c(Br)c1)C(=O)NCCCNC(=O)/C(C#N)=C/c1cc(O)c(O)c(Br)c1,,1,1,186.70000000,3.17066000,6,8,8,2,0.13043478,35,O=C(C=Cc1ccccc1)NCCCNC(=O)C=Cc1ccccc1,1,4,4,0.01363425,0.00353468,0.02342588,0.01989120,0.00744164,GFN2-xTB_single_point_on_RDKit_MMFF_geometry
EGFR__CHEMBL144778,EGFR,CHEMBL144778,CHEMBL203,CHEMBL679672,CHEMBL1129590,IC50,=,13500.0,nM,4.870000,inactive,acrylamide,488.50000000,N#C/C(=C\c1ccc(O)c(O)c1)C(=O)NC1CCCC[C@@H]1NC(=O)/C(C#N)=C/c1ccc(O)c(O)c1,,1,1,186.70000000,2.56676000,6,8,6,2,0.23076923,36,O=C(C=Cc1ccccc1)NC1CCCCC1NC(=O)C=Cc1ccccc1,0,4,4,0.09582114,0.05480662,0.11220633,0.05739971,0.02379802,GFN2-xTB_single_point_on_RDKit_MMFF_geometry
EGFR__CHEMBL145266,EGFR,CHEMBL145266,CHEMBL203,CHEMBL679672,CHEMBL1129590,IC50,=,19000.0,nM,4.720000,inactive,acrylamide,580.51000000,COc1cc(/C=C(\C#N)C(=O)NCCCCNC(=O)/C(C#N)=C/c2cc(OC)c(O)c([N+](=O)[O-])c2)cc([N+](=O)[O-])c1O,,2,1,250.98000000,2.45816000,4,12,13,2,0.23076923,42,O=C(C=Cc1ccccc1)NCCCCNC(=O)C=Cc1ccccc1,0,4,4,0.00978042,0.00467543,0.01434155,0.00966612,0.00343453,GFN2-xTB_single_point_on_RDKit_MMFF_geometry
EGFR__CHEMBL146694,EGFR,CHEMBL146694,CHEMBL203,CHEMBL880174,CHEMBL1132535,IC50,=,31300.0,nM,4.500000,inactive,acrylamide,416.47700000,COc1ccccc1-c1ccc2c(c1)NC(=O)/C2=C\c1[nH]c(C)c(CCC(=O)O)c1C,,1,1,91.42000000,4.81704000,3,3,6,3,0.20000000,31,O=C1Nc2cc(-c3ccccc3)ccc2C1=Cc1ccc[nH]1,0,4,4,0.06200637,0.06100799,0.06430202,0.00329402,0.00133630,GFN2-xTB_single_point_on_RDKit_MMFF_geometry
EGFR__CHEMBL147112,EGFR,CHEMBL147112,CHEMBL203,CHEMBL880174,CHEMBL1132535,IC50,=,19200.0,nM,4.720000,inactive,acrylamide,402.45000000,COc1ccccc1-c1ccc2c(c1)NC(=O)/C2=C\c1[nH]cc(CCC(=O)O)c1C,,1,1,91.42000000,4.50862000,3,3,6,3,0.16666667,30,O=C1Nc2cc(-c3ccccc3)ccc2C1=Cc1ccc[nH]1,0,4,4,0.02474693,0.02082025,0.02909626,0.00827601,0.00336535,GFN2-xTB_single_point_on_RDKit_MMFF_geometry
EGFR__CHEMBL147761,EGFR,CHEMBL147761,CHEMBL203,CHEMBL880174,CHEMBL1132535,IC50,=,28800.0,nM,4.540000,inactive,acrylamide,310.35300000,Cc1c[nH]c(/C=C2\C(=O)Nc3cccc(C)c32)c1CCC(=O)O,,1,1,82.19000000,3.14144000,3,2,4,2,0.22222222,23,O=C1Nc2ccccc2C1=Cc1ccc[nH]1,0,4,4,0.05767933,0.03965569,0.07519226,0.03553656,0.01491601,GFN2-xTB_single_point_on_RDKit_MMFF_geometry
EGFR__CHEMBL147880,EGFR,CHEMBL147880,CHEMBL203,CHEMBL689298,CHEMBL1129590,IC50,=,20300.0,nM,4.690000,inactive,acrylamide,584.67300000,N#C/C(=C\c1ccc(O)c(O)c1)C(=O)NC1CCC(CC2CCC(NC(=O)/C(C#N)=C/c3ccc(O)c(O)c3)CC2)CC1,,1,1,186.70000000,4.76326000,6,8,8,2,0.39393939,43,O=C(C=Cc1ccccc1)NC1CCC(CC2CCC(NC(=O)C=Cc3ccccc3)CC2)CC1,0,4,4,0.02736290,0.00616126,0.04330475,0.03714349,0.01356830,GFN2-xTB_single_point_on_RDKit_MMFF_geometry
EGFR__CHEMBL148514,EGFR,CHEMBL148514,CHEMBL203,CHEMBL880174,CHEMBL1132535,IC50,=,30500.0,nM,4.520000,inactive,acrylamide,402.45000000,COc1cccc(-c2ccc3c(c2)NC(=O)/C3=C\c2[nH]cc(CCC(=O)O)c2C)c1,,1,1,91.42000000,4.50862000,3,3,6,3,0.16666667,30,O=C1Nc2cc(-c3ccccc3)ccc2C1=Cc1ccc[nH]1,0,4,4,0.02118493,0.00910779,0.03000832,0.02090053,0.00854775,GFN2-xTB_single_point_on_RDKit_MMFF_geometry
EGFR__CHEMBL148984,EGFR,CHEMBL148984,CHEMBL203,CHEMBL880174,CHEMBL1132535,IC50,=,22800.0,nM,4.640000,inactive,acrylamide,402.45000000,COc1ccc(-c2ccc3c(c2)NC(=O)/C3=C\c2[nH]cc(CCC(=O)O)c2C)cc1,,1,1,91.42000000,4.50862000,3,3,6,3,0.16666667,30,O=C1Nc2cc(-c3ccccc3)ccc2C1=Cc1ccc[nH]1,0,4,4,0.03892558,0.00880753,0.05822270,0.04941517,0.01883578,GFN2-xTB_single_point_on_RDKit_MMFF_geometry
EGFR__CHEMBL149201,EGFR,CHEMBL149201,CHEMBL203,CHEMBL880174,CHEMBL1132535,IC50,=,21900.0,nM,4.660000,inactive,acrylamide,386.45100000,Cc1[nH]c(/C=C2\C(=O)Nc3cc(-c4ccccc4)ccc32)c(C)c1CCC(=O)O,,1,1,82.19000000,4.80844000,3,2,5,3,0.16666667,29,O=C1Nc2cc(-c3ccccc3)ccc2C1=Cc1ccc[nH]1,0,4,4,0.02311407,0.01589352,0.02895216,0.01305864,0.00501747,GFN2-xTB_single_point_on_RDKit_MMFF_geometry
EGFR__CHEMBL150177,EGFR,CHEMBL150177,CHEMBL203,CHEMBL677830,CHEMBL1132535,IC50,=,84800.0,nM,4.070000,inactive,acrylamide,389.43300000,Cc1[nH]c(/C=C2\C(=O)Nc3ccc(S(N)(=O)=O)cc32)c(C)c1CCC(=O)O,,1,1,142.35000000,1.78884000,4,4,5,2,0.22222222,27,O=C1Nc2ccccc2C1=Cc1ccc[nH]1,0,4,4,0.03706750,0.01976239,0.06760179,0.04783940,0.01852514,GFN2-xTB_single_point_on_RDKit_MMFF_geometry
EGFR__CHEMBL157128,EGFR,CHEMBL157128,CHEMBL203,CHEMBL680028,CHEMBL1145020,IC50,=,150.0,nM,6.820000,active,propiolamide,518.41500000,COCC1CCCN1CC#CC(=O)Nc1ccc2ncc(C#N)c(Nc3cccc(Br)c3)c2c1,,1,1,90.28000000,4.66528000,2,6,6,3,0.26923077,34,O=C(C#CCN1CCCC1)Nc1ccc2nccc(Nc3ccccc3)c2c1,1,4,4,0.04931057,0.01417788,0.07996755,0.06578967,0.02337101,GFN2-xTB_single_point_on_RDKit_MMFF_geometry
EGFR__CHEMBL2112369,EGFR,CHEMBL2112369,CHEMBL203,CHEMBL680018,CHEMBL1134561,IC50,=,194.0,nM,6.710000,active,acrylamide,496.40900000,COC[C@@H]1CCCN1C/C=C\C(=O)Nc1ccc2ncnc(Nc3cccc(Br)c3)c2c1,,1,1,79.38000000,4.74140000,2,6,8,3,0.29166667,32,O=C(C=CCN1CCCC1)Nc1ccc2ncnc(Nc3ccccc3)c2c1,1,4,4,0.02701755,0.01522692,0.04581132,0.03058440,0.01137107,GFN2-xTB_single_point_on_RDKit_MMFF_geometry
EGFR__CHEMBL2112370,EGFR,CHEMBL2112370,CHEMBL203,CHEMBL680018,CHEMBL1134561,IC50,=,131.0,nM,6.880000,active,acrylamide,496.40900000,COC[C@@H]1CCCN1C/C=C/C(=O)Nc1ccc2ncnc(Nc3cccc(Br)c3)c2c1,,1,1,79.38000000,4.74140000,2,6,8,3,0.29166667,32,O=C(C=CCN1CCCC1)Nc1ccc2ncnc(Nc3ccccc3)c2c1,1,4,4,0.03498076,0.01881606,0.06190934,0.04309328,0.01724813,GFN2-xTB_single_point_on_RDKit_MMFF_geometry
EGFR__CHEMBL263788,EGFR,CHEMBL263788,CHEMBL203,CHEMBL680028,CHEMBL1145020,IC50,=,790.0,nM,6.100000,active,acrylamide,480.36600000,COc1cc2ncc(C#N)c(Nc3cccc(Br)c3)c2cc1NC(=O)/C=C/CN(C)C,,2,2,90.28000000,4.67748000,2,6,7,3,0.17391304,31,c1ccc(Nc2ccnc3ccccc23)cc1,1,4,4,0.07640376,0.06829446,0.09395928,0.02566482,0.01026293,GFN2-xTB_single_point_on_RDKit_MMFF_geometry
EGFR__CHEMBL264382,EGFR,CHEMBL264382,CHEMBL203,CHEMBL674637,CHEMBL1134862,IC50,=,1.1,nM,8.960000,active,acrylamide,602.69900000,Cc1cc(C(=O)NCCN2CCOCC2)[nH]c1/C=C1\C(=O)Nc2ncnc(Nc3ccc4c(ccn4Cc4ccccc4)c3)c21,,2,1,129.20000000,4.41442000,4,7,9,5,0.23529412,45,O=C1Nc2ncnc(Nc3ccc4c(ccn4Cc4ccccc4)c3)c2C1=Cc1ccc(C(=O)NCCN2CCOCC2)[nH]1,1,4,4,0.01007277,0.00548003,0.01437384,0.00889381,0.00315950,GFN2-xTB_single_point_on_RDKit_MMFF_geometry
EGFR__CHEMBL27685,EGFR,CHEMBL27685,CHEMBL203,CHEMBL674020,CHEMBL1133162,IC50,=,1.8,nM,8.740000,active,acrylamide,530.39800000,C=CC(=O)Nc1cc2c(Nc3ccc(F)c(Br)c3)ncnc2cc1OCCCN1CCOCC1,,2,1,88.61000000,4.50060000,2,7,9,3,0.29166667,34,c1ccc(Nc2ncnc3cc(OCCCN4CCOCC4)ccc23)cc1,1,4,4,0.02423416,0.00418738,0.06722653,0.06303915,0.02536270,GFN2-xTB_single_point_on_RDKit_MMFF_geometry
EGFR__CHEMBL27688,EGFR,CHEMBL27688,CHEMBL203,CHEMBL674020,CHEMBL1133162,IC50,=,1.5,nM,8.820000,active,acrylamide,447.53900000,C=CC(=O)Nc1cc2c(Nc3cccc(C)c3)ncnc2cc1OCCCN1CCOCC1,,2,1,88.61000000,3.90742000,2,7,9,3,0.32000000,33,c1ccc(Nc2ncnc3cc(OCCCN4CCOCC4)ccc23)cc1,1,4,4,0.01391784,0.00974909,0.02029414,0.01054505,0.00403509,GFN2-xTB_single_point_on_RDKit_MMFF_geometry
EGFR__CHEMBL279138,EGFR,CHEMBL279138,CHEMBL203,CHEMBL679672,CHEMBL1129590,IC50,=,21000.0,nM,4.680000,inactive,acrylamide,518.57000000,N#C/C(=C\c1ccc(O)c(O)c1)C(=O)NCCCCCCCCNC(=O)/C(C#N)=C/c1ccc(O)c(O)c1,,2,1,186.70000000,3.59616000,6,8,13,2,0.28571429,38,O=C(C=Cc1ccccc1)NCCCCCCCCNC(=O)C=Cc1ccccc1,0,4,4,0.07311426,0.04186551,0.10338147,0.06151596,0.02412367,GFN2-xTB_single_point_on_RDKit_MMFF_geometry
EGFR__CHEMBL280757,EGFR,CHEMBL280757,CHEMBL203,CHEMBL674020,CHEMBL1133162,IC50,=,0.69,nM,9.160000,active,acrylamide,387.21200000,C=CC(=O)Nc1ccc2ncnc(Nc3ccc(F)c(Br)c3)c2c1,,4,2,66.91000000,4.39950000,2,4,4,3,0.00000000,24,c1ccc(Nc2ncnc3ccccc23)cc1,1,4,4,0.03571644,0.01305905,0.05527934,0.04222029,0.01633024,GFN2-xTB_single_point_on_RDKit_MMFF_geometry
EGFR__CHEMBL281300,EGFR,CHEMBL281300,CHEMBL203,CHEMBL677384,CHEMBL1147619,IC50,=,86.9,nM,7.060000,active,acrylamide,393.24400000,C=CC(=O)Nc1ccc2ncc(C#N)c(Nc3cccc(Br)c3)c2c1,,4,3,77.81000000,4.73708000,2,4,4,3,0.00000000,25,c1ccc(Nc2ccnc3ccccc23)cc1,1,4,4,0.06441047,0.04342780,0.09071740,0.04728960,0.01693105,GFN2-xTB_single_point_on_RDKit_MMFF_geometry
EGFR__CHEMBL281467,EGFR,CHEMBL281467,CHEMBL203,CHEMBL677385,CHEMBL1147619,IC50,=,374.8,nM,6.430000,active,acrylamide,394.23200000,C=CC(=O)Nc1cnc2ncc(C#N)c(Nc3cccc(Br)c3)c2c1,,2,1,90.70000000,4.13208000,2,5,4,3,0.00000000,25,c1ccc(Nc2ccnc3ncccc23)cc1,1,4,4,0.07618268,0.02065235,0.11936682,0.09871447,0.03548678,GFN2-xTB_single_point_on_RDKit_MMFF_geometry
EGFR__CHEMBL281543,EGFR,CHEMBL281543,CHEMBL203,CHEMBL674020,CHEMBL1133162,IC50,=,2.7,nM,8.570000,active,acrylamide,484.96300000,C=CC(=O)Nc1nc2c(Nc3ccc(F)c(Cl)c3)ncnc2cc1CCCCN1CCOCC1,,1,1,92.27000000,4.34030000,2,7,9,3,0.33333333,34,c1ccc(Nc2ncnc3cc(CCCCN4CCOCC4)cnc23)cc1,1,4,4,0.01788828,0.01400638,0.01982176,0.00581538,0.00227693,GFN2-xTB_single_point_on_RDKit_MMFF_geometry
EGFR__CHEMBL283201,EGFR,CHEMBL283201,CHEMBL203,CHEMBL674020,CHEMBL1133162,IC50,=,45.0,nM,7.350000,active,acrylamide,426.31800000,C=CC(=O)Nc1ccc2ncnc(Nc3ccc(CN(C)C)c(Br)c3)c2c1,,2,1,70.15000000,4.32200000,2,5,6,3,0.15000000,27,c1ccc(Nc2ncnc3ccccc23)cc1,1,4,4,0.04402706,0.01873443,0.05437089,0.03563646,0.01465217,GFN2-xTB_single_point_on_RDKit_MMFF_geometry
EGFR__CHEMBL283682,EGFR,CHEMBL283682,CHEMBL203,CHEMBL680028,CHEMBL1145020,IC50,=,940.0,nM,6.030000,active,propiolamide,405.25500000,CC#CC(=O)Nc1ccc2ncc(C#N)c(Nc3cccc(Br)c3)c2c1,,3,3,77.81000000,4.57438000,2,4,3,3,0.05000000,26,c1ccc(Nc2ccnc3ccccc23)cc1,1,4,4,0.11533327,0.05313755,0.21372072,0.16058316,0.06525797,GFN2-xTB_single_point_on_RDKit_MMFF_geometry
EGFR__CHEMBL28418,EGFR,CHEMBL28418,CHEMBL203,CHEMBL674020,CHEMBL1133162,IC50,=,0.75,nM,9.120000,active,acrylamide,343.74900000,C=CC(=O)Nc1ccc2ncnc(Nc3ccc(F)c(Cl)c3)c2n1,,4,2,79.80000000,3.68540000,2,5,4,3,0.00000000,24,c1ccc(Nc2ncnc3cccnc23)cc1,1,4,4,0.04148928,0.01668202,0.08262382,0.06594180,0.02470353,GFN2-xTB_single_point_on_RDKit_MMFF_geometry
EGFR__CHEMBL284326,EGFR,CHEMBL284326,CHEMBL203,CHEMBL674020,CHEMBL1133162,IC50,=,6.6,nM,8.180000,active,acrylamide,499.97800000,C=CC(=O)Nc1nc2c(Nc3ccc(F)c(Cl)c3)ncnc2cc1OCCCN1CCN(C)CC1,,2,1,95.51000000,3.70170000,2,8,9,3,0.33333333,35,c1ccc(Nc2ncnc3cc(OCCCN4CCNCC4)cnc23)cc1,1,4,4,0.04061602,0.02236713,0.06202376,0.03965663,0.01578283,GFN2-xTB_single_point_on_RDKit_MMFF_geometry
EGFR__CHEMBL285063,EGFR,CHEMBL285063,CHEMBL203,CHEMBL680028,CHEMBL1145020,IC50,=,2.0,nM,8.700000,active,acrylamide,369.22200000,C=CC(=O)Nc1ccc2ncnc(Nc3cccc(Br)c3)c2c1,,8,5,66.91000000,4.26040000,2,4,4,3,0.00000000,23,c1ccc(Nc2ncnc3ccccc23)cc1,1,4,4,0.06949943,0.02648540,0.13203748,0.10555208,0.04129869,GFN2-xTB_single_point_on_RDKit_MMFF_geometry
EGFR__CHEMBL286343,EGFR,CHEMBL286343,CHEMBL203,CHEMBL674020,CHEMBL1133162,IC50,=,3.0,nM,8.520000,active,acrylamide,493.36500000,C=CC(=O)Nc1cc2c(Nc3cccc(Br)c3)ncnc2cc1OCCCn1ccnc1,,2,1,93.96000000,4.92600000,2,6,9,4,0.13043478,32,c1ccc(Nc2ncnc3cc(OCCCn4ccnc4)ccc23)cc1,1,4,4,0.05545659,0.00921292,0.09202931,0.08281639,0.03067513,GFN2-xTB_single_point_on_RDKit_MMFF_geometry
EGFR__CHEMBL290389,EGFR,CHEMBL290389,CHEMBL203,CHEMBL821544,CHEMBL1133720,IC50,=,350.0,nM,6.460000,active,acrylamide,383.45400000,COc1cc(/C=C(\C#N)C(N)=O)cc(Sc2nc3ccccc3s2)c1O,,1,1,109.23000000,3.55398000,2,7,5,3,0.05555556,26,c1ccc(Sc2nc3ccccc3s2)cc1,1,4,4,0.02030377,0.00464402,0.03223735,0.02759333,0.01020133,GFN2-xTB_single_point_on_RDKit_MMFF_geometry
EGFR__CHEMBL291313,EGFR,CHEMBL291313,CHEMBL203,CHEMBL701406,CHEMBL1125266,IC50,=,20000.0,nM,4.700000,inactive,acrylamide,240.17800000,N#CC(C#N)=C1C(=O)Nc2ccc([N+](=O)[O-])cc21,,2,1,119.82000000,1.34766000,1,5,1,1,0.00000000,18,C=C1C(=O)Nc2ccccc21,0,3,3,0.04465000,0.02894293,0.07548708,0.04654415,0.02180638,GFN2-xTB_single_point_on_RDKit_MMFF_geometry
EGFR__CHEMBL291986,EGFR,CHEMBL291986,CHEMBL203,CHEMBL676152,CHEMBL1125266,IC50,=,55000.0,nM,4.260000,inactive,acrylamide,349.39000000,N#C/C(=C\c1ccc(O)c(O)c1)C(=O)N1CCN(c2ccccc2)CC1,,1,1,87.80000000,2.35358000,2,5,3,2,0.20000000,26,O=C(C=Cc1ccccc1)N1CCN(c2ccccc2)CC1,0,4,4,0.08358297,0.06092201,0.10685454,0.04593253,0.01626847,GFN2-xTB_single_point_on_RDKit_MMFF_geometry
EGFR__CHEMBL293749,EGFR,CHEMBL293749,CHEMBL203,CHEMBL676067,CHEMBL1136802,IC50,=,616.6,nM,6.210000,active,acrylamide,308.33700000,N#C/C(=C\c1ccc(O)c(O)c1)C(=O)NCCc1ccccc1,,2,2,93.35000000,2.36368000,3,4,5,2,0.11111111,23,O=C(C=Cc1ccccc1)NCCc1ccccc1,1,4,4,0.05193017,0.03083369,0.07374971,0.04291602,0.01531561,GFN2-xTB_single_point_on_RDKit_MMFF_geometry
EGFR__CHEMBL296168,EGFR,CHEMBL296168,CHEMBL203,CHEMBL674018,CHEMBL1132213,IC50,=,1.1,nM,8.960000,active,acrylamide,370.21000000,C=CC(=O)Nc1ccc2ncnc(Nc3cccc(Br)c3)c2n1,,2,1,79.80000000,3.65540000,2,5,4,3,0.00000000,23,c1ccc(Nc2ncnc3cccnc23)cc1,1,4,4,0.06656911,0.02149341,0.10622848,0.08473507,0.03943850,GFN2-xTB_single_point_on_RDKit_MMFF_geometry
EGFR__CHEMBL296407,EGFR,CHEMBL296407,CHEMBL203,CHEMBL700784,CHEMBL1125266,IC50,=,15000.0,nM,4.820000,inactive,acrylamide,204.18500000,N#C/C(=C\c1ccc(O)c(O)c1)C(N)=O,,2,2,107.34000000,0.49008000,3,4,2,1,0.00000000,15,c1ccccc1,0,4,4,0.04949006,0.03199462,0.07105064,0.03905602,0.01396073,GFN2-xTB_single_point_on_RDKit_MMFF_geometry
EGFR__CHEMBL297968,EGFR,CHEMBL297968,CHEMBL203,CHEMBL856168,CHEMBL1132213,IC50,=,1.6,nM,8.800000,active,acrylamide,304.35300000,C=CC(=O)Nc1ccc2c(Nc3cccc(C)c3)ncnc2c1,,2,1,66.91000000,3.80632000,2,4,4,3,0.05555556,23,c1ccc(Nc2ncnc3ccccc23)cc1,1,4,4,0.06449438,0.06002413,0.07654336,0.01651924,0.00696290,GFN2-xTB_single_point_on_RDKit_MMFF_geometry
EGFR__CHEMBL302552,EGFR,CHEMBL302552,CHEMBL203,CHEMBL674637,CHEMBL1134862,IC50,=,22.0,nM,7.660000,active,acrylamide,511.94500000,O=C1Nc2ncnc(Nc3ccc(F)c(Cl)c3)c2/C1=C/c1ccc(C(=O)NCCN2CCOCC2)[nH]1,,1,1,124.27000000,2.89550000,4,7,7,3,0.25000000,36,O=C1Nc2ncnc(Nc3ccccc3)c2C1=Cc1ccc(C(=O)NCCN2CCOCC2)[nH]1,1,4,4,0.02645477,0.01539327,0.03697372,0.02158045,0.01026342,GFN2-xTB_single_point_on_RDKit_MMFF_geometry
EGFR__CHEMBL304271,EGFR,CHEMBL304271,CHEMBL203,CHEMBL674637,CHEMBL1134862,IC50,=,0.45,nM,9.350000,active,acrylamide,542.01500000,CCN(CC)CC(O)CNC(=O)c1cc(C)c(/C=C2\C(=O)Nc3ncnc(Nc4ccc(F)c(Cl)c4)c32)[nH]1,,1,1,135.27000000,3.57442000,5,7,10,3,0.30769231,38,O=C1Nc2ncnc(Nc3ccccc3)c2C1=Cc1ccc[nH]1,1,4,4,0.02463047,0.00836206,0.03436034,0.02599828,0.01003822,GFN2-xTB_single_point_on_RDKit_MMFF_geometry
EGFR__CHEMBL304971,EGFR,CHEMBL304971,CHEMBL203,CHEMBL674637,CHEMBL1134862,IC50,=,410.0,nM,6.390000,active,acrylamide,495.94600000,Cc1c(C(=O)N2CCN(C)CC2)c[nH]c1/C=C1\C(=O)Nc2ncnc(Nc3ccc(F)c(Cl)c3)c21,,1,1,106.25000000,3.52952000,3,6,4,3,0.25000000,35,O=C1Nc2ncnc(Nc3ccccc3)c2C1=Cc1cc(C(=O)N2CCNCC2)c[nH]1,1,4,4,0.02817315,0.01973801,0.03948849,0.01975048,0.00721361,GFN2-xTB_single_point_on_RDKit_MMFF_geometry
EGFR__CHEMBL305194,EGFR,CHEMBL305194,CHEMBL203,CHEMBL674637,CHEMBL1134862,IC50,=,29.0,nM,7.540000,active,acrylamide,413.79600000,Cc1cc(C(=O)O)[nH]c1/C=C1\C(=O)Nc2ncnc(Nc3ccc(F)c(Cl)c3)c21,,1,1,120.00000000,3.84012000,4,5,4,3,0.05263158,29,O=C1Nc2ncnc(Nc3ccccc3)c2C1=Cc1ccc[nH]1,1,4,4,0.06109255,0.03402533,0.09043206,0.05640673,0.02497360,GFN2-xTB_single_point_on_RDKit_MMFF_geometry
EGFR__CHEMBL305246,EGFR,CHEMBL305246,CHEMBL203,CHEMBL621151,CHEMBL1134862,IC50,=,100.0,nM,7.000000,active,acrylamide,495.94600000,Cc1cc(C(=O)N2CCN(C)CC2)[nH]c1/C=C1\C(=O)Nc2ncnc(Nc3ccc(F)c(Cl)c3)c21,,3,1,106.25000000,3.52952000,3,6,4,3,0.25000000,35,O=C1Nc2ncnc(Nc3ccccc3)c2C1=Cc1ccc(C(=O)N2CCNCC2)[nH]1,1,4,4,0.02011476,0.01047918,0.02655620,0.01607701,0.00590440,GFN2-xTB_single_point_on_RDKit_MMFF_geometry
EGFR__CHEMBL305782,EGFR,CHEMBL305782,CHEMBL203,CHEMBL674637,CHEMBL1134862,IC50,=,180.0,nM,6.750000,active,acrylamide,455.87700000,Cc1[nH]c(/C=C2\C(=O)Nc3ncnc(Nc4ccc(F)c(Cl)c4)c32)c(C)c1CCC(=O)O,,1,1,120.00000000,4.46754000,4,5,6,3,0.18181818,32,O=C1Nc2ncnc(Nc3ccccc3)c2C1=Cc1ccc[nH]1,1,4,4,0.04943770,0.03296019,0.06937475,0.03641456,0.01355442,GFN2-xTB_single_point_on_RDKit_MMFF_geometry
EGFR__CHEMBL308048,EGFR,CHEMBL308048,CHEMBL203,CHEMBL674643,CHEMBL1124610,IC50,=,800000.0,nM,3.096910,inactive,acrylamide,188.18600000,N#C/C(=C\c1ccc(O)cc1)C(N)=O,,1,1,87.11000000,0.78448000,2,3,2,1,0.00000000,14,c1ccccc1,0,4,4,0.01620164,0.00062271,0.03321893,0.03259622,0.01215252,GFN2-xTB_single_point_on_RDKit_MMFF_geometry
EGFR__CHEMBL308339,EGFR,CHEMBL308339,CHEMBL203,CHEMBL674643,CHEMBL1124610,IC50,=,1400000.0,nM,2.853872,inactive,acrylamide,190.11800000,N#CC(C#N)=C1C(=O)NC(=O)NC1=O,,1,1,122.85000000,-1.30384000,2,5,0,0,0.00000000,14,C=C1C(=O)NC(=O)NC1=O,0,4,4,0.07900714,0.04403038,0.12862988,0.08459950,0.03359751,GFN2-xTB_single_point_on_RDKit_MMFF_geometry
EGFR__CHEMBL308645,EGFR,CHEMBL308645,CHEMBL203,CHEMBL674637,CHEMBL1134862,IC50,=,4.7,nM,8.330000,active,acrylamide,441.85000000,Cc1cc(CCC(=O)O)[nH]c1/C=C1\C(=O)Nc2ncnc(Nc3ccc(F)c(Cl)c3)c21,,1,1,120.00000000,4.15912000,4,5,6,3,0.14285714,31,O=C1Nc2ncnc(Nc3ccccc3)c2C1=Cc1ccc[nH]1,1,4,4,0.06074717,0.01911873,0.11929599,0.10017726,0.03678143,GFN2-xTB_single_point_on_RDKit_MMFF_geometry
EGFR__CHEMBL308672,EGFR,CHEMBL308672,CHEMBL203,CHEMBL674637,CHEMBL1134862,IC50,=,450.0,nM,6.350000,active,acrylamide,511.98900000,CCN(CC)CCNC(=O)c1cc(C)c(/C=C2\C(=O)Nc3ncnc(Nc4ccc(Cl)cc4F)c32)[nH]1,,2,1,115.04000000,4.21352000,4,6,9,3,0.28000000,36,O=C1Nc2ncnc(Nc3ccccc3)c2C1=Cc1ccc[nH]1,1,4,4,0.03872641,0.02089765,0.05551110,0.03461345,0.01226106,GFN2-xTB_single_point_on_RDKit_MMFF_geometry
EGFR__CHEMBL30973,EGFR,CHEMBL30973,CHEMBL203,CHEMBL677384,CHEMBL1147619,IC50,=,122.9,nM,6.910000,active,acrylamide,450.34000000,CN(C)C/C=C/C(=O)Nc1ccc2ncc(C#N)c(Nc3cccc(Br)c3)c2c1,,4,3,81.05000000,4.66888000,2,5,6,3,0.13636364,29,c1ccc(Nc2ccnc3ccccc23)cc1,1,4,4,0.05233995,0.01905802,0.06913328,0.05007526,0.01958623,GFN2-xTB_single_point_on_RDKit_MMFF_geometry
EGFR__CHEMBL31276,EGFR,CHEMBL31276,CHEMBL203,CHEMBL677385,CHEMBL1147619,IC50,=,1.9,nM,8.720000,active,acrylamide,451.32800000,CN(C)C/C=C/C(=O)Nc1cc2c(Nc3cccc(Br)c3)c(C#N)cnc2cn1,,2,1,93.94000000,4.06388000,2,6,6,3,0.14285714,29,c1ccc(Nc2ccnc3cnccc23)cc1,1,4,4,0.11492451,0.05010905,0.25978084,0.20967179,0.08443662,GFN2-xTB_single_point_on_RDKit_MMFF_geometry
EGFR__CHEMBL31326,EGFR,CHEMBL31326,CHEMBL203,CHEMBL674020,CHEMBL1133162,IC50,=,0.78,nM,9.110000,active,acrylamide,514.49300000,C=CC(=O)Nc1cc2c(Nc3cccc(Br)c3)ncnc2cc1SCCCN(CC)CC,,2,1,70.15000000,6.08440000,2,6,11,3,0.29166667,32,c1ccc(Nc2ncnc3ccccc23)cc1,1,4,4,0.07609542,0.02806234,0.10925444,0.08119210,0.03067433,GFN2-xTB_single_point_on_RDKit_MMFF_geometry
EGFR__CHEMBL31369,EGFR,CHEMBL31369,CHEMBL203,CHEMBL674020,CHEMBL1133162,IC50,=,27.0,nM,7.570000,active,acrylamide,456.34400000,C=CC(=O)Nc1ccc2ncnc(Nc3ccc(OCCN(C)C)c(Br)c3)c2c1,,1,1,79.38000000,4.20080000,2,6,8,3,0.19047619,29,c1ccc(Nc2ncnc3ccccc23)cc1,1,4,4,0.03405537,0.02792102,0.04459315,0.01667213,0.00676744,GFN2-xTB_single_point_on_RDKit_MMFF_geometry
EGFR__CHEMBL31373,EGFR,CHEMBL31373,CHEMBL203,CHEMBL674020,CHEMBL1133162,IC50,=,0.75,nM,9.120000,active,acrylamide,342.76100000,C=CC(=O)Nc1ccc2ncnc(Nc3ccc(F)c(Cl)c3)c2c1,,4,2,66.91000000,4.29040000,2,4,4,3,0.00000000,24,c1ccc(Nc2ncnc3ccccc23)cc1,1,4,4,0.03686051,0.01542443,0.05570577,0.04028133,0.01563314,GFN2-xTB_single_point_on_RDKit_MMFF_geometry
EGFR__CHEMBL314146,EGFR,CHEMBL314146,CHEMBL203,CHEMBL676159,CHEMBL1131018,IC50,=,44000.0,nM,4.360000,inactive,acrylamide,255.34200000,CCc1ccc(/C=C2\C(=O)Nc3ccccc32)s1,,1,1,29.10000000,3.80320000,1,2,2,2,0.13333333,18,O=C1Nc2ccccc2C1=Cc1cccs1,0,2,2,0.29263467,0.27837158,0.30689776,0.02852619,0.01426309,GFN2-xTB_single_point_on_RDKit_MMFF_geometry
EGFR__CHEMBL31419,EGFR,CHEMBL31419,CHEMBL203,CHEMBL674020,CHEMBL1133162,IC50,=,3.6,nM,8.440000,active,acrylamide,512.40800000,C=CC(=O)Nc1cc2c(Nc3cccc(Br)c3)ncnc2cc1OCCCN1CCOCC1,,2,1,88.61000000,4.36150000,2,7,9,3,0.29166667,33,c1ccc(Nc2ncnc3cc(OCCCN4CCOCC4)ccc23)cc1,1,4,4,0.03038880,0.00515804,0.05194231,0.04678427,0.01724476,GFN2-xTB_single_point_on_RDKit_MMFF_geometry
EGFR__CHEMBL31570,EGFR,CHEMBL31570,CHEMBL203,CHEMBL674020,CHEMBL1133162,IC50,=,0.97,nM,9.010000,active,acrylamide,417.82800000,C=CC(=O)Nc1nc2c(Nc3ccc(F)c(Cl)c3)ncnc2cc1OCCOC,,2,1,98.26000000,3.71060000,2,7,8,3,0.15789474,29,c1ccc(Nc2ncnc3cccnc23)cc1,1,4,4,0.05530398,0.02022311,0.09748562,0.07726251,0.03001388,GFN2-xTB_single_point_on_RDKit_MMFF_geometry
EGFR__CHEMBL31588,EGFR,CHEMBL31588,CHEMBL203,CHEMBL674020,CHEMBL1133162,IC50,=,3.9,nM,8.410000,active,acrylamide,484.39800000,C=CC(=O)Nc1cc2c(Nc3cccc(Br)c3)ncnc2cc1OCCCCN(C)C,,2,1,79.38000000,4.98100000,2,6,10,3,0.26086957,31,c1ccc(Nc2ncnc3ccccc23)cc1,1,4,4,0.05490861,0.00764935,0.07399434,0.06634499,0.02736151,GFN2-xTB_single_point_on_RDKit_MMFF_geometry
EGFR__CHEMBL316127,EGFR,CHEMBL316127,CHEMBL203,CHEMBL680018,CHEMBL1134561,IC50,=,74.0,nM,7.130000,active,acrylamide,468.35500000,O=C(/C=C/CN1CCOCC1)Nc1ccc2ncnc(Nc3cccc(Br)c3)c2c1,,1,1,79.38000000,3.96280000,2,6,6,3,0.22727273,30,O=C(C=CCN1CCOCC1)Nc1ccc2ncnc(Nc3ccccc3)c2c1,1,4,4,0.02482103,0.01911636,0.02918888,0.01007252,0.00410474,GFN2-xTB_single_point_on_RDKit_MMFF_geometry
EGFR__CHEMBL31622,EGFR,CHEMBL31622,CHEMBL203,CHEMBL674020,CHEMBL1133162,IC50,=,2.0,nM,8.700000,active,acrylamide,460.58200000,C=CC(=O)Nc1cc2c(Nc3cccc(C)c3)ncnc2cc1OCCCN1CCN(C)CC1,,2,1,82.62000000,3.82262000,2,7,9,3,0.34615385,34,c1ccc(Nc2ncnc3cc(OCCCN4CCNCC4)ccc23)cc1,1,4,4,0.01522423,0.00428485,0.02336924,0.01908439,0.00690196,GFN2-xTB_single_point_on_RDKit_MMFF_geometry
EGFR__CHEMBL31630,EGFR,CHEMBL31630,CHEMBL203,CHEMBL674020,CHEMBL1133162,IC50,=,20.0,nM,7.700000,active,acrylamide,500.96200000,C=CC(=O)N(C)c1nc2c(Nc3ccc(F)c(Cl)c3)ncnc2cc1OCCCN1CCOCC1,,2,1,92.71000000,3.81080000,1,8,9,3,0.33333333,35,c1ccc(Nc2ncnc3cc(OCCCN4CCOCC4)cnc23)cc1,1,3,3,0.02874042,0.00709608,0.06022560,0.05312952,0.02277891,GFN2-xTB_single_point_on_RDKit_MMFF_geometry
EGFR__CHEMBL31656,EGFR,CHEMBL31656,CHEMBL203,CHEMBL674020,CHEMBL1133162,IC50,=,1.5,nM,8.820000,active,acrylamide,486.93500000,C=CC(=O)Nc1nc2c(Nc3ccc(F)c(Cl)c3)ncnc2cc1OCCCN1CCOCC1,,2,1,101.50000000,3.78650000,2,8,9,3,0.30434783,34,c1ccc(Nc2ncnc3cc(OCCCN4CCOCC4)cnc23)cc1,1,4,4,0.02325587,0.01580182,0.02697495,0.01117313,0.00447271,GFN2-xTB_single_point_on_RDKit_MMFF_geometry
EGFR__CHEMBL31815,EGFR,CHEMBL31815,CHEMBL203,CHEMBL674020,CHEMBL1133162,IC50,=,0.42,nM,9.380000,active,acrylamide,304.35300000,C=CC(=O)Nc1ccc2ncnc(Nc3cccc(C)c3)c2c1,,4,2,66.91000000,3.80632000,2,4,4,3,0.05555556,23,c1ccc(Nc2ncnc3ccccc23)cc1,1,4,4,0.04478619,0.03375490,0.05151886,0.01776397,0.00666881,GFN2-xTB_single_point_on_RDKit_MMFF_geometry
EGFR__CHEMBL31816,EGFR,CHEMBL31816,CHEMBL203,CHEMBL674020,CHEMBL1133162,IC50,=,0.95,nM,9.020000,active,acrylamide,373.77500000,C=CC(=O)Nc1nc2c(Nc3ccc(F)c(Cl)c3)ncnc2cc1OC,,2,1,89.03000000,3.69400000,2,6,5,3,0.05882353,26,c1ccc(Nc2ncnc3cccnc23)cc1,1,4,4,0.02964811,0.02352870,0.04047919,0.01695049,0.00645067,GFN2-xTB_single_point_on_RDKit_MMFF_geometry
EGFR__CHEMBL31876,EGFR,CHEMBL31876,CHEMBL203,CHEMBL677385,CHEMBL1147619,IC50,=,330.2,nM,6.480000,active,propiolamide,378.79400000,CC#CC(=O)Nc1ccc2ncc(C#N)c(Nc3ccc(F)c(Cl)c3)c2c1,,1,1,77.81000000,4.60438000,2,4,3,3,0.05000000,27,c1ccc(Nc2ccnc3ccccc23)cc1,1,4,4,0.02727587,0.01304168,0.03565478,0.02261310,0.00853078,GFN2-xTB_single_point_on_RDKit_MMFF_geometry
EGFR__CHEMBL31965,EGFR,CHEMBL31965,CHEMBL203,CHEMBL674019,CHEMBL1133162,IC50,=,7.4,nM,8.130000,active,acrylamide,485.94700000,C=CC(=O)Nc1cc2c(Nc3ccc(F)c(Cl)c3)ncnc2cc1OCCCN1CCOCC1,,3,2,88.61000000,4.39150000,2,7,9,3,0.29166667,34,c1ccc(Nc2ncnc3cc(OCCCN4CCOCC4)ccc23)cc1,1,4,4,0.02655434,0.00953859,0.06713820,0.05759961,0.02381663,GFN2-xTB_single_point_on_RDKit_MMFF_geometry
EGFR__CHEMBL32079,EGFR,CHEMBL32079,CHEMBL203,CHEMBL674020,CHEMBL1133162,IC50,=,1.7,nM,8.770000,active,acrylamide,474.92000000,C=CC(=O)Nc1cc2c(Nc3ccc(F)c(Cl)c3)ncnc2cc1OCCOCCCCO,,1,1,105.60000000,4.45830000,3,7,12,3,0.26086957,33,c1ccc(Nc2ncnc3ccccc23)cc1,1,4,4,0.01815556,0.00764731,0.03606581,0.02841850,0.01111295,GFN2-xTB_single_point_on_RDKit_MMFF_geometry
EGFR__CHEMBL323630,EGFR,CHEMBL323630,CHEMBL203,CHEMBL680028,CHEMBL1145020,IC50,=,650.0,nM,6.190000,active,acrylamide,423.87900000,CN(C)C/C=C/C(=O)Nc1ccc2ncc(C#N)c(Nc3ccc(F)c(Cl)c3)c2c1,,2,2,81.05000000,4.69888000,2,5,6,3,0.13636364,30,c1ccc(Nc2ccnc3ccccc23)cc1,1,4,4,0.04050245,0.03102164,0.05091955,0.01989791,0.00736384,GFN2-xTB_single_point_on_RDKit_MMFF_geometry
EGFR__CHEMBL324030,EGFR,CHEMBL324030,CHEMBL203,CHEMBL677392,CHEMBL1126897,IC50,=,16300.0,nM,4.790000,inactive,acrylamide,349.43700000,COc1cc(/C=C(\C#N)C(N)=O)cc(CSC2=NCCS2)c1O,,1,1,108.70000000,2.12908000,2,7,5,1,0.26666667,23,c1ccc(CSC2=NCCS2)cc1,0,4,4,0.01805416,0.00520142,0.02779705,0.02259564,0.00817773,GFN2-xTB_single_point_on_RDKit_MMFF_geometry
EGFR__CHEMBL324718,EGFR,CHEMBL324718,CHEMBL203,CHEMBL680028,CHEMBL1145020,IC50,=,810.0,nM,6.090000,active,acrylamide,423.27000000,C=CC(=O)Nc1cc2c(Nc3cccc(Br)c3)c(C#N)cnc2cc1OC,,2,2,87.04000000,4.74568000,2,5,5,3,0.05000000,27,c1ccc(Nc2ccnc3ccccc23)cc1,1,4,4,0.05126401,0.01958290,0.08068211,0.06109921,0.02357562,GFN2-xTB_single_point_on_RDKit_MMFF_geometry
EGFR__CHEMBL326044,EGFR,CHEMBL326044,CHEMBL203,CHEMBL677393,CHEMBL1126897,IC50,=,48000.0,nM,4.320000,inactive,acrylamide,350.39600000,COc1cc(/C=C(\C#N)C(N)=O)cc(CSCCCC(=O)O)c1O,,2,1,133.64000000,1.89108000,3,6,9,1,0.31250000,24,c1ccccc1,0,4,4,0.04484513,0.02892274,0.06539607,0.03647333,0.01369202,GFN2-xTB_single_point_on_RDKit_MMFF_geometry
EGFR__CHEMBL326100,EGFR,CHEMBL326100,CHEMBL203,CHEMBL676067,CHEMBL1136802,IC50,=,1000.0,nM,6.000000,active,acrylamide,388.87600000,COc1cc(/C=C(\C#N)C(N)=O)cc(CSCc2ccccc2Cl)c1O,,2,2,96.34000000,3.87988000,2,5,7,2,0.15789474,26,c1ccc(CSCc2ccccc2)cc1,1,4,4,0.01867946,0.00746081,0.02651152,0.01905071,0.00759993,GFN2-xTB_single_point_on_RDKit_MMFF_geometry
EGFR__CHEMBL326280,EGFR,CHEMBL326280,CHEMBL203,CHEMBL680028,CHEMBL1145020,IC50,=,790.0,nM,6.100000,active,propiolamide,465.30700000,COCC#CC(=O)Nc1cc2c(Nc3cccc(Br)c3)c(C#N)cnc2cc1OC,,2,2,96.27000000,4.20948000,2,6,5,3,0.13636364,30,c1ccc(Nc2ccnc3ccccc23)cc1,1,4,4,0.02668699,0.01923910,0.03768529,0.01844619,0.00713539,GFN2-xTB_single_point_on_RDKit_MMFF_geometry
EGFR__CHEMBL327023,EGFR,CHEMBL327023,CHEMBL203,CHEMBL680028,CHEMBL1145020,IC50,=,550.0,nM,6.260000,active,propiolamide,506.42900000,N#Cc1cnc2ccc(NC(=O)C#CCN3CCSCC3)cc2c1Nc1cccc(Br)c1,,2,2,81.05000000,4.60328000,2,6,4,3,0.20833333,32,O=C(C#CCN1CCSCC1)Nc1ccc2nccc(Nc3ccccc3)c2c1,1,4,4,0.04009237,0.00643313,0.07757544,0.07114231,0.02966551,GFN2-xTB_single_point_on_RDKit_MMFF_geometry
EGFR__CHEMBL327838,EGFR,CHEMBL327838,CHEMBL203,CHEMBL680018,CHEMBL1134561,IC50,=,65.0,nM,7.190000,active,propiolamide,455.31200000,COCCOCC#CC(=O)Nc1ccc2ncnc(Nc3cccc(Br)c3)c2c1,,1,1,85.37000000,3.74080000,2,6,7,3,0.19047619,29,c1ccc(Nc2ncnc3ccccc23)cc1,1,4,4,0.06239866,0.04193647,0.08104803,0.03911155,0.01706893,GFN2-xTB_single_point_on_RDKit_MMFF_geometry
EGFR__CHEMBL328245,EGFR,CHEMBL328245,CHEMBL203,CHEMBL680018,CHEMBL1134561,IC50,=,62.0,nM,7.210000,active,propiolamide,480.41000000,CCCN(CC#CC(=O)Nc1ccc2ncnc(Nc3cccc(Br)c3)c2c1)CCC,,1,1,70.15000000,5.19980000,2,5,8,3,0.29166667,31,c1ccc(Nc2ncnc3ccccc23)cc1,1,4,4,0.03986783,0.03509453,0.04553598,0.01044146,0.00458252,GFN2-xTB_single_point_on_RDKit_MMFF_geometry
EGFR__CHEMBL32844,EGFR,CHEMBL32844,CHEMBL203,CHEMBL674020,CHEMBL1133162,IC50,=,1.7,nM,8.770000,active,acrylamide,525.45100000,C=CC(=O)Nc1cc2c(Nc3cccc(Br)c3)ncnc2cc1OCCCN1CCN(C)CC1,,2,1,82.62000000,4.27670000,2,7,9,3,0.32000000,34,c1ccc(Nc2ncnc3cc(OCCCN4CCNCC4)ccc23)cc1,1,4,4,0.05076746,0.01452404,0.09863162,0.08410758,0.03646712,GFN2-xTB_single_point_on_RDKit_MMFF_geometry
EGFR__CHEMBL328704,EGFR,CHEMBL328704,CHEMBL203,CHEMBL680018,CHEMBL1134561,IC50,=,12.0,nM,7.920000,active,propiolamide,452.35600000,CCN(CC)CC#CC(=O)Nc1ccc2ncnc(Nc3cccc(Br)c3)c2c1,,1,1,70.15000000,4.41960000,2,5,6,3,0.22727273,29,c1ccc(Nc2ncnc3ccccc23)cc1,1,4,4,0.02521969,0.01463386,0.04601036,0.03137650,0.01243372,GFN2-xTB_single_point_on_RDKit_MMFF_geometry
EGFR__CHEMBL328977,EGFR,CHEMBL328977,CHEMBL203,CHEMBL680018,CHEMBL1134561,IC50,=,95.0,nM,7.020000,active,propiolamide,482.40700000,O=C(C#CCN1CCSCC1)Nc1ccc2ncnc(Nc3cccc(Br)c3)c2c1,,1,1,70.15000000,4.12660000,2,6,4,3,0.22727273,30,O=C(C#CCN1CCSCC1)Nc1ccc2ncnc(Nc3ccccc3)c2c1,1,4,4,0.05406729,0.03438217,0.07121364,0.03683147,0.01382370,GFN2-xTB_single_point_on_RDKit_MMFF_geometry
EGFR__CHEMBL329642,EGFR,CHEMBL329642,CHEMBL203,CHEMBL680018,CHEMBL1134561,IC50,=,269.0,nM,6.570000,active,acrylamide,383.24900000,C/C=C\C(=O)Nc1ccc2ncnc(Nc3cccc(Br)c3)c2c1,,1,1,66.91000000,4.65050000,2,4,4,3,0.05555556,24,c1ccc(Nc2ncnc3ccccc23)cc1,1,4,4,0.17886605,0.08470592,0.30449029,0.21978437,0.07936742,GFN2-xTB_single_point_on_RDKit_MMFF_geometry
EGFR__CHEMBL329856,EGFR,CHEMBL329856,CHEMBL203,CHEMBL680018,CHEMBL1134561,IC50,=,6.0,nM,8.220000,active,propiolamide,424.30200000,CN(C)CC#CC(=O)Nc1ccc2ncnc(Nc3cccc(Br)c3)c2c1,,1,1,70.15000000,3.63940000,2,5,4,3,0.15000000,27,c1ccc(Nc2ncnc3ccccc23)cc1,1,4,4,0.03961205,0.02294005,0.05592265,0.03298260,0.01191330,GFN2-xTB_single_point_on_RDKit_MMFF_geometry
EGFR__CHEMBL331026,EGFR,CHEMBL331026,CHEMBL203,CHEMBL676067,CHEMBL1136802,IC50,=,14454.4,nM,4.840000,inactive,acrylamide,380.42900000,COc1cc(/C=C(\C#N)C(N)=O)cc(CSc2nc3ccccc3[nH]2)c1O,,4,2,125.02000000,2.96168000,3,6,6,3,0.10526316,27,c1ccc(CSc2nc3ccccc3[nH]2)cc1,0,4,4,0.02561724,0.01455411,0.04022924,0.02567513,0.01038028,GFN2-xTB_single_point_on_RDKit_MMFF_geometry
EGFR__CHEMBL333454,EGFR,CHEMBL333454,CHEMBL203,CHEMBL689290,CHEMBL1126897,IC50,=,12000.0,nM,4.920000,inactive,acrylamide,354.43100000,COc1cc(/C=C(\C#N)C(N)=O)cc(CSc2ccc(C)cc2)c1O,,1,1,96.34000000,3.39380000,2,5,6,2,0.15789474,25,c1ccc(CSc2ccccc2)cc1,0,4,4,0.03248153,0.01785677,0.05341329,0.03555652,0.01456524,GFN2-xTB_single_point_on_RDKit_MMFF_geometry
EGFR__CHEMBL334697,EGFR,CHEMBL334697,CHEMBL203,CHEMBL673925,CHEMBL1134843,IC50,=,0.17,nM,9.770000,active,acrylamide,384.23700000,C=CC(=O)N(C)c1cc2c(Nc3cccc(Br)c3)ncnc2cn1,,2,1,71.01000000,3.67970000,1,5,4,3,0.05882353,24,c1ccc(Nc2ncnc3cnccc23)cc1,1,3,3,0.11379832,0.05403976,0.17011504,0.11607527,0.04744999,GFN2-xTB_single_point_on_RDKit_MMFF_geometry
EGFR__CHEMBL334801,EGFR,CHEMBL334801,CHEMBL203,CHEMBL677216,CHEMBL1134843,IC50,=,57.0,nM,7.240000,active,acrylamide,498.38500000,CN(C)CCCNC(=O)/C=C/C(=O)Nc1cc2c(Nc3cccc(Br)c3)ncnc2cn1,,3,1,112.14000000,3.09350000,3,7,9,3,0.22727273,32,c1ccc(Nc2ncnc3cnccc23)cc1,1,4,4,0.02599799,0.01535390,0.04510112,0.02974722,0.01133594,GFN2-xTB_single_point_on_RDKit_MMFF_geometry
EGFR__CHEMBL342828,EGFR,CHEMBL342828,CHEMBL203,CHEMBL677216,CHEMBL1134843,IC50,=,14.0,nM,7.850000,active,acrylamide,521.37900000,O=C(/C=C/C(=O)Nc1cc2c(Nc3cccc(Br)c3)ncnc2cn1)NCCCn1ccnc1,,3,1,126.72000000,3.42860000,3,7,9,4,0.13043478,34,O=C(C=CC(=O)Nc1cc2c(Nc3ccccc3)ncnc2cn1)NCCCn1ccnc1,1,4,4,0.06776264,0.05483075,0.09460649,0.03977575,0.01605589,GFN2-xTB_single_point_on_RDKit_MMFF_geometry
EGFR__CHEMBL343722,EGFR,CHEMBL343722,CHEMBL203,CHEMBL673925,CHEMBL1134843,IC50,=,1.6,nM,8.800000,active,acrylamide,381.23300000,C=C=CC(=O)Nc1ccc2ncnc(Nc3cccc(Br)c3)c2c1,,2,1,66.91000000,4.41550000,2,4,4,3,0.00000000,24,c1ccc(Nc2ncnc3ccccc23)cc1,1,4,4,0.08761609,0.03290588,0.11557463,0.08266875,0.03268502,GFN2-xTB_single_point_on_RDKit_MMFF_geometry
EGFR__CHEMBL343875,EGFR,CHEMBL343875,CHEMBL203,CHEMBL673947,CHEMBL1136802,IC50,=,165958.69,nM,3.780000,inactive,acrylamide,441.53400000,CCOc1ccc2sc(SCc3cc(/C=C(\C#N)C(N)=O)cc(OC)c3O)nc2c1,,1,1,118.46000000,4.09378000,2,8,8,3,0.19047619,30,c1ccc(CSc2nc3ccccc3s2)cc1,0,4,4,0.01304041,0.00737237,0.01824423,0.01087187,0.00385919,GFN2-xTB_single_point_on_RDKit_MMFF_geometry
EGFR__CHEMBL344177,EGFR,CHEMBL344177,CHEMBL203,CHEMBL673925,CHEMBL1134843,IC50,=,0.69,nM,9.160000,active,acrylamide,404.65500000,O=C(/C=C/Cl)Nc1cc2c(Nc3cccc(Br)c3)ncnc2cn1,,2,1,79.80000000,4.22190000,2,5,4,3,0.00000000,24,c1ccc(Nc2ncnc3cnccc23)cc1,1,4,4,0.23550839,0.15207892,0.27677194,0.12469301,0.05018553,GFN2-xTB_single_point_on_RDKit_MMFF_geometry
EGFR__CHEMBL344486,EGFR,CHEMBL344486,CHEMBL203,CHEMBL673925,CHEMBL1134843,IC50,=,2.7,nM,8.570000,active,acrylamide,441.28500000,CCOC(=O)/C=C/C(=O)Nc1ccc2ncnc(Nc3cccc(Br)c3)c2c1,,2,1,93.21000000,4.19370000,2,6,6,3,0.10000000,28,c1ccc(Nc2ncnc3ccccc23)cc1,1,4,4,0.04411671,0.02834321,0.05504383,0.02670061,0.01088764,GFN2-xTB_single_point_on_RDKit_MMFF_geometry
EGFR__CHEMBL345109,EGFR,CHEMBL345109,CHEMBL203,CHEMBL677216,CHEMBL1134843,IC50,=,59.0,nM,7.230000,active,acrylamide,497.39700000,CN(C)CCCNC(=O)/C=C/C(=O)Nc1ccc2ncnc(Nc3cccc(Br)c3)c2c1,,3,1,99.25000000,3.69850000,3,6,9,3,0.21739130,32,c1ccc(Nc2ncnc3ccccc23)cc1,1,4,4,0.01863368,0.01246511,0.02283430,0.01036919,0.00385991,GFN2-xTB_single_point_on_RDKit_MMFF_geometry
EGFR__CHEMBL347074,EGFR,CHEMBL347074,CHEMBL203,CHEMBL880174,CHEMBL1132535,IC50,=,21800.0,nM,4.660000,inactive,acrylamide,372.42400000,Cc1c(CCC(=O)O)c[nH]c1/C=C1\C(=O)Nc2cc(-c3ccccc3)ccc21,,1,1,82.19000000,4.50002000,3,2,5,3,0.13043478,28,O=C1Nc2cc(-c3ccccc3)ccc2C1=Cc1ccc[nH]1,0,4,4,0.00696399,0.00623340,0.00785639,0.00162299,0.00058014,GFN2-xTB_single_point_on_RDKit_MMFF_geometry
EGFR__CHEMBL357161,EGFR,CHEMBL357161,CHEMBL203,CHEMBL856172,CHEMBL1129590,IC50,=,12500.0,nM,4.900000,inactive,acrylamide,516.55400000,N#C/C(=C\c1ccc(O)c(O)c1)C(=O)NCC1CCCC(CNC(=O)/C(C#N)=C/c2ccc(O)c(O)c2)C1,,1,1,186.70000000,3.06196000,6,8,8,2,0.28571429,38,O=C(C=Cc1ccccc1)NCC1CCCC(CNC(=O)C=Cc2ccccc2)C1,0,4,4,0.07578891,0.04492152,0.13441106,0.08948954,0.03485950,GFN2-xTB_single_point_on_RDKit_MMFF_geometry
EGFR__CHEMBL357400,EGFR,CHEMBL357400,CHEMBL203,CHEMBL679672,CHEMBL1129590,IC50,=,102000.0,nM,3.991400,inactive,acrylamide,648.30800000,COc1cc(/C=C(\C#N)C(=O)NCCCCNC(=O)/C(C#N)=C/c2cc(Br)c(O)c(OC)c2)cc(Br)c1O,,1,1,164.70000000,4.16676000,4,8,11,2,0.23076923,38,O=C(C=Cc1ccccc1)NCCCCNC(=O)C=Cc1ccccc1,0,4,4,0.01546264,0.01180335,0.02270208,0.01089874,0.00425080,GFN2-xTB_single_point_on_RDKit_MMFF_geometry
EGFR__CHEMBL358494,EGFR,CHEMBL358494,CHEMBL203,CHEMBL679672,CHEMBL1129590,IC50,=,25000.0,nM,4.600000,inactive,acrylamide,460.44600000,N#C/C(=C\c1ccc(O)c(O)c1)C(=O)N1CCN(C(=O)/C(C#N)=C/c2ccc(O)c(O)c2)CC1,,1,1,169.12000000,1.69396000,4,8,4,2,0.16666667,34,O=C(C=Cc1ccccc1)N1CCN(C(=O)C=Cc2ccccc2)CC1,0,4,4,0.01617620,0.00743224,0.03949617,0.03206392,0.01348593,GFN2-xTB_single_point_on_RDKit_MMFF_geometry
EGFR__CHEMBL358728,EGFR,CHEMBL358728,CHEMBL203,CHEMBL880174,CHEMBL1132535,IC50,=,24100.0,nM,4.620000,inactive,acrylamide,416.47700000,COc1cccc(-c2ccc3c(c2)NC(=O)/C3=C\c2[nH]c(C)c(CCC(=O)O)c2C)c1,,1,1,91.42000000,4.81704000,3,3,6,3,0.20000000,31,O=C1Nc2cc(-c3ccccc3)ccc2C1=Cc1ccc[nH]1,0,4,4,0.05432790,0.04776611,0.05802359,0.01025748,0.00390001,GFN2-xTB_single_point_on_RDKit_MMFF_geometry
EGFR__CHEMBL414220,EGFR,CHEMBL414220,CHEMBL203,CHEMBL680018,CHEMBL1134561,IC50,=,71.0,nM,7.150000,active,propiolamide,450.34000000,C=CCN(C)CC#CC(=O)Nc1ccc2ncnc(Nc3cccc(Br)c3)c2c1,,1,1,70.15000000,4.19560000,2,5,6,3,0.13636364,29,c1ccc(Nc2ncnc3ccccc23)cc1,1,4,4,0.03457991,0.00877408,0.09148480,0.08271072,0.03348825,GFN2-xTB_single_point_on_RDKit_MMFF_geometry
EGFR__CHEMBL414631,EGFR,CHEMBL414631,CHEMBL203,CHEMBL680028,CHEMBL1145020,IC50,=,330.0,nM,6.480000,active,propiolamide,451.28000000,COCOC#CC(=O)Nc1ccc2ncc(C#N)c(Nc3cccc(Br)c3)c2c1,,1,1,96.27000000,4.13248000,2,6,5,3,0.09523810,29,c1ccc(Nc2ccnc3ccccc23)cc1,1,4,4,0.03090550,0.01524212,0.03833328,0.02309116,0.00942783,GFN2-xTB_single_point_on_RDKit_MMFF_geometry
EGFR__CHEMBL417478,EGFR,CHEMBL417478,CHEMBL203,CHEMBL674020,CHEMBL1133162,IC50,=,0.16,nM,9.800000,active,acrylamide,482.94700000,C=CC(=O)Nc1nc2c(Nc3ccc(F)c(Cl)c3)ncnc2cc1/C=C/CCN1CCOCC1,,2,1,92.27000000,4.42090000,2,7,8,3,0.25000000,34,C(=Cc1cnc2c(Nc3ccccc3)ncnc2c1)CCN1CCOCC1,1,4,4,0.02692515,0.00615886,0.04256226,0.03640340,0.01601687,GFN2-xTB_single_point_on_RDKit_MMFF_geometry
EGFR__CHEMBL417941,EGFR,CHEMBL417941,CHEMBL203,CHEMBL700785,CHEMBL1125266,IC50,=,15000.0,nM,4.820000,inactive,acrylamide,286.33100000,N#C/C(=C\c1ccc(O)c(O)c1)C(=O)NC1CCCCC1,,1,1,93.35000000,2.45368000,3,4,3,1,0.37500000,21,O=C(C=Cc1ccccc1)NC1CCCCC1,0,4,4,0.07331307,0.01949285,0.10992697,0.09043413,0.03311537,GFN2-xTB_single_point_on_RDKit_MMFF_geometry
EGFR__CHEMBL419501,EGFR,CHEMBL419501,CHEMBL203,CHEMBL680018,CHEMBL1134561,IC50,=,85.0,nM,7.070000,active,acrylamide,496.40900000,COC[C@H]1CCCN1C/C=C/C(=O)Nc1ccc2ncnc(Nc3cccc(Br)c3)c2c1,,1,1,79.38000000,4.74140000,2,6,8,3,0.29166667,32,O=C(C=CCN1CCCC1)Nc1ccc2ncnc(Nc3ccccc3)c2c1,1,4,4,0.03413665,0.01703563,0.04360179,0.02656616,0.01081700,GFN2-xTB_single_point_on_RDKit_MMFF_geometry
EGFR__CHEMBL422292,EGFR,CHEMBL422292,CHEMBL203,CHEMBL673925,CHEMBL1134843,IC50,=,1.5,nM,8.820000,active,acrylamide,442.27300000,CCOC(=O)/C=C/C(=O)Nc1cc2c(Nc3cccc(Br)c3)ncnc2cn1,,2,1,106.10000000,3.58870000,2,7,6,3,0.10526316,28,c1ccc(Nc2ncnc3cnccc23)cc1,1,4,4,0.02068063,0.00288998,0.02906075,0.02617077,0.01041106,GFN2-xTB_single_point_on_RDKit_MMFF_geometry
EGFR__CHEMBL424302,EGFR,CHEMBL424302,CHEMBL203,CHEMBL689298,CHEMBL1129590,IC50,=,25000.0,nM,4.600000,inactive,acrylamide,546.62400000,N#C/C(=C\c1ccc(O)c(O)c1)C(=O)NCCCCCCCCCCNC(=O)/C(C#N)=C/c1ccc(O)c(O)c1,,1,1,186.70000000,4.37636000,6,8,15,2,0.33333333,40,O=C(C=Cc1ccccc1)NCCCCCCCCCCNC(=O)C=Cc1ccccc1,0,4,4,0.09600642,0.03072206,0.16844354,0.13772148,0.04957245,GFN2-xTB_single_point_on_RDKit_MMFF_geometry
EGFR__CHEMBL424625,EGFR,CHEMBL424625,CHEMBL203,CHEMBL689289,CHEMBL1126897,IC50,=,125000.0,nM,3.903090,inactive,acrylamide,336.36900000,COc1cc(/C=C(\C#N)C(N)=O)cc(CSCCC(=O)O)c1O,,1,1,133.64000000,1.50098000,3,6,8,1,0.26666667,23,c1ccccc1,0,4,4,0.02946381,0.01404992,0.03591242,0.02186249,0.00899491,GFN2-xTB_single_point_on_RDKit_MMFF_geometry
EGFR__CHEMBL430571,EGFR,CHEMBL430571,CHEMBL203,CHEMBL856168,CHEMBL1132213,IC50,=,3.6,nM,8.440000,active,acrylamide,396.45000000,C=CC(=O)Nc1ccc2ncnc(Nc3ccc(OCc4ccccc4)cc3)c2c1,,2,1,76.14000000,5.07690000,2,5,7,4,0.04166667,30,c1ccc(COc2ccc(Nc3ncnc4ccccc34)cc2)cc1,1,4,4,0.03064988,0.01934969,0.03940662,0.02005693,0.00762113,GFN2-xTB_single_point_on_RDKit_MMFF_geometry
EGFR__CHEMBL431996,EGFR,CHEMBL431996,CHEMBL203,CHEMBL679949,CHEMBL1133768,IC50,=,56500.0,nM,4.250000,inactive,acrylamide,380.40000000,O=C(O)CCc1c(/C=C2\C(=O)Nc3ccc(C(=O)O)cc32)[nH]c2c1CCCC2,,1,1,119.49000000,3.10160000,4,3,5,2,0.28571429,28,O=C1Nc2ccccc2C1=Cc1cc2c([nH]1)CCCC2,0,4,4,0.04060694,0.01557244,0.09121136,0.07563892,0.03003627,GFN2-xTB_single_point_on_RDKit_MMFF_geometry
EGFR__CHEMBL432428,EGFR,CHEMBL432428,CHEMBL203,CHEMBL676067,CHEMBL1136802,IC50,=,645.65,nM,6.190000,active,acrylamide,340.40400000,N#C/C(=C\c1cc(O)c(O)c(CSCc2ccccc2)c1)C(N)=O,,3,2,107.34000000,2.92348000,3,5,6,2,0.11111111,24,c1ccc(CSCc2ccccc2)cc1,1,4,4,0.01187640,0.00331647,0.02190322,0.01858675,0.00663602,GFN2-xTB_single_point_on_RDKit_MMFF_geometry
EGFR__CHEMBL432903,EGFR,CHEMBL432903,CHEMBL203,CHEMBL674637,CHEMBL1134862,IC50,=,200.0,nM,6.700000,active,acrylamide,526.01600000,CCN(CC)CCNC(=O)c1c(C)[nH]c(/C=C2\C(=O)Nc3ncnc(Nc4ccc(F)c(Cl)c4)c32)c1C,,1,1,115.04000000,4.52194000,4,6,9,3,0.30769231,37,O=C1Nc2ncnc(Nc3ccccc3)c2C1=Cc1ccc[nH]1,1,4,4,0.08145867,0.04280811,0.12565598,0.08284787,0.02986607,GFN2-xTB_single_point_on_RDKit_MMFF_geometry
EGFR__CHEMBL434827,EGFR,CHEMBL434827,CHEMBL203,CHEMBL677216,CHEMBL1134843,IC50,=,21.0,nM,7.680000,active,acrylamide,526.43900000,CCN(CC)CCCNC(=O)/C=C/C(=O)Nc1cc2c(Nc3cccc(Br)c3)ncnc2cn1,,3,1,112.14000000,3.87370000,3,7,11,3,0.29166667,34,c1ccc(Nc2ncnc3cnccc23)cc1,1,4,4,0.01786477,0.01020127,0.03376168,0.02356041,0.00937259,GFN2-xTB_single_point_on_RDKit_MMFF_geometry
EGFR__CHEMBL434828,EGFR,CHEMBL434828,CHEMBL203,CHEMBL673925,CHEMBL1134843,IC50,=,9.1,nM,8.040000,active,acrylamide,446.30800000,O=C(/C=C/c1ccccc1)Nc1cc2c(Nc3cccc(Br)c3)ncnc2cn1,,2,1,79.80000000,5.18280000,2,5,5,4,0.00000000,29,O=C(C=Cc1ccccc1)Nc1cc2c(Nc3ccccc3)ncnc2cn1,1,4,4,0.02174048,0.01971588,0.02318784,0.00347196,0.00136770,GFN2-xTB_single_point_on_RDKit_MMFF_geometry
EGFR__CHEMBL441279,EGFR,CHEMBL441279,CHEMBL203,CHEMBL680027,CHEMBL1147456,IC50,=,330.0,nM,6.480000,active,propiolamide,465.30700000,COCOCC#CC(=O)Nc1ccc2ncc(C#N)c(Nc3cccc(Br)c3)c2c1,,1,1,96.27000000,4.17498000,2,6,6,3,0.13636364,30,c1ccc(Nc2ccnc3ccccc23)cc1,1,4,4,0.03926267,0.02349644,0.07807696,0.05458053,0.02250640,GFN2-xTB_single_point_on_RDKit_MMFF_geometry
EGFR__CHEMBL442754,EGFR,CHEMBL442754,CHEMBL203,CHEMBL680018,CHEMBL1134561,IC50,=,62.0,nM,7.210000,active,acrylamide,470.37100000,COCCN(C)C/C=C/C(=O)Nc1ccc2ncnc(Nc3cccc(Br)c3)c2c1,,1,1,79.38000000,4.20880000,2,6,9,3,0.22727273,30,c1ccc(Nc2ncnc3ccccc23)cc1,1,4,4,0.03703595,0.01990474,0.06096985,0.04106511,0.01687081,GFN2-xTB_single_point_on_RDKit_MMFF_geometry
EGFR__CHEMBL443523,EGFR,CHEMBL443523,CHEMBL203,CHEMBL674018,CHEMBL1132213,IC50,=,0.45,nM,9.350000,active,acrylamide,369.22200000,C=CC(=O)Nc1ccc2c(Nc3cccc(Br)c3)ncnc2c1,,2,1,66.91000000,4.26040000,2,4,4,3,0.00000000,23,c1ccc(Nc2ncnc3ccccc23)cc1,1,4,4,0.08405767,0.02354297,0.13005237,0.10650941,0.04215846,GFN2-xTB_single_point_on_RDKit_MMFF_geometry
EGFR__CHEMBL450622,EGFR,CHEMBL450622,CHEMBL203,CHEMBL880174,CHEMBL1132535,IC50,=,49200.0,nM,4.310000,inactive,acrylamide,402.45000000,COc1cccc(-c2ccc3c(c2)NC(=O)/C3=C\c2[nH]cc(C)c2CCC(=O)O)c1,,1,1,91.42000000,4.50862000,3,3,6,3,0.16666667,30,O=C1Nc2cc(-c3ccccc3)ccc2C1=Cc1ccc[nH]1,0,4,4,0.02264314,0.02113492,0.02588343,0.00474851,0.00193505,GFN2-xTB_single_point_on_RDKit_MMFF_geometry
EGFR__CHEMBL48760,EGFR,CHEMBL48760,CHEMBL203,CHEMBL676159,CHEMBL1131018,IC50,=,18500.0,nM,4.730000,inactive,acrylamide,263.34000000,CC(C)c1ccc(/C=C2/C(=O)Nc3ccccc32)cc1,,1,1,29.10000000,4.30270000,1,1,2,2,0.16666667,20,O=C1Nc2ccccc2C1=Cc1ccccc1,0,2,2,0.08999596,0.08967813,0.09031380,0.00063568,0.00031784,GFN2-xTB_single_point_on_RDKit_MMFF_geometry
EGFR__CHEMBL49986,EGFR,CHEMBL49986,CHEMBL203,CHEMBL674018,CHEMBL1132213,IC50,=,0.54,nM,9.270000,active,acrylamide,370.21000000,C=CC(=O)Nc1cc2ncnc(Nc3cccc(Br)c3)c2cn1,,2,1,79.80000000,3.65540000,2,5,4,3,0.00000000,23,c1ccc(Nc2ncnc3ccncc23)cc1,1,4,4,0.04612452,0.03114164,0.07403269,0.04289105,0.01719039,GFN2-xTB_single_point_on_RDKit_MMFF_geometry
EGFR__CHEMBL51659,EGFR,CHEMBL51659,CHEMBL203,CHEMBL673925,CHEMBL1134843,IC50,=,0.91,nM,9.040000,active,acrylamide,370.21000000,C=CC(=O)Nc1cc2c(Nc3cccc(Br)c3)ncnc2cn1,,4,2,79.80000000,3.65540000,2,5,4,3,0.00000000,23,c1ccc(Nc2ncnc3cnccc23)cc1,1,4,4,0.05598194,0.02249265,0.15263464,0.13014198,0.05581063,GFN2-xTB_single_point_on_RDKit_MMFF_geometry
EGFR__CHEMBL51741,EGFR,CHEMBL51741,CHEMBL203,CHEMBL674018,CHEMBL1132213,IC50,=,0.4,nM,9.400000,active,acrylamide,395.26000000,C=CC(=O)Nc1ccc2ncnc(N3CCc4ccc(Br)cc43)c2c1,,2,1,58.12000000,4.21100000,1,4,3,3,0.10526316,25,c1ccc2c(c1)CCN2c1ncnc2ccccc12,1,2,2,0.04809556,0.04218828,0.05400285,0.01181457,0.00590728,GFN2-xTB_single_point_on_RDKit_MMFF_geometry
EGFR__CHEMBL52913,EGFR,CHEMBL52913,CHEMBL203,CHEMBL856168,CHEMBL1132213,IC50,=,0.25,nM,9.600000,active,acrylamide,324.77100000,C=CC(=O)Nc1ccc2c(Nc3cccc(Cl)c3)ncnc2c1,,2,1,66.91000000,4.15130000,2,4,4,3,0.00000000,23,c1ccc(Nc2ncnc3ccccc23)cc1,1,4,4,0.07784524,0.02218481,0.12865656,0.10647175,0.03910056,GFN2-xTB_single_point_on_RDKit_MMFF_geometry
EGFR__CHEMBL53203,EGFR,CHEMBL53203,CHEMBL203,CHEMBL679550,CHEMBL1132213,IC50,=,4.8,nM,8.320000,active,acrylamide,382.42300000,C=CC(=O)Nc1ccc2ncnc(Nc3ccc(Oc4ccccc4)cc3)c2c1,,2,1,76.14000000,5.29020000,2,5,6,4,0.00000000,29,c1ccc(Oc2ccc(Nc3ncnc4ccccc34)cc2)cc1,1,4,4,0.02097586,0.00606051,0.03400237,0.02794186,0.01038850,GFN2-xTB_single_point_on_RDKit_MMFF_geometry
EGFR__CHEMBL53555,EGFR,CHEMBL53555,CHEMBL203,CHEMBL674018,CHEMBL1132213,IC50,=,0.77,nM,9.110000,active,acrylamide,343.74900000,C=CC(=O)Nc1cc2c(Nc3ccc(F)c(Cl)c3)ncnc2cn1,,2,1,79.80000000,3.68540000,2,5,4,3,0.00000000,24,c1ccc(Nc2ncnc3cnccc23)cc1,1,4,4,0.14660470,0.00412949,0.24571006,0.24158058,0.09159106,GFN2-xTB_single_point_on_RDKit_MMFF_geometry
EGFR__CHEMBL53637,EGFR,CHEMBL53637,CHEMBL203,CHEMBL856168,CHEMBL1132213,IC50,=,1.6,nM,8.800000,active,acrylamide,324.77100000,C=CC(=O)Nc1ccc2ncnc(Nc3cccc(Cl)c3)c2c1,,2,1,66.91000000,4.15130000,2,4,4,3,0.00000000,23,c1ccc(Nc2ncnc3ccccc23)cc1,1,4,4,0.06902365,0.02584401,0.13142990,0.10558589,0.04135938,GFN2-xTB_single_point_on_RDKit_MMFF_geometry
EGFR__CHEMBL53665,EGFR,CHEMBL53665,CHEMBL203,CHEMBL674018,CHEMBL1132213,IC50,=,1.2,nM,8.920000,active,acrylamide,388.20000000,C=CC(=O)Nc1ccc2ncnc(Nc3ccc(F)c(Br)c3)c2n1,,2,1,79.80000000,3.79450000,2,5,4,3,0.00000000,24,c1ccc(Nc2ncnc3cccnc23)cc1,1,4,4,0.03685434,0.01879802,0.08260986,0.06381184,0.02660044,GFN2-xTB_single_point_on_RDKit_MMFF_geometry
EGFR__CHEMBL53690,EGFR,CHEMBL53690,CHEMBL203,CHEMBL856168,CHEMBL1132213,IC50,=,0.91,nM,9.040000,active,acrylamide,358.32300000,C=CC(=O)Nc1ccc2ncnc(Nc3cccc(C(F)(F)F)c3)c2c1,,2,1,66.91000000,4.51670000,2,4,4,3,0.05555556,26,c1ccc(Nc2ncnc3ccccc23)cc1,1,4,4,0.08750098,0.00912232,0.17829050,0.16916818,0.06903314,GFN2-xTB_single_point_on_RDKit_MMFF_geometry
EGFR__CHEMBL53898,EGFR,CHEMBL53898,CHEMBL203,CHEMBL674104,CHEMBL1132364,IC50,=,700.0,nM,6.160000,active,acrylamide,322.36400000,N#C/C(=C\c1ccc(O)c(O)c1)C(=O)NCCCc1ccccc1,,4,3,93.35000000,2.75378000,3,4,6,2,0.15789474,24,O=C(C=Cc1ccccc1)NCCCc1ccccc1,1,4,4,0.06842627,0.06318351,0.07197245,0.00878895,0.00336915,GFN2-xTB_single_point_on_RDKit_MMFF_geometry
EGFR__CHEMBL54088,EGFR,CHEMBL54088,CHEMBL203,CHEMBL674018,CHEMBL1132213,IC50,=,0.48,nM,9.320000,active,acrylamide,305.34100000,C=CC(=O)Nc1cc2c(Nc3cccc(C)c3)ncnc2cn1,,2,1,79.80000000,3.20132000,2,5,4,3,0.05882353,23,c1ccc(Nc2ncnc3cnccc23)cc1,1,4,4,0.03069886,0.01102990,0.04943045,0.03840055,0.01455611,GFN2-xTB_single_point_on_RDKit_MMFF_geometry
EGFR__CHEMBL54091,EGFR,CHEMBL54091,CHEMBL203,CHEMBL674018,CHEMBL1132213,IC50,=,0.72,nM,9.140000,active,acrylamide,388.20000000,C=CC(=O)Nc1cc2c(Nc3ccc(F)c(Br)c3)ncnc2cn1,,2,1,79.80000000,3.79450000,2,5,4,3,0.00000000,24,c1ccc(Nc2ncnc3cnccc23)cc1,1,4,4,0.10758572,0.00370142,0.27632150,0.27262008,0.11159178,GFN2-xTB_single_point_on_RDKit_MMFF_geometry
EGFR__CHEMBL55360,EGFR,CHEMBL55360,CHEMBL203,CHEMBL676067,CHEMBL1136802,IC50,=,10232.93,nM,4.990000,inactive,acrylamide,308.33700000,Cc1cccc(C)c1NC(=O)/C(C#N)=C/c1ccc(O)c(O)c1,,2,2,93.35000000,3.26032000,3,4,3,2,0.11111111,23,O=C(C=Cc1ccccc1)Nc1ccccc1,0,4,4,0.09992134,0.03004902,0.15659997,0.12655094,0.04528758,GFN2-xTB_single_point_on_RDKit_MMFF_geometry
EGFR__CHEMBL55748,EGFR,CHEMBL55748,CHEMBL203,CHEMBL763200,CHEMBL1125266,IC50,=,12500.0,nM,4.900000,inactive,acrylamide,211.18000000,N#CC(C#N)=C1C(=O)Nc2ccc(O)cc21,,1,1,96.91000000,1.14506000,2,4,0,1,0.00000000,16,C=C1C(=O)Nc2ccccc21,0,4,4,0.53337375,0.33762039,0.74564114,0.40802076,0.18620785,GFN2-xTB_single_point_on_RDKit_MMFF_geometry
EGFR__CHEMBL55979,EGFR,CHEMBL55979,CHEMBL203,CHEMBL763200,CHEMBL1125266,IC50,=,400.0,nM,6.400000,active,acrylamide,308.33700000,CC(NC(=O)/C(C#N)=C/c1ccc(O)c(O)c1)c1ccccc1,,2,1,93.35000000,2.88218000,3,4,4,2,0.11111111,23,O=C(C=Cc1ccccc1)NCc1ccccc1,1,4,4,0.02989998,0.01156187,0.04258875,0.03102688,0.01136238,GFN2-xTB_single_point_on_RDKit_MMFF_geometry
EGFR__CHEMBL56201,EGFR,CHEMBL56201,CHEMBL203,CHEMBL763200,CHEMBL1125266,IC50,=,26000.0,nM,4.580000,inactive,acrylamide,225.20700000,CN1C(=O)C(=C(C#N)C#N)c2cc(O)ccc21,,1,1,88.12000000,1.16936000,1,4,0,1,0.08333333,17,C=C1C(=O)Nc2ccccc21,0,2,2,0.17897811,0.10461782,0.25333840,0.14872058,0.07436029,GFN2-xTB_single_point_on_RDKit_MMFF_geometry
EGFR__CHEMBL56219,EGFR,CHEMBL56219,CHEMBL203,CHEMBL701406,CHEMBL1125266,IC50,=,35000.0,nM,4.460000,inactive,acrylamide,314.72800000,N#C/C(=C\c1ccc(O)c(O)c1)C(=O)Nc1ccccc1Cl,,1,1,93.35000000,3.29688000,3,4,3,2,0.00000000,22,O=C(C=Cc1ccccc1)Nc1ccccc1,0,4,4,0.28949308,0.17335762,0.47006113,0.29670351,0.12268037,GFN2-xTB_single_point_on_RDKit_MMFF_geometry
EGFR__CHEMBL56319,EGFR,CHEMBL56319,CHEMBL203,CHEMBL676067,CHEMBL1136802,IC50,=,48977.88,nM,4.310000,inactive,acrylamide,380.40000000,CCOC(=O)C(Cc1ccccc1)NC(=O)/C(C#N)=C/c1ccc(O)c(O)c1,,2,2,119.65000000,2.29538000,3,6,7,2,0.19047619,28,O=C(C=Cc1ccccc1)NCCc1ccccc1,0,4,4,0.01437833,0.00497670,0.02099387,0.01601717,0.00586036,GFN2-xTB_single_point_on_RDKit_MMFF_geometry
EGFR__CHEMBL56542,EGFR,CHEMBL56542,CHEMBL203,CHEMBL676067,CHEMBL1136802,IC50,=,12022.64,nM,4.920000,inactive,acrylamide,306.32100000,N#C/C(=C\c1ccc(O)c(O)c1)C(=O)N1CCc2ccccc21,,3,2,84.56000000,2.59408000,2,4,2,2,0.11111111,23,O=C(C=Cc1ccccc1)N1CCc2ccccc21,0,4,4,0.04941926,0.04130533,0.05997516,0.01866983,0.00795794,GFN2-xTB_single_point_on_RDKit_MMFF_geometry
EGFR__CHEMBL56543,EGFR,CHEMBL56543,CHEMBL203,CHEMBL674104,CHEMBL1132364,IC50,=,100.0,nM,7.000000,active,acrylamide,294.31000000,N#C/C(=C\c1ccc(O)c(O)c1)C(=O)NCc1ccccc1,,3,3,93.35000000,2.32118000,3,4,4,2,0.05882353,22,O=C(C=Cc1ccccc1)NCc1ccccc1,1,4,4,0.05355704,0.02884637,0.07776542,0.04891905,0.01839185,GFN2-xTB_single_point_on_RDKit_MMFF_geometry
EGFR__CHEMBL56731,EGFR,CHEMBL56731,CHEMBL203,CHEMBL763200,CHEMBL1125266,IC50,=,700.0,nM,6.160000,active,acrylamide,280.28300000,N#C/C(=C\c1ccc(O)c(O)c1)C(=O)Nc1ccccc1,,1,1,93.35000000,2.64348000,3,4,3,2,0.00000000,21,O=C(C=Cc1ccccc1)Nc1ccccc1,1,4,4,0.03174575,0.02310370,0.03896924,0.01586554,0.00659888,GFN2-xTB_single_point_on_RDKit_MMFF_geometry
EGFR__CHEMBL56964,EGFR,CHEMBL56964,CHEMBL203,CHEMBL763200,CHEMBL1125266,IC50,=,60000.0,nM,4.220000,inactive,acrylamide,241.20600000,COc1cc2c(cc1O)NC(=O)C2=C(C#N)C#N,,1,1,106.14000000,1.15366000,2,5,1,1,0.08333333,18,C=C1C(=O)Nc2ccccc21,0,4,4,0.18239275,0.09189004,0.29152019,0.19963015,0.08320507,GFN2-xTB_single_point_on_RDKit_MMFF_geometry
EGFR__CHEMBL57251,EGFR,CHEMBL57251,CHEMBL203,CHEMBL676067,CHEMBL1136802,IC50,=,25118.86,nM,4.600000,inactive,acrylamide,340.33500000,COc1ccc(NC(=O)/C(C#N)=C/c2ccc(O)c(O)c2)c(OC)c1,,1,1,111.81000000,2.66068000,3,6,5,2,0.11111111,25,O=C(C=Cc1ccccc1)Nc1ccccc1,0,4,4,0.07464287,0.04764461,0.11820619,0.07056159,0.02634236,GFN2-xTB_single_point_on_RDKit_MMFF_geometry
EGFR__CHEMBL607707,EGFR,CHEMBL607707,CHEMBL203,CHEMBL680028,CHEMBL1145020,IC50,=,80.0,nM,7.100000,active,acrylamide,467.93200000,CCOc1cc2ncc(C#N)c(Nc3ccc(F)c(Cl)c3)c2cc1NC(=O)/C=C/CN(C)C,,5,4,90.28000000,5.09758000,2,6,8,3,0.20833333,33,c1ccc(Nc2ccnc3ccccc23)cc1,1,4,4,0.05334742,0.04225631,0.07224733,0.02999102,0.01142533,GFN2-xTB_single_point_on_RDKit_MMFF_geometry
EGFR__CHEMBL66570,EGFR,CHEMBL66570,CHEMBL203,CHEMBL674637,CHEMBL1134862,IC50,=,13.0,nM,7.890000,active,acrylamide,509.97300000,CCN1CCN(C(=O)c2cc(C)c(/C=C3\C(=O)Nc4ncnc(Nc5ccc(F)c(Cl)c5)c43)[nH]2)CC1,,2,1,106.25000000,3.91962000,3,6,5,3,0.28000000,36,O=C1Nc2ncnc(Nc3ccccc3)c2C1=Cc1ccc(C(=O)N2CCNCC2)[nH]1,1,4,4,0.02788988,0.02367798,0.04005718,0.01637919,0.00702604,GFN2-xTB_single_point_on_RDKit_MMFF_geometry
EGFR__CHEMBL67003,EGFR,CHEMBL67003,CHEMBL203,CHEMBL674637,CHEMBL1134862,IC50,=,1.8,nM,8.740000,active,acrylamide,560.61800000,Cc1cc(C(=O)N2CCOCC2)[nH]c1/C=C1\C(=O)Nc2ncnc(Nc3ccc4c(cnn4Cc4ccccc4)c3)c21,,2,1,130.06000000,4.21982000,3,7,6,5,0.19354839,42,O=C1Nc2ncnc(Nc3ccc4c(cnn4Cc4ccccc4)c3)c2C1=Cc1ccc(C(=O)N2CCOCC2)[nH]1,1,4,4,0.03348506,0.02312023,0.04405204,0.02093182,0.00753964,GFN2-xTB_single_point_on_RDKit_MMFF_geometry
EGFR__CHEMBL67057,EGFR,CHEMBL67057,CHEMBL203,CHEMBL674637,CHEMBL1134862,IC50,=,4.5,nM,8.350000,active,acrylamide,559.63000000,Cc1cc(C(=O)N2CCOCC2)[nH]c1/C=C1\C(=O)Nc2ncnc(Nc3ccc4c(ccn4Cc4ccccc4)c3)c21,,2,1,117.17000000,4.82482000,3,6,6,5,0.18750000,42,O=C1Nc2ncnc(Nc3ccc4c(ccn4Cc4ccccc4)c3)c2C1=Cc1ccc(C(=O)N2CCOCC2)[nH]1,1,4,4,0.03218302,0.02443972,0.04080629,0.01636657,0.00591706,GFN2-xTB_single_point_on_RDKit_MMFF_geometry
EGFR__CHEMBL67535,EGFR,CHEMBL67535,CHEMBL203,CHEMBL677831,CHEMBL1129590,IC50,=,400.0,nM,6.400000,active,acrylamide,448.43500000,N#C/C(=C\c1ccc(O)c(O)c1)C(=O)NCCCNC(=O)/C(C#N)=C/c1ccc(O)c(O)c1,,1,1,186.70000000,1.64566000,6,8,8,2,0.13043478,33,O=C(C=Cc1ccccc1)NCCCNC(=O)C=Cc1ccccc1,1,4,4,0.09731186,0.02948707,0.15872252,0.12923544,0.04932470,GFN2-xTB_single_point_on_RDKit_MMFF_geometry
EGFR__CHEMBL68920,EGFR,CHEMBL68920,CHEMBL203,CHEMBL674637,CHEMBL1134862,IC50,=,41.0,nM,7.390000,active,acrylamide,383.81400000,Cc1cc(C)c(/C=C2\C(=O)Nc3ncnc(Nc4ccc(F)c(Cl)c4)c32)[nH]1,,2,1,82.70000000,4.45034000,3,4,3,3,0.10526316,27,O=C1Nc2ncnc(Nc3ccccc3)c2C1=Cc1ccc[nH]1,1,4,4,0.06178151,0.05550080,0.07391753,0.01841673,0.00740351,GFN2-xTB_single_point_on_RDKit_MMFF_geometry
EGFR__CHEMBL69071,EGFR,CHEMBL69071,CHEMBL203,CHEMBL674637,CHEMBL1134862,IC50,=,5.9,nM,8.230000,active,acrylamide,509.97300000,Cc1cc(C(=O)N2CC(C)NC(C)C2)[nH]c1/C=C1\C(=O)Nc2ncnc(Nc3ccc(F)c(Cl)c3)c21,,1,1,115.04000000,3.96432000,4,6,4,3,0.28000000,36,O=C1Nc2ncnc(Nc3ccccc3)c2C1=Cc1ccc(C(=O)N2CCNCC2)[nH]1,1,4,4,0.02702138,0.01764925,0.04678545,0.02913620,0.01159953,GFN2-xTB_single_point_on_RDKit_MMFF_geometry
EGFR__CHEMBL69358,EGFR,CHEMBL69358,CHEMBL203,CHEMBL674637,CHEMBL1134862,IC50,=,1.2,nM,8.920000,active,acrylamide,511.98900000,CCN(CC)CCNC(=O)c1cc(C)c(/C=C2\C(=O)Nc3ncnc(Nc4ccc(F)c(Cl)c4)c32)[nH]1,,2,1,115.04000000,4.21352000,4,6,9,3,0.28000000,36,O=C1Nc2ncnc(Nc3ccccc3)c2C1=Cc1ccc[nH]1,1,4,4,0.02783347,0.01875877,0.03657057,0.01781180,0.00833369,GFN2-xTB_single_point_on_RDKit_MMFF_geometry
EGFR__CHEMBL69629,EGFR,CHEMBL69629,CHEMBL203,CHEMBL674637,CHEMBL1134862,IC50,=,6.5,nM,8.190000,active,acrylamide,525.97200000,Cc1cc(C(=O)NCCN2CCOCC2)[nH]c1/C=C1\C(=O)Nc2ncnc(Nc3ccc(F)c(Cl)c3)c21,,2,1,124.27000000,3.20392000,4,7,7,3,0.28000000,37,O=C1Nc2ncnc(Nc3ccccc3)c2C1=Cc1ccc(C(=O)NCCN2CCOCC2)[nH]1,1,4,4,0.03852953,0.02102424,0.05702787,0.03600363,0.01447938,GFN2-xTB_single_point_on_RDKit_MMFF_geometry
EGFR__CHEMBL69960,EGFR,CHEMBL69960,CHEMBL203,CHEMBL674637,CHEMBL1134862,IC50,=,170.0,nM,6.770000,active,acrylamide,482.90300000,Cc1cc(C(=O)N2CCOCC2)[nH]c1/C=C1\C(=O)Nc2ncnc(Nc3ccc(F)c(Cl)c3)c21,,3,1,112.24000000,3.61432000,3,6,4,3,0.21739130,34,O=C1Nc2ncnc(Nc3ccccc3)c2C1=Cc1ccc(C(=O)N2CCOCC2)[nH]1,1,4,4,0.01890696,0.00946475,0.02864823,0.01918349,0.00788668,GFN2-xTB_single_point_on_RDKit_MMFF_geometry
EGFR__CHEMBL69964,EGFR,CHEMBL69964,CHEMBL203,CHEMBL674637,CHEMBL1134862,IC50,=,210.0,nM,6.680000,active,acrylamide,495.94600000,Cc1cc(/C=C2\C(=O)Nc3ncnc(Nc4ccc(F)c(Cl)c4)c32)[nH]c1C(=O)N1CCN(C)CC1,,1,1,106.25000000,3.52952000,3,6,4,3,0.25000000,35,O=C1Nc2ncnc(Nc3ccccc3)c2C1=Cc1ccc(C(=O)N2CCNCC2)[nH]1,1,4,4,0.03055319,0.01274406,0.05531293,0.04256887,0.01661148,GFN2-xTB_single_point_on_RDKit_MMFF_geometry
EGFR__CHEMBL69966,EGFR,CHEMBL69966,CHEMBL203,CHEMBL621151,CHEMBL1134862,IC50,=,40.0,nM,7.400000,active,acrylamide,497.55900000,C#Cc1cccc(Nc2ncnc3c2/C(=C/c2[nH]c(C(=O)NCCN4CCOCC4)cc2C)C(=O)N3)c1,,3,1,124.27000000,2.39272000,4,7,7,3,0.25925926,37,O=C1Nc2ncnc(Nc3ccccc3)c2C1=Cc1ccc(C(=O)NCCN2CCOCC2)[nH]1,1,4,4,0.01388771,0.00754595,0.01812165,0.01057569,0.00432179,GFN2-xTB_single_point_on_RDKit_MMFF_geometry
EGFR__CHEMBL76557,EGFR,CHEMBL76557,CHEMBL203,CHEMBL674643,CHEMBL1124610,IC50,=,625000.0,nM,3.204120,inactive,acrylamide,227.22300000,N#CCNC(=O)/C(C#N)=C/c1ccc(O)cc1,,1,1,96.91000000,0.93896000,2,4,3,1,0.08333333,17,c1ccccc1,0,4,4,0.04449374,0.01138405,0.08155667,0.07017262,0.03001471,GFN2-xTB_single_point_on_RDKit_MMFF_geometry
EGFR__CHEMBL77243,EGFR,CHEMBL77243,CHEMBL203,CHEMBL674643,CHEMBL1124610,IC50,=,55000.0,nM,4.260000,inactive,acrylamide,300.40200000,CCCCc1cc(/C=C(\C#N)C(N)=O)cc(CCCC)c1O,,1,1,87.11000000,3.46968000,2,3,8,1,0.44444444,22,c1ccccc1,0,4,4,0.02483348,0.00988206,0.03763681,0.02775475,0.01016788,GFN2-xTB_single_point_on_RDKit_MMFF_geometry
EGFR__CHEMBL85021,EGFR,CHEMBL85021,CHEMBL203,CHEMBL676159,CHEMBL1131018,IC50,=,15300.0,nM,4.820000,inactive,acrylamide,321.42000000,CC(C)c1cc(/C=C2\C(=O)Nc3ccccc32)cc(C(C)C)c1O,,1,1,49.33000000,5.13170000,2,2,3,2,0.28571429,24,O=C1Nc2ccccc2C1=Cc1ccccc1,0,4,4,0.02063936,0.00464339,0.03974158,0.03509819,0.01447891,GFN2-xTB_single_point_on_RDKit_MMFF_geometry
EGFR__CHEMBL86326,EGFR,CHEMBL86326,CHEMBL203,CHEMBL676159,CHEMBL1131018,IC50,=,19300.0,nM,4.710000,inactive,acrylamide,341.83800000,COc1ccc(/C=C2\C(=O)Nc3ccc(Cl)cc32)cc1C(C)(C)C,,1,1,38.33000000,5.13880000,1,2,2,2,0.25000000,24,O=C1Nc2ccccc2C1=Cc1ccccc1,0,4,4,0.01650567,0.00129439,0.04687512,0.04558073,0.01805579,GFN2-xTB_single_point_on_RDKit_MMFF_geometry
EGFR__CHEMBL86531,EGFR,CHEMBL86531,CHEMBL203,CHEMBL679949,CHEMBL1133768,IC50,=,29100.0,nM,4.540000,inactive,acrylamide,415.47100000,NS(=O)(=O)c1ccc2c(c1)/C(=C/c1[nH]c3c(c1CCC(=O)O)CCCC3)C(=O)N2,,1,1,142.35000000,2.05080000,4,4,5,2,0.30000000,29,O=C1Nc2ccccc2C1=Cc1cc2c([nH]1)CCCC2,0,4,4,0.05145754,0.00381299,0.08884112,0.08502812,0.03050649,GFN2-xTB_single_point_on_RDKit_MMFF_geometry
EGFR__CHEMBL87746,EGFR,CHEMBL87746,CHEMBL203,CHEMBL676159,CHEMBL1131018,IC50,=,19000.0,nM,4.720000,inactive,acrylamide,386.28900000,COc1c(Br)cc(/C=C2\C(=O)Nc3ccccc32)cc1C(C)(C)C,,1,1,38.33000000,5.24790000,1,2,2,2,0.25000000,24,O=C1Nc2ccccc2C1=Cc1ccccc1,0,2,2,0.03752971,0.03311718,0.04194225,0.00882507,0.00441254,GFN2-xTB_single_point_on_RDKit_MMFF_geometry
EGFR__CHEMBL90595,EGFR,CHEMBL90595,CHEMBL203,CHEMBL680018,CHEMBL1134561,IC50,=,57.0,nM,7.240000,active,propiolamide,464.36700000,O=C(C#CCN1CCCCC1)Nc1ccc2ncnc(Nc3cccc(Br)c3)c2c1,,1,1,70.15000000,4.56370000,2,5,4,3,0.26086957,30,O=C(C#CCN1CCCCC1)Nc1ccc2ncnc(Nc3ccccc3)c2c1,1,4,4,0.03774912,0.01464017,0.05204306,0.03740289,0.01400350,GFN2-xTB_single_point_on_RDKit_MMFF_geometry
EGFR__CHEMBL91009,EGFR,CHEMBL91009,CHEMBL203,CHEMBL680018,CHEMBL1134561,IC50,=,9.0,nM,8.050000,active,propiolamide,411.25900000,COCC#CC(=O)Nc1ccc2ncnc(Nc3cccc(Br)c3)c2c1,,1,1,76.14000000,3.72420000,2,5,4,3,0.10526316,26,c1ccc(Nc2ncnc3ccccc23)cc1,1,4,4,0.04533901,0.03293183,0.06098500,0.02805316,0.01032206,GFN2-xTB_single_point_on_RDKit_MMFF_geometry
EGFR__CHEMBL91748,EGFR,CHEMBL91748,CHEMBL203,CHEMBL680018,CHEMBL1134561,IC50,=,250.0,nM,6.600000,active,acrylamide,412.29100000,CN(C)/C=C/C(=O)Nc1ccc2ncnc(Nc3cccc(Br)c3)c2c1,,1,1,70.15000000,4.14970000,2,5,5,3,0.10526316,26,c1ccc(Nc2ncnc3ccccc23)cc1,1,4,4,0.04870747,0.03525066,0.07955735,0.04430670,0.01800005,GFN2-xTB_single_point_on_RDKit_MMFF_geometry
EGFR__CHEMBL91811,EGFR,CHEMBL91811,CHEMBL203,CHEMBL680018,CHEMBL1134561,IC50,=,85.0,nM,7.070000,active,propiolamide,452.35600000,CC(C)N(C)CC#CC(=O)Nc1ccc2ncnc(Nc3cccc(Br)c3)c2c1,,1,1,70.15000000,4.41800000,2,5,5,3,0.22727273,29,c1ccc(Nc2ncnc3ccccc23)cc1,1,4,4,0.03565988,0.02507961,0.05494247,0.02986286,0.01146726,GFN2-xTB_single_point_on_RDKit_MMFF_geometry
EGFR__CHEMBL91867,EGFR,CHEMBL91867,CHEMBL203,CHEMBL680018,CHEMBL1134561,IC50,=,8.0,nM,8.100000,active,propiolamide,381.23300000,CC#CC(=O)Nc1ccc2ncnc(Nc3cccc(Br)c3)c2c1,,1,1,66.91000000,4.09770000,2,4,3,3,0.05555556,24,c1ccc(Nc2ncnc3ccccc23)cc1,1,4,4,0.14399116,0.02418473,0.19471028,0.17052555,0.06954445,GFN2-xTB_single_point_on_RDKit_MMFF_geometry
EGFR__CHEMBL91925,EGFR,CHEMBL91925,CHEMBL203,CHEMBL680018,CHEMBL1134561,IC50,=,73.0,nM,7.140000,active,acrylamide,454.37200000,CCN(CC)C/C=C/C(=O)Nc1ccc2ncnc(Nc3cccc(Br)c3)c2c1,,1,1,70.15000000,4.97240000,2,5,8,3,0.22727273,29,c1ccc(Nc2ncnc3ccccc23)cc1,1,4,4,0.04660271,0.03159879,0.05708570,0.02548691,0.00929573,GFN2-xTB_single_point_on_RDKit_MMFF_geometry
EGFR__CHEMBL92086,EGFR,CHEMBL92086,CHEMBL203,CHEMBL677216,CHEMBL1134843,IC50,=,16.0,nM,7.800000,active,acrylamide,383.24900000,C=C(C)C(=O)Nc1ccc2ncnc(Nc3cccc(Br)c3)c2c1,,3,2,66.91000000,4.65050000,2,4,4,3,0.05555556,24,c1ccc(Nc2ncnc3ccccc23)cc1,1,4,4,0.06156978,0.03342016,0.11723395,0.08381379,0.03268212,GFN2-xTB_single_point_on_RDKit_MMFF_geometry
EGFR__CHEMBL92356,EGFR,CHEMBL92356,CHEMBL203,CHEMBL680018,CHEMBL1134561,IC50,=,65.0,nM,7.190000,active,propiolamide,493.40900000,CCN1CCN(CC#CC(=O)Nc2ccc3ncnc(Nc4cccc(Br)c4)c3c2)CC1,,1,1,73.39000000,3.71530000,2,6,5,3,0.29166667,32,O=C(C#CCN1CCNCC1)Nc1ccc2ncnc(Nc3ccccc3)c2c1,1,4,4,0.04823986,0.02413238,0.06180606,0.03767368,0.01463155,GFN2-xTB_single_point_on_RDKit_MMFF_geometry
EGFR__CHEMBL92731,EGFR,CHEMBL92731,CHEMBL203,CHEMBL680018,CHEMBL1134561,IC50,=,90.0,nM,7.050000,active,acrylamide,482.42600000,CCCN(C/C=C/C(=O)Nc1ccc2ncnc(Nc3cccc(Br)c3)c2c1)CCC,,1,1,70.15000000,5.75260000,2,5,10,3,0.29166667,31,c1ccc(Nc2ncnc3ccccc23)cc1,1,4,4,0.03075299,0.01712300,0.03757961,0.02045661,0.00827410,GFN2-xTB_single_point_on_RDKit_MMFF_geometry
EGFR__CHEMBL92902,EGFR,CHEMBL92902,CHEMBL203,CHEMBL680018,CHEMBL1134561,IC50,=,115.0,nM,6.940000,active,acrylamide,438.32900000,CN1CCC=C(C(=O)Nc2ccc3ncnc(Nc4cccc(Br)c4)c3c2)C1,,1,1,70.15000000,4.33630000,2,5,4,3,0.19047619,28,O=C(Nc1ccc2ncnc(Nc3ccccc3)c2c1)C1=CCCNC1,1,4,4,0.03891630,0.01857581,0.06058052,0.04200471,0.01486696,GFN2-xTB_single_point_on_RDKit_MMFF_geometry
EGFR__CHEMBL92961,EGFR,CHEMBL92961,CHEMBL203,CHEMBL680018,CHEMBL1134561,IC50,=,97.0,nM,7.010000,active,propiolamide,480.41000000,CC(C)N(CC#CC(=O)Nc1ccc2ncnc(Nc3cccc(Br)c3)c2c1)C(C)C,,1,1,70.15000000,5.19660000,2,5,6,3,0.29166667,31,c1ccc(Nc2ncnc3ccccc23)cc1,1,4,4,0.03868203,0.02490180,0.05229610,0.02739431,0.01073453,GFN2-xTB_single_point_on_RDKit_MMFF_geometry
EGFR__CHEMBL93049,EGFR,CHEMBL93049,CHEMBL203,CHEMBL680018,CHEMBL1134561,IC50,=,59.0,nM,7.230000,active,propiolamide,441.28500000,COCOCC#CC(=O)Nc1ccc2ncnc(Nc3cccc(Br)c3)c2c1,,1,1,85.37000000,3.69830000,2,6,6,3,0.15000000,28,c1ccc(Nc2ncnc3ccccc23)cc1,1,4,4,0.03271068,0.01998119,0.04042076,0.02043957,0.00772456,GFN2-xTB_single_point_on_RDKit_MMFF_geometry
EGFR__CHEMBL93386,EGFR,CHEMBL93386,CHEMBL203,CHEMBL680018,CHEMBL1134561,IC50,=,20.0,nM,7.700000,active,propiolamide,466.33900000,O=C(C#CCN1CCOCC1)Nc1ccc2ncnc(Nc3cccc(Br)c3)c2c1,,1,1,79.38000000,3.41000000,2,6,4,3,0.22727273,30,O=C(C#CCN1CCOCC1)Nc1ccc2ncnc(Nc3ccccc3)c2c1,1,4,4,0.03217671,0.00920415,0.04840802,0.03920388,0.01494399,GFN2-xTB_single_point_on_RDKit_MMFF_geometry
EGFR__CHEMBL93464,EGFR,CHEMBL93464,CHEMBL203,CHEMBL677216,CHEMBL1134843,IC50,=,8.7,nM,8.060000,active,acrylamide,383.24900000,C/C=C/C(=O)Nc1ccc2ncnc(Nc3cccc(Br)c3)c2c1,,3,2,66.91000000,4.65050000,2,4,4,3,0.05555556,24,c1ccc(Nc2ncnc3ccccc23)cc1,1,4,4,0.25785277,0.20308877,0.33147508,0.12838631,0.04644848,GFN2-xTB_single_point_on_RDKit_MMFF_geometry
EGFR__CHEMBL93537,EGFR,CHEMBL93537,CHEMBL203,CHEMBL680018,CHEMBL1134561,IC50,=,203.0,nM,6.690000,active,acrylamide,484.42300000,O=C(/C=C/CN1CCSCC1)Nc1ccc2ncnc(Nc3cccc(Br)c3)c2c1,,1,1,70.15000000,4.67940000,2,6,6,3,0.22727273,30,O=C(C=CCN1CCSCC1)Nc1ccc2ncnc(Nc3ccccc3)c2c1,1,4,4,0.04553757,0.02200191,0.07614586,0.05414395,0.01966178,GFN2-xTB_single_point_on_RDKit_MMFF_geometry
EGFR__CHEMBL93783,EGFR,CHEMBL93783,CHEMBL203,CHEMBL680018,CHEMBL1134561,IC50,=,14.0,nM,7.850000,active,acrylamide,456.34400000,CN(C/C=C/C(=O)Nc1ccc2ncnc(Nc3cccc(Br)c3)c2c1)CCO,,1,1,90.38000000,3.55470000,3,6,8,3,0.19047619,29,c1ccc(Nc2ncnc3ccccc23)cc1,1,4,4,0.03202326,0.02216302,0.04515383,0.02299081,0.00853404,GFN2-xTB_single_point_on_RDKit_MMFF_geometry
EGFR__CHEMBL93784,EGFR,CHEMBL93784,CHEMBL203,CHEMBL680018,CHEMBL1134561,IC50,=,65.0,nM,7.190000,active,propiolamide,494.39300000,COCC1CCCN1CC#CC(=O)Nc1ccc2ncnc(Nc3cccc(Br)c3)c2c1,,1,1,79.38000000,4.18860000,2,6,6,3,0.29166667,32,O=C(C#CCN1CCCC1)Nc1ccc2ncnc(Nc3ccccc3)c2c1,1,4,4,0.04120356,0.02559419,0.05982785,0.03423366,0.01461332,GFN2-xTB_single_point_on_RDKit_MMFF_geometry
EGFR__CHEMBL94061,EGFR,CHEMBL94061,CHEMBL203,CHEMBL680028,CHEMBL1145020,IC50,=,11.0,nM,7.960000,active,acrylamide,426.31800000,CN(C)C/C=C/C(=O)Nc1ccc2ncnc(Nc3cccc(Br)c3)c2c1,,2,2,70.15000000,4.19220000,2,5,6,3,0.15000000,27,c1ccc(Nc2ncnc3ccccc23)cc1,1,4,4,0.04269664,0.02880420,0.06500129,0.03619708,0.01470666,GFN2-xTB_single_point_on_RDKit_MMFF_geometry
EGFR__CHEMBL94062,EGFR,CHEMBL94062,CHEMBL203,CHEMBL680018,CHEMBL1134561,IC50,=,2.0,nM,8.700000,active,propiolamide,397.23200000,O=C(C#CCO)Nc1ccc2ncnc(Nc3cccc(Br)c3)c2c1,,1,1,87.14000000,3.07010000,3,5,3,3,0.05555556,25,c1ccc(Nc2ncnc3ccccc23)cc1,1,4,4,0.12748732,0.07579365,0.21736419,0.14157054,0.05656598,GFN2-xTB_single_point_on_RDKit_MMFF_geometry
EGFR__CHEMBL94066,EGFR,CHEMBL94066,CHEMBL203,CHEMBL680018,CHEMBL1134561,IC50,=,107.0,nM,6.970000,active,acrylamide,468.35500000,C=C(CN1CCOCC1)C(=O)Nc1ccc2ncnc(Nc3cccc(Br)c3)c2c1,,1,1,79.38000000,3.96280000,2,6,6,3,0.22727273,30,C=C(CN1CCOCC1)C(=O)Nc1ccc2ncnc(Nc3ccccc3)c2c1,1,4,4,0.03199913,0.01827899,0.05247752,0.03419853,0.01328980,GFN2-xTB_single_point_on_RDKit_MMFF_geometry
EGFR__CHEMBL94068,EGFR,CHEMBL94068,CHEMBL203,CHEMBL680018,CHEMBL1134561,IC50,=,106.0,nM,6.970000,active,acrylamide,466.38300000,O=C(/C=C/CN1CCCCC1)Nc1ccc2ncnc(Nc3cccc(Br)c3)c2c1,,1,1,70.15000000,5.11650000,2,5,6,3,0.26086957,30,O=C(C=CCN1CCCCC1)Nc1ccc2ncnc(Nc3ccccc3)c2c1,1,4,4,0.02432794,0.01662426,0.03283007,0.01620580,0.00687224,GFN2-xTB_single_point_on_RDKit_MMFF_geometry
EGFR__CHEMBL94109,EGFR,CHEMBL94109,CHEMBL203,CHEMBL680018,CHEMBL1134561,IC50,=,68.0,nM,7.170000,active,acrylamide,549.51700000,O=C(/C=C/CN1CCC(N2CCCCC2)CC1)Nc1ccc2ncnc(Nc3cccc(Br)c3)c2c1,,1,1,73.39000000,5.58090000,2,6,7,3,0.39285714,36,O=C(C=CCN1CCC(N2CCCCC2)CC1)Nc1ccc2ncnc(Nc3ccccc3)c2c1,1,4,4,0.03881420,0.01716092,0.08696110,0.06980018,0.02811960,GFN2-xTB_single_point_on_RDKit_MMFF_geometry
EGFR__CHEMBL94123,EGFR,CHEMBL94123,CHEMBL203,CHEMBL680018,CHEMBL1134561,IC50,=,215.0,nM,6.670000,active,acrylamide,454.32800000,O=C(/C=C/N1CCOCC1)Nc1ccc2ncnc(Nc3cccc(Br)c3)c2c1,,1,1,79.38000000,3.92030000,2,6,5,3,0.19047619,29,O=C(C=CN1CCOCC1)Nc1ccc2ncnc(Nc3ccccc3)c2c1,1,4,4,0.02156975,0.01271359,0.04208897,0.02937537,0.01191115,GFN2-xTB_single_point_on_RDKit_MMFF_geometry
EGFR__CHEMBL95774,EGFR,CHEMBL95774,CHEMBL203,CHEMBL683041,CHEMBL1135208,IC50,=,80.0,nM,7.100000,active,acrylamide,509.96900000,C=CC(=O)Nc1cc2c(Nc3ccc(F)c(Cl)c3)c(C#N)cnc2cc1OCCCN1CCOCC1,,1,1,99.51000000,4.86818000,2,7,9,3,0.26923077,36,c1ccc(Nc2ccnc3cc(OCCCN4CCOCC4)ccc23)cc1,1,4,4,0.04700115,0.02149292,0.10085526,0.07936234,0.03155586,GFN2-xTB_single_point_on_RDKit_MMFF_geometry
ERBB2__CHEMBL109480,ERBB2,CHEMBL109480,CHEMBL1824,CHEMBL1020355,CHEMBL1154504,IC50,=,31.0,nM,7.510000,active,acrylamide,585.69800000,C=CCNC1=C2C[C@@H](C)C[C@H](OC)[C@H](O)[C@@H](C)/C=C(\C)[C@H](OC(N)=O)[C@@H](OC)/C=C\C=C(/C)C(=O)NC(=CC1=O)C2=O,,1,1,166.28000000,2.53760000,4,9,6,0,0.48387097,42,O=C1C=C2CCCCCCC=CCCC=CC=CC(=O)NC(=C1)C2=O,1,4,4,0.02908986,0.01265185,0.04168859,0.02903674,0.01191459,GFN2-xTB_single_point_on_RDKit_MMFF_geometry
ERBB2__CHEMBL113900,ERBB2,CHEMBL113900,CHEMBL1824,CHEMBL769139,CHEMBL1145020,IC50,=,320.0,nM,6.500000,active,propiolamide,504.43200000,CC(C)N(CC#CC(=O)Nc1ccc2ncc(C#N)c(Nc3cccc(Br)c3)c2c1)C(C)C,,1,1,81.05000000,5.67328000,2,5,6,3,0.26923077,33,c1ccc(Nc2ccnc3ccccc23)cc1,1,4,4,0.03769729,0.01142173,0.07469912,0.06327739,0.02311094,GFN2-xTB_single_point_on_RDKit_MMFF_geometry
ERBB2__CHEMBL113901,ERBB2,CHEMBL113901,CHEMBL1824,CHEMBL769139,CHEMBL1145020,IC50,=,11820.0,nM,4.930000,inactive,acrylamide,467.93200000,COc1cc2ncc(C#N)c(Nc3ccc(F)c(Cl)c3)c2cc1NC(=O)/C=C/C(C)N(C)C,,1,1,90.28000000,5.09598000,2,6,7,3,0.20833333,33,c1ccc(Nc2ccnc3ccccc23)cc1,0,4,4,0.03796057,0.01381421,0.05371802,0.03990380,0.01657018,GFN2-xTB_single_point_on_RDKit_MMFF_geometry
ERBB2__CHEMBL113902,ERBB2,CHEMBL113902,CHEMBL1824,CHEMBL769139,CHEMBL1145020,IC50,=,21510.0,nM,4.670000,inactive,acrylamide,424.86300000,C/C=C/C(=O)Nc1cc2c(Nc3ccc(F)c(Cl)c3)c(C#N)cnc2cc1OCC,,1,1,87.04000000,5.55588000,2,5,6,3,0.13636364,30,c1ccc(Nc2ccnc3ccccc23)cc1,0,4,4,0.03159634,0.02022560,0.04331945,0.02309384,0.00878665,GFN2-xTB_single_point_on_RDKit_MMFF_geometry
ERBB2__CHEMBL113985,ERBB2,CHEMBL113985,CHEMBL1824,CHEMBL769139,CHEMBL1145020,IC50,=,23590.0,nM,4.630000,inactive,acrylamide,522.40300000,COc1cc(NC(=O)/C=C/CN2CCOCC2)cc2c(Nc3cccc(Br)c3)c(C#N)cnc12,,1,1,99.51000000,4.44808000,2,7,7,3,0.24000000,34,O=C(C=CCN1CCOCC1)Nc1ccc2nccc(Nc3ccccc3)c2c1,0,4,4,0.04980647,0.04091091,0.05780700,0.01689608,0.00604644,GFN2-xTB_single_point_on_RDKit_MMFF_geometry
ERBB2__CHEMBL113996,ERBB2,CHEMBL113996,CHEMBL1824,CHEMBL769139,CHEMBL1145020,IC50,=,31430.0,nM,4.500000,inactive,acrylamide,495.94200000,COc1cc2ncc(C#N)c(Nc3ccc(F)c(Cl)c3)c2cc1NC(=O)/C=C/CN1CCOCC1,,1,1,99.51000000,4.47808000,2,7,7,3,0.24000000,35,O=C(C=CCN1CCOCC1)Nc1ccc2nccc(Nc3ccccc3)c2c1,0,4,4,0.05386340,0.02375614,0.09849461,0.07473847,0.03177317,GFN2-xTB_single_point_on_RDKit_MMFF_geometry
ERBB2__CHEMBL114073,ERBB2,CHEMBL114073,CHEMBL1824,CHEMBL769139,CHEMBL1145020,IC50,=,33950.0,nM,4.470000,inactive,acrylamide,509.96900000,COc1cc2ncc(C#N)c(Nc3ccc(F)c(Cl)c3)c2cc1NC(=O)/C=C/C(C)N1CCOCC1,,1,1,99.51000000,4.86658000,2,7,7,3,0.26923077,36,O=C(C=CCN1CCOCC1)Nc1ccc2nccc(Nc3ccccc3)c2c1,0,4,4,0.04607262,0.01724360,0.06561806,0.04837446,0.01955403,GFN2-xTB_single_point_on_RDKit_MMFF_geometry
ERBB2__CHEMBL114593,ERBB2,CHEMBL114593,CHEMBL1824,CHEMBL769139,CHEMBL1145020,IC50,=,300.0,nM,6.520000,active,propiolamide,435.28100000,COCC#CC(=O)Nc1ccc2ncc(C#N)c(Nc3cccc(Br)c3)c2c1,,1,1,87.04000000,4.20088000,2,5,4,3,0.09523810,28,c1ccc(Nc2ccnc3ccccc23)cc1,1,4,4,0.03753038,0.01160587,0.07667378,0.06506791,0.02413224,GFN2-xTB_single_point_on_RDKit_MMFF_geometry
ERBB2__CHEMBL115187,ERBB2,CHEMBL115187,CHEMBL1824,CHEMBL769139,CHEMBL1145020,IC50,=,370.0,nM,6.430000,active,propiolamide,504.43200000,CCCN(CC#CC(=O)Nc1ccc2ncc(C#N)c(Nc3cccc(Br)c3)c2c1)CCC,,1,1,81.05000000,5.67648000,2,5,8,3,0.26923077,33,c1ccc(Nc2ccnc3ccccc23)cc1,1,4,4,0.05042858,0.03626342,0.06342593,0.02716251,0.00997874,GFN2-xTB_single_point_on_RDKit_MMFF_geometry
ERBB2__CHEMBL115440,ERBB2,CHEMBL115440,CHEMBL1824,CHEMBL769139,CHEMBL1145020,IC50,=,450.0,nM,6.350000,active,propiolamide,479.33400000,COCCOCC#CC(=O)Nc1ccc2ncc(C#N)c(Nc3cccc(Br)c3)c2c1,,1,1,96.27000000,4.21748000,2,6,7,3,0.17391304,31,c1ccc(Nc2ccnc3ccccc23)cc1,1,4,4,0.05275263,0.02950557,0.07433728,0.04483171,0.02109336,GFN2-xTB_single_point_on_RDKit_MMFF_geometry
ERBB2__CHEMBL115519,ERBB2,CHEMBL115519,CHEMBL1824,CHEMBL769140,CHEMBL1136802,IC50,=,15135.61,nM,4.820000,inactive,acrylamide,431.92600000,COc1cc(/C=C(\C#N)C(N)=O)cc(CSc2nc3cc(Cl)ccc3s2)c1O,,1,1,109.23000000,4.34848000,2,7,6,3,0.10526316,28,c1ccc(CSc2nc3ccccc3s2)cc1,0,4,4,0.03632708,0.03086863,0.03900001,0.00813138,0.00320866,GFN2-xTB_single_point_on_RDKit_MMFF_geometry
ERBB2__CHEMBL116012,ERBB2,CHEMBL116012,CHEMBL1824,CHEMBL769139,CHEMBL1145020,IC50,=,33950.0,nM,4.470000,inactive,acrylamide,536.43000000,CCOc1cc2ncc(C#N)c(Nc3cccc(Br)c3)c2cc1NC(=O)/C=C/CN1CCOCC1,,1,1,99.51000000,4.83818000,2,7,8,3,0.26923077,35,O=C(C=CCN1CCOCC1)Nc1ccc2nccc(Nc3ccccc3)c2c1,0,4,4,0.04996563,0.02487584,0.09387893,0.06900309,0.02617077,GFN2-xTB_single_point_on_RDKit_MMFF_geometry
ERBB2__CHEMBL1161234,ERBB2,CHEMBL1161234,CHEMBL1824,CHEMBL769140,CHEMBL1136802,IC50,=,15848.93,nM,4.800000,inactive,acrylamide,336.36900000,COc1cc(/C=C(\C#N)C(N)=O)cc(SCCCC(=O)O)c1O,,1,1,133.64000000,1.74998000,3,6,8,1,0.26666667,23,c1ccccc1,0,4,4,0.03451303,0.01866855,0.04842235,0.02975380,0.01330481,GFN2-xTB_single_point_on_RDKit_MMFF_geometry
ERBB2__CHEMBL1161235,ERBB2,CHEMBL1161235,CHEMBL1824,CHEMBL769144,CHEMBL1136802,IC50,=,91201.08,nM,4.040000,inactive,acrylamide,322.34200000,COc1cc(/C=C(\C#N)C(N)=O)cc(SCCC(=O)O)c1O,,1,1,133.64000000,1.35988000,3,6,7,1,0.21428571,22,c1ccccc1,0,4,4,0.03633158,0.00365178,0.05992045,0.05626868,0.02138540,GFN2-xTB_single_point_on_RDKit_MMFF_geometry
ERBB2__CHEMBL116595,ERBB2,CHEMBL116595,CHEMBL1824,CHEMBL769140,CHEMBL1136802,IC50,=,128.82,nM,6.890000,active,acrylamide,340.40400000,COc1cc(/C=C(\C#N)C(N)=O)cc(CSc2ccccc2)c1O,,1,1,96.34000000,3.08538000,2,5,6,2,0.11111111,24,c1ccc(CSc2ccccc2)cc1,1,4,4,0.03073249,0.01909975,0.04391109,0.02481133,0.00992274,GFN2-xTB_single_point_on_RDKit_MMFF_geometry
ERBB2__CHEMBL116853,ERBB2,CHEMBL116853,CHEMBL1824,CHEMBL769139,CHEMBL1145020,IC50,=,180.0,nM,6.750000,active,propiolamide,478.35000000,COc1cc2ncc(C#N)c(Nc3cccc(Br)c3)c2cc1NC(=O)C#CCN(C)C,,1,1,90.28000000,4.12468000,2,6,5,3,0.17391304,31,c1ccc(Nc2ccnc3ccccc23)cc1,1,4,4,0.07513155,0.05292532,0.10627636,0.05335103,0.02067853,GFN2-xTB_single_point_on_RDKit_MMFF_geometry
ERBB2__CHEMBL1173655,ERBB2,CHEMBL1173655,CHEMBL1824,CHEMBL1009319,CHEMBL1139297,IC50,=,2.0,nM,8.700000,active,acrylamide,485.94700000,CN(C)C/C=C/C(=O)Nc1cc2c(Nc3ccc(F)c(Cl)c3)ncnc2cc1O[C@H]1CCOC1,,1,1,88.61000000,4.38990000,2,7,8,3,0.29166667,34,c1ccc(Nc2ncnc3cc(OC4CCOC4)ccc23)cc1,1,4,4,0.02369336,0.01617727,0.03060282,0.01442556,0.00516425,GFN2-xTB_single_point_on_RDKit_MMFF_geometry
ERBB2__CHEMBL118109,ERBB2,CHEMBL118109,CHEMBL1824,CHEMBL769140,CHEMBL1136802,IC50,=,346.74,nM,6.460000,active,acrylamide,397.48100000,COc1cc(/C=C(\C#N)C(N)=O)cc(CSc2nc3ccccc3s2)c1O,,1,1,109.23000000,3.69508000,2,7,6,3,0.10526316,27,c1ccc(CSc2nc3ccccc3s2)cc1,1,4,4,0.02449315,0.01878293,0.03203003,0.01324710,0.00547505,GFN2-xTB_single_point_on_RDKit_MMFF_geometry
ERBB2__CHEMBL119156,ERBB2,CHEMBL119156,CHEMBL1824,CHEMBL769140,CHEMBL1136802,IC50,=,707.95,nM,6.150000,active,acrylamide,341.39200000,COc1cc(/C=C(\C#N)C(N)=O)cc(CSc2ccccn2)c1O,,1,1,109.23000000,2.48038000,2,6,6,2,0.11764706,24,c1ccc(CSc2ccccn2)cc1,1,4,4,0.02726684,0.01367889,0.03966211,0.02598322,0.00999052,GFN2-xTB_single_point_on_RDKit_MMFF_geometry
ERBB2__CHEMBL119987,ERBB2,CHEMBL119987,CHEMBL1824,CHEMBL769140,CHEMBL1136802,IC50,=,446.68,nM,6.350000,active,acrylamide,384.41300000,COc1cc(/C=C(\C#N)C(N)=O)cc(CSc2ccccc2C(=O)O)c1O,,1,1,133.64000000,2.78358000,3,6,7,2,0.10526316,27,c1ccc(CSc2ccccc2)cc1,1,4,4,0.05218832,0.03452290,0.08318701,0.04866411,0.01940659,GFN2-xTB_single_point_on_RDKit_MMFF_geometry
ERBB2__CHEMBL136058,ERBB2,CHEMBL136058,CHEMBL1824,CHEMBL676069,CHEMBL1134843,IC50,=,5.0,nM,8.300000,active,acrylamide,540.42200000,O=C(/C=C/C(=O)Nc1cc2c(Nc3cccc(Br)c3)ncnc2cn1)NCCCN1CCOCC1,,1,1,121.37000000,2.86410000,3,8,9,3,0.29166667,35,O=C(C=CC(=O)Nc1cc2c(Nc3ccccc3)ncnc2cn1)NCCCN1CCOCC1,1,4,4,0.00895710,0.00235396,0.01809495,0.01574099,0.00651602,GFN2-xTB_single_point_on_RDKit_MMFF_geometry
ERBB2__CHEMBL138940,ERBB2,CHEMBL138940,CHEMBL1824,CHEMBL676069,CHEMBL1134843,IC50,=,24.0,nM,7.620000,active,acrylamide,513.96100000,O=C(/C=C/C(=O)Nc1cc2c(Nc3ccc(F)c(Cl)c3)ncnc2cn1)NCCCN1CCOCC1,,1,1,121.37000000,2.89410000,3,8,9,3,0.29166667,36,O=C(C=CC(=O)Nc1cc2c(Nc3ccccc3)ncnc2cn1)NCCCN1CCOCC1,1,4,4,0.02681024,0.01794392,0.03482017,0.01687626,0.00615104,GFN2-xTB_single_point_on_RDKit_MMFF_geometry
ERBB2__CHEMBL140561,ERBB2,CHEMBL140561,CHEMBL1824,CHEMBL676068,CHEMBL1134843,IC50,=,110.0,nM,6.960000,active,acrylamide,498.38100000,CN(C)CCCOC(=O)/C=C/C(=O)Nc1ccc2ncnc(Nc3cccc(Br)c3)c2c1,,1,1,96.45000000,4.12550000,2,7,9,3,0.21739130,32,c1ccc(Nc2ncnc3ccccc23)cc1,1,4,4,0.03831505,0.01925787,0.05394603,0.03468816,0.01296885,GFN2-xTB_single_point_on_RDKit_MMFF_geometry
ERBB2__CHEMBL141238,ERBB2,CHEMBL141238,CHEMBL1824,CHEMBL769140,CHEMBL1136802,IC50,=,20892.96,nM,4.680000,inactive,acrylamide,322.36400000,Cc1cc(C)c(NC(=O)/C(C#N)=C/c2ccc(O)c(O)c2)c(C)c1,,1,1,93.35000000,3.56874000,3,4,3,2,0.15789474,24,O=C(C=Cc1ccccc1)Nc1ccccc1,0,4,4,0.03312514,0.01360695,0.04696969,0.03336274,0.01225295,GFN2-xTB_single_point_on_RDKit_MMFF_geometry
ERBB2__CHEMBL153763,ERBB2,CHEMBL153763,CHEMBL1824,CHEMBL874202,CHEMBL1142663,IC50,=,412.0,nM,6.380000,active,acrylamide,624.18500000,CCOc1cc2ncc(C#N)c(Nc3ccc(OCc4ccccc4)c(Cl)c3)c2cc1NC(=O)/C=C/CN1C(C)CCCC1C,,1,1,99.51000000,8.23878000,2,7,11,4,0.30555556,45,O=C(C=CCN1CCCCC1)Nc1ccc2nccc(Nc3ccc(OCc4ccccc4)cc3)c2c1,1,4,4,0.03383930,0.00913535,0.04664876,0.03751341,0.01520467,GFN2-xTB_single_point_on_RDKit_MMFF_geometry
ERBB2__CHEMBL1630107,ERBB2,CHEMBL1630107,CHEMBL1824,CHEMBL1640695,CHEMBL1629443,IC50,=,4.1,nM,8.390000,active,acrylamide,530.94300000,O=C(/C=C/c1ccc(-c2ccc3ncnc(Nc4ccc(OCc5cccc(F)c5)c(Cl)c4)c3c2)o1)NO,,1,1,109.51000000,6.52350000,3,7,8,5,0.03571429,38,c1ccc(COc2ccc(Nc3ncnc4ccc(-c5ccco5)cc34)cc2)cc1,1,4,4,0.02596829,0.01308858,0.04480658,0.03171801,0.01229366,GFN2-xTB_single_point_on_RDKit_MMFF_geometry
ERBB2__CHEMBL1630108,ERBB2,CHEMBL1630108,CHEMBL1824,CHEMBL1640695,CHEMBL1629443,IC50,=,3.5,nM,8.460000,active,acrylamide,547.01100000,O=C(/C=C/c1ccc(-c2ccc3ncnc(Nc4ccc(OCc5cccc(F)c5)c(Cl)c4)c3c2)s1)NO,,1,1,96.37000000,6.99200000,3,7,8,5,0.03571429,38,c1ccc(COc2ccc(Nc3ncnc4ccc(-c5cccs5)cc34)cc2)cc1,1,4,4,0.03344875,0.00368916,0.05746213,0.05377297,0.02094551,GFN2-xTB_single_point_on_RDKit_MMFF_geometry
ERBB2__CHEMBL1630109,ERBB2,CHEMBL1630109,CHEMBL1824,CHEMBL1640695,CHEMBL1629443,IC50,=,11.0,nM,7.960000,active,acrylamide,540.98200000,O=C(/C=C/c1cccc(-c2ccc3ncnc(Nc4ccc(OCc5cccc(F)c5)c(Cl)c4)c3c2)c1)NO,,1,1,96.37000000,6.93050000,3,6,8,5,0.03333333,39,c1ccc(COc2ccc(Nc3ncnc4ccc(-c5ccccc5)cc34)cc2)cc1,1,4,4,0.05257205,0.01905874,0.08123409,0.06217535,0.02399999,GFN2-xTB_single_point_on_RDKit_MMFF_geometry
ERBB2__CHEMBL1630110,ERBB2,CHEMBL1630110,CHEMBL1824,CHEMBL1640695,CHEMBL1629443,IC50,=,12.0,nM,7.920000,active,acrylamide,540.98200000,O=C(/C=C/c1ccc(-c2ccc3ncnc(Nc4ccc(OCc5cccc(F)c5)c(Cl)c4)c3c2)cc1)NO,,1,1,96.37000000,6.93050000,3,6,8,5,0.03333333,39,c1ccc(COc2ccc(Nc3ncnc4ccc(-c5ccccc5)cc34)cc2)cc1,1,4,4,0.02150221,0.01349249,0.03098184,0.01748935,0.00678571,GFN2-xTB_single_point_on_RDKit_MMFF_geometry
ERBB2__CHEMBL1630113,ERBB2,CHEMBL1630113,CHEMBL1824,CHEMBL1640695,CHEMBL1629443,IC50,=,8.7,nM,8.060000,active,acrylamide,606.05700000,Nc1ccccc1NC(=O)/C=C/c1ccc(-c2ccc3ncnc(Nc4ccc(OCc5cccc(F)c5)c(Cl)c4)c3c2)o1,,1,1,115.30000000,8.23900000,3,7,9,6,0.02941176,44,O=C(C=Cc1ccc(-c2ccc3ncnc(Nc4ccc(OCc5ccccc5)cc4)c3c2)o1)Nc1ccccc1,1,4,4,0.02404510,0.00876473,0.03223646,0.02347174,0.00922682,GFN2-xTB_single_point_on_RDKit_MMFF_geometry
ERBB2__CHEMBL1630114,ERBB2,CHEMBL1630114,CHEMBL1824,CHEMBL1640695,CHEMBL1629443,IC50,=,14.0,nM,7.850000,active,acrylamide,616.09600000,Nc1ccccc1NC(=O)/C=C/c1cccc(-c2ccc3ncnc(Nc4ccc(OCc5cccc(F)c5)c(Cl)c4)c3c2)c1,,1,1,102.16000000,8.64600000,3,6,9,6,0.02777778,45,O=C(C=Cc1cccc(-c2ccc3ncnc(Nc4ccc(OCc5ccccc5)cc4)c3c2)c1)Nc1ccccc1,1,4,4,0.02081748,0.00754496,0.02989790,0.02235294,0.00944507,GFN2-xTB_single_point_on_RDKit_MMFF_geometry
ERBB2__CHEMBL1630115,ERBB2,CHEMBL1630115,CHEMBL1824,CHEMBL1640695,CHEMBL1629443,IC50,=,15.0,nM,7.820000,active,acrylamide,616.09600000,Nc1ccccc1NC(=O)/C=C/c1ccc(-c2ccc3ncnc(Nc4ccc(OCc5cccc(F)c5)c(Cl)c4)c3c2)cc1,,1,1,102.16000000,8.64600000,3,6,9,6,0.02777778,45,O=C(C=Cc1ccc(-c2ccc3ncnc(Nc4ccc(OCc5ccccc5)cc4)c3c2)cc1)Nc1ccccc1,1,4,4,0.00776587,0.00466192,0.01013877,0.00547685,0.00210307,GFN2-xTB_single_point_on_RDKit_MMFF_geometry
ERBB2__CHEMBL1683963,ERBB2,CHEMBL1683963,CHEMBL1824,CHEMBL1686142,CHEMBL1681756,IC50,=,81.0,nM,7.090000,active,acrylamide,540.03900000,C/C(=C\c1c(C)ncnc1Nc1ccc(OCc2cccc(F)c2)c(Cl)c1)C(=O)NCCN1CCOCC1,,1,1,88.61000000,4.75182000,2,7,10,3,0.32142857,38,O=C(C=Cc1cncnc1Nc1ccc(OCc2ccccc2)cc1)NCCN1CCOCC1,1,4,4,0.06217157,0.04154397,0.08057348,0.03902951,0.01428066,GFN2-xTB_single_point_on_RDKit_MMFF_geometry
ERBB2__CHEMBL1683965,ERBB2,CHEMBL1683965,CHEMBL1824,CHEMBL1686142,CHEMBL1681756,IC50,=,78.0,nM,7.110000,active,acrylamide,544.00200000,Cc1ncnc(Nc2ccc(OCc3cccc(F)c3)c(Cl)c2)c1/C=C(\F)C(=O)NCCN1CCOCC1,,1,1,88.61000000,4.65892000,2,7,10,3,0.29629630,38,O=C(C=Cc1cncnc1Nc1ccc(OCc2ccccc2)cc1)NCCN1CCOCC1,1,4,4,0.00627868,0.00145814,0.01498464,0.01352650,0.00518679,GFN2-xTB_single_point_on_RDKit_MMFF_geometry
ERBB2__CHEMBL1683966,ERBB2,CHEMBL1683966,CHEMBL1824,CHEMBL1686142,CHEMBL1681756,IC50,=,318.0,nM,6.500000,active,acrylamide,526.01200000,Cc1ncnc(Nc2ccc(OCc3cccc(F)c3)c(Cl)c2)c1/C=C/C(=O)NCCN1CCOCC1,,1,1,88.61000000,4.36172000,2,7,10,3,0.29629630,37,O=C(C=Cc1cncnc1Nc1ccc(OCc2ccccc2)cc1)NCCN1CCOCC1,1,4,4,0.06706726,0.04364028,0.09490449,0.05126421,0.02023214,GFN2-xTB_single_point_on_RDKit_MMFF_geometry
ERBB2__CHEMBL1683967,ERBB2,CHEMBL1683967,CHEMBL1824,CHEMBL1686142,CHEMBL1681756,IC50,=,19.0,nM,7.720000,active,acrylamide,528.00300000,Cc1ncnc(Nc2ccc(OCc3cccc(F)c3)c(Cl)c2)c1/C=C(\F)C(=O)NCCN1CCCC1,,1,1,79.38000000,5.42252000,2,6,10,3,0.29629630,37,O=C(C=Cc1cncnc1Nc1ccc(OCc2ccccc2)cc1)NCCN1CCCC1,1,4,4,0.01949090,0.00578925,0.03987374,0.03408450,0.01332969,GFN2-xTB_single_point_on_RDKit_MMFF_geometry
ERBB2__CHEMBL1683968,ERBB2,CHEMBL1683968,CHEMBL1824,CHEMBL1686142,CHEMBL1681756,IC50,=,71.0,nM,7.150000,active,acrylamide,536.98800000,Cc1ncnc(Nc2ccc(OCc3cccc(F)c3)c(Cl)c2)c1/C=C(\F)C(=O)NCCS(C)(=O)=O,,1,1,110.28000000,4.37132000,2,7,10,3,0.20833333,36,c1ccc(COc2ccc(Nc3ccncn3)cc2)cc1,1,4,4,0.07207749,0.05367853,0.09312235,0.03944381,0.01820033,GFN2-xTB_single_point_on_RDKit_MMFF_geometry
ERBB2__CHEMBL1683969,ERBB2,CHEMBL1683969,CHEMBL1824,CHEMBL1686142,CHEMBL1681756,IC50,=,102.0,nM,6.990000,active,acrylamide,528.00300000,CCN1CCN(C(=O)/C(F)=C/c2c(C)ncnc2Nc2ccc(OCc3cccc(F)c3)c(Cl)c2)CC1,,1,1,70.59000000,5.37462000,1,6,8,3,0.29629630,37,O=C(C=Cc1cncnc1Nc1ccc(OCc2ccccc2)cc1)N1CCNCC1,1,4,4,0.00918804,0.00181025,0.02271208,0.02090183,0.00830631,GFN2-xTB_single_point_on_RDKit_MMFF_geometry
ERBB2__CHEMBL175492,ERBB2,CHEMBL175492,CHEMBL1824,CHEMBL874202,CHEMBL1142663,IC50,=,246.0,nM,6.610000,active,acrylamide,556.06600000,C=C(CN(C)C)C(=O)Nc1cc2c(Nc3ccc(OCc4ccccc4)c(Cl)c3)c(C#N)cnc2cc1OCC,,1,1,99.51000000,6.53748000,2,7,11,4,0.19354839,40,c1ccc(COc2ccc(Nc3ccnc4ccccc34)cc2)cc1,1,4,4,0.02622227,0.02001166,0.03180212,0.01179046,0.00493412,GFN2-xTB_single_point_on_RDKit_MMFF_geometry
ERBB2__CHEMBL175513,ERBB2,CHEMBL175513,CHEMBL1824,CHEMBL874202,CHEMBL1142663,IC50,=,64.0,nM,7.190000,active,acrylamide,613.14300000,CCOc1cc2ncc(C#N)c(Nc3ccc(OCc4nc5ccccc5s4)c(Cl)c3)c2cc1NC(=O)/C=C/CN(C)C,,1,1,112.40000000,7.14718000,2,9,11,5,0.18750000,43,c1ccc2sc(COc3ccc(Nc4ccnc5ccccc45)cc3)nc2c1,1,4,4,0.03608287,0.01352587,0.06073532,0.04720945,0.01709836,GFN2-xTB_single_point_on_RDKit_MMFF_geometry
ERBB2__CHEMBL175556,ERBB2,CHEMBL175556,CHEMBL1824,CHEMBL874202,CHEMBL1142663,IC50,=,59.0,nM,7.230000,active,acrylamide,598.10300000,CCOc1cc2ncc(C#N)c(Nc3ccc(OCc4ccccc4)c(Cl)c3)c2cc1NC(=O)/C=C/CN1CCOCC1,,1,1,108.74000000,6.30808000,2,8,11,4,0.24242424,43,O=C(C=CCN1CCOCC1)Nc1ccc2nccc(Nc3ccc(OCc4ccccc4)cc3)c2c1,1,4,4,0.02675672,0.00597262,0.05623686,0.05026424,0.01860393,GFN2-xTB_single_point_on_RDKit_MMFF_geometry
ERBB2__CHEMBL175557,ERBB2,CHEMBL175557,CHEMBL1824,CHEMBL874202,CHEMBL1142663,IC50,=,29.0,nM,7.540000,active,acrylamide,614.17100000,CCOc1cc2ncc(C#N)c(Nc3ccc(OCc4ccccc4)c(Cl)c3)c2cc1NC(=O)/C=C/CN1CCSCC1,,1,1,99.51000000,7.02468000,2,8,11,4,0.24242424,43,O=C(C=CCN1CCSCC1)Nc1ccc2nccc(Nc3ccc(OCc4ccccc4)cc3)c2c1,1,4,4,0.01992168,0.01559640,0.02468657,0.00909017,0.00333972,GFN2-xTB_single_point_on_RDKit_MMFF_geometry
ERBB2__CHEMBL175558,ERBB2,CHEMBL175558,CHEMBL1824,CHEMBL874202,CHEMBL1142663,IC50,=,1007.0,nM,6.000000,active,acrylamide,627.19500000,COc1cc2ncc(C#N)c(Nc3ccc(Sc4ncc(-c5ccccc5)s4)c(Cl)c3)c2cc1NC(=O)/C=C/CN(C)C,,2,2,103.17000000,7.84308000,2,9,10,5,0.12500000,43,c1ccc(-c2cnc(Sc3ccc(Nc4ccnc5ccccc45)cc3)s2)cc1,1,4,4,0.03294304,0.01135012,0.07776625,0.06641613,0.02619756,GFN2-xTB_single_point_on_RDKit_MMFF_geometry
ERBB2__CHEMBL175840,ERBB2,CHEMBL175840,CHEMBL1824,CHEMBL874202,CHEMBL1142663,IC50,=,625.0,nM,6.200000,active,acrylamide,560.05800000,CCOc1cc2ncc(C#N)c(Nc3ccc(OCc4nccn4C)c(Cl)c3)c2cc1NC(=O)/C=C/CN(C)C,,1,1,117.33000000,5.27098000,2,8,11,4,0.24137931,40,c1ccc2c(Nc3ccc(OCc4ncc[nH]4)cc3)ccnc2c1,1,4,4,0.05133333,0.02942005,0.06790444,0.03848439,0.01448114,GFN2-xTB_single_point_on_RDKit_MMFF_geometry
ERBB2__CHEMBL175933,ERBB2,CHEMBL175933,CHEMBL1824,CHEMBL874202,CHEMBL1142663,IC50,=,348.0,nM,6.460000,active,acrylamide,546.05600000,COc1cc2ncc(C#N)c(Nc3ccc(Sc4ncccn4)c(Cl)c3)c2cc1NC(=O)/C=C/CN(C)C,,1,1,116.06000000,5.50958000,2,9,9,4,0.14814815,38,c1cnc(Sc2ccc(Nc3ccnc4ccccc34)cc2)nc1,1,4,4,0.02912178,0.01832462,0.04129339,0.02296877,0.00817875,GFN2-xTB_single_point_on_RDKit_MMFF_geometry
ERBB2__CHEMBL176199,ERBB2,CHEMBL176199,CHEMBL1824,CHEMBL874202,CHEMBL1142663,IC50,=,62.0,nM,7.210000,active,acrylamide,546.02700000,CCOc1cc2ncc(C#N)c(Nc3ccc(OCc4ccco4)c(Cl)c3)c2cc1NC(=O)/C=C/CN(C)C,,1,1,112.65000000,6.13048000,2,8,11,4,0.20689655,39,c1coc(COc2ccc(Nc3ccnc4ccccc34)cc2)c1,1,4,4,0.03011512,0.00739723,0.05249066,0.04509343,0.01716186,GFN2-xTB_single_point_on_RDKit_MMFF_geometry
ERBB2__CHEMBL178144,ERBB2,CHEMBL178144,CHEMBL1824,CHEMBL874202,CHEMBL1142663,IC50,=,183.0,nM,6.740000,active,acrylamide,600.11900000,CCOc1cc2ncc(C#N)c(Nc3ccc(OCc4ccccc4)c(Cl)c3)c2cc1NC(=O)/C=C/CN(C)CCOC,,1,1,108.74000000,6.55408000,2,8,14,4,0.24242424,43,c1ccc(COc2ccc(Nc3ccnc4ccccc34)cc2)cc1,1,4,4,0.02976102,0.00890512,0.06495301,0.05604789,0.02121499,GFN2-xTB_single_point_on_RDKit_MMFF_geometry
ERBB2__CHEMBL178199,ERBB2,CHEMBL178199,CHEMBL1824,CHEMBL874202,CHEMBL1142663,IC50,=,281.0,nM,6.550000,active,acrylamide,570.09300000,CCOc1cc2ncc(C#N)c(Nc3ccc(OCCc4ccccc4)c(Cl)c3)c2cc1NC(=O)/C=C/CN(C)C,,1,1,99.51000000,6.57998000,2,7,12,4,0.21875000,41,c1ccc(CCOc2ccc(Nc3ccnc4ccccc34)cc2)cc1,1,4,4,0.02624989,0.00370076,0.04470784,0.04100708,0.01494392,GFN2-xTB_single_point_on_RDKit_MMFF_geometry
ERBB2__CHEMBL178290,ERBB2,CHEMBL178290,CHEMBL1824,CHEMBL874202,CHEMBL1142663,IC50,=,388.0,nM,6.410000,active,acrylamide,592.04600000,CCOc1cc2ncc(C#N)c(Nc3ccc(OCc4cc(F)cc(F)c4)c(Cl)c3)c2cc1NC(=O)/C=C/CN(C)C,,1,1,99.51000000,6.81568000,2,7,11,4,0.19354839,42,c1ccc(COc2ccc(Nc3ccnc4ccccc34)cc2)cc1,1,4,4,0.03312972,0.01491867,0.05198366,0.03706499,0.01436258,GFN2-xTB_single_point_on_RDKit_MMFF_geometry
ERBB2__CHEMBL178312,ERBB2,CHEMBL178312,CHEMBL1824,CHEMBL874202,CHEMBL1142663,IC50,=,59.0,nM,7.230000,active,acrylamide,582.10400000,CCOc1cc2ncc(C#N)c(Nc3ccc(OCc4ccccc4)c(Cl)c3)c2cc1NC(=O)/C=C/CN1CCCC1,,1,1,99.51000000,7.07168000,2,7,11,4,0.24242424,42,O=C(C=CCN1CCCC1)Nc1ccc2nccc(Nc3ccc(OCc4ccccc4)cc3)c2c1,1,4,4,0.01574331,0.00873348,0.02322418,0.01449070,0.00603420,GFN2-xTB_single_point_on_RDKit_MMFF_geometry
ERBB2__CHEMBL178573,ERBB2,CHEMBL178573,CHEMBL1824,CHEMBL874202,CHEMBL1142663,IC50,=,18.0,nM,7.750000,active,acrylamide,606.12600000,CCOc1cc2ncc(C#N)c(Nc3ccc(OCc4ccc5ccccc5c4)c(Cl)c3)c2cc1NC(=O)/C=C/CN(C)C,,1,1,99.51000000,7.69068000,2,7,11,5,0.17142857,44,c1ccc2cc(COc3ccc(Nc4ccnc5ccccc45)cc3)ccc2c1,1,4,4,0.03775564,0.02116455,0.04996610,0.02880155,0.01144860,GFN2-xTB_single_point_on_RDKit_MMFF_geometry
ERBB2__CHEMBL178654,ERBB2,CHEMBL178654,CHEMBL1824,CHEMBL874202,CHEMBL1142663,IC50,=,33.0,nM,7.480000,active,acrylamide,574.05600000,CCOc1cc2ncc(C#N)c(Nc3ccc(OCc4cccc(F)c4)c(Cl)c3)c2cc1NC(=O)/C=C/CN(C)C,,1,1,99.51000000,6.67658000,2,7,11,4,0.19354839,41,c1ccc(COc2ccc(Nc3ccnc4ccccc34)cc2)cc1,1,4,4,0.05632618,0.01465390,0.10546784,0.09081394,0.03315857,GFN2-xTB_single_point_on_RDKit_MMFF_geometry
ERBB2__CHEMBL178958,ERBB2,CHEMBL178958,CHEMBL1824,CHEMBL874202,CHEMBL1142663,IC50,=,171.0,nM,6.770000,active,acrylamide,626.15700000,CCOc1cc2ncc(C#N)c(Nc3ccc(OCc4ccccc4)c(Cl)c3)c2cc1NC(=O)/C=C/CN1CCCC1COC,,1,1,108.74000000,7.08668000,2,8,13,4,0.28571429,45,O=C(C=CCN1CCCC1)Nc1ccc2nccc(Nc3ccc(OCc4ccccc4)cc3)c2c1,1,4,4,0.03874323,0.02616522,0.04979779,0.02363257,0.00841192,GFN2-xTB_single_point_on_RDKit_MMFF_geometry
ERBB2__CHEMBL179052,ERBB2,CHEMBL179052,CHEMBL1824,CHEMBL874202,CHEMBL1142663,IC50,=,28.0,nM,7.550000,active,acrylamide,612.17400000,CCOc1cc2ncc(C#N)c(Nc3ccc(OCc4ccccc4)c(Cl)c3)c2cc1NC(=O)/C=C/CN(C(C)C)C(C)C,,1,1,99.51000000,8.09468000,2,7,13,4,0.28571429,44,c1ccc(COc2ccc(Nc3ccnc4ccccc34)cc2)cc1,1,4,4,0.03914039,0.02372912,0.06149205,0.03776293,0.01406692,GFN2-xTB_single_point_on_RDKit_MMFF_geometry
ERBB2__CHEMBL179123,ERBB2,CHEMBL179123,CHEMBL1824,CHEMBL874202,CHEMBL1142663,IC50,=,28.0,nM,7.550000,active,acrylamide,562.11400000,CCOc1cc2ncc(C#N)c(Nc3ccc(OCC4CCCCC4)c(Cl)c3)c2cc1NC(=O)/C=C/CN(C)C,,1,1,99.51000000,6.91758000,2,7,11,3,0.38709677,40,c1ccc2c(Nc3ccc(OCC4CCCCC4)cc3)ccnc2c1,1,4,4,0.02473702,0.01745691,0.03421553,0.01675862,0.00691956,GFN2-xTB_single_point_on_RDKit_MMFF_geometry
ERBB2__CHEMBL179164,ERBB2,CHEMBL179164,CHEMBL1824,CHEMBL874202,CHEMBL1142663,IC50,=,25.0,nM,7.600000,active,acrylamide,594.69700000,CCOc1cc2ncc(C#N)c(Nc3ccc4c(ccn4S(=O)(=O)c4ccccc4)c3)c2cc1NC(=O)/C=C/CN(C)C,,1,1,129.35000000,5.49678000,2,8,10,5,0.15625000,43,O=S(=O)(c1ccccc1)n1ccc2cc(Nc3ccnc4ccccc34)ccc21,1,4,4,0.01137030,0.00579195,0.01492074,0.00912879,0.00347544,GFN2-xTB_single_point_on_RDKit_MMFF_geometry
ERBB2__CHEMBL179310,ERBB2,CHEMBL179310,CHEMBL1824,CHEMBL874202,CHEMBL1142663,IC50,=,230.0,nM,6.640000,active,acrylamide,546.67500000,CCOc1cc2ncc(C#N)c(Nc3ccc4c(c3)CCN4Cc3ccccc3)c2cc1NC(=O)/C=C/CN(C)C,,1,1,93.52000000,5.86778000,2,7,10,4,0.24242424,41,c1ccc(CN2CCc3cc(Nc4ccnc5ccccc45)ccc32)cc1,1,4,4,0.01718530,0.01116674,0.02195143,0.01078468,0.00437788,GFN2-xTB_single_point_on_RDKit_MMFF_geometry
ERBB2__CHEMBL179313,ERBB2,CHEMBL179313,CHEMBL1824,CHEMBL874202,CHEMBL1142663,IC50,=,269.0,nM,6.570000,active,acrylamide,557.05400000,CCOc1cc2ncc(C#N)c(Nc3ccc(OCc4cccnc4)c(Cl)c3)c2cc1NC(=O)/C=C/CN(C)C,,1,1,112.40000000,5.93248000,2,8,11,4,0.20000000,40,c1cncc(COc2ccc(Nc3ccnc4ccccc34)cc2)c1,1,4,4,0.05960840,0.03050232,0.08404252,0.05354020,0.02039165,GFN2-xTB_single_point_on_RDKit_MMFF_geometry
ERBB2__CHEMBL179363,ERBB2,CHEMBL179363,CHEMBL1824,CHEMBL874202,CHEMBL1142663,IC50,=,8.0,nM,8.100000,active,acrylamide,590.51100000,CCOc1cc2ncc(C#N)c(Nc3ccc(OCc4cccc(Cl)c4)c(Cl)c3)c2cc1NC(=O)/C=C/CN(C)C,,2,2,99.51000000,7.19088000,2,7,11,4,0.19354839,41,c1ccc(COc2ccc(Nc3ccnc4ccccc34)cc2)cc1,1,4,4,0.07409837,0.02905267,0.11256248,0.08350981,0.03218919,GFN2-xTB_single_point_on_RDKit_MMFF_geometry
ERBB2__CHEMBL179458,ERBB2,CHEMBL179458,CHEMBL1824,CHEMBL874202,CHEMBL1142663,IC50,=,800.0,nM,6.100000,active,acrylamide,501.97800000,COc1cc2ncc(C#N)c(Nc3ccc(-n4ccnc4)c(Cl)c3)c2cc1NC(=O)/C=C/CN(C)C,,1,1,108.10000000,4.75408000,2,7,8,4,0.15384615,36,c1ccc2c(Nc3ccc(-n4ccnc4)cc3)ccnc2c1,1,4,4,0.04419177,0.02488289,0.06312859,0.03824570,0.01387256,GFN2-xTB_single_point_on_RDKit_MMFF_geometry
ERBB2__CHEMBL179521,ERBB2,CHEMBL179521,CHEMBL1824,CHEMBL874202,CHEMBL1142663,IC50,=,13000.0,nM,4.890000,inactive,acrylamide,541.05500000,COc1cc2ncc(C#N)c(Nc3ccc(NCc4ccccc4)c(Cl)c3)c2cc1NC(=O)/C=C/CN(C)C,,1,1,102.31000000,6.18048000,3,7,10,4,0.16666667,39,c1ccc(CNc2ccc(Nc3ccnc4ccccc34)cc2)cc1,0,4,4,0.04861409,0.02806226,0.06522669,0.03716443,0.01391812,GFN2-xTB_single_point_on_RDKit_MMFF_geometry
ERBB2__CHEMBL179527,ERBB2,CHEMBL179527,CHEMBL1824,CHEMBL874202,CHEMBL1142663,IC50,=,161.0,nM,6.790000,active,acrylamide,581.07600000,CCOc1cc2ncc(C#N)c(Nc3ccc(OCc4cccc(C#N)c4)c(Cl)c3)c2cc1NC(=O)/C=C/CN(C)C,,1,1,123.30000000,6.40916000,2,8,11,4,0.18750000,42,c1ccc(COc2ccc(Nc3ccnc4ccccc34)cc2)cc1,1,4,4,0.05707358,0.02388757,0.10940089,0.08551332,0.03176153,GFN2-xTB_single_point_on_RDKit_MMFF_geometry
ERBB2__CHEMBL179572,ERBB2,CHEMBL179572,CHEMBL1824,CHEMBL874202,CHEMBL1142663,IC50,=,83.0,nM,7.080000,active,acrylamide,551.09700000,COc1cc2ncc(C#N)c(Nc3ccc(Sc4nccs4)c(Cl)c3)c2cc1NC(=O)/C=C/CN(C)C,,1,1,103.17000000,6.17608000,2,9,9,4,0.15384615,37,c1ccc2c(Nc3ccc(Sc4nccs4)cc3)ccnc2c1,1,4,4,0.05185439,0.02866931,0.08978577,0.06111646,0.02301148,GFN2-xTB_single_point_on_RDKit_MMFF_geometry
ERBB2__CHEMBL179577,ERBB2,CHEMBL179577,CHEMBL1824,CHEMBL874202,CHEMBL1142663,IC50,=,103.0,nM,6.990000,active,acrylamide,555.08200000,CCOc1cc2ncc(C#N)c(Nc3ccc(NCc4ccccc4)c(Cl)c3)c2cc1NC(=O)/C=C/CN(C)C,,1,1,102.31000000,6.57058000,3,7,11,4,0.19354839,40,c1ccc(CNc2ccc(Nc3ccnc4ccccc34)cc2)cc1,1,4,4,0.06544484,0.04380422,0.08729532,0.04349109,0.02105679,GFN2-xTB_single_point_on_RDKit_MMFF_geometry
ERBB2__CHEMBL179607,ERBB2,CHEMBL179607,CHEMBL1824,CHEMBL874202,CHEMBL1142663,IC50,=,89.0,nM,7.050000,active,acrylamide,598.10300000,C=C(CN1CCOCC1)C(=O)Nc1cc2c(Nc3ccc(OCc4ccccc4)c(Cl)c3)c(C#N)cnc2cc1OCC,,1,1,108.74000000,6.30808000,2,8,11,4,0.24242424,43,C=C(CN1CCOCC1)C(=O)Nc1ccc2nccc(Nc3ccc(OCc4ccccc4)cc3)c2c1,1,4,4,0.03658718,0.02243121,0.05391097,0.03147976,0.01410632,GFN2-xTB_single_point_on_RDKit_MMFF_geometry
ERBB2__CHEMBL179652,ERBB2,CHEMBL179652,CHEMBL1824,CHEMBL874202,CHEMBL1142663,IC50,=,15.0,nM,7.820000,active,acrylamide,544.65900000,CCOc1cc2ncc(C#N)c(Nc3ccc4c(ccn4Cc4ccccc4)c3)c2cc1NC(=O)/C=C/CN(C)C,,1,1,95.21000000,6.30808000,2,6,10,5,0.18181818,41,c1ccc(Cn2ccc3cc(Nc4ccnc5ccccc45)ccc32)cc1,1,4,4,0.05194830,0.03641963,0.06258919,0.02616955,0.00957523,GFN2-xTB_single_point_on_RDKit_MMFF_geometry
ERBB2__CHEMBL179659,ERBB2,CHEMBL179659,CHEMBL1824,CHEMBL874202,CHEMBL1142663,IC50,=,132.0,nM,6.880000,active,acrylamide,570.09300000,CCOc1cc2ncc(C#N)c(Nc3ccc(OCc4cccc(C)c4)c(Cl)c3)c2cc1NC(=O)/C=C/CN(C)C,,1,1,99.51000000,6.84590000,2,7,11,4,0.21875000,41,c1ccc(COc2ccc(Nc3ccnc4ccccc34)cc2)cc1,1,4,4,0.04412761,0.01832566,0.05715819,0.03883253,0.01535947,GFN2-xTB_single_point_on_RDKit_MMFF_geometry
ERBB2__CHEMBL179726,ERBB2,CHEMBL179726,CHEMBL1824,CHEMBL874202,CHEMBL1142663,IC50,=,39.0,nM,7.410000,active,acrylamide,542.03900000,COc1cc2ncc(C#N)c(Nc3ccc(OCc4ccccc4)c(Cl)c3)c2cc1NC(=O)/C=C/CN(C)C,,1,1,99.51000000,6.14738000,2,7,10,4,0.16666667,39,c1ccc(COc2ccc(Nc3ccnc4ccccc34)cc2)cc1,1,4,4,0.01981530,0.00874050,0.03509105,0.02635055,0.00960507,GFN2-xTB_single_point_on_RDKit_MMFF_geometry
ERBB2__CHEMBL179766,ERBB2,CHEMBL179766,CHEMBL1824,CHEMBL874202,CHEMBL1142663,IC50,=,83.0,nM,7.080000,active,acrylamide,605.14200000,CCOc1cc2ncc(C#N)c(Nc3ccc(NCc4cccc5ccccc45)c(Cl)c3)c2cc1NC(=O)/C=C/CN(C)C,,1,1,102.31000000,7.72378000,3,7,11,5,0.17142857,44,c1ccc2c(CNc3ccc(Nc4ccnc5ccccc45)cc3)cccc2c1,1,4,4,0.01961786,0.00230576,0.03474904,0.03244328,0.01158187,GFN2-xTB_single_point_on_RDKit_MMFF_geometry
ERBB2__CHEMBL179923,ERBB2,CHEMBL179923,CHEMBL1824,CHEMBL874202,CHEMBL1142663,IC50,=,732.0,nM,6.130000,active,acrylamide,574.05600000,CCOc1cc2ncc(C#N)c(Nc3ccc(OCc4ccccc4F)c(Cl)c3)c2cc1NC(=O)/C=C/CN(C)C,,1,1,99.51000000,6.67658000,2,7,11,4,0.19354839,41,c1ccc(COc2ccc(Nc3ccnc4ccccc34)cc2)cc1,1,4,4,0.05685966,0.02662323,0.09547535,0.06885211,0.02549684,GFN2-xTB_single_point_on_RDKit_MMFF_geometry
ERBB2__CHEMBL179969,ERBB2,CHEMBL179969,CHEMBL1824,CHEMBL874202,CHEMBL1142663,IC50,=,61.0,nM,7.210000,active,vinyl_sulfonamide,535.02500000,C=CS(=O)(=O)Nc1cc2c(Nc3ccc(OCc4ccccc4)c(Cl)c3)c(C#N)cnc2cc1OCC,,1,1,113.34000000,6.36638000,2,7,10,4,0.11111111,37,c1ccc(COc2ccc(Nc3ccnc4ccccc34)cc2)cc1,1,2,2,0.03938770,0.02807095,0.05070445,0.02263350,0.01131675,GFN2-xTB_single_point_on_RDKit_MMFF_geometry
ERBB2__CHEMBL180018,ERBB2,CHEMBL180018,CHEMBL1824,CHEMBL874202,CHEMBL1142663,IC50,=,184.0,nM,6.740000,active,acrylamide,542.03900000,CCOc1cc2ncc(C#N)c(Nc3ccc(Oc4ccccc4)c(Cl)c3)c2cc1NC(=O)/C=C/CN(C)C,,1,1,99.51000000,6.75078000,2,7,10,4,0.16666667,39,c1ccc(Oc2ccc(Nc3ccnc4ccccc34)cc2)cc1,1,4,4,0.01077540,0.00492912,0.02283018,0.01790106,0.00727525,GFN2-xTB_single_point_on_RDKit_MMFF_geometry
ERBB2__CHEMBL180022,ERBB2,CHEMBL180022,CHEMBL1824,CHEMBL874202,CHEMBL1142663,IC50,=,59.0,nM,7.230000,active,acrylamide,557.05400000,CCOc1cc2ncc(C#N)c(Nc3ccc(OCc4ccccn4)c(Cl)c3)c2cc1NC(=O)/C=C/CN(C)C,,3,3,112.40000000,5.93248000,2,8,11,4,0.20000000,40,c1ccc(COc2ccc(Nc3ccnc4ccccc34)cc2)nc1,1,4,4,0.06033116,0.03446753,0.08696902,0.05250148,0.02128721,GFN2-xTB_single_point_on_RDKit_MMFF_geometry
ERBB2__CHEMBL180175,ERBB2,CHEMBL180175,CHEMBL1824,CHEMBL874202,CHEMBL1142663,IC50,=,155.0,nM,6.810000,active,acrylamide,548.07200000,COc1cc2ncc(C#N)c(Nc3ccc(Sc4nccn4C)c(Cl)c3)c2cc1NC(=O)/C=C/CN(C)C,,1,1,108.10000000,5.45308000,2,8,9,4,0.18518519,38,c1ccc2c(Nc3ccc(Sc4ncc[nH]4)cc3)ccnc2c1,1,4,4,0.02324563,0.01061697,0.03188661,0.02126964,0.00777999,GFN2-xTB_single_point_on_RDKit_MMFF_geometry
ERBB2__CHEMBL180227,ERBB2,CHEMBL180227,CHEMBL1824,CHEMBL874202,CHEMBL1142663,IC50,=,75.0,nM,7.120000,active,acrylamide,531.62000000,COc1cc2ncc(C#N)c(Nc3ccc4c(cnn4Cc4ccccc4)c3)c2cc1NC(=O)/C=C/CN(C)C,,1,1,108.10000000,5.31298000,2,7,9,5,0.16129032,40,c1ccc(Cn2ncc3cc(Nc4ccnc5ccccc45)ccc32)cc1,1,4,4,0.02149815,0.00750373,0.02958524,0.02208151,0.00838654,GFN2-xTB_single_point_on_RDKit_MMFF_geometry
ERBB2__CHEMBL180415,ERBB2,CHEMBL180415,CHEMBL1824,CHEMBL874202,CHEMBL1142663,IC50,=,24.0,nM,7.620000,active,acrylamide,590.51100000,CCOc1cc2ncc(C#N)c(Nc3ccc(OCc4ccc(Cl)cc4)c(Cl)c3)c2cc1NC(=O)/C=C/CN(C)C,,1,1,99.51000000,7.19088000,2,7,11,4,0.19354839,41,c1ccc(COc2ccc(Nc3ccnc4ccccc34)cc2)cc1,1,4,4,0.04927146,0.01947464,0.07976511,0.06029047,0.02149931,GFN2-xTB_single_point_on_RDKit_MMFF_geometry
ERBB2__CHEMBL180516,ERBB2,CHEMBL180516,CHEMBL1824,CHEMBL874202,CHEMBL1142663,IC50,=,78.0,nM,7.110000,active,acrylamide,574.05600000,CCOc1cc2ncc(C#N)c(Nc3ccc(OCc4ccc(F)cc4)c(Cl)c3)c2cc1NC(=O)/C=C/CN(C)C,,1,1,99.51000000,6.67658000,2,7,11,4,0.19354839,41,c1ccc(COc2ccc(Nc3ccnc4ccccc34)cc2)cc1,1,4,4,0.07134738,0.03186987,0.09978066,0.06791078,0.02897051,GFN2-xTB_single_point_on_RDKit_MMFF_geometry
ERBB2__CHEMBL190094,ERBB2,CHEMBL190094,CHEMBL1824,CHEMBL874430,CHEMBL1141151,IC50,=,50.0,nM,7.300000,active,acrylamide,434.30200000,CN(C)C/C=C/C(=O)Nc1ccc2ncnc(Nc3cc(Cl)c(Cl)cc3F)c2c1,,1,1,70.15000000,4.87560000,2,5,6,3,0.15000000,29,c1ccc(Nc2ncnc3ccccc23)cc1,1,4,4,0.02687456,0.01709532,0.03620763,0.01911231,0.00741987,GFN2-xTB_single_point_on_RDKit_MMFF_geometry
ERBB2__CHEMBL201511,ERBB2,CHEMBL201511,CHEMBL1824,CHEMBL957974,CHEMBL1157465,IC50,=,26000.0,nM,4.580000,inactive,acrylamide,378.38400000,COc1cc(C2=C(c3c[nH]c4ccccc34)C(=O)NC2=O)cc(OC)c1OC,,3,3,89.65000000,2.76090000,2,5,5,3,0.14285714,28,O=C1NC(=O)C(c2c[nH]c3ccccc23)=C1c1ccccc1,0,4,4,0.03777545,0.01815266,0.06227336,0.04412069,0.01581524,GFN2-xTB_single_point_on_RDKit_MMFF_geometry
ERBB2__CHEMBL202360,ERBB2,CHEMBL202360,CHEMBL1824,CHEMBL862513,CHEMBL1138126,IC50,=,1.9,nM,8.720000,active,propiolamide,367.20600000,C#CC(=O)Nc1ccc2ncnc(Nc3cccc(Br)c3)c2c1,,1,1,66.91000000,3.70760000,2,4,3,3,0.00000000,23,c1ccc(Nc2ncnc3ccccc23)cc1,1,4,4,0.17537399,0.05342063,0.50226628,0.44884564,0.18905162,GFN2-xTB_single_point_on_RDKit_MMFF_geometry
ERBB2__CHEMBL202398,ERBB2,CHEMBL202398,CHEMBL1824,CHEMBL862521,CHEMBL1138126,IC50,=,32.0,nM,7.500000,active,propiolamide,482.00300000,CCCCN(CC#CC(=O)Nc1ccc2ncnc(Nc3ccc(F)c(Cl)c3)c2c1)CCCC,,2,1,70.15000000,6.01000000,2,5,10,3,0.34615385,34,c1ccc(Nc2ncnc3ccccc23)cc1,1,4,4,0.05316808,0.04600543,0.06011083,0.01410540,0.00615220,GFN2-xTB_single_point_on_RDKit_MMFF_geometry
ERBB2__CHEMBL202411,ERBB2,CHEMBL202411,CHEMBL1824,CHEMBL862513,CHEMBL1138126,IC50,=,2.1,nM,8.680000,active,propiolamide,370.77100000,O=C(C#CCO)Nc1ccc2ncnc(Nc3ccc(F)c(Cl)c3)c2c1,,2,1,87.14000000,3.10010000,3,5,3,3,0.05555556,26,c1ccc(Nc2ncnc3ccccc23)cc1,1,4,4,0.03638270,0.02460454,0.04654572,0.02194118,0.01006850,GFN2-xTB_single_point_on_RDKit_MMFF_geometry
ERBB2__CHEMBL202421,ERBB2,CHEMBL202421,CHEMBL1824,CHEMBL862513,CHEMBL1138126,IC50,=,67.0,nM,7.170000,active,propiolamide,482.99100000,CCCCN(CC#CC(=O)Nc1cc2c(Nc3ccc(F)c(Cl)c3)ncnc2cn1)CCCC,,2,1,83.04000000,5.40500000,2,6,10,3,0.36000000,34,c1ccc(Nc2ncnc3cnccc23)cc1,1,4,4,0.04286018,0.02098124,0.06681717,0.04583593,0.01664102,GFN2-xTB_single_point_on_RDKit_MMFF_geometry
ERBB2__CHEMBL202424,ERBB2,CHEMBL202424,CHEMBL1824,CHEMBL862513,CHEMBL1138126,IC50,=,5.4,nM,8.270000,active,propiolamide,397.84100000,CCCCC#CC(=O)Nc1cc2c(Nc3ccc(F)c(Cl)c3)ncnc2cn1,,2,1,79.80000000,4.69300000,2,5,5,3,0.20000000,28,c1ccc(Nc2ncnc3cnccc23)cc1,1,4,4,0.04097540,0.01825971,0.05959027,0.04133056,0.01611595,GFN2-xTB_single_point_on_RDKit_MMFF_geometry
ERBB2__CHEMBL202425,ERBB2,CHEMBL202425,CHEMBL1824,CHEMBL862521,CHEMBL1138126,IC50,=,116.0,nM,6.940000,active,propiolamide,426.88300000,CCN(CC)CC#CC(=O)Nc1cc2c(Nc3ccc(F)c(Cl)c3)ncnc2cn1,,2,1,83.04000000,3.84460000,2,6,6,3,0.23809524,30,c1ccc(Nc2ncnc3cnccc23)cc1,1,4,4,0.04687637,0.03600271,0.07288268,0.03687997,0.01520121,GFN2-xTB_single_point_on_RDKit_MMFF_geometry
ERBB2__CHEMBL202556,ERBB2,CHEMBL202556,CHEMBL1824,CHEMBL862521,CHEMBL1138126,IC50,=,22.0,nM,7.660000,active,propiolamide,440.86600000,O=C(C#CCN1CCOCC1)Nc1cc2c(Nc3ccc(F)c(Cl)c3)ncnc2cn1,,2,1,92.27000000,2.83500000,2,7,4,3,0.23809524,31,O=C(C#CCN1CCOCC1)Nc1cc2c(Nc3ccccc3)ncnc2cn1,1,4,4,0.02535259,0.01368282,0.04014008,0.02645727,0.00953222,GFN2-xTB_single_point_on_RDKit_MMFF_geometry
ERBB2__CHEMBL202621,ERBB2,CHEMBL202621,CHEMBL1824,CHEMBL862521,CHEMBL1138126,IC50,=,173.0,nM,6.760000,active,propiolamide,439.87800000,O=C(C#CCN1CCOCC1)Nc1ccc2ncnc(Nc3ccc(F)c(Cl)c3)c2c1,,2,1,79.38000000,3.44000000,2,6,4,3,0.22727273,31,O=C(C#CCN1CCOCC1)Nc1ccc2ncnc(Nc3ccccc3)c2c1,1,4,4,0.02783667,0.01501593,0.04354906,0.02853313,0.01020342,GFN2-xTB_single_point_on_RDKit_MMFF_geometry
ERBB2__CHEMBL203599,ERBB2,CHEMBL203599,CHEMBL1824,CHEMBL862531,CHEMBL1138126,IC50,=,0.8,nM,9.100000,active,propiolamide,467.93600000,CN1CCN(CCC#CC(=O)Nc2cc3c(Nc4ccc(F)c(Cl)c4)ncnc3cn2)CC1,,3,1,86.28000000,3.14030000,2,7,5,3,0.30434783,33,O=C(C#CCCN1CCNCC1)Nc1cc2c(Nc3ccccc3)ncnc2cn1,1,4,4,0.04508137,0.02774895,0.06239497,0.03464602,0.01297660,GFN2-xTB_single_point_on_RDKit_MMFF_geometry
ERBB2__CHEMBL203644,ERBB2,CHEMBL203644,CHEMBL1824,CHEMBL862513,CHEMBL1138126,IC50,=,1.1,nM,8.960000,active,propiolamide,355.76000000,CC#CC(=O)Nc1cc2c(Nc3ccc(F)c(Cl)c3)ncnc2cn1,,2,1,79.80000000,3.52270000,2,5,3,3,0.05882353,25,c1ccc(Nc2ncnc3cnccc23)cc1,1,4,4,0.10253950,0.04985387,0.15607807,0.10622419,0.04911127,GFN2-xTB_single_point_on_RDKit_MMFF_geometry
ERBB2__CHEMBL203645,ERBB2,CHEMBL203645,CHEMBL1824,CHEMBL862513,CHEMBL1138126,IC50,=,3.8,nM,8.420000,active,propiolamide,383.81400000,CCCC#CC(=O)Nc1cc2c(Nc3ccc(F)c(Cl)c3)ncnc2cn1,,2,1,79.80000000,4.30290000,2,5,4,3,0.15789474,27,c1ccc(Nc2ncnc3cnccc23)cc1,1,4,4,0.06675419,0.02117507,0.11375127,0.09257620,0.03330131,GFN2-xTB_single_point_on_RDKit_MMFF_geometry
ERBB2__CHEMBL203661,ERBB2,CHEMBL203661,CHEMBL1824,CHEMBL862513,CHEMBL1138126,IC50,=,0.8,nM,9.100000,active,propiolamide,454.89300000,O=C(C#CCCN1CCOCC1)Nc1cc2c(Nc3ccc(F)c(Cl)c3)ncnc2cn1,,2,1,92.27000000,3.22510000,2,7,5,3,0.27272727,32,O=C(C#CCCN1CCOCC1)Nc1cc2c(Nc3ccccc3)ncnc2cn1,1,4,4,0.04601948,0.03822504,0.05018773,0.01196269,0.00460647,GFN2-xTB_single_point_on_RDKit_MMFF_geometry
ERBB2__CHEMBL204085,ERBB2,CHEMBL204085,CHEMBL1824,CHEMBL862513,CHEMBL1138126,IC50,=,2.3,nM,8.640000,active,propiolamide,453.90500000,O=C(C#CCCN1CCOCC1)Nc1ccc2ncnc(Nc3ccc(F)c(Cl)c3)c2c1,,2,1,79.38000000,3.83010000,2,6,5,3,0.26086957,32,O=C(C#CCCN1CCOCC1)Nc1ccc2ncnc(Nc3ccccc3)c2c1,1,4,4,0.02869100,0.01806174,0.04445381,0.02639206,0.00999618,GFN2-xTB_single_point_on_RDKit_MMFF_geometry
ERBB2__CHEMBL204638,ERBB2,CHEMBL204638,CHEMBL1824,CHEMBL862521,CHEMBL1138126,IC50,=,0.5,nM,9.300000,active,propiolamide,499.34400000,O=C(C#CCCN1CCOCC1)Nc1cc2c(Nc3ccc(F)c(Br)c3)ncnc2cn1,,2,1,92.27000000,3.33420000,2,7,5,3,0.27272727,32,O=C(C#CCCN1CCOCC1)Nc1cc2c(Nc3ccccc3)ncnc2cn1,1,4,4,0.02788981,0.01612715,0.04636435,0.03023721,0.01258181,GFN2-xTB_single_point_on_RDKit_MMFF_geometry
ERBB2__CHEMBL205059,ERBB2,CHEMBL205059,CHEMBL1824,CHEMBL862521,CHEMBL1138126,IC50,=,2.0,nM,8.700000,active,propiolamide,452.92100000,O=C(C#CCCN1CCCCC1)Nc1cc2c(Nc3ccc(F)c(Cl)c3)ncnc2cn1,,2,1,83.04000000,4.37880000,2,6,5,3,0.30434783,32,O=C(C#CCCN1CCCCC1)Nc1cc2c(Nc3ccccc3)ncnc2cn1,1,4,4,0.05574745,0.04107593,0.07464437,0.03356844,0.01268512,GFN2-xTB_single_point_on_RDKit_MMFF_geometry
ERBB2__CHEMBL2112990,ERBB2,CHEMBL2112990,CHEMBL1824,CHEMBL874202,CHEMBL1142663,IC50,=,966.0,nM,6.010000,active,acrylamide,721.21100000,CCOc1cc2ncc(C#N)c(Nc3ccc(OCc4ccccc4)c(Cl)c3)c2cc1NC(=O)/C=C/CN(C)NC[C@H](O)[C@@H](O)[C@H](O)[C@H](O)CO,,1,1,212.69000000,2.84818000,8,13,18,4,0.30555556,51,c1ccc(COc2ccc(Nc3ccnc4ccccc34)cc2)cc1,1,4,4,0.02147441,0.00437603,0.05251230,0.04813628,0.01839221,GFN2-xTB_single_point_on_RDKit_MMFF_geometry
ERBB2__CHEMBL264382,ERBB2,CHEMBL264382,CHEMBL1824,CHEMBL683802,CHEMBL1134862,IC50,=,40.0,nM,7.400000,active,acrylamide,602.69900000,Cc1cc(C(=O)NCCN2CCOCC2)[nH]c1/C=C1\C(=O)Nc2ncnc(Nc3ccc4c(ccn4Cc4ccccc4)c3)c21,,1,1,129.20000000,4.41442000,4,7,9,5,0.23529412,45,O=C1Nc2ncnc(Nc3ccc4c(ccn4Cc4ccccc4)c3)c2C1=Cc1ccc(C(=O)NCCN2CCOCC2)[nH]1,1,4,4,0.01007277,0.00548003,0.01437384,0.00889381,0.00315950,GFN2-xTB_single_point_on_RDKit_MMFF_geometry
ERBB2__CHEMBL275762,ERBB2,CHEMBL275762,CHEMBL1824,CHEMBL874430,CHEMBL1141151,IC50,=,50.0,nM,7.300000,active,chloroacetamide,399.64000000,O=C(CCl)Nc1ccc2ncnc(Nc3cc(Cl)c(Cl)cc3F)c2c1,,1,1,66.91000000,4.99660000,2,4,4,3,0.06250000,25,c1ccc(Nc2ncnc3ccccc23)cc1,1,4,4,0.03195933,0.01273723,0.06797261,0.05523539,0.02127014,GFN2-xTB_single_point_on_RDKit_MMFF_geometry
ERBB2__CHEMBL27685,ERBB2,CHEMBL27685,CHEMBL1824,CHEMBL673951,CHEMBL1133162,IC50,=,8.2,nM,8.090000,active,acrylamide,530.39800000,C=CC(=O)Nc1cc2c(Nc3ccc(F)c(Br)c3)ncnc2cc1OCCCN1CCOCC1,,1,1,88.61000000,4.50060000,2,7,9,3,0.29166667,34,c1ccc(Nc2ncnc3cc(OCCCN4CCOCC4)ccc23)cc1,1,4,4,0.02423416,0.00418738,0.06722653,0.06303915,0.02536270,GFN2-xTB_single_point_on_RDKit_MMFF_geometry
ERBB2__CHEMBL280757,ERBB2,CHEMBL280757,CHEMBL1824,CHEMBL673951,CHEMBL1133162,IC50,=,7.3,nM,8.140000,active,acrylamide,387.21200000,C=CC(=O)Nc1ccc2ncnc(Nc3ccc(F)c(Br)c3)c2c1,,2,2,66.91000000,4.39950000,2,4,4,3,0.00000000,24,c1ccc(Nc2ncnc3ccccc23)cc1,1,4,4,0.03571644,0.01305905,0.05527934,0.04222029,0.01633024,GFN2-xTB_single_point_on_RDKit_MMFF_geometry
ERBB2__CHEMBL28418,ERBB2,CHEMBL28418,CHEMBL1824,CHEMBL673951,CHEMBL1133162,IC50,=,12.0,nM,7.920000,active,acrylamide,343.74900000,C=CC(=O)Nc1ccc2ncnc(Nc3ccc(F)c(Cl)c3)c2n1,,2,2,79.80000000,3.68540000,2,5,4,3,0.00000000,24,c1ccc(Nc2ncnc3cccnc23)cc1,1,4,4,0.04148928,0.01668202,0.08262382,0.06594180,0.02470353,GFN2-xTB_single_point_on_RDKit_MMFF_geometry
ERBB2__CHEMBL284326,ERBB2,CHEMBL284326,CHEMBL1824,CHEMBL673951,CHEMBL1133162,IC50,=,182.0,nM,6.740000,active,acrylamide,499.97800000,C=CC(=O)Nc1nc2c(Nc3ccc(F)c(Cl)c3)ncnc2cc1OCCCN1CCN(C)CC1,,1,1,95.51000000,3.70170000,2,8,9,3,0.33333333,35,c1ccc(Nc2ncnc3cc(OCCCN4CCNCC4)cnc23)cc1,1,4,4,0.04061602,0.02236713,0.06202376,0.03965663,0.01578283,GFN2-xTB_single_point_on_RDKit_MMFF_geometry
ERBB2__CHEMBL285063,ERBB2,CHEMBL285063,CHEMBL1824,CHEMBL673951,CHEMBL1133162,IC50,=,5.7,nM,8.240000,active,acrylamide,369.22200000,C=CC(=O)Nc1ccc2ncnc(Nc3cccc(Br)c3)c2c1,,4,4,66.91000000,4.26040000,2,4,4,3,0.00000000,23,c1ccc(Nc2ncnc3ccccc23)cc1,1,4,4,0.06949943,0.02648540,0.13203748,0.10555208,0.04129869,GFN2-xTB_single_point_on_RDKit_MMFF_geometry
ERBB2__CHEMBL291986,ERBB2,CHEMBL291986,CHEMBL1824,CHEMBL673948,CHEMBL1125266,IC50,=,49000.0,nM,4.310000,inactive,acrylamide,349.39000000,N#C/C(=C\c1ccc(O)c(O)c1)C(=O)N1CCN(c2ccccc2)CC1,,1,1,87.80000000,2.35358000,2,5,3,2,0.20000000,26,O=C(C=Cc1ccccc1)N1CCN(c2ccccc2)CC1,0,4,4,0.08358297,0.06092201,0.10685454,0.04593253,0.01626847,GFN2-xTB_single_point_on_RDKit_MMFF_geometry
ERBB2__CHEMBL293749,ERBB2,CHEMBL293749,CHEMBL1824,CHEMBL769140,CHEMBL1136802,IC50,=,22908.68,nM,4.640000,inactive,acrylamide,308.33700000,N#C/C(=C\c1ccc(O)c(O)c1)C(=O)NCCc1ccccc1,,3,3,93.35000000,2.36368000,3,4,5,2,0.11111111,23,O=C(C=Cc1ccccc1)NCCc1ccccc1,0,4,4,0.05193017,0.03083369,0.07374971,0.04291602,0.01531561,GFN2-xTB_single_point_on_RDKit_MMFF_geometry
ERBB2__CHEMBL305194,ERBB2,CHEMBL305194,CHEMBL1824,CHEMBL615491,CHEMBL1134862,IC50,=,49300.0,nM,4.310000,inactive,acrylamide,413.79600000,Cc1cc(C(=O)O)[nH]c1/C=C1\C(=O)Nc2ncnc(Nc3ccc(F)c(Cl)c3)c21,,1,1,120.00000000,3.84012000,4,5,4,3,0.05263158,29,O=C1Nc2ncnc(Nc3ccccc3)c2C1=Cc1ccc[nH]1,0,4,4,0.06109255,0.03402533,0.09043206,0.05640673,0.02497360,GFN2-xTB_single_point_on_RDKit_MMFF_geometry
ERBB2__CHEMBL305246,ERBB2,CHEMBL305246,CHEMBL1824,CHEMBL683802,CHEMBL1134862,IC50,=,200.0,nM,6.700000,active,acrylamide,495.94600000,Cc1cc(C(=O)N2CCN(C)CC2)[nH]c1/C=C1\C(=O)Nc2ncnc(Nc3ccc(F)c(Cl)c3)c21,,2,1,106.25000000,3.52952000,3,6,4,3,0.25000000,35,O=C1Nc2ncnc(Nc3ccccc3)c2C1=Cc1ccc(C(=O)N2CCNCC2)[nH]1,1,4,4,0.02011476,0.01047918,0.02655620,0.01607701,0.00590440,GFN2-xTB_single_point_on_RDKit_MMFF_geometry
ERBB2__CHEMBL31373,ERBB2,CHEMBL31373,CHEMBL1824,CHEMBL673951,CHEMBL1133162,IC50,=,4.3,nM,8.370000,active,acrylamide,342.76100000,C=CC(=O)Nc1ccc2ncnc(Nc3ccc(F)c(Cl)c3)c2c1,,2,2,66.91000000,4.29040000,2,4,4,3,0.00000000,24,c1ccc(Nc2ncnc3ccccc23)cc1,1,4,4,0.03686051,0.01542443,0.05570577,0.04028133,0.01563314,GFN2-xTB_single_point_on_RDKit_MMFF_geometry
ERBB2__CHEMBL314021,ERBB2,CHEMBL314021,CHEMBL1824,CHEMBL686676,CHEMBL1131018,IC50,=,22500.0,nM,4.650000,inactive,acrylamide,314.18200000,CN1C(=O)/C(=C\c2ccc(Br)cc2)c2ccccc21,,1,1,20.31000000,3.96610000,0,1,1,2,0.06250000,19,O=C1Nc2ccccc2C1=Cc1ccccc1,0,1,1,0.01791183,0.01791183,0.01791183,0.00000000,0.00000000,GFN2-xTB_single_point_on_RDKit_MMFF_geometry
ERBB2__CHEMBL31419,ERBB2,CHEMBL31419,CHEMBL1824,CHEMBL673951,CHEMBL1133162,IC50,=,6.4,nM,8.190000,active,acrylamide,512.40800000,C=CC(=O)Nc1cc2c(Nc3cccc(Br)c3)ncnc2cc1OCCCN1CCOCC1,,1,1,88.61000000,4.36150000,2,7,9,3,0.29166667,33,c1ccc(Nc2ncnc3cc(OCCCN4CCOCC4)ccc23)cc1,1,4,4,0.03038880,0.00515804,0.05194231,0.04678427,0.01724476,GFN2-xTB_single_point_on_RDKit_MMFF_geometry
ERBB2__CHEMBL315546,ERBB2,CHEMBL315546,CHEMBL1824,CHEMBL686676,CHEMBL1131018,IC50,=,90200.0,nM,4.040000,inactive,acrylamide,333.39100000,O=CN1CCN(c2ccc(/C=C3\C(=O)Nc4ccccc43)cc2)CC1,,1,1,52.65000000,2.45770000,1,3,3,2,0.20000000,25,O=C1Nc2ccccc2C1=Cc1ccc(N2CCNCC2)cc1,0,2,2,0.04335962,0.02876905,0.05795019,0.02918113,0.01459057,GFN2-xTB_single_point_on_RDKit_MMFF_geometry
ERBB2__CHEMBL315701,ERBB2,CHEMBL315701,CHEMBL1824,CHEMBL686676,CHEMBL1131018,IC50,=,92600.0,nM,4.030000,inactive,acrylamide,304.39300000,O=C1Nc2ccccc2/C1=C/c1ccc(N2CCCCC2)cc1,,1,1,32.34000000,4.16960000,1,2,2,2,0.25000000,23,O=C1Nc2ccccc2C1=Cc1ccc(N2CCCCC2)cc1,0,2,2,0.02985226,0.02863062,0.03107390,0.00244328,0.00122164,GFN2-xTB_single_point_on_RDKit_MMFF_geometry
ERBB2__CHEMBL31656,ERBB2,CHEMBL31656,CHEMBL1824,CHEMBL673951,CHEMBL1133162,IC50,=,189.0,nM,6.720000,active,acrylamide,486.93500000,C=CC(=O)Nc1nc2c(Nc3ccc(F)c(Cl)c3)ncnc2cc1OCCCN1CCOCC1,,1,1,101.50000000,3.78650000,2,8,9,3,0.30434783,34,c1ccc(Nc2ncnc3cc(OCCCN4CCOCC4)cnc23)cc1,1,4,4,0.02325587,0.01580182,0.02697495,0.01117313,0.00447271,GFN2-xTB_single_point_on_RDKit_MMFF_geometry
ERBB2__CHEMBL31815,ERBB2,CHEMBL31815,CHEMBL1824,CHEMBL673949,CHEMBL1132213,IC50,=,2.2,nM,8.660000,active,acrylamide,304.35300000,C=CC(=O)Nc1ccc2ncnc(Nc3cccc(C)c3)c2c1,,2,2,66.91000000,3.80632000,2,4,4,3,0.05555556,23,c1ccc(Nc2ncnc3ccccc23)cc1,1,4,4,0.04478619,0.03375490,0.05151886,0.01776397,0.00666881,GFN2-xTB_single_point_on_RDKit_MMFF_geometry
ERBB2__CHEMBL31816,ERBB2,CHEMBL31816,CHEMBL1824,CHEMBL673951,CHEMBL1133162,IC50,=,125.0,nM,6.900000,active,acrylamide,373.77500000,C=CC(=O)Nc1nc2c(Nc3ccc(F)c(Cl)c3)ncnc2cc1OC,,1,1,89.03000000,3.69400000,2,6,5,3,0.05882353,26,c1ccc(Nc2ncnc3cccnc23)cc1,1,4,4,0.02964811,0.02352870,0.04047919,0.01695049,0.00645067,GFN2-xTB_single_point_on_RDKit_MMFF_geometry
ERBB2__CHEMBL31965,ERBB2,CHEMBL31965,CHEMBL1824,CHEMBL1026507,CHEMBL1154498,IC50,=,48.0,nM,7.320000,active,acrylamide,485.94700000,C=CC(=O)Nc1cc2c(Nc3ccc(F)c(Cl)c3)ncnc2cc1OCCCN1CCOCC1,,4,4,88.61000000,4.39150000,2,7,9,3,0.29166667,34,c1ccc(Nc2ncnc3cc(OCCCN4CCOCC4)ccc23)cc1,1,4,4,0.02655434,0.00953859,0.06713820,0.05759961,0.02381663,GFN2-xTB_single_point_on_RDKit_MMFF_geometry
ERBB2__CHEMBL326100,ERBB2,CHEMBL326100,CHEMBL1824,CHEMBL769140,CHEMBL1136802,IC50,=,251.19,nM,6.600000,active,acrylamide,388.87600000,COc1cc(/C=C(\C#N)C(N)=O)cc(CSCc2ccccc2Cl)c1O,,1,1,96.34000000,3.87988000,2,5,7,2,0.15789474,26,c1ccc(CSCc2ccccc2)cc1,1,4,4,0.01867946,0.00746081,0.02651152,0.01905071,0.00759993,GFN2-xTB_single_point_on_RDKit_MMFF_geometry
ERBB2__CHEMBL326280,ERBB2,CHEMBL326280,CHEMBL1824,CHEMBL769139,CHEMBL1145020,IC50,=,380.0,nM,6.420000,active,propiolamide,465.30700000,COCC#CC(=O)Nc1cc2c(Nc3cccc(Br)c3)c(C#N)cnc2cc1OC,,1,1,96.27000000,4.20948000,2,6,5,3,0.13636364,30,c1ccc(Nc2ccnc3ccccc23)cc1,1,4,4,0.02668699,0.01923910,0.03768529,0.01844619,0.00713539,GFN2-xTB_single_point_on_RDKit_MMFF_geometry
ERBB2__CHEMBL327838,ERBB2,CHEMBL327838,CHEMBL1824,CHEMBL676070,CHEMBL1134561,IC50,=,116.0,nM,6.940000,active,propiolamide,455.31200000,COCCOCC#CC(=O)Nc1ccc2ncnc(Nc3cccc(Br)c3)c2c1,,1,1,85.37000000,3.74080000,2,6,7,3,0.19047619,29,c1ccc(Nc2ncnc3ccccc23)cc1,1,4,4,0.06239866,0.04193647,0.08104803,0.03911155,0.01706893,GFN2-xTB_single_point_on_RDKit_MMFF_geometry
ERBB2__CHEMBL328245,ERBB2,CHEMBL328245,CHEMBL1824,CHEMBL676070,CHEMBL1134561,IC50,=,177.0,nM,6.750000,active,propiolamide,480.41000000,CCCN(CC#CC(=O)Nc1ccc2ncnc(Nc3cccc(Br)c3)c2c1)CCC,,1,1,70.15000000,5.19980000,2,5,8,3,0.29166667,31,c1ccc(Nc2ncnc3ccccc23)cc1,1,4,4,0.03986783,0.03509453,0.04553598,0.01044146,0.00458252,GFN2-xTB_single_point_on_RDKit_MMFF_geometry
ERBB2__CHEMBL328704,ERBB2,CHEMBL328704,CHEMBL1824,CHEMBL676070,CHEMBL1134561,IC50,=,38.0,nM,7.420000,active,propiolamide,452.35600000,CCN(CC)CC#CC(=O)Nc1ccc2ncnc(Nc3cccc(Br)c3)c2c1,,1,1,70.15000000,4.41960000,2,5,6,3,0.22727273,29,c1ccc(Nc2ncnc3ccccc23)cc1,1,4,4,0.02521969,0.01463386,0.04601036,0.03137650,0.01243372,GFN2-xTB_single_point_on_RDKit_MMFF_geometry
ERBB2__CHEMBL328977,ERBB2,CHEMBL328977,CHEMBL1824,CHEMBL676070,CHEMBL1134561,IC50,=,124.0,nM,6.910000,active,propiolamide,482.40700000,O=C(C#CCN1CCSCC1)Nc1ccc2ncnc(Nc3cccc(Br)c3)c2c1,,1,1,70.15000000,4.12660000,2,6,4,3,0.22727273,30,O=C(C#CCN1CCSCC1)Nc1ccc2ncnc(Nc3ccccc3)c2c1,1,4,4,0.05406729,0.03438217,0.07121364,0.03683147,0.01382370,GFN2-xTB_single_point_on_RDKit_MMFF_geometry
ERBB2__CHEMBL329642,ERBB2,CHEMBL329642,CHEMBL1824,CHEMBL676070,CHEMBL1134561,IC50,=,21657.0,nM,4.660000,inactive,acrylamide,383.24900000,C/C=C\C(=O)Nc1ccc2ncnc(Nc3cccc(Br)c3)c2c1,,1,1,66.91000000,4.65050000,2,4,4,3,0.05555556,24,c1ccc(Nc2ncnc3ccccc23)cc1,0,4,4,0.17886605,0.08470592,0.30449029,0.21978437,0.07936742,GFN2-xTB_single_point_on_RDKit_MMFF_geometry
ERBB2__CHEMBL329856,ERBB2,CHEMBL329856,CHEMBL1824,CHEMBL676070,CHEMBL1134561,IC50,=,14.0,nM,7.850000,active,propiolamide,424.30200000,CN(C)CC#CC(=O)Nc1ccc2ncnc(Nc3cccc(Br)c3)c2c1,,1,1,70.15000000,3.63940000,2,5,4,3,0.15000000,27,c1ccc(Nc2ncnc3ccccc23)cc1,1,4,4,0.03961205,0.02294005,0.05592265,0.03298260,0.01191330,GFN2-xTB_single_point_on_RDKit_MMFF_geometry
ERBB2__CHEMBL332497,ERBB2,CHEMBL332497,CHEMBL1824,CHEMBL769139,CHEMBL1145020,IC50,=,34130.0,nM,4.470000,inactive,acrylamide,522.40300000,COc1cc2ncc(C#N)c(Nc3cccc(Br)c3)c2cc1NC(=O)/C=C/CN1CCOCC1,,1,1,99.51000000,4.44808000,2,7,7,3,0.24000000,34,O=C(C=CCN1CCOCC1)Nc1ccc2nccc(Nc3ccccc3)c2c1,0,4,4,0.05529896,0.02755729,0.08498290,0.05742562,0.02046483,GFN2-xTB_single_point_on_RDKit_MMFF_geometry
ERBB2__CHEMBL334801,ERBB2,CHEMBL334801,CHEMBL1824,CHEMBL676068,CHEMBL1134843,IC50,=,13.0,nM,7.890000,active,acrylamide,498.38500000,CN(C)CCCNC(=O)/C=C/C(=O)Nc1cc2c(Nc3cccc(Br)c3)ncnc2cn1,,1,1,112.14000000,3.09350000,3,7,9,3,0.22727273,32,c1ccc(Nc2ncnc3cnccc23)cc1,1,4,4,0.02599799,0.01535390,0.04510112,0.02974722,0.01133594,GFN2-xTB_single_point_on_RDKit_MMFF_geometry
ERBB2__CHEMBL342828,ERBB2,CHEMBL342828,CHEMBL1824,CHEMBL676069,CHEMBL1134843,IC50,=,8.1,nM,8.090000,active,acrylamide,521.37900000,O=C(/C=C/C(=O)Nc1cc2c(Nc3cccc(Br)c3)ncnc2cn1)NCCCn1ccnc1,,1,1,126.72000000,3.42860000,3,7,9,4,0.13043478,34,O=C(C=CC(=O)Nc1cc2c(Nc3ccccc3)ncnc2cn1)NCCCn1ccnc1,1,4,4,0.06776264,0.05483075,0.09460649,0.03977575,0.01605589,GFN2-xTB_single_point_on_RDKit_MMFF_geometry
ERBB2__CHEMBL345109,ERBB2,CHEMBL345109,CHEMBL1824,CHEMBL676068,CHEMBL1134843,IC50,=,207.0,nM,6.680000,active,acrylamide,497.39700000,CN(C)CCCNC(=O)/C=C/C(=O)Nc1ccc2ncnc(Nc3cccc(Br)c3)c2c1,,1,1,99.25000000,3.69850000,3,6,9,3,0.21739130,32,c1ccc(Nc2ncnc3ccccc23)cc1,1,4,4,0.01863368,0.01246511,0.02283430,0.01036919,0.00385991,GFN2-xTB_single_point_on_RDKit_MMFF_geometry
ERBB2__CHEMBL359629,ERBB2,CHEMBL359629,CHEMBL1824,CHEMBL874202,CHEMBL1142663,IC50,=,20.0,nM,7.700000,active,acrylamide,606.12600000,CCOc1cc2ncc(C#N)c(Nc3ccc(OCc4cccc5ccccc45)c(Cl)c3)c2cc1NC(=O)/C=C/CN(C)C,,1,1,99.51000000,7.69068000,2,7,11,5,0.17142857,44,c1ccc2c(COc3ccc(Nc4ccnc5ccccc45)cc3)cccc2c1,1,4,4,0.04931957,0.04688896,0.05360438,0.00671542,0.00256537,GFN2-xTB_single_point_on_RDKit_MMFF_geometry
ERBB2__CHEMBL359630,ERBB2,CHEMBL359630,CHEMBL1824,CHEMBL874202,CHEMBL1142663,IC50,=,69.0,nM,7.160000,active,acrylamide,579.06000000,CCOc1cc2ncc(C#N)c(Nc3ccc(OCc4ccccc4)c(Cl)c3)c2cc1NC(=O)/C=C/Cc1c[nH]cn1,,1,1,124.95000000,6.94168000,3,7,11,5,0.12500000,42,O=C(C=CCc1c[nH]cn1)Nc1ccc2nccc(Nc3ccc(OCc4ccccc4)cc3)c2c1,1,4,4,0.01645574,0.00555836,0.02989074,0.02433237,0.00949582,GFN2-xTB_single_point_on_RDKit_MMFF_geometry
ERBB2__CHEMBL359660,ERBB2,CHEMBL359660,CHEMBL1824,CHEMBL874202,CHEMBL1142663,IC50,=,196.0,nM,6.710000,active,acrylamide,612.08600000,CCOc1cc2ncc(C#N)c(Nc3ccc(OCc4ccccc4)c(Cl)c3)c2cc1NC(=O)/C=C/CN1CC1C(=O)OC,,1,1,125.58000000,5.83308000,2,9,12,4,0.21212121,44,O=C(C=CCN1CC1)Nc1ccc2nccc(Nc3ccc(OCc4ccccc4)cc3)c2c1,1,4,4,0.02880166,0.01619870,0.05791642,0.04171772,0.01694715,GFN2-xTB_single_point_on_RDKit_MMFF_geometry
ERBB2__CHEMBL360028,ERBB2,CHEMBL360028,CHEMBL1824,CHEMBL874202,CHEMBL1142663,IC50,=,81.0,nM,7.090000,active,acrylamide,592.04600000,CCOc1cc2ncc(C#N)c(Nc3ccc(OCc4ccc(F)cc4F)c(Cl)c3)c2cc1NC(=O)/C=C/CN(C)C,,1,1,99.51000000,6.81568000,2,7,11,4,0.19354839,42,c1ccc(COc2ccc(Nc3ccnc4ccccc34)cc2)cc1,1,4,4,0.03982153,0.02585666,0.06777063,0.04191397,0.01710166,GFN2-xTB_single_point_on_RDKit_MMFF_geometry
ERBB2__CHEMBL360211,ERBB2,CHEMBL360211,CHEMBL1824,CHEMBL874202,CHEMBL1142663,IC50,=,603.0,nM,6.220000,active,acrylamide,686.20900000,CCOc1cc2ncc(C#N)c(Nc3ccc(OCc4ccccc4)c(Cl)c3)c2cc1NC(=O)/C=C/CN1CCOCCOCCOCC1,,1,1,127.20000000,6.34128000,2,10,11,4,0.32432432,49,O=C(C=CCN1CCOCCOCCOCC1)Nc1ccc2nccc(Nc3ccc(OCc4ccccc4)cc3)c2c1,1,4,4,0.02087831,0.00697230,0.04912246,0.04215016,0.01661859,GFN2-xTB_single_point_on_RDKit_MMFF_geometry
ERBB2__CHEMBL360519,ERBB2,CHEMBL360519,CHEMBL1824,CHEMBL874202,CHEMBL1142663,IC50,=,10.0,nM,8.000000,active,acrylamide,590.51100000,CCOc1cc2ncc(C#N)c(Nc3ccc(OCc4ccccc4Cl)c(Cl)c3)c2cc1NC(=O)/C=C/CN(C)C,,1,1,99.51000000,7.19088000,2,7,11,4,0.19354839,41,c1ccc(COc2ccc(Nc3ccnc4ccccc34)cc2)cc1,1,4,4,0.06688903,0.02205082,0.11806350,0.09601268,0.04031953,GFN2-xTB_single_point_on_RDKit_MMFF_geometry
ERBB2__CHEMBL360662,ERBB2,CHEMBL360662,CHEMBL1824,CHEMBL874202,CHEMBL1142663,IC50,=,76.0,nM,7.120000,active,acrylamide,570.09300000,CCOc1cc2ncc(C#N)c(Nc3ccc(O[C@H](C)c4ccccc4)c(Cl)c3)c2cc1NC(=O)/C=C/CN(C)C,,1,1,99.51000000,7.09848000,2,7,11,4,0.21875000,41,c1ccc(COc2ccc(Nc3ccnc4ccccc34)cc2)cc1,1,4,4,0.01168569,0.00651613,0.01785883,0.01134270,0.00497027,GFN2-xTB_single_point_on_RDKit_MMFF_geometry
ERBB2__CHEMBL360780,ERBB2,CHEMBL360780,CHEMBL1824,CHEMBL874202,CHEMBL1142663,IC50,=,406.0,nM,6.390000,active,acrylamide,590.51100000,CCOc1cc2ncc(C#N)c(Nc3cc(Cl)c(OCc4ccccc4)c(Cl)c3)c2cc1NC(=O)/C=C/CN(C)C,,1,1,99.51000000,7.19088000,2,7,11,4,0.19354839,41,c1ccc(COc2ccc(Nc3ccnc4ccccc34)cc2)cc1,1,4,4,0.04635147,0.01896736,0.08729654,0.06832918,0.02669708,GFN2-xTB_single_point_on_RDKit_MMFF_geometry
ERBB2__CHEMBL360933,ERBB2,CHEMBL360933,CHEMBL1824,CHEMBL874202,CHEMBL1142663,IC50,=,540.0,nM,6.270000,active,acrylamide,611.14600000,CCOc1cc2ncc(C#N)c(Nc3ccc(OCc4ccccc4)c(Cl)c3)c2cc1NC(=O)/C=C/CN1CCN(C)CC1,,1,1,102.75000000,6.22328000,2,8,11,4,0.26470588,44,O=C(C=CCN1CCNCC1)Nc1ccc2nccc(Nc3ccc(OCc4ccccc4)cc3)c2c1,1,4,4,0.02107160,0.00333526,0.03682943,0.03349417,0.01560195,GFN2-xTB_single_point_on_RDKit_MMFF_geometry
ERBB2__CHEMBL360958,ERBB2,CHEMBL360958,CHEMBL1824,CHEMBL874202,CHEMBL1142663,IC50,=,25.0,nM,7.600000,active,acrylamide,596.13100000,CCOc1cc2ncc(C#N)c(Nc3ccc(OCc4ccccc4)c(Cl)c3)c2cc1NC(=O)/C=C/CN1CCCCC1,,1,1,99.51000000,7.46178000,2,7,11,4,0.26470588,43,O=C(C=CCN1CCCCC1)Nc1ccc2nccc(Nc3ccc(OCc4ccccc4)cc3)c2c1,1,4,4,0.03009349,0.01668821,0.05877610,0.04208789,0.01683314,GFN2-xTB_single_point_on_RDKit_MMFF_geometry
ERBB2__CHEMBL360979,ERBB2,CHEMBL360979,CHEMBL1824,CHEMBL874202,CHEMBL1142663,IC50,=,74.0,nM,7.130000,active,acrylamide,609.15500000,COc1cc2ncc(C#N)c(Nc3ccc(Cc4nc(-c5ccccc5)cs4)c(Cl)c3)c2cc1NC(=O)/C=C/CN(C)C,,1,1,103.17000000,7.28268000,2,8,10,5,0.15151515,43,c1ccc(-c2csc(Cc3ccc(Nc4ccnc5ccccc45)cc3)n2)cc1,1,4,4,0.04936016,0.04133027,0.05876693,0.01743666,0.00699014,GFN2-xTB_single_point_on_RDKit_MMFF_geometry
ERBB2__CHEMBL361343,ERBB2,CHEMBL361343,CHEMBL1824,CHEMBL874202,CHEMBL1142663,IC50,=,27.0,nM,7.570000,active,acrylamide,586.09200000,CCOc1cc2ncc(C#N)c(Nc3ccc(OCc4ccccc4)c(Cl)c3)c2cc1NC(=O)/C=C/CN(C)CCO,,1,1,119.74000000,5.89998000,3,8,13,4,0.21875000,42,c1ccc(COc2ccc(Nc3ccnc4ccccc34)cc2)cc1,1,4,4,0.04473320,0.01935439,0.06191692,0.04256253,0.01571589,GFN2-xTB_single_point_on_RDKit_MMFF_geometry
ERBB2__CHEMBL362232,ERBB2,CHEMBL362232,CHEMBL1824,CHEMBL874202,CHEMBL1142663,IC50,=,44.0,nM,7.360000,active,acrylamide,586.09200000,CCOc1cc2ncc(C#N)c(Nc3ccc(OCc4ccccc4OC)c(Cl)c3)c2cc1NC(=O)/C=C/CN(C)C,,1,1,108.74000000,6.54608000,2,8,12,4,0.21875000,42,c1ccc(COc2ccc(Nc3ccnc4ccccc34)cc2)cc1,1,4,4,0.03398339,0.02095620,0.04564931,0.02469312,0.00917730,GFN2-xTB_single_point_on_RDKit_MMFF_geometry
ERBB2__CHEMBL362611,ERBB2,CHEMBL362611,CHEMBL1824,CHEMBL874202,CHEMBL1142663,IC50,=,169.0,nM,6.770000,active,acrylamide,612.13000000,CCOc1cc2ncc(C#N)c(Nc3ccc(OCc4ccccc4)c(Cl)c3)c2cc1NC(=O)/C=C/CN1CCC(O)CC1,,1,1,119.74000000,6.43258000,3,8,11,4,0.26470588,44,O=C(C=CCN1CCCCC1)Nc1ccc2nccc(Nc3ccc(OCc4ccccc4)cc3)c2c1,1,4,4,0.02090745,0.01383392,0.02657820,0.01274428,0.00461906,GFN2-xTB_single_point_on_RDKit_MMFF_geometry
ERBB2__CHEMBL362824,ERBB2,CHEMBL362824,CHEMBL1824,CHEMBL874202,CHEMBL1142663,IC50,=,58.0,nM,7.240000,active,acrylamide,628.12900000,CCOc1cc2ncc(C#N)c(Nc3ccc(OCc4ccccc4)c(Cl)c3)c2cc1NC(=O)/C=C/CN1CCC(O)(O)CC1,,1,1,139.97000000,5.75258000,4,9,11,4,0.26470588,45,O=C(C=CCN1CCCCC1)Nc1ccc2nccc(Nc3ccc(OCc4ccccc4)cc3)c2c1,1,4,4,0.03603842,0.01531540,0.05978893,0.04447353,0.01698696,GFN2-xTB_single_point_on_RDKit_MMFF_geometry
ERBB2__CHEMBL367492,ERBB2,CHEMBL367492,CHEMBL1824,CHEMBL874202,CHEMBL1142663,IC50,=,13.0,nM,7.890000,active,acrylamide,641.22200000,CCOc1cc2ncc(C#N)c(Nc3ccc(Sc4nc(-c5ccccc5)cs4)c(Cl)c3)c2cc1NC(=O)/C=C/CN(C)C,,2,2,103.17000000,8.23318000,2,9,11,5,0.15151515,44,c1ccc(-c2csc(Sc3ccc(Nc4ccnc5ccccc45)cc3)n2)cc1,1,4,4,0.03258662,0.01834901,0.05009483,0.03174582,0.01136920,GFN2-xTB_single_point_on_RDKit_MMFF_geometry
ERBB2__CHEMBL368234,ERBB2,CHEMBL368234,CHEMBL1824,CHEMBL874202,CHEMBL1142663,IC50,=,227.0,nM,6.640000,active,acrylamide,579.06000000,CCOc1cc2ncc(C#N)c(Nc3ccc(OCc4ccccc4)c(Cl)c3)c2cc1NC(=O)/C=C/c1cn(C)cn1,,1,1,114.09000000,6.86658000,2,7,10,5,0.12500000,42,O=C(C=Cc1c[nH]cn1)Nc1ccc2nccc(Nc3ccc(OCc4ccccc4)cc3)c2c1,1,4,4,0.01137594,0.00270117,0.02159261,0.01889143,0.00807723,GFN2-xTB_single_point_on_RDKit_MMFF_geometry
ERBB2__CHEMBL368702,ERBB2,CHEMBL368702,CHEMBL1824,CHEMBL874202,CHEMBL1142663,IC50,=,40.0,nM,7.400000,active,acrylamide,568.07700000,CCOc1cc2ncc(C#N)c(Nc3ccc(OCc4ccccc4)c(Cl)c3)c2cc1NC(=O)/C=C/CN1CCC1,,1,1,99.51000000,6.68158000,2,7,11,4,0.21875000,41,O=C(C=CCN1CCC1)Nc1ccc2nccc(Nc3ccc(OCc4ccccc4)cc3)c2c1,1,4,4,0.02562323,0.01674554,0.04229048,0.02554494,0.01021664,GFN2-xTB_single_point_on_RDKit_MMFF_geometry
ERBB2__CHEMBL369088,ERBB2,CHEMBL369088,CHEMBL1824,CHEMBL874202,CHEMBL1142663,IC50,=,104.0,nM,6.980000,active,acrylamide,644.17200000,CCOc1cc2ncc(C#N)c(Nc3ccc(OCc4ccccc4)c(Cl)c3)c2cc1NC(=O)/C=C/CN(CC(C)O)CC(C)O,,1,1,139.97000000,6.03948000,4,9,15,4,0.28571429,46,c1ccc(COc2ccc(Nc3ccnc4ccccc34)cc2)cc1,1,4,4,0.03411023,0.01938479,0.04930776,0.02992296,0.01244981,GFN2-xTB_single_point_on_RDKit_MMFF_geometry
ERBB2__CHEMBL369299,ERBB2,CHEMBL369299,CHEMBL1824,CHEMBL874202,CHEMBL1142663,IC50,=,498.0,nM,6.300000,active,acrylamide,521.62100000,CCOc1cc2ncc(C#N)c(Nc3ccc(OCc4ccccc4)cc3)c2cc1NC(=O)/C=C/CN(C)C,,1,1,99.51000000,5.88408000,2,7,11,4,0.19354839,39,c1ccc(COc2ccc(Nc3ccnc4ccccc34)cc2)cc1,1,4,4,0.01479974,0.00288812,0.03545115,0.03256303,0.01232398,GFN2-xTB_single_point_on_RDKit_MMFF_geometry
ERBB2__CHEMBL373207,ERBB2,CHEMBL373207,CHEMBL1824,CHEMBL862521,CHEMBL1138126,IC50,=,7.5,nM,8.120000,active,propiolamide,425.89500000,CCN(CC)CC#CC(=O)Nc1ccc2ncnc(Nc3ccc(F)c(Cl)c3)c2c1,,2,1,70.15000000,4.44960000,2,5,6,3,0.22727273,30,c1ccc(Nc2ncnc3ccccc23)cc1,1,4,4,0.04431087,0.02170189,0.08035591,0.05865402,0.02396832,GFN2-xTB_single_point_on_RDKit_MMFF_geometry
ERBB2__CHEMBL378144,ERBB2,CHEMBL378144,CHEMBL1824,CHEMBL862513,CHEMBL1138126,IC50,=,2.4,nM,8.620000,active,propiolamide,368.19400000,C#CC(=O)Nc1cc2c(Nc3cccc(Br)c3)ncnc2cn1,,1,1,79.80000000,3.10260000,2,5,3,3,0.00000000,23,c1ccc(Nc2ncnc3cnccc23)cc1,1,4,4,0.11016462,0.05005821,0.16473867,0.11468046,0.05227759,GFN2-xTB_single_point_on_RDKit_MMFF_geometry
ERBB2__CHEMBL380669,ERBB2,CHEMBL380669,CHEMBL1824,CHEMBL862513,CHEMBL1138126,IC50,=,2.8,nM,8.550000,active,propiolamide,453.94900000,CC(C)N(CC#CC(=O)Nc1ccc2ncnc(Nc3ccc(F)c(Cl)c3)c2c1)C(C)C,,2,1,70.15000000,5.22660000,2,5,6,3,0.29166667,32,c1ccc(Nc2ncnc3ccccc23)cc1,1,4,4,0.03759008,0.02688203,0.04515461,0.01827258,0.00676356,GFN2-xTB_single_point_on_RDKit_MMFF_geometry
ERBB2__CHEMBL382073,ERBB2,CHEMBL382073,CHEMBL1824,CHEMBL862513,CHEMBL1138126,IC50,=,2.6,nM,8.590000,active,propiolamide,439.92200000,CCN(CC)CCC#CC(=O)Nc1ccc2ncnc(Nc3ccc(F)c(Cl)c3)c2c1,,2,1,70.15000000,4.83970000,2,5,7,3,0.26086957,31,c1ccc(Nc2ncnc3ccccc23)cc1,1,4,4,0.05337124,0.03101923,0.08297401,0.05195478,0.02223683,GFN2-xTB_single_point_on_RDKit_MMFF_geometry
ERBB2__CHEMBL383499,ERBB2,CHEMBL383499,CHEMBL1824,CHEMBL862521,CHEMBL1138126,IC50,=,36.0,nM,7.440000,active,propiolamide,454.93700000,CC(C)N(CC#CC(=O)Nc1cc2c(Nc3ccc(F)c(Cl)c3)ncnc2cn1)C(C)C,,1,1,83.04000000,4.62160000,2,6,6,3,0.30434783,32,c1ccc(Nc2ncnc3cnccc23)cc1,1,4,4,0.04634179,0.01954729,0.07511151,0.05556423,0.02119739,GFN2-xTB_single_point_on_RDKit_MMFF_geometry
ERBB2__CHEMBL414220,ERBB2,CHEMBL414220,CHEMBL1824,CHEMBL676070,CHEMBL1134561,IC50,=,85.0,nM,7.070000,active,propiolamide,450.34000000,C=CCN(C)CC#CC(=O)Nc1ccc2ncnc(Nc3cccc(Br)c3)c2c1,,1,1,70.15000000,4.19560000,2,5,6,3,0.13636364,29,c1ccc(Nc2ncnc3ccccc23)cc1,1,4,4,0.03457991,0.00877408,0.09148480,0.08271072,0.03348825,GFN2-xTB_single_point_on_RDKit_MMFF_geometry
ERBB2__CHEMBL414631,ERBB2,CHEMBL414631,CHEMBL1824,CHEMBL769139,CHEMBL1145020,IC50,=,380.0,nM,6.420000,active,propiolamide,451.28000000,COCOC#CC(=O)Nc1ccc2ncc(C#N)c(Nc3cccc(Br)c3)c2c1,,1,1,96.27000000,4.13248000,2,6,5,3,0.09523810,29,c1ccc(Nc2ccnc3ccccc23)cc1,1,4,4,0.03090550,0.01524212,0.03833328,0.02309116,0.00942783,GFN2-xTB_single_point_on_RDKit_MMFF_geometry
ERBB2__CHEMBL417478,ERBB2,CHEMBL417478,CHEMBL1824,CHEMBL673951,CHEMBL1133162,IC50,=,12.0,nM,7.920000,active,acrylamide,482.94700000,C=CC(=O)Nc1nc2c(Nc3ccc(F)c(Cl)c3)ncnc2cc1/C=C/CCN1CCOCC1,,1,1,92.27000000,4.42090000,2,7,8,3,0.25000000,34,C(=Cc1cnc2c(Nc3ccccc3)ncnc2c1)CCN1CCOCC1,1,4,4,0.02692515,0.00615886,0.04256226,0.03640340,0.01601687,GFN2-xTB_single_point_on_RDKit_MMFF_geometry
ERBB2__CHEMBL417941,ERBB2,CHEMBL417941,CHEMBL1824,CHEMBL769140,CHEMBL1136802,IC50,=,16982.44,nM,4.770000,inactive,acrylamide,286.33100000,N#C/C(=C\c1ccc(O)c(O)c1)C(=O)NC1CCCCC1,,2,2,93.35000000,2.45368000,3,4,3,1,0.37500000,21,O=C(C=Cc1ccccc1)NC1CCCCC1,0,4,4,0.07331307,0.01949285,0.10992697,0.09043413,0.03311537,GFN2-xTB_single_point_on_RDKit_MMFF_geometry
ERBB2__CHEMBL419501,ERBB2,CHEMBL419501,CHEMBL1824,CHEMBL676070,CHEMBL1134561,IC50,=,733.0,nM,6.130000,active,acrylamide,496.40900000,COC[C@H]1CCCN1C/C=C/C(=O)Nc1ccc2ncnc(Nc3cccc(Br)c3)c2c1,,1,1,79.38000000,4.74140000,2,6,8,3,0.29166667,32,O=C(C=CCN1CCCC1)Nc1ccc2ncnc(Nc3ccccc3)c2c1,1,4,4,0.03413665,0.01703563,0.04360179,0.02656616,0.01081700,GFN2-xTB_single_point_on_RDKit_MMFF_geometry
ERBB2__CHEMBL424959,ERBB2,CHEMBL424959,CHEMBL1824,CHEMBL874202,CHEMBL1142663,IC50,=,363.0,nM,6.440000,active,acrylamide,507.59400000,COc1cc2ncc(C#N)c(Nc3ccc(OCc4ccccc4)cc3)c2cc1NC(=O)/C=C/CN(C)C,,1,1,99.51000000,5.49398000,2,7,10,4,0.16666667,38,c1ccc(COc2ccc(Nc3ccnc4ccccc34)cc2)cc1,1,4,4,0.02535709,0.01360003,0.03584016,0.02224014,0.01026740,GFN2-xTB_single_point_on_RDKit_MMFF_geometry
ERBB2__CHEMBL426051,ERBB2,CHEMBL426051,CHEMBL1824,CHEMBL874202,CHEMBL1142663,IC50,=,131.0,nM,6.880000,active,acrylamide,562.09500000,CCOc1cc2ncc(C#N)c(Nc3ccc(OCc4cccs4)c(Cl)c3)c2cc1NC(=O)/C=C/CN(C)C,,1,1,99.51000000,6.59898000,2,8,11,4,0.20689655,39,c1csc(COc2ccc(Nc3ccnc4ccccc34)cc2)c1,1,4,4,0.04478868,0.03090677,0.05413079,0.02322402,0.00876042,GFN2-xTB_single_point_on_RDKit_MMFF_geometry
ERBB2__CHEMBL427314,ERBB2,CHEMBL427314,CHEMBL1824,CHEMBL874202,CHEMBL1142663,IC50,=,13200.0,nM,4.880000,inactive,acrylamide,521.62100000,CCOc1cc2ncc(C#N)c(Nc3cccc(OCc4ccccc4)c3)c2cc1NC(=O)/C=C/CN(C)C,,1,1,99.51000000,5.88408000,2,7,11,4,0.19354839,39,c1ccc(COc2cccc(Nc3ccnc4ccccc34)c2)cc1,0,4,4,0.04248406,0.02198941,0.06351832,0.04152891,0.01603898,GFN2-xTB_single_point_on_RDKit_MMFF_geometry
ERBB2__CHEMBL427315,ERBB2,CHEMBL427315,CHEMBL1824,CHEMBL874202,CHEMBL1142663,IC50,=,26000.0,nM,4.580000,inactive,acrylamide,570.09300000,CCOc1cc2ncc(C#N)c(Nc3ccc(O[C@@H](C)c4ccccc4)c(Cl)c3)c2cc1NC(=O)/C=C/CN(C)C,,1,1,99.51000000,7.09848000,2,7,11,4,0.21875000,41,c1ccc(COc2ccc(Nc3ccnc4ccccc34)cc2)cc1,0,4,4,0.01660432,0.01174475,0.01922651,0.00748176,0.00291170,GFN2-xTB_single_point_on_RDKit_MMFF_geometry
ERBB2__CHEMBL430571,ERBB2,CHEMBL430571,CHEMBL1824,CHEMBL673949,CHEMBL1132213,IC50,=,7.6,nM,8.120000,active,acrylamide,396.45000000,C=CC(=O)Nc1ccc2ncnc(Nc3ccc(OCc4ccccc4)cc3)c2c1,,1,1,76.14000000,5.07690000,2,5,7,4,0.04166667,30,c1ccc(COc2ccc(Nc3ncnc4ccccc34)cc2)cc1,1,4,4,0.03064988,0.01934969,0.03940662,0.02005693,0.00762113,GFN2-xTB_single_point_on_RDKit_MMFF_geometry
ERBB2__CHEMBL434720,ERBB2,CHEMBL434720,CHEMBL1824,CHEMBL874202,CHEMBL1142663,IC50,=,76.0,nM,7.120000,active,acrylamide,556.06600000,CCOc1cc2ncc(C#N)c(Nc3ccc(OCc4ccccc4)c(Cl)c3)c2cc1NC(=O)/C=C/CN(C)C,,1,1,99.51000000,6.53748000,2,7,11,4,0.19354839,40,c1ccc(COc2ccc(Nc3ccnc4ccccc34)cc2)cc1,1,4,4,0.03059207,0.01190307,0.04037770,0.02847463,0.01156363,GFN2-xTB_single_point_on_RDKit_MMFF_geometry
ERBB2__CHEMBL434827,ERBB2,CHEMBL434827,CHEMBL1824,CHEMBL676068,CHEMBL1134843,IC50,=,14.0,nM,7.850000,active,acrylamide,526.43900000,CCN(CC)CCCNC(=O)/C=C/C(=O)Nc1cc2c(Nc3cccc(Br)c3)ncnc2cn1,,1,1,112.14000000,3.87370000,3,7,11,3,0.29166667,34,c1ccc(Nc2ncnc3cnccc23)cc1,1,4,4,0.01786477,0.01020127,0.03376168,0.02356041,0.00937259,GFN2-xTB_single_point_on_RDKit_MMFF_geometry
ERBB2__CHEMBL437890,ERBB2,CHEMBL437890,CHEMBL1824,CHEMBL862513,CHEMBL1138126,IC50,=,0.5,nM,9.300000,active,propiolamide,512.38700000,CN1CCN(CCC#CC(=O)Nc2cc3c(Nc4ccc(F)c(Br)c4)ncnc3cn2)CC1,,2,1,86.28000000,3.24940000,2,7,5,3,0.30434783,33,O=C(C#CCCN1CCNCC1)Nc1cc2c(Nc3ccccc3)ncnc2cn1,1,4,4,0.03303135,0.01079944,0.05881084,0.04801140,0.01785884,GFN2-xTB_single_point_on_RDKit_MMFF_geometry
ERBB2__CHEMBL440298,ERBB2,CHEMBL440298,CHEMBL1824,CHEMBL769140,CHEMBL1136802,IC50,=,501187.23,nM,3.300000,inactive,acrylamide,336.39100000,N#C/C(=C\c1ccc(O)c(O)c1)C(=O)NCCCCc1ccccc1,,1,1,93.35000000,3.14388000,3,4,7,2,0.20000000,25,O=C(C=Cc1ccccc1)NCCCCc1ccccc1,0,4,4,0.06117744,0.04061442,0.09394568,0.05333125,0.02014441,GFN2-xTB_single_point_on_RDKit_MMFF_geometry
ERBB2__CHEMBL442754,ERBB2,CHEMBL442754,CHEMBL1824,CHEMBL676070,CHEMBL1134561,IC50,=,634.0,nM,6.200000,active,acrylamide,470.37100000,COCCN(C)C/C=C/C(=O)Nc1ccc2ncnc(Nc3cccc(Br)c3)c2c1,,1,1,79.38000000,4.20880000,2,6,9,3,0.22727273,30,c1ccc(Nc2ncnc3ccccc23)cc1,1,4,4,0.03703595,0.01990474,0.06096985,0.04106511,0.01687081,GFN2-xTB_single_point_on_RDKit_MMFF_geometry
ERBB2__CHEMBL443523,ERBB2,CHEMBL443523,CHEMBL1824,CHEMBL673949,CHEMBL1132213,IC50,=,73.0,nM,7.140000,active,acrylamide,369.22200000,C=CC(=O)Nc1ccc2c(Nc3cccc(Br)c3)ncnc2c1,,1,1,66.91000000,4.26040000,2,4,4,3,0.00000000,23,c1ccc(Nc2ncnc3ccccc23)cc1,1,4,4,0.08405767,0.02354297,0.13005237,0.10650941,0.04215846,GFN2-xTB_single_point_on_RDKit_MMFF_geometry
ERBB2__CHEMBL453336,ERBB2,CHEMBL453336,CHEMBL1824,CHEMBL957974,CHEMBL1157465,IC50,=,36000.0,nM,4.440000,inactive,acrylamide,484.55200000,COc1cc(C2=C(c3cn(COCc4ccccc4)c4ccccc34)CNC2=O)cc(OC)c1OC,,1,1,70.95000000,4.88200000,1,5,9,4,0.20689655,36,O=C1NCC(c2cn(COCc3ccccc3)c3ccccc23)=C1c1ccccc1,0,2,2,0.02864728,0.01646150,0.04083306,0.02437156,0.01218578,GFN2-xTB_single_point_on_RDKit_MMFF_geometry
ERBB2__CHEMBL483085,ERBB2,CHEMBL483085,CHEMBL1824,CHEMBL953992,CHEMBL1150417,IC50,=,16000.0,nM,4.800000,inactive,acrylamide,348.28000000,N#C/C(=C\c1ccc(O)c(O)c1)C(=O)Nc1cccc(C(F)(F)F)c1,,1,1,93.35000000,3.66228000,3,4,3,2,0.05882353,25,O=C(C=Cc1ccccc1)Nc1ccccc1,0,4,4,0.29523512,0.16620638,0.35977685,0.19357047,0.07695312,GFN2-xTB_single_point_on_RDKit_MMFF_geometry
ERBB2__CHEMBL48760,ERBB2,CHEMBL48760,CHEMBL1824,CHEMBL686676,CHEMBL1131018,IC50,=,16900.0,nM,4.770000,inactive,acrylamide,263.34000000,CC(C)c1ccc(/C=C2/C(=O)Nc3ccccc32)cc1,,1,1,29.10000000,4.30270000,1,1,2,2,0.16666667,20,O=C1Nc2ccccc2C1=Cc1ccccc1,0,2,2,0.08999596,0.08967813,0.09031380,0.00063568,0.00031784,GFN2-xTB_single_point_on_RDKit_MMFF_geometry
ERBB2__CHEMBL488646,ERBB2,CHEMBL488646,CHEMBL1824,CHEMBL957974,CHEMBL1157465,IC50,=,25000.0,nM,4.600000,inactive,acrylamide,450.53500000,COc1cc(C2=C(c3cn(COC(C)(C)C)c4ccccc34)CNC2=O)cc(OC)c1OC,,1,1,70.95000000,4.48030000,1,5,7,3,0.34615385,33,O=C1NCC(c2c[nH]c3ccccc23)=C1c1ccccc1,0,2,2,0.02577249,0.02384695,0.02769803,0.00385108,0.00192554,GFN2-xTB_single_point_on_RDKit_MMFF_geometry
ERBB2__CHEMBL488811,ERBB2,CHEMBL488811,CHEMBL1824,CHEMBL957974,CHEMBL1157465,IC50,=,37000.0,nM,4.430000,inactive,acrylamide,470.52500000,COc1cc(C2=C(c3cn(COc4ccccc4)c4ccccc34)CNC2=O)cc(OC)c1OC,,1,1,70.95000000,4.74420000,1,5,8,4,0.17857143,35,O=C1NCC(c2cn(COc3ccccc3)c3ccccc23)=C1c1ccccc1,0,2,2,0.01857333,0.01475819,0.02238847,0.00763028,0.00381514,GFN2-xTB_single_point_on_RDKit_MMFF_geometry
ERBB2__CHEMBL51659,ERBB2,CHEMBL51659,CHEMBL1824,CHEMBL673949,CHEMBL1132213,IC50,=,3.9,nM,8.410000,active,acrylamide,370.21000000,C=CC(=O)Nc1cc2c(Nc3cccc(Br)c3)ncnc2cn1,,1,1,79.80000000,3.65540000,2,5,4,3,0.00000000,23,c1ccc(Nc2ncnc3cnccc23)cc1,1,4,4,0.05598194,0.02249265,0.15263464,0.13014198,0.05581063,GFN2-xTB_single_point_on_RDKit_MMFF_geometry
ERBB2__CHEMBL53203,ERBB2,CHEMBL53203,CHEMBL1824,CHEMBL673949,CHEMBL1132213,IC50,=,8.6,nM,8.070000,active,acrylamide,382.42300000,C=CC(=O)Nc1ccc2ncnc(Nc3ccc(Oc4ccccc4)cc3)c2c1,,1,1,76.14000000,5.29020000,2,5,6,4,0.00000000,29,c1ccc(Oc2ccc(Nc3ncnc4ccccc34)cc2)cc1,1,4,4,0.02097586,0.00606051,0.03400237,0.02794186,0.01038850,GFN2-xTB_single_point_on_RDKit_MMFF_geometry
ERBB2__CHEMBL53555,ERBB2,CHEMBL53555,CHEMBL1824,CHEMBL673949,CHEMBL1132213,IC50,=,3.0,nM,8.520000,active,acrylamide,343.74900000,C=CC(=O)Nc1cc2c(Nc3ccc(F)c(Cl)c3)ncnc2cn1,,1,1,79.80000000,3.68540000,2,5,4,3,0.00000000,24,c1ccc(Nc2ncnc3cnccc23)cc1,1,4,4,0.14660470,0.00412949,0.24571006,0.24158058,0.09159106,GFN2-xTB_single_point_on_RDKit_MMFF_geometry
ERBB2__CHEMBL53665,ERBB2,CHEMBL53665,CHEMBL1824,CHEMBL673949,CHEMBL1132213,IC50,=,26.0,nM,7.580000,active,acrylamide,388.20000000,C=CC(=O)Nc1ccc2ncnc(Nc3ccc(F)c(Br)c3)c2n1,,1,1,79.80000000,3.79450000,2,5,4,3,0.00000000,24,c1ccc(Nc2ncnc3cccnc23)cc1,1,4,4,0.03685434,0.01879802,0.08260986,0.06381184,0.02660044,GFN2-xTB_single_point_on_RDKit_MMFF_geometry
ERBB2__CHEMBL53898,ERBB2,CHEMBL53898,CHEMBL1824,CHEMBL769140,CHEMBL1136802,IC50,=,34673.69,nM,4.460000,inactive,acrylamide,322.36400000,N#C/C(=C\c1ccc(O)c(O)c1)C(=O)NCCCc1ccccc1,,3,3,93.35000000,2.75378000,3,4,6,2,0.15789474,24,O=C(C=Cc1ccccc1)NCCCc1ccccc1,0,4,4,0.06842627,0.06318351,0.07197245,0.00878895,0.00336915,GFN2-xTB_single_point_on_RDKit_MMFF_geometry
ERBB2__CHEMBL54088,ERBB2,CHEMBL54088,CHEMBL1824,CHEMBL673950,CHEMBL1132213,IC50,=,8.8,nM,8.060000,active,acrylamide,305.34100000,C=CC(=O)Nc1cc2c(Nc3cccc(C)c3)ncnc2cn1,,1,1,79.80000000,3.20132000,2,5,4,3,0.05882353,23,c1ccc(Nc2ncnc3cnccc23)cc1,1,4,4,0.03069886,0.01102990,0.04943045,0.03840055,0.01455611,GFN2-xTB_single_point_on_RDKit_MMFF_geometry
ERBB2__CHEMBL54091,ERBB2,CHEMBL54091,CHEMBL1824,CHEMBL673949,CHEMBL1132213,IC50,=,1.1,nM,8.960000,active,acrylamide,388.20000000,C=CC(=O)Nc1cc2c(Nc3ccc(F)c(Br)c3)ncnc2cn1,,1,1,79.80000000,3.79450000,2,5,4,3,0.00000000,24,c1ccc(Nc2ncnc3cnccc23)cc1,1,4,4,0.10758572,0.00370142,0.27632150,0.27262008,0.11159178,GFN2-xTB_single_point_on_RDKit_MMFF_geometry
ERBB2__CHEMBL55360,ERBB2,CHEMBL55360,CHEMBL1824,CHEMBL769140,CHEMBL1136802,IC50,=,33884.42,nM,4.470000,inactive,acrylamide,308.33700000,Cc1cccc(C)c1NC(=O)/C(C#N)=C/c1ccc(O)c(O)c1,,2,2,93.35000000,3.26032000,3,4,3,2,0.11111111,23,O=C(C=Cc1ccccc1)Nc1ccccc1,0,4,4,0.09992134,0.03004902,0.15659997,0.12655094,0.04528758,GFN2-xTB_single_point_on_RDKit_MMFF_geometry
ERBB2__CHEMBL55979,ERBB2,CHEMBL55979,CHEMBL1824,CHEMBL769140,CHEMBL1136802,IC50,=,37153.52,nM,4.430000,inactive,acrylamide,308.33700000,CC(NC(=O)/C(C#N)=C/c1ccc(O)c(O)c1)c1ccccc1,,2,2,93.35000000,2.88218000,3,4,4,2,0.11111111,23,O=C(C=Cc1ccccc1)NCc1ccccc1,0,4,4,0.02989998,0.01156187,0.04258875,0.03102688,0.01136238,GFN2-xTB_single_point_on_RDKit_MMFF_geometry
ERBB2__CHEMBL56219,ERBB2,CHEMBL56219,CHEMBL1824,CHEMBL769140,CHEMBL1136802,IC50,=,57543.99,nM,4.240000,inactive,acrylamide,314.72800000,N#C/C(=C\c1ccc(O)c(O)c1)C(=O)Nc1ccccc1Cl,,2,2,93.35000000,3.29688000,3,4,3,2,0.00000000,22,O=C(C=Cc1ccccc1)Nc1ccccc1,0,4,4,0.28949308,0.17335762,0.47006113,0.29670351,0.12268037,GFN2-xTB_single_point_on_RDKit_MMFF_geometry
ERBB2__CHEMBL56319,ERBB2,CHEMBL56319,CHEMBL1824,CHEMBL769140,CHEMBL1136802,IC50,=,331131.12,nM,3.480000,inactive,acrylamide,380.40000000,CCOC(=O)C(Cc1ccccc1)NC(=O)/C(C#N)=C/c1ccc(O)c(O)c1,,1,1,119.65000000,2.29538000,3,6,7,2,0.19047619,28,O=C(C=Cc1ccccc1)NCCc1ccccc1,0,4,4,0.01437833,0.00497670,0.02099387,0.01601717,0.00586036,GFN2-xTB_single_point_on_RDKit_MMFF_geometry
ERBB2__CHEMBL56543,ERBB2,CHEMBL56543,CHEMBL1824,CHEMBL769140,CHEMBL1136802,IC50,=,13489.63,nM,4.870000,inactive,acrylamide,294.31000000,N#C/C(=C\c1ccc(O)c(O)c1)C(=O)NCc1ccccc1,,3,3,93.35000000,2.32118000,3,4,4,2,0.05882353,22,O=C(C=Cc1ccccc1)NCc1ccccc1,0,4,4,0.05355704,0.02884637,0.07776542,0.04891905,0.01839185,GFN2-xTB_single_point_on_RDKit_MMFF_geometry
ERBB2__CHEMBL56731,ERBB2,CHEMBL56731,CHEMBL1824,CHEMBL769140,CHEMBL1136802,IC50,=,41686.94,nM,4.380000,inactive,acrylamide,280.28300000,N#C/C(=C\c1ccc(O)c(O)c1)C(=O)Nc1ccccc1,,3,3,93.35000000,2.64348000,3,4,3,2,0.00000000,21,O=C(C=Cc1ccccc1)Nc1ccccc1,0,4,4,0.03174575,0.02310370,0.03896924,0.01586554,0.00659888,GFN2-xTB_single_point_on_RDKit_MMFF_geometry
ERBB2__CHEMBL569880,ERBB2,CHEMBL569880,CHEMBL1824,CHEMBL1044056,CHEMBL1154692,IC50,=,18.0,nM,7.750000,active,acrylamide,531.94700000,C=CC(=O)N1CCC[C@H]1C(=O)Nc1cc2c(Nc3ccc(F)c(Cl)c3F)ncnc2cc1OCCOC,,1,1,105.68000000,4.44570000,2,7,9,3,0.28000000,37,O=C(Nc1ccc2ncnc(Nc3ccccc3)c2c1)C1CCCN1,1,4,4,0.05309370,0.02933658,0.10210881,0.07277223,0.02866326,GFN2-xTB_single_point_on_RDKit_MMFF_geometry
ERBB2__CHEMBL571040,ERBB2,CHEMBL571040,CHEMBL1824,CHEMBL1044056,CHEMBL1154692,IC50,=,42.0,nM,7.380000,active,acrylamide,513.95700000,C=CC(=O)N1CCC[C@H]1C(=O)Nc1cc2c(Nc3cccc(Cl)c3F)ncnc2cc1OCCOC,,1,1,105.68000000,4.30660000,2,7,9,3,0.28000000,36,O=C(Nc1ccc2ncnc(Nc3ccccc3)c2c1)C1CCCN1,1,4,4,0.02891344,0.01729321,0.04360932,0.02631611,0.00943172,GFN2-xTB_single_point_on_RDKit_MMFF_geometry
ERBB2__CHEMBL57251,ERBB2,CHEMBL57251,CHEMBL1824,CHEMBL769140,CHEMBL1136802,IC50,=,165958.69,nM,3.780000,inactive,acrylamide,340.33500000,COc1ccc(NC(=O)/C(C#N)=C/c2ccc(O)c(O)c2)c(OC)c1,,1,1,111.81000000,2.66068000,3,6,5,2,0.11111111,25,O=C(C=Cc1ccccc1)Nc1ccccc1,0,4,4,0.07464287,0.04764461,0.11820619,0.07056159,0.02634236,GFN2-xTB_single_point_on_RDKit_MMFF_geometry
ERBB2__CHEMBL597492,ERBB2,CHEMBL597492,CHEMBL1824,CHEMBL1070747,CHEMBL1158526,IC50,=,15180.0,nM,4.820000,inactive,acrylamide,504.28000000,COc1cc(C2=C(c3c[nH]c4ccc(I)cc34)C(=O)NC2=O)cc(OC)c1OC,,1,1,89.65000000,3.36550000,2,5,5,3,0.14285714,29,O=C1NC(=O)C(c2c[nH]c3ccccc23)=C1c1ccccc1,0,4,4,0.06187851,0.00392573,0.11582314,0.11189741,0.05303433,GFN2-xTB_single_point_on_RDKit_MMFF_geometry
ERBB2__CHEMBL605957,ERBB2,CHEMBL605957,CHEMBL1824,CHEMBL1070747,CHEMBL1158526,IC50,=,13316.0,nM,4.880000,inactive,acrylamide,457.28000000,COc1cc(C2=C(c3c[nH]c4ccc(Br)cc34)C(=O)NC2=O)cc(OC)c1OC,,1,1,89.65000000,3.52340000,2,5,5,3,0.14285714,29,O=C1NC(=O)C(c2c[nH]c3ccccc23)=C1c1ccccc1,0,4,4,0.06706367,0.01357132,0.11532935,0.10175803,0.04821295,GFN2-xTB_single_point_on_RDKit_MMFF_geometry
ERBB2__CHEMBL66570,ERBB2,CHEMBL66570,CHEMBL1824,CHEMBL683802,CHEMBL1134862,IC50,=,100.0,nM,7.000000,active,acrylamide,509.97300000,CCN1CCN(C(=O)c2cc(C)c(/C=C3\C(=O)Nc4ncnc(Nc5ccc(F)c(Cl)c5)c43)[nH]2)CC1,,2,1,106.25000000,3.91962000,3,6,5,3,0.28000000,36,O=C1Nc2ncnc(Nc3ccccc3)c2C1=Cc1ccc(C(=O)N2CCNCC2)[nH]1,1,4,4,0.02788988,0.02367798,0.04005718,0.01637919,0.00702604,GFN2-xTB_single_point_on_RDKit_MMFF_geometry
ERBB2__CHEMBL67003,ERBB2,CHEMBL67003,CHEMBL1824,CHEMBL683802,CHEMBL1134862,IC50,=,100.0,nM,7.000000,active,acrylamide,560.61800000,Cc1cc(C(=O)N2CCOCC2)[nH]c1/C=C1\C(=O)Nc2ncnc(Nc3ccc4c(cnn4Cc4ccccc4)c3)c21,,1,1,130.06000000,4.21982000,3,7,6,5,0.19354839,42,O=C1Nc2ncnc(Nc3ccc4c(cnn4Cc4ccccc4)c3)c2C1=Cc1ccc(C(=O)N2CCOCC2)[nH]1,1,4,4,0.03348506,0.02312023,0.04405204,0.02093182,0.00753964,GFN2-xTB_single_point_on_RDKit_MMFF_geometry
ERBB2__CHEMBL67057,ERBB2,CHEMBL67057,CHEMBL1824,CHEMBL683802,CHEMBL1134862,IC50,=,100.0,nM,7.000000,active,acrylamide,559.63000000,Cc1cc(C(=O)N2CCOCC2)[nH]c1/C=C1\C(=O)Nc2ncnc(Nc3ccc4c(ccn4Cc4ccccc4)c3)c21,,1,1,117.17000000,4.82482000,3,6,6,5,0.18750000,42,O=C1Nc2ncnc(Nc3ccc4c(ccn4Cc4ccccc4)c3)c2C1=Cc1ccc(C(=O)N2CCOCC2)[nH]1,1,4,4,0.03218302,0.02443972,0.04080629,0.01636657,0.00591706,GFN2-xTB_single_point_on_RDKit_MMFF_geometry
ERBB2__CHEMBL68920,ERBB2,CHEMBL68920,CHEMBL1824,CHEMBL845865,CHEMBL1134862,IC50,=,300.0,nM,6.520000,active,acrylamide,383.81400000,Cc1cc(C)c(/C=C2\C(=O)Nc3ncnc(Nc4ccc(F)c(Cl)c4)c32)[nH]1,,1,1,82.70000000,4.45034000,3,4,3,3,0.10526316,27,O=C1Nc2ncnc(Nc3ccccc3)c2C1=Cc1ccc[nH]1,1,4,4,0.06178151,0.05550080,0.07391753,0.01841673,0.00740351,GFN2-xTB_single_point_on_RDKit_MMFF_geometry
ERBB2__CHEMBL69071,ERBB2,CHEMBL69071,CHEMBL1824,CHEMBL686682,CHEMBL1134862,IC50,=,500.0,nM,6.300000,active,acrylamide,509.97300000,Cc1cc(C(=O)N2CC(C)NC(C)C2)[nH]c1/C=C1\C(=O)Nc2ncnc(Nc3ccc(F)c(Cl)c3)c21,,2,1,115.04000000,3.96432000,4,6,4,3,0.28000000,36,O=C1Nc2ncnc(Nc3ccccc3)c2C1=Cc1ccc(C(=O)N2CCNCC2)[nH]1,1,4,4,0.02702138,0.01764925,0.04678545,0.02913620,0.01159953,GFN2-xTB_single_point_on_RDKit_MMFF_geometry
ERBB2__CHEMBL69358,ERBB2,CHEMBL69358,CHEMBL1824,CHEMBL683802,CHEMBL1134862,IC50,=,200.0,nM,6.700000,active,acrylamide,511.98900000,CCN(CC)CCNC(=O)c1cc(C)c(/C=C2\C(=O)Nc3ncnc(Nc4ccc(F)c(Cl)c4)c32)[nH]1,,2,1,115.04000000,4.21352000,4,6,9,3,0.28000000,36,O=C1Nc2ncnc(Nc3ccccc3)c2C1=Cc1ccc[nH]1,1,4,4,0.02783347,0.01875877,0.03657057,0.01781180,0.00833369,GFN2-xTB_single_point_on_RDKit_MMFF_geometry
ERBB2__CHEMBL69629,ERBB2,CHEMBL69629,CHEMBL1824,CHEMBL683802,CHEMBL1134862,IC50,=,100.0,nM,7.000000,active,acrylamide,525.97200000,Cc1cc(C(=O)NCCN2CCOCC2)[nH]c1/C=C1\C(=O)Nc2ncnc(Nc3ccc(F)c(Cl)c3)c21,,1,1,124.27000000,3.20392000,4,7,7,3,0.28000000,37,O=C1Nc2ncnc(Nc3ccccc3)c2C1=Cc1ccc(C(=O)NCCN2CCOCC2)[nH]1,1,4,4,0.03852953,0.02102424,0.05702787,0.03600363,0.01447938,GFN2-xTB_single_point_on_RDKit_MMFF_geometry
ERBB2__CHEMBL69960,ERBB2,CHEMBL69960,CHEMBL1824,CHEMBL683802,CHEMBL1134862,IC50,=,400.0,nM,6.400000,active,acrylamide,482.90300000,Cc1cc(C(=O)N2CCOCC2)[nH]c1/C=C1\C(=O)Nc2ncnc(Nc3ccc(F)c(Cl)c3)c21,,1,1,112.24000000,3.61432000,3,6,4,3,0.21739130,34,O=C1Nc2ncnc(Nc3ccccc3)c2C1=Cc1ccc(C(=O)N2CCOCC2)[nH]1,1,4,4,0.01890696,0.00946475,0.02864823,0.01918349,0.00788668,GFN2-xTB_single_point_on_RDKit_MMFF_geometry
ERBB2__CHEMBL69966,ERBB2,CHEMBL69966,CHEMBL1824,CHEMBL683802,CHEMBL1134862,IC50,=,40.0,nM,7.400000,active,acrylamide,497.55900000,C#Cc1cccc(Nc2ncnc3c2/C(=C/c2[nH]c(C(=O)NCCN4CCOCC4)cc2C)C(=O)N3)c1,,2,1,124.27000000,2.39272000,4,7,7,3,0.25925926,37,O=C1Nc2ncnc(Nc3ccccc3)c2C1=Cc1ccc(C(=O)NCCN2CCOCC2)[nH]1,1,4,4,0.01388771,0.00754595,0.01812165,0.01057569,0.00432179,GFN2-xTB_single_point_on_RDKit_MMFF_geometry
ERBB2__CHEMBL86326,ERBB2,CHEMBL86326,CHEMBL1824,CHEMBL686676,CHEMBL1131018,IC50,=,16200.0,nM,4.790000,inactive,acrylamide,341.83800000,COc1ccc(/C=C2\C(=O)Nc3ccc(Cl)cc32)cc1C(C)(C)C,,1,1,38.33000000,5.13880000,1,2,2,2,0.25000000,24,O=C1Nc2ccccc2C1=Cc1ccccc1,0,4,4,0.01650567,0.00129439,0.04687512,0.04558073,0.01805579,GFN2-xTB_single_point_on_RDKit_MMFF_geometry
ERBB2__CHEMBL86432,ERBB2,CHEMBL86432,CHEMBL1824,CHEMBL686676,CHEMBL1131018,IC50,=,91400.0,nM,4.040000,inactive,acrylamide,287.40900000,CSc1ccc(/C=C2\C(=O)Nc3cccc(C)c32)s1,,1,1,29.10000000,4.27112000,1,3,2,2,0.13333333,19,O=C1Nc2ccccc2C1=Cc1cccs1,0,2,2,0.07681329,0.06621685,0.08740974,0.02119289,0.01059645,GFN2-xTB_single_point_on_RDKit_MMFF_geometry
ERBB2__CHEMBL86944,ERBB2,CHEMBL86944,CHEMBL1824,CHEMBL686676,CHEMBL1131018,IC50,=,15200.0,nM,4.820000,inactive,acrylamide,420.73400000,COc1c(Br)cc(/C=C2\C(=O)Nc3ccc(Cl)cc32)cc1C(C)(C)C,,1,1,38.33000000,5.90130000,1,2,2,2,0.25000000,25,O=C1Nc2ccccc2C1=Cc1ccccc1,0,4,4,0.05441948,0.03528972,0.08452988,0.04924016,0.01832659,GFN2-xTB_single_point_on_RDKit_MMFF_geometry
ERBB2__CHEMBL86945,ERBB2,CHEMBL86945,CHEMBL1824,CHEMBL686676,CHEMBL1131018,IC50,=,13200.0,nM,4.880000,inactive,acrylamide,307.39300000,COc1ccc(/C=C2\C(=O)Nc3ccccc32)cc1C(C)(C)C,,1,1,38.33000000,4.48540000,1,2,2,2,0.25000000,23,O=C1Nc2ccccc2C1=Cc1ccccc1,0,2,2,0.10383842,0.09962769,0.10804916,0.00842147,0.00421073,GFN2-xTB_single_point_on_RDKit_MMFF_geometry
ERBB2__CHEMBL87746,ERBB2,CHEMBL87746,CHEMBL1824,CHEMBL686676,CHEMBL1131018,IC50,=,19000.0,nM,4.720000,inactive,acrylamide,386.28900000,COc1c(Br)cc(/C=C2\C(=O)Nc3ccccc32)cc1C(C)(C)C,,1,1,38.33000000,5.24790000,1,2,2,2,0.25000000,24,O=C1Nc2ccccc2C1=Cc1ccccc1,0,2,2,0.03752971,0.03311718,0.04194225,0.00882507,0.00441254,GFN2-xTB_single_point_on_RDKit_MMFF_geometry
ERBB2__CHEMBL89505,ERBB2,CHEMBL89505,CHEMBL1824,CHEMBL686676,CHEMBL1131018,IC50,=,64800.0,nM,4.190000,inactive,acrylamide,349.47400000,CC(C)(C)c1cc(/C=C2\C(=O)Nc3ccccc32)cc(C(C)(C)C)c1O,,2,2,49.33000000,5.47990000,2,2,1,2,0.34782609,26,O=C1Nc2ccccc2C1=Cc1ccccc1,0,4,4,0.02466408,0.01212681,0.03077559,0.01864878,0.00736021,GFN2-xTB_single_point_on_RDKit_MMFF_geometry
ERBB2__CHEMBL90277,ERBB2,CHEMBL90277,CHEMBL1824,CHEMBL686676,CHEMBL1131018,IC50,=,66600.0,nM,4.180000,inactive,acrylamide,320.39200000,Cc1cccc2c1/C(=C/c1ccc(N3CCOCC3)cc1)C(=O)N2,,1,1,41.57000000,3.32432000,1,3,2,2,0.25000000,24,O=C1Nc2ccccc2C1=Cc1ccc(N2CCOCC2)cc1,0,2,2,0.01629875,0.00703380,0.02556369,0.01852989,0.00926494,GFN2-xTB_single_point_on_RDKit_MMFF_geometry
ERBB2__CHEMBL90595,ERBB2,CHEMBL90595,CHEMBL1824,CHEMBL676070,CHEMBL1134561,IC50,=,73.0,nM,7.140000,active,propiolamide,464.36700000,O=C(C#CCN1CCCCC1)Nc1ccc2ncnc(Nc3cccc(Br)c3)c2c1,,1,1,70.15000000,4.56370000,2,5,4,3,0.26086957,30,O=C(C#CCN1CCCCC1)Nc1ccc2ncnc(Nc3ccccc3)c2c1,1,4,4,0.03774912,0.01464017,0.05204306,0.03740289,0.01400350,GFN2-xTB_single_point_on_RDKit_MMFF_geometry
ERBB2__CHEMBL91009,ERBB2,CHEMBL91009,CHEMBL1824,CHEMBL676070,CHEMBL1134561,IC50,=,33.0,nM,7.480000,active,propiolamide,411.25900000,COCC#CC(=O)Nc1ccc2ncnc(Nc3cccc(Br)c3)c2c1,,1,1,76.14000000,3.72420000,2,5,4,3,0.10526316,26,c1ccc(Nc2ncnc3ccccc23)cc1,1,4,4,0.04533901,0.03293183,0.06098500,0.02805316,0.01032206,GFN2-xTB_single_point_on_RDKit_MMFF_geometry
ERBB2__CHEMBL91748,ERBB2,CHEMBL91748,CHEMBL1824,CHEMBL676070,CHEMBL1134561,IC50,=,25710.0,nM,4.590000,inactive,acrylamide,412.29100000,CN(C)/C=C/C(=O)Nc1ccc2ncnc(Nc3cccc(Br)c3)c2c1,,1,1,70.15000000,4.14970000,2,5,5,3,0.10526316,26,c1ccc(Nc2ncnc3ccccc23)cc1,0,4,4,0.04870747,0.03525066,0.07955735,0.04430670,0.01800005,GFN2-xTB_single_point_on_RDKit_MMFF_geometry
ERBB2__CHEMBL91811,ERBB2,CHEMBL91811,CHEMBL1824,CHEMBL676070,CHEMBL1134561,IC50,=,113.0,nM,6.950000,active,propiolamide,452.35600000,CC(C)N(C)CC#CC(=O)Nc1ccc2ncnc(Nc3cccc(Br)c3)c2c1,,1,1,70.15000000,4.41800000,2,5,5,3,0.22727273,29,c1ccc(Nc2ncnc3ccccc23)cc1,1,4,4,0.03565988,0.02507961,0.05494247,0.02986286,0.01146726,GFN2-xTB_single_point_on_RDKit_MMFF_geometry
ERBB2__CHEMBL91867,ERBB2,CHEMBL91867,CHEMBL1824,CHEMBL862513,CHEMBL1138126,IC50,=,17.0,nM,7.770000,active,propiolamide,381.23300000,CC#CC(=O)Nc1ccc2ncnc(Nc3cccc(Br)c3)c2c1,,2,2,66.91000000,4.09770000,2,4,3,3,0.05555556,24,c1ccc(Nc2ncnc3ccccc23)cc1,1,4,4,0.14399116,0.02418473,0.19471028,0.17052555,0.06954445,GFN2-xTB_single_point_on_RDKit_MMFF_geometry
ERBB2__CHEMBL92086,ERBB2,CHEMBL92086,CHEMBL1824,CHEMBL676070,CHEMBL1134561,IC50,=,15238.0,nM,4.820000,inactive,acrylamide,383.24900000,C=C(C)C(=O)Nc1ccc2ncnc(Nc3cccc(Br)c3)c2c1,,1,1,66.91000000,4.65050000,2,4,4,3,0.05555556,24,c1ccc(Nc2ncnc3ccccc23)cc1,0,4,4,0.06156978,0.03342016,0.11723395,0.08381379,0.03268212,GFN2-xTB_single_point_on_RDKit_MMFF_geometry
ERBB2__CHEMBL92356,ERBB2,CHEMBL92356,CHEMBL1824,CHEMBL676070,CHEMBL1134561,IC50,=,183.0,nM,6.740000,active,propiolamide,493.40900000,CCN1CCN(CC#CC(=O)Nc2ccc3ncnc(Nc4cccc(Br)c4)c3c2)CC1,,1,1,73.39000000,3.71530000,2,6,5,3,0.29166667,32,O=C(C#CCN1CCNCC1)Nc1ccc2ncnc(Nc3ccccc3)c2c1,1,4,4,0.04823986,0.02413238,0.06180606,0.03767368,0.01463155,GFN2-xTB_single_point_on_RDKit_MMFF_geometry
ERBB2__CHEMBL92961,ERBB2,CHEMBL92961,CHEMBL1824,CHEMBL676070,CHEMBL1134561,IC50,=,162.0,nM,6.790000,active,propiolamide,480.41000000,CC(C)N(CC#CC(=O)Nc1ccc2ncnc(Nc3cccc(Br)c3)c2c1)C(C)C,,1,1,70.15000000,5.19660000,2,5,6,3,0.29166667,31,c1ccc(Nc2ncnc3ccccc23)cc1,1,4,4,0.03868203,0.02490180,0.05229610,0.02739431,0.01073453,GFN2-xTB_single_point_on_RDKit_MMFF_geometry
ERBB2__CHEMBL93049,ERBB2,CHEMBL93049,CHEMBL1824,CHEMBL953992,CHEMBL1150417,IC50,=,9.0,nM,8.050000,active,propiolamide,441.28500000,COCOCC#CC(=O)Nc1ccc2ncnc(Nc3cccc(Br)c3)c2c1,,2,2,85.37000000,3.69830000,2,6,6,3,0.15000000,28,c1ccc(Nc2ncnc3ccccc23)cc1,1,4,4,0.03271068,0.01998119,0.04042076,0.02043957,0.00772456,GFN2-xTB_single_point_on_RDKit_MMFF_geometry
ERBB2__CHEMBL93386,ERBB2,CHEMBL93386,CHEMBL1824,CHEMBL676070,CHEMBL1134561,IC50,=,53.0,nM,7.280000,active,propiolamide,466.33900000,O=C(C#CCN1CCOCC1)Nc1ccc2ncnc(Nc3cccc(Br)c3)c2c1,,1,1,79.38000000,3.41000000,2,6,4,3,0.22727273,30,O=C(C#CCN1CCOCC1)Nc1ccc2ncnc(Nc3ccccc3)c2c1,1,4,4,0.03217671,0.00920415,0.04840802,0.03920388,0.01494399,GFN2-xTB_single_point_on_RDKit_MMFF_geometry
ERBB2__CHEMBL93464,ERBB2,CHEMBL93464,CHEMBL1824,CHEMBL676070,CHEMBL1134561,IC50,=,91325.0,nM,4.040000,inactive,acrylamide,383.24900000,C/C=C/C(=O)Nc1ccc2ncnc(Nc3cccc(Br)c3)c2c1,,1,1,66.91000000,4.65050000,2,4,4,3,0.05555556,24,c1ccc(Nc2ncnc3ccccc23)cc1,0,4,4,0.25785277,0.20308877,0.33147508,0.12838631,0.04644848,GFN2-xTB_single_point_on_RDKit_MMFF_geometry
ERBB2__CHEMBL93754,ERBB2,CHEMBL93754,CHEMBL1824,CHEMBL676070,CHEMBL1134561,IC50,=,15624.0,nM,4.810000,inactive,acrylamide,449.31200000,O=C(/C=C/Cn1cccn1)Nc1ccc2ncnc(Nc3cccc(Br)c3)c2c1,,1,1,84.73000000,4.52730000,2,5,6,4,0.04761905,29,O=C(C=CCn1cccn1)Nc1ccc2ncnc(Nc3ccccc3)c2c1,0,4,4,0.07970995,0.04597091,0.16760317,0.12163226,0.05081817,GFN2-xTB_single_point_on_RDKit_MMFF_geometry
ERBB2__CHEMBL93783,ERBB2,CHEMBL93783,CHEMBL1824,CHEMBL676070,CHEMBL1134561,IC50,=,414.0,nM,6.380000,active,acrylamide,456.34400000,CN(C/C=C/C(=O)Nc1ccc2ncnc(Nc3cccc(Br)c3)c2c1)CCO,,1,1,90.38000000,3.55470000,3,6,8,3,0.19047619,29,c1ccc(Nc2ncnc3ccccc23)cc1,1,4,4,0.03202326,0.02216302,0.04515383,0.02299081,0.00853404,GFN2-xTB_single_point_on_RDKit_MMFF_geometry
ERBB2__CHEMBL93784,ERBB2,CHEMBL93784,CHEMBL1824,CHEMBL676070,CHEMBL1134561,IC50,=,117.0,nM,6.930000,active,propiolamide,494.39300000,COCC1CCCN1CC#CC(=O)Nc1ccc2ncnc(Nc3cccc(Br)c3)c2c1,,1,1,79.38000000,4.18860000,2,6,6,3,0.29166667,32,O=C(C#CCN1CCCC1)Nc1ccc2ncnc(Nc3ccccc3)c2c1,1,4,4,0.04120356,0.02559419,0.05982785,0.03423366,0.01461332,GFN2-xTB_single_point_on_RDKit_MMFF_geometry
ERBB2__CHEMBL94061,ERBB2,CHEMBL94061,CHEMBL1824,CHEMBL676070,CHEMBL1134561,IC50,=,301.0,nM,6.520000,active,acrylamide,426.31800000,CN(C)C/C=C/C(=O)Nc1ccc2ncnc(Nc3cccc(Br)c3)c2c1,,1,1,70.15000000,4.19220000,2,5,6,3,0.15000000,27,c1ccc(Nc2ncnc3ccccc23)cc1,1,4,4,0.04269664,0.02880420,0.06500129,0.03619708,0.01470666,GFN2-xTB_single_point_on_RDKit_MMFF_geometry
ERBB2__CHEMBL94062,ERBB2,CHEMBL94062,CHEMBL1824,CHEMBL676070,CHEMBL1134561,IC50,=,16.0,nM,7.800000,active,propiolamide,397.23200000,O=C(C#CCO)Nc1ccc2ncnc(Nc3cccc(Br)c3)c2c1,,1,1,87.14000000,3.07010000,3,5,3,3,0.05555556,25,c1ccc(Nc2ncnc3ccccc23)cc1,1,4,4,0.12748732,0.07579365,0.21736419,0.14157054,0.05656598,GFN2-xTB_single_point_on_RDKit_MMFF_geometry
ERBB2__CHEMBL94066,ERBB2,CHEMBL94066,CHEMBL1824,CHEMBL676070,CHEMBL1134561,IC50,=,458.0,nM,6.340000,active,acrylamide,468.35500000,C=C(CN1CCOCC1)C(=O)Nc1ccc2ncnc(Nc3cccc(Br)c3)c2c1,,1,1,79.38000000,3.96280000,2,6,6,3,0.22727273,30,C=C(CN1CCOCC1)C(=O)Nc1ccc2ncnc(Nc3ccccc3)c2c1,1,4,4,0.03199913,0.01827899,0.05247752,0.03419853,0.01328980,GFN2-xTB_single_point_on_RDKit_MMFF_geometry
